decision,sim_time_s,robot_id,policy_action,executed_action,action_source,pos_x,pos_y,heading_deg,balls_held,target_x,target_y,us_score,opp_score,margin,reward,top_component,travelled_in,low_progress,balls_on_field,wall_ms
,,,,,,,,,,,,,,,,,,,,
0,120.0,0,COLLECT_BLOCKS,COLLECT_BLOCKS,policy,34.5,21.5,27,1,35.8,22.4,0,0,0,-0.4000,scoring_volume=-0.480,11.1,0,35,963.8
1,120.0,1,COLLECT_BLOCKS,COLLECT_BLOCKS,policy,92.5,18.2,179,1,91.1,18.3,0,0,0,-0.4000,scoring_volume=-0.480,15.5,0,35,963.9
2,120.0,0,SCORE_LEFT_LONG_GOAL_ALLIANCE,SCORE_LEFT_LONG_GOAL_ALLIANCE,policy,21.1,31.2,241,2,23.6,36.4,3,36,-33,-103.0314,score_red=-108.000,16.6,0,28,1555.9
3,120.0,1,SCORE_LOW_RIGHT,SCORE_LOW_RIGHT,policy,91.8,44.5,286,1,72.0,41.0,3,36,-33,-102.5521,score_red=-108.000,26.3,0,28,1556.0
4,120.0,0,SCORE_LEFT_LONG_GOAL_ALLIANCE,SCORE_LEFT_LONG_GOAL_ALLIANCE,policy,24.0,36.0,273,1,23.6,36.4,9,42,-33,-6.2909,score_red=-18.000,5.6,0,20,1593.7
5,120.0,1,SCORE_LOW_RIGHT,SCORE_LOW_RIGHT,policy,74.4,39.9,156,5,72.0,41.0,9,42,-33,-5.1804,score_red=-18.000,17.9,0,20,1593.8
6,120.0,0,SCORE_LEFT_LONG_GOAL_ALLIANCE,SCORE_LEFT_LONG_GOAL_ALLIANCE,policy,24.6,36.2,270,1,,,15,57,-42,-34.9617,score_red=-45.000,0.7,0,18,1581.2
7,120.0,1,SCORE_LOW_RIGHT,SCORE_LOW_RIGHT,policy,91.6,44.8,315,1,72.0,41.0,15,57,-42,-29.0984,score_red=-45.000,17.9,0,18,1581.3
8,120.0,0,SCORE_LEFT_LONG_GOAL_ALLIANCE,SCORE_LEFT_LONG_GOAL_ALLIANCE,policy,53.1,35.9,11,0,23.6,36.4,18,57,-39,7.9629,score_blue=+6.000,28.5,0,18,1594.8
9,120.0,1,SCORE_RIGHT_LONG_GOAL_ALLIANCE,SCORE_LOW_RIGHT,committed,76.4,39.0,156,1,72.0,41.0,18,57,-39,9.5321,score_blue=+6.000,16.3,0,18,1594.9
10,120.0,0,DESCORE_LEFT_LONG_GOAL_OPPONENT_FIELD,DESCORE_LEFT_LONG_GOAL_OPPONENT_FIELD,policy,39.9,52.6,148,1,38.2,53.6,18,57,-39,1.9429,ctrl_us=+2.000,21.3,0,16,1589.6
11,120.0,1,SCORE_RIGHT_LONG_GOAL_ALLIANCE,SCORE_RIGHT_LONG_GOAL_ALLIANCE,policy,115.5,38.1,262,1,95.0,40.0,18,57,-39,1.8066,ctrl_us=+2.000,39.1,0,16,1589.8
12,120.0,0,SCORE_MID_LEFT,SCORE_MID_LEFT,policy,57.4,37.8,168,1,72.0,41.0,21,57,-36,10.9469,score_blue=+6.000,22.9,0,16,1594.6
13,120.0,1,SCORE_RIGHT_LONG_GOAL_ALLIANCE,SCORE_RIGHT_LONG_GOAL_ALLIANCE,policy,87.0,37.9,169,0,120.4,36.4,21,57,-36,11.0229,score_blue=+6.000,28.5,0,16,1594.7
14,120.0,0,SCORE_MID_LEFT,SCORE_MID_LEFT,policy,52.6,45.3,230,1,72.0,41.0,21,57,-36,3.8639,ctrl_us=+4.000,8.9,0,15,1652.3
15,120.0,1,DESCORE_LEFT_LONG_GOAL_OPPONENT_FIELD,DESCORE_LEFT_LONG_GOAL_OPPONENT_FIELD,policy,106.9,57.9,41,1,108.2,59.1,21,57,-36,3.8829,ctrl_us=+4.000,28.2,0,15,1652.5
16,120.0,0,SCORE_MID_LEFT,SCORE_MID_LEFT,policy,62.5,47.6,325,1,72.0,41.0,27,57,-30,20.2852,score_blue=+12.000,10.2,0,14,1626.0
17,120.0,1,SCORE_RIGHT_LONG_GOAL_ALLIANCE,SCORE_RIGHT_LONG_GOAL_ALLIANCE,policy,115.6,39.1,270,0,120.4,36.4,27,57,-30,19.3808,score_blue=+12.000,20.7,0,14,1626.1
18,120.0,0,SCORE_MID_LEFT,SCORE_MID_LEFT,policy,52.4,45.1,227,0,72.0,41.0,27,60,-33,-3.1421,score_red=-9.000,10.4,0,14,1575.3
19,120.0,1,DESCORE_LEFT_LONG_GOAL_OPPONENT_FIELD,DESCORE_LEFT_LONG_GOAL_OPPONENT_FIELD,policy,115.6,39.1,270,0,,,27,60,-33,-4.6714,score_red=-9.000,0.0,0,14,1575.5
20,120.0,0,DESCORE_LEFT_LONG_GOAL_OPPONENT_FIELD,DESCORE_LEFT_LONG_GOAL_OPPONENT_FIELD,policy,35.0,64.0,90,1,49.0,40.0,27,60,-33,3.7086,ctrl_us=+4.000,25.7,0,13,1570.7
21,120.0,1,DESCORE_LEFT_LONG_GOAL_OPPONENT_FIELD,DESCORE_LEFT_LONG_GOAL_OPPONENT_FIELD,policy,115.6,39.1,270,0,,,27,60,-33,4.3286,ctrl_us=+4.000,0.0,0,13,1570.9
22,120.0,0,SCORE_MID_LEFT,SCORE_MID_LEFT,policy,61.8,37.0,172,1,72.0,41.0,27,60,-33,4.2744,ctrl_us=+4.000,38.1,0,13,1569.3
23,120.0,1,DESCORE_LEFT_LONG_GOAL_OPPONENT_FIELD,DESCORE_LEFT_LONG_GOAL_OPPONENT_FIELD,policy,115.6,39.1,270,0,,,27,60,-33,4.3286,ctrl_us=+4.000,0.0,0,13,1569.4
24,120.0,0,SCORE_MID_LEFT,SCORE_MID_LEFT,policy,52.7,44.9,226,1,72.0,41.0,27,60,-33,4.1717,ctrl_us=+4.000,12.1,0,13,1553.9
25,120.0,1,DESCORE_LEFT_LONG_GOAL_OPPONENT_FIELD,DESCORE_LEFT_LONG_GOAL_OPPONENT_FIELD,policy,115.6,39.1,270,0,,,27,60,-33,4.3286,ctrl_us=+4.000,0.0,0,13,1554.0
26,120.0,0,SCORE_MID_LEFT,SCORE_MID_LEFT,policy,35.0,64.0,90,0,72.0,41.0,27,63,-36,-3.0857,score_red=-9.000,26.1,0,13,1554.4
27,120.0,1,DESCORE_LEFT_LONG_GOAL_OPPONENT_FIELD,DESCORE_LEFT_LONG_GOAL_OPPONENT_FIELD,policy,115.6,39.1,270,0,,,27,63,-36,-4.6857,score_red=-9.000,0.0,0,13,1554.5
28,120.0,0,DESCORE_LEFT_LONG_GOAL_OPPONENT_FIELD,DESCORE_LEFT_LONG_GOAL_OPPONENT_FIELD,policy,38.3,64.0,88,0,39.5,101.2,27,63,-36,4.1143,ctrl_us=+4.000,3.4,1,13,1161.4
29,120.0,1,DESCORE_LEFT_LONG_GOAL_OPPONENT_FIELD,DESCORE_LEFT_LONG_GOAL_OPPONENT_FIELD,policy,115.6,39.1,270,0,,,27,63,-36,4.3143,ctrl_us=+4.000,0.0,0,13,1161.6
30,120.0,0,DESCORE_LEFT_LONG_GOAL_OPPONENT_FIELD,DESCORE_LEFT_LONG_GOAL_OPPONENT_FIELD,policy,39.3,64.0,89,0,39.5,101.2,27,63,-36,4.1143,ctrl_us=+4.000,0.9,1,13,927.0
31,120.0,1,DESCORE_LEFT_LONG_GOAL_OPPONENT_FIELD,DESCORE_LEFT_LONG_GOAL_OPPONENT_FIELD,policy,115.6,39.1,270,0,,,27,63,-36,4.3143,ctrl_us=+4.000,0.0,0,13,927.1
32,120.0,0,DESCORE_LEFT_LONG_GOAL_OPPONENT_FIELD,DESCORE_LEFT_LONG_GOAL_OPPONENT_FIELD,policy,39.4,64.0,90,0,39.5,101.2,27,63,-36,4.1143,ctrl_us=+4.000,0.1,1,13,934.8
33,120.0,1,DESCORE_LEFT_LONG_GOAL_OPPONENT_FIELD,DESCORE_LEFT_LONG_GOAL_OPPONENT_FIELD,policy,115.6,39.1,270,0,,,27,63,-36,4.3143,ctrl_us=+4.000,0.0,0,13,935.0
34,120.0,0,DESCORE_LEFT_LONG_GOAL_OPPONENT_FIELD,DESCORE_LEFT_LONG_GOAL_OPPONENT_FIELD,policy,39.4,64.0,90,0,39.5,101.2,27,63,-36,4.1143,ctrl_us=+4.000,0.0,1,13,928.9
35,120.0,1,DESCORE_LEFT_LONG_GOAL_OPPONENT_FIELD,DESCORE_LEFT_LONG_GOAL_OPPONENT_FIELD,policy,115.6,39.1,270,0,,,27,63,-36,4.3143,ctrl_us=+4.000,0.0,0,13,929.0
36,120.0,0,DESCORE_LEFT_LONG_GOAL_OPPONENT_FIELD,DESCORE_LEFT_LONG_GOAL_OPPONENT_FIELD,policy,39.4,64.0,90,0,39.5,101.2,27,63,-36,4.1143,ctrl_us=+4.000,0.0,1,13,931.3
37,120.0,1,DESCORE_LEFT_LONG_GOAL_OPPONENT_FIELD,DESCORE_LEFT_LONG_GOAL_OPPONENT_FIELD,policy,115.6,39.1,270,0,,,27,63,-36,4.3143,ctrl_us=+4.000,0.0,0,13,931.5
38,120.0,0,DESCORE_LEFT_LONG_GOAL_OPPONENT_FIELD,DESCORE_LEFT_LONG_GOAL_OPPONENT_FIELD,policy,39.4,64.0,90,0,39.5,101.2,27,63,-36,4.1143,ctrl_us=+4.000,0.0,1,13,934.6
39,120.0,1,DESCORE_LEFT_LONG_GOAL_OPPONENT_FIELD,DESCORE_LEFT_LONG_GOAL_OPPONENT_FIELD,policy,115.6,39.1,270,0,,,27,63,-36,4.3143,ctrl_us=+4.000,0.0,0,13,934.8
40,120.0,0,DESCORE_LEFT_LONG_GOAL_OPPONENT_FIELD,DESCORE_LEFT_LONG_GOAL_OPPONENT_FIELD,policy,39.4,64.0,90,0,39.5,101.2,27,63,-36,4.1143,ctrl_us=+4.000,0.0,1,13,937.3
41,120.0,1,DESCORE_LEFT_LONG_GOAL_OPPONENT_FIELD,DESCORE_LEFT_LONG_GOAL_OPPONENT_FIELD,policy,115.6,39.1,270,0,,,27,63,-36,4.3143,ctrl_us=+4.000,0.0,0,13,937.4
42,120.0,0,DESCORE_LEFT_LONG_GOAL_OPPONENT_FIELD,DESCORE_LEFT_LONG_GOAL_OPPONENT_FIELD,policy,39.4,64.0,90,0,39.5,101.2,27,63,-36,4.1143,ctrl_us=+4.000,0.0,1,13,941.9
43,120.0,1,DESCORE_LEFT_LONG_GOAL_OPPONENT_FIELD,DESCORE_LEFT_LONG_GOAL_OPPONENT_FIELD,policy,115.6,39.1,270,0,,,27,63,-36,4.3143,ctrl_us=+4.000,0.0,0,13,942.0
44,120.0,0,DESCORE_LEFT_LONG_GOAL_OPPONENT_FIELD,DESCORE_LEFT_LONG_GOAL_OPPONENT_FIELD,policy,39.4,64.0,90,0,39.5,101.2,27,63,-36,4.1143,ctrl_us=+4.000,0.0,1,13,944.6
45,120.0,1,DESCORE_LEFT_LONG_GOAL_OPPONENT_FIELD,DESCORE_LEFT_LONG_GOAL_OPPONENT_FIELD,policy,115.6,39.1,270,0,,,27,63,-36,4.3143,ctrl_us=+4.000,0.0,0,13,944.7
46,120.0,0,DESCORE_LEFT_LONG_GOAL_OPPONENT_FIELD,DESCORE_LEFT_LONG_GOAL_OPPONENT_FIELD,policy,39.4,64.0,90,0,39.5,101.2,27,63,-36,4.1143,ctrl_us=+4.000,0.0,1,13,935.7
47,120.0,1,DESCORE_LEFT_LONG_GOAL_OPPONENT_FIELD,DESCORE_LEFT_LONG_GOAL_OPPONENT_FIELD,policy,115.6,39.1,270,0,,,27,63,-36,4.3143,ctrl_us=+4.000,0.0,0,13,935.9
48,120.0,0,DESCORE_LEFT_LONG_GOAL_OPPONENT_FIELD,DESCORE_LEFT_LONG_GOAL_OPPONENT_FIELD,policy,39.4,64.0,90,0,39.5,101.2,27,63,-36,4.1143,ctrl_us=+4.000,0.0,1,13,937.8
49,120.0,1,DESCORE_LEFT_LONG_GOAL_OPPONENT_FIELD,DESCORE_LEFT_LONG_GOAL_OPPONENT_FIELD,policy,115.6,39.1,270,0,,,27,63,-36,4.3143,ctrl_us=+4.000,0.0,0,13,937.9
50,120.0,0,DESCORE_LEFT_LONG_GOAL_OPPONENT_FIELD,DESCORE_LEFT_LONG_GOAL_OPPONENT_FIELD,policy,39.4,64.0,90,0,39.5,101.2,27,63,-36,4.1143,ctrl_us=+4.000,0.0,1,13,939.0
51,120.0,1,DESCORE_LEFT_LONG_GOAL_OPPONENT_FIELD,DESCORE_LEFT_LONG_GOAL_OPPONENT_FIELD,policy,115.6,39.1,270,0,,,27,63,-36,4.3143,ctrl_us=+4.000,0.0,0,13,939.1
52,120.0,0,DESCORE_LEFT_LONG_GOAL_OPPONENT_FIELD,DESCORE_LEFT_LONG_GOAL_OPPONENT_FIELD,policy,39.4,64.0,90,0,39.5,101.2,27,63,-36,4.1143,ctrl_us=+4.000,0.0,1,13,944.2
53,120.0,1,DESCORE_LEFT_LONG_GOAL_OPPONENT_FIELD,DESCORE_LEFT_LONG_GOAL_OPPONENT_FIELD,policy,115.6,39.1,270,0,,,27,63,-36,4.3143,ctrl_us=+4.000,0.0,0,13,944.3
54,120.0,0,DESCORE_LEFT_LONG_GOAL_OPPONENT_FIELD,DESCORE_LEFT_LONG_GOAL_OPPONENT_FIELD,policy,39.4,64.0,90,0,39.5,101.2,27,63,-36,4.1143,ctrl_us=+4.000,0.0,1,13,948.5
55,120.0,1,DESCORE_LEFT_LONG_GOAL_OPPONENT_FIELD,DESCORE_LEFT_LONG_GOAL_OPPONENT_FIELD,policy,115.6,39.1,270,0,,,27,63,-36,4.3143,ctrl_us=+4.000,0.0,0,13,948.6
56,120.0,0,DESCORE_LEFT_LONG_GOAL_OPPONENT_FIELD,DESCORE_LEFT_LONG_GOAL_OPPONENT_FIELD,policy,39.4,64.0,90,0,39.5,101.2,27,63,-36,4.1143,ctrl_us=+4.000,0.0,1,13,938.4
57,120.0,1,DESCORE_LEFT_LONG_GOAL_OPPONENT_FIELD,DESCORE_LEFT_LONG_GOAL_OPPONENT_FIELD,policy,115.6,39.1,270,0,,,27,63,-36,4.3143,ctrl_us=+4.000,0.0,0,13,938.6
58,120.0,0,DESCORE_LEFT_LONG_GOAL_OPPONENT_FIELD,DESCORE_LEFT_LONG_GOAL_OPPONENT_FIELD,policy,39.4,64.0,90,0,39.5,101.2,27,63,-36,4.1143,ctrl_us=+4.000,0.0,1,13,948.0
59,120.0,1,DESCORE_LEFT_LONG_GOAL_OPPONENT_FIELD,DESCORE_LEFT_LONG_GOAL_OPPONENT_FIELD,policy,115.6,39.1,270,0,,,27,63,-36,4.3143,ctrl_us=+4.000,0.0,0,13,948.1
60,120.0,0,DESCORE_LEFT_LONG_GOAL_OPPONENT_FIELD,DESCORE_LEFT_LONG_GOAL_OPPONENT_FIELD,policy,39.4,64.0,90,0,39.5,101.2,27,63,-36,4.1143,ctrl_us=+4.000,0.0,1,13,942.9
61,120.0,1,DESCORE_LEFT_LONG_GOAL_OPPONENT_FIELD,DESCORE_LEFT_LONG_GOAL_OPPONENT_FIELD,policy,115.6,39.1,270,0,,,27,63,-36,4.3143,ctrl_us=+4.000,0.0,0,13,943.0
62,120.0,0,DESCORE_LEFT_LONG_GOAL_OPPONENT_FIELD,DESCORE_LEFT_LONG_GOAL_OPPONENT_FIELD,policy,39.4,64.0,90,0,39.5,101.2,27,63,-36,4.1143,ctrl_us=+4.000,0.0,1,13,940.6
63,120.0,1,DESCORE_LEFT_LONG_GOAL_OPPONENT_FIELD,DESCORE_LEFT_LONG_GOAL_OPPONENT_FIELD,policy,115.6,39.1,270,0,,,27,63,-36,4.3143,ctrl_us=+4.000,0.0,0,13,940.7
64,120.0,0,DESCORE_LEFT_LONG_GOAL_OPPONENT_FIELD,DESCORE_LEFT_LONG_GOAL_OPPONENT_FIELD,policy,39.4,64.0,90,0,39.5,101.2,27,63,-36,4.1143,ctrl_us=+4.000,0.0,1,13,937.7
65,120.0,1,DESCORE_LEFT_LONG_GOAL_OPPONENT_FIELD,DESCORE_LEFT_LONG_GOAL_OPPONENT_FIELD,policy,115.6,39.1,270,0,,,27,63,-36,4.3143,ctrl_us=+4.000,0.0,0,13,937.9
66,120.0,0,DESCORE_LEFT_LONG_GOAL_OPPONENT_FIELD,DESCORE_LEFT_LONG_GOAL_OPPONENT_FIELD,policy,39.4,64.0,90,0,39.5,101.2,27,63,-36,4.1143,ctrl_us=+4.000,0.0,1,13,953.6
67,120.0,1,DESCORE_LEFT_LONG_GOAL_OPPONENT_FIELD,DESCORE_LEFT_LONG_GOAL_OPPONENT_FIELD,policy,115.6,39.1,270,0,,,27,63,-36,4.3143,ctrl_us=+4.000,0.0,0,13,953.7
68,120.0,0,DESCORE_LEFT_LONG_GOAL_OPPONENT_FIELD,DESCORE_LEFT_LONG_GOAL_OPPONENT_FIELD,policy,39.4,64.0,90,0,39.5,101.2,27,63,-36,4.1143,ctrl_us=+4.000,0.0,1,13,943.0
69,120.0,1,DESCORE_LEFT_LONG_GOAL_OPPONENT_FIELD,DESCORE_LEFT_LONG_GOAL_OPPONENT_FIELD,policy,115.6,39.1,270,0,,,27,63,-36,4.3143,ctrl_us=+4.000,0.0,0,13,943.1
70,120.0,0,DESCORE_LEFT_LONG_GOAL_OPPONENT_FIELD,DESCORE_LEFT_LONG_GOAL_OPPONENT_FIELD,policy,39.4,64.0,90,0,39.5,101.2,27,63,-36,4.1143,ctrl_us=+4.000,0.0,1,13,965.6
71,120.0,1,DESCORE_LEFT_LONG_GOAL_OPPONENT_FIELD,DESCORE_LEFT_LONG_GOAL_OPPONENT_FIELD,policy,115.6,39.1,270,0,,,27,63,-36,4.3143,ctrl_us=+4.000,0.0,0,13,965.7
72,120.0,0,DESCORE_LEFT_LONG_GOAL_OPPONENT_FIELD,DESCORE_LEFT_LONG_GOAL_OPPONENT_FIELD,policy,39.4,64.0,90,0,39.5,101.2,27,63,-36,4.1143,ctrl_us=+4.000,0.0,1,13,981.3
73,120.0,1,DESCORE_LEFT_LONG_GOAL_OPPONENT_FIELD,DESCORE_LEFT_LONG_GOAL_OPPONENT_FIELD,policy,115.6,39.1,270,0,,,27,63,-36,4.3143,ctrl_us=+4.000,0.0,0,13,981.4
74,120.0,0,DESCORE_LEFT_LONG_GOAL_OPPONENT_FIELD,DESCORE_LEFT_LONG_GOAL_OPPONENT_FIELD,policy,39.4,64.0,90,0,39.5,101.2,27,63,-36,4.1143,ctrl_us=+4.000,0.0,1,13,983.0
75,120.0,1,DESCORE_LEFT_LONG_GOAL_OPPONENT_FIELD,DESCORE_LEFT_LONG_GOAL_OPPONENT_FIELD,policy,115.6,39.1,270,0,,,27,63,-36,4.3143,ctrl_us=+4.000,0.0,0,13,983.2
76,120.0,0,DESCORE_LEFT_LONG_GOAL_OPPONENT_FIELD,DESCORE_LEFT_LONG_GOAL_OPPONENT_FIELD,policy,39.4,64.0,90,0,39.5,101.2,27,63,-36,4.1143,ctrl_us=+4.000,0.0,1,13,950.0
77,120.0,1,DESCORE_LEFT_LONG_GOAL_OPPONENT_FIELD,DESCORE_LEFT_LONG_GOAL_OPPONENT_FIELD,policy,115.6,39.1,270,0,,,27,63,-36,4.3143,ctrl_us=+4.000,0.0,0,13,950.1
78,120.0,0,DESCORE_LEFT_LONG_GOAL_OPPONENT_FIELD,DESCORE_LEFT_LONG_GOAL_OPPONENT_FIELD,policy,39.4,64.0,90,0,39.5,101.2,27,63,-36,4.1143,ctrl_us=+4.000,0.0,1,13,941.0
79,120.0,1,DESCORE_LEFT_LONG_GOAL_OPPONENT_FIELD,DESCORE_LEFT_LONG_GOAL_OPPONENT_FIELD,policy,115.6,39.1,270,0,,,27,63,-36,4.3143,ctrl_us=+4.000,0.0,0,13,941.1
80,120.0,0,DESCORE_LEFT_LONG_GOAL_OPPONENT_FIELD,DESCORE_LEFT_LONG_GOAL_OPPONENT_FIELD,policy,39.4,64.0,90,0,39.5,101.2,27,63,-36,4.1143,ctrl_us=+4.000,0.0,1,13,932.9
81,120.0,1,DESCORE_LEFT_LONG_GOAL_OPPONENT_FIELD,DESCORE_LEFT_LONG_GOAL_OPPONENT_FIELD,policy,115.6,39.1,270,0,,,27,63,-36,4.3143,ctrl_us=+4.000,0.0,0,13,933.0
82,120.0,0,DESCORE_LEFT_LONG_GOAL_OPPONENT_FIELD,DESCORE_LEFT_LONG_GOAL_OPPONENT_FIELD,policy,39.4,64.0,90,0,39.5,101.2,27,63,-36,4.1143,ctrl_us=+4.000,0.0,1,13,943.4
83,120.0,1,DESCORE_LEFT_LONG_GOAL_OPPONENT_FIELD,DESCORE_LEFT_LONG_GOAL_OPPONENT_FIELD,policy,115.6,39.1,270,0,,,27,63,-36,4.3143,ctrl_us=+4.000,0.0,0,13,943.5
84,120.0,0,DESCORE_LEFT_LONG_GOAL_OPPONENT_FIELD,DESCORE_LEFT_LONG_GOAL_OPPONENT_FIELD,policy,39.4,64.0,90,0,39.5,101.2,27,63,-36,4.1143,ctrl_us=+4.000,0.0,1,13,944.0
85,120.0,1,DESCORE_LEFT_LONG_GOAL_OPPONENT_FIELD,DESCORE_LEFT_LONG_GOAL_OPPONENT_FIELD,policy,115.6,39.1,270,0,,,27,63,-36,4.3143,ctrl_us=+4.000,0.0,0,13,944.1
86,120.0,0,DESCORE_LEFT_LONG_GOAL_OPPONENT_FIELD,DESCORE_LEFT_LONG_GOAL_OPPONENT_FIELD,policy,39.4,64.0,90,0,39.5,101.2,27,63,-36,4.1143,ctrl_us=+4.000,0.0,1,13,936.8
87,120.0,1,DESCORE_LEFT_LONG_GOAL_OPPONENT_FIELD,DESCORE_LEFT_LONG_GOAL_OPPONENT_FIELD,policy,115.6,39.1,270,0,,,27,63,-36,4.3143,ctrl_us=+4.000,0.0,0,13,937.0
88,120.0,0,DESCORE_LEFT_LONG_GOAL_OPPONENT_FIELD,DESCORE_LEFT_LONG_GOAL_OPPONENT_FIELD,policy,39.4,64.0,90,0,39.5,101.2,27,63,-36,4.1143,ctrl_us=+4.000,0.0,1,13,927.1
89,120.0,1,DESCORE_LEFT_LONG_GOAL_OPPONENT_FIELD,DESCORE_LEFT_LONG_GOAL_OPPONENT_FIELD,policy,115.6,39.1,270,0,,,27,63,-36,4.3143,ctrl_us=+4.000,0.0,0,13,927.3
90,120.0,0,DESCORE_LEFT_LONG_GOAL_OPPONENT_FIELD,DESCORE_LEFT_LONG_GOAL_OPPONENT_FIELD,policy,39.4,64.0,90,0,39.5,101.2,27,63,-36,4.1143,ctrl_us=+4.000,0.0,1,13,919.6
91,120.0,1,DESCORE_LEFT_LONG_GOAL_OPPONENT_FIELD,DESCORE_LEFT_LONG_GOAL_OPPONENT_FIELD,policy,115.6,39.1,270,0,,,27,63,-36,4.3143,ctrl_us=+4.000,0.0,0,13,919.7
92,120.0,0,DESCORE_LEFT_LONG_GOAL_OPPONENT_FIELD,DESCORE_LEFT_LONG_GOAL_OPPONENT_FIELD,policy,39.4,64.0,90,0,39.5,101.2,27,63,-36,4.1143,ctrl_us=+4.000,0.0,1,13,920.6
93,120.0,1,DESCORE_LEFT_LONG_GOAL_OPPONENT_FIELD,DESCORE_LEFT_LONG_GOAL_OPPONENT_FIELD,policy,115.6,39.1,270,0,,,27,63,-36,4.3143,ctrl_us=+4.000,0.0,0,13,920.8
94,120.0,0,DESCORE_LEFT_LONG_GOAL_OPPONENT_FIELD,DESCORE_LEFT_LONG_GOAL_OPPONENT_FIELD,policy,39.4,64.0,90,0,39.5,101.2,27,63,-36,4.1143,ctrl_us=+4.000,0.0,1,13,926.5
95,120.0,1,DESCORE_LEFT_LONG_GOAL_OPPONENT_FIELD,DESCORE_LEFT_LONG_GOAL_OPPONENT_FIELD,policy,115.6,39.1,270,0,,,27,63,-36,4.3143,ctrl_us=+4.000,0.0,0,13,926.6
96,120.0,0,DESCORE_LEFT_LONG_GOAL_OPPONENT_FIELD,DESCORE_LEFT_LONG_GOAL_OPPONENT_FIELD,policy,39.4,64.0,90,0,39.5,101.2,27,63,-36,4.1143,ctrl_us=+4.000,0.0,1,13,922.6
97,120.0,1,DESCORE_LEFT_LONG_GOAL_OPPONENT_FIELD,DESCORE_LEFT_LONG_GOAL_OPPONENT_FIELD,policy,115.6,39.1,270,0,,,27,63,-36,4.3143,ctrl_us=+4.000,0.0,0,13,922.7
98,120.0,0,DESCORE_LEFT_LONG_GOAL_OPPONENT_FIELD,DESCORE_LEFT_LONG_GOAL_OPPONENT_FIELD,policy,39.4,64.0,90,0,39.5,101.2,27,63,-36,4.1143,ctrl_us=+4.000,0.0,1,13,919.2
99,120.0,1,DESCORE_LEFT_LONG_GOAL_OPPONENT_FIELD,DESCORE_LEFT_LONG_GOAL_OPPONENT_FIELD,policy,115.6,39.1,270,0,,,27,63,-36,4.3143,ctrl_us=+4.000,0.0,0,13,919.3
100,120.0,0,DESCORE_LEFT_LONG_GOAL_OPPONENT_FIELD,DESCORE_LEFT_LONG_GOAL_OPPONENT_FIELD,policy,39.4,64.0,90,0,39.5,101.2,27,63,-36,4.1143,ctrl_us=+4.000,0.0,1,13,920.9
101,120.0,1,DESCORE_LEFT_LONG_GOAL_OPPONENT_FIELD,DESCORE_LEFT_LONG_GOAL_OPPONENT_FIELD,policy,115.6,39.1,270,0,,,27,63,-36,4.3143,ctrl_us=+4.000,0.0,0,13,921.0
102,120.0,0,DESCORE_LEFT_LONG_GOAL_OPPONENT_FIELD,DESCORE_LEFT_LONG_GOAL_OPPONENT_FIELD,policy,39.4,64.0,90,0,39.5,101.2,27,63,-36,4.1143,ctrl_us=+4.000,0.0,1,13,924.4
103,120.0,1,DESCORE_LEFT_LONG_GOAL_OPPONENT_FIELD,DESCORE_LEFT_LONG_GOAL_OPPONENT_FIELD,policy,115.6,39.1,270,0,,,27,63,-36,4.3143,ctrl_us=+4.000,0.0,0,13,924.5
104,120.0,0,DESCORE_LEFT_LONG_GOAL_OPPONENT_FIELD,DESCORE_LEFT_LONG_GOAL_OPPONENT_FIELD,policy,39.4,64.0,90,0,39.5,101.2,27,63,-36,4.1143,ctrl_us=+4.000,0.0,1,13,941.0
105,120.0,1,DESCORE_LEFT_LONG_GOAL_OPPONENT_FIELD,DESCORE_LEFT_LONG_GOAL_OPPONENT_FIELD,policy,115.6,39.1,270,0,,,27,63,-36,4.3143,ctrl_us=+4.000,0.0,0,13,941.2
106,120.0,0,DESCORE_LEFT_LONG_GOAL_OPPONENT_FIELD,DESCORE_LEFT_LONG_GOAL_OPPONENT_FIELD,policy,39.4,64.0,90,0,39.5,101.2,27,63,-36,4.1143,ctrl_us=+4.000,0.0,1,13,931.6
107,120.0,1,DESCORE_LEFT_LONG_GOAL_OPPONENT_FIELD,DESCORE_LEFT_LONG_GOAL_OPPONENT_FIELD,policy,115.6,39.1,270,0,,,27,63,-36,4.3143,ctrl_us=+4.000,0.0,0,13,931.8
108,120.0,0,DESCORE_LEFT_LONG_GOAL_OPPONENT_FIELD,DESCORE_LEFT_LONG_GOAL_OPPONENT_FIELD,policy,39.4,64.0,90,0,39.5,101.2,27,63,-36,4.1143,ctrl_us=+4.000,0.0,1,13,934.0
109,120.0,1,DESCORE_LEFT_LONG_GOAL_OPPONENT_FIELD,DESCORE_LEFT_LONG_GOAL_OPPONENT_FIELD,policy,115.6,39.1,270,0,,,27,63,-36,4.3143,ctrl_us=+4.000,0.0,0,13,934.2
110,120.0,0,DESCORE_LEFT_LONG_GOAL_OPPONENT_FIELD,DESCORE_LEFT_LONG_GOAL_OPPONENT_FIELD,policy,39.4,64.0,90,0,39.5,101.2,27,63,-36,4.1143,ctrl_us=+4.000,0.0,1,13,929.9
111,120.0,1,DESCORE_LEFT_LONG_GOAL_OPPONENT_FIELD,DESCORE_LEFT_LONG_GOAL_OPPONENT_FIELD,policy,115.6,39.1,270,0,,,27,63,-36,4.3143,ctrl_us=+4.000,0.0,0,13,930.1
112,120.0,0,DESCORE_LEFT_LONG_GOAL_OPPONENT_FIELD,DESCORE_LEFT_LONG_GOAL_OPPONENT_FIELD,policy,39.4,64.0,90,0,39.5,101.2,27,63,-36,4.1143,ctrl_us=+4.000,0.0,1,13,931.6
113,120.0,1,DESCORE_LEFT_LONG_GOAL_OPPONENT_FIELD,DESCORE_LEFT_LONG_GOAL_OPPONENT_FIELD,policy,115.6,39.1,270,0,,,27,63,-36,4.3143,ctrl_us=+4.000,0.0,0,13,931.7
114,120.0,0,DESCORE_LEFT_LONG_GOAL_OPPONENT_FIELD,DESCORE_LEFT_LONG_GOAL_OPPONENT_FIELD,policy,39.4,64.0,90,0,39.5,101.2,27,63,-36,4.1143,ctrl_us=+4.000,0.0,1,13,937.5
115,120.0,1,DESCORE_LEFT_LONG_GOAL_OPPONENT_FIELD,DESCORE_LEFT_LONG_GOAL_OPPONENT_FIELD,policy,115.6,39.1,270,0,,,27,63,-36,4.3143,ctrl_us=+4.000,0.0,0,13,937.7
116,120.0,0,DESCORE_LEFT_LONG_GOAL_OPPONENT_FIELD,DESCORE_LEFT_LONG_GOAL_OPPONENT_FIELD,policy,39.4,64.0,90,0,39.5,101.2,27,63,-36,4.1143,ctrl_us=+4.000,0.0,1,13,937.4
117,120.0,1,DESCORE_LEFT_LONG_GOAL_OPPONENT_FIELD,DESCORE_LEFT_LONG_GOAL_OPPONENT_FIELD,policy,115.6,39.1,270,0,,,27,63,-36,4.3143,ctrl_us=+4.000,0.0,0,13,937.5
118,120.0,0,DESCORE_LEFT_LONG_GOAL_OPPONENT_FIELD,DESCORE_LEFT_LONG_GOAL_OPPONENT_FIELD,policy,39.4,64.0,90,0,39.5,101.2,27,63,-36,4.1143,ctrl_us=+4.000,0.0,1,13,931.7
119,120.0,1,DESCORE_LEFT_LONG_GOAL_OPPONENT_FIELD,DESCORE_LEFT_LONG_GOAL_OPPONENT_FIELD,policy,115.6,39.1,270,0,,,27,63,-36,4.3143,ctrl_us=+4.000,0.0,0,13,931.9
120,120.0,0,DESCORE_LEFT_LONG_GOAL_OPPONENT_FIELD,DESCORE_LEFT_LONG_GOAL_OPPONENT_FIELD,policy,39.4,64.0,90,0,39.5,101.2,27,63,-36,4.1143,ctrl_us=+4.000,0.0,1,13,939.8
121,120.0,1,DESCORE_LEFT_LONG_GOAL_OPPONENT_FIELD,DESCORE_LEFT_LONG_GOAL_OPPONENT_FIELD,policy,115.6,39.1,270,0,,,27,63,-36,4.3143,ctrl_us=+4.000,0.0,0,13,939.9
122,120.0,0,DESCORE_LEFT_LONG_GOAL_OPPONENT_FIELD,DESCORE_LEFT_LONG_GOAL_OPPONENT_FIELD,policy,39.4,64.0,90,0,39.5,101.2,27,63,-36,4.1143,ctrl_us=+4.000,0.0,1,13,945.2
123,120.0,1,DESCORE_LEFT_LONG_GOAL_OPPONENT_FIELD,DESCORE_LEFT_LONG_GOAL_OPPONENT_FIELD,policy,115.6,39.1,270,0,,,27,63,-36,4.3143,ctrl_us=+4.000,0.0,0,13,945.3
124,120.0,0,DESCORE_LEFT_LONG_GOAL_OPPONENT_FIELD,DESCORE_LEFT_LONG_GOAL_OPPONENT_FIELD,policy,39.4,64.0,90,0,39.5,101.2,27,63,-36,4.1143,ctrl_us=+4.000,0.0,1,13,939.3
125,120.0,1,DESCORE_LEFT_LONG_GOAL_OPPONENT_FIELD,DESCORE_LEFT_LONG_GOAL_OPPONENT_FIELD,policy,115.6,39.1,270,0,,,27,63,-36,4.3143,ctrl_us=+4.000,0.0,0,13,939.4
126,120.0,0,DESCORE_LEFT_LONG_GOAL_OPPONENT_FIELD,DESCORE_LEFT_LONG_GOAL_OPPONENT_FIELD,policy,39.4,64.0,90,0,39.5,101.2,27,63,-36,4.1143,ctrl_us=+4.000,0.0,1,13,945.3
127,120.0,1,DESCORE_LEFT_LONG_GOAL_OPPONENT_FIELD,DESCORE_LEFT_LONG_GOAL_OPPONENT_FIELD,policy,115.6,39.1,270,0,,,27,63,-36,4.3143,ctrl_us=+4.000,0.0,0,13,945.4
128,120.0,0,DESCORE_LEFT_LONG_GOAL_OPPONENT_FIELD,DESCORE_LEFT_LONG_GOAL_OPPONENT_FIELD,policy,39.4,64.0,90,0,39.5,101.2,27,63,-36,4.1143,ctrl_us=+4.000,0.0,1,13,951.1
129,120.0,1,DESCORE_LEFT_LONG_GOAL_OPPONENT_FIELD,DESCORE_LEFT_LONG_GOAL_OPPONENT_FIELD,policy,115.6,39.1,270,0,,,27,63,-36,4.3143,ctrl_us=+4.000,0.0,0,13,951.2
130,120.0,0,DESCORE_LEFT_LONG_GOAL_OPPONENT_FIELD,DESCORE_LEFT_LONG_GOAL_OPPONENT_FIELD,policy,39.4,64.0,90,0,39.5,101.2,27,63,-36,4.1143,ctrl_us=+4.000,0.0,1,13,942.7
131,120.0,1,DESCORE_LEFT_LONG_GOAL_OPPONENT_FIELD,DESCORE_LEFT_LONG_GOAL_OPPONENT_FIELD,policy,115.6,39.1,270,0,,,27,63,-36,4.3143,ctrl_us=+4.000,0.0,0,13,942.8
132,120.0,0,DESCORE_LEFT_LONG_GOAL_OPPONENT_FIELD,DESCORE_LEFT_LONG_GOAL_OPPONENT_FIELD,policy,39.4,64.0,90,0,39.5,101.2,27,63,-36,4.1143,ctrl_us=+4.000,0.0,1,13,947.7
133,120.0,1,DESCORE_LEFT_LONG_GOAL_OPPONENT_FIELD,DESCORE_LEFT_LONG_GOAL_OPPONENT_FIELD,policy,115.6,39.1,270,0,,,27,63,-36,4.3143,ctrl_us=+4.000,0.0,0,13,947.9
134,120.0,0,DESCORE_LEFT_LONG_GOAL_OPPONENT_FIELD,DESCORE_LEFT_LONG_GOAL_OPPONENT_FIELD,policy,39.4,64.0,90,0,39.5,101.2,27,63,-36,4.1143,ctrl_us=+4.000,0.0,1,13,947.6
135,120.0,1,DESCORE_LEFT_LONG_GOAL_OPPONENT_FIELD,DESCORE_LEFT_LONG_GOAL_OPPONENT_FIELD,policy,115.6,39.1,270,0,,,27,63,-36,4.3143,ctrl_us=+4.000,0.0,0,13,947.7
136,120.0,0,DESCORE_LEFT_LONG_GOAL_OPPONENT_FIELD,DESCORE_LEFT_LONG_GOAL_OPPONENT_FIELD,policy,39.4,64.0,90,0,39.5,101.2,27,63,-36,4.1143,ctrl_us=+4.000,0.0,1,13,956.2
137,120.0,1,DESCORE_LEFT_LONG_GOAL_OPPONENT_FIELD,DESCORE_LEFT_LONG_GOAL_OPPONENT_FIELD,policy,115.6,39.1,270,0,,,27,63,-36,4.3143,ctrl_us=+4.000,0.0,0,13,956.4
138,120.0,0,DESCORE_LEFT_LONG_GOAL_OPPONENT_FIELD,DESCORE_LEFT_LONG_GOAL_OPPONENT_FIELD,policy,39.4,64.0,90,0,39.5,101.2,27,63,-36,4.1143,ctrl_us=+4.000,0.0,1,13,1013.7
139,120.0,1,DESCORE_LEFT_LONG_GOAL_OPPONENT_FIELD,DESCORE_LEFT_LONG_GOAL_OPPONENT_FIELD,policy,115.6,39.1,270,0,,,27,63,-36,4.3143,ctrl_us=+4.000,0.0,0,13,1013.8
140,120.0,0,DESCORE_LEFT_LONG_GOAL_OPPONENT_FIELD,DESCORE_LEFT_LONG_GOAL_OPPONENT_FIELD,policy,39.4,64.0,90,0,39.5,101.2,27,63,-36,4.1143,ctrl_us=+4.000,0.0,1,13,1021.7
141,120.0,1,DESCORE_LEFT_LONG_GOAL_OPPONENT_FIELD,DESCORE_LEFT_LONG_GOAL_OPPONENT_FIELD,policy,115.6,39.1,270,0,,,27,63,-36,4.3143,ctrl_us=+4.000,0.0,0,13,1021.8
142,120.0,0,DESCORE_LEFT_LONG_GOAL_OPPONENT_FIELD,DESCORE_LEFT_LONG_GOAL_OPPONENT_FIELD,policy,39.4,64.0,90,0,39.5,101.2,27,63,-36,4.1143,ctrl_us=+4.000,0.0,1,13,977.8
143,120.0,1,DESCORE_LEFT_LONG_GOAL_OPPONENT_FIELD,DESCORE_LEFT_LONG_GOAL_OPPONENT_FIELD,policy,115.6,39.1,270,0,,,27,63,-36,4.3143,ctrl_us=+4.000,0.0,0,13,977.9
144,120.0,0,DESCORE_LEFT_LONG_GOAL_OPPONENT_FIELD,DESCORE_LEFT_LONG_GOAL_OPPONENT_FIELD,policy,39.4,64.0,90,0,39.5,101.2,27,63,-36,4.1143,ctrl_us=+4.000,0.0,1,13,962.4
145,120.0,1,DESCORE_LEFT_LONG_GOAL_OPPONENT_FIELD,DESCORE_LEFT_LONG_GOAL_OPPONENT_FIELD,policy,115.6,39.1,270,0,,,27,63,-36,4.3143,ctrl_us=+4.000,0.0,0,13,962.7
146,120.0,0,DESCORE_LEFT_LONG_GOAL_OPPONENT_FIELD,DESCORE_LEFT_LONG_GOAL_OPPONENT_FIELD,policy,39.4,64.0,90,0,39.5,101.2,27,63,-36,4.1143,ctrl_us=+4.000,0.0,1,13,935.8
147,120.0,1,DESCORE_LEFT_LONG_GOAL_OPPONENT_FIELD,DESCORE_LEFT_LONG_GOAL_OPPONENT_FIELD,policy,115.6,39.1,270,0,,,27,63,-36,4.3143,ctrl_us=+4.000,0.0,0,13,935.9
148,120.0,0,DESCORE_LEFT_LONG_GOAL_OPPONENT_FIELD,DESCORE_LEFT_LONG_GOAL_OPPONENT_FIELD,policy,39.4,64.0,90,0,39.5,101.2,27,63,-36,4.1143,ctrl_us=+4.000,0.0,1,13,941.3
149,120.0,1,DESCORE_LEFT_LONG_GOAL_OPPONENT_FIELD,DESCORE_LEFT_LONG_GOAL_OPPONENT_FIELD,policy,115.6,39.1,270,0,,,27,63,-36,4.3143,ctrl_us=+4.000,0.0,0,13,941.4
150,120.0,0,DESCORE_LEFT_LONG_GOAL_OPPONENT_FIELD,DESCORE_LEFT_LONG_GOAL_OPPONENT_FIELD,policy,39.4,64.0,90,0,39.5,101.2,27,63,-36,4.1143,ctrl_us=+4.000,0.0,1,13,942.6
151,120.0,1,DESCORE_LEFT_LONG_GOAL_OPPONENT_FIELD,DESCORE_LEFT_LONG_GOAL_OPPONENT_FIELD,policy,115.6,39.1,270,0,,,27,63,-36,4.3143,ctrl_us=+4.000,0.0,0,13,942.7
152,120.0,0,DESCORE_LEFT_LONG_GOAL_OPPONENT_FIELD,DESCORE_LEFT_LONG_GOAL_OPPONENT_FIELD,policy,39.4,64.0,90,0,39.5,101.2,27,63,-36,4.1143,ctrl_us=+4.000,0.0,1,13,938.5
153,120.0,1,DESCORE_LEFT_LONG_GOAL_OPPONENT_FIELD,DESCORE_LEFT_LONG_GOAL_OPPONENT_FIELD,policy,115.6,39.1,270,0,,,27,63,-36,4.3143,ctrl_us=+4.000,0.0,0,13,938.6
154,120.0,0,DESCORE_LEFT_LONG_GOAL_OPPONENT_FIELD,DESCORE_LEFT_LONG_GOAL_OPPONENT_FIELD,policy,39.4,64.0,90,0,39.5,101.2,27,63,-36,4.1143,ctrl_us=+4.000,0.0,1,13,922.2
155,120.0,1,DESCORE_LEFT_LONG_GOAL_OPPONENT_FIELD,DESCORE_LEFT_LONG_GOAL_OPPONENT_FIELD,policy,115.6,39.1,270,0,,,27,63,-36,4.3143,ctrl_us=+4.000,0.0,0,13,922.4
156,120.0,0,DESCORE_LEFT_LONG_GOAL_OPPONENT_FIELD,DESCORE_LEFT_LONG_GOAL_OPPONENT_FIELD,policy,39.4,64.0,90,0,39.5,101.2,27,63,-36,4.1143,ctrl_us=+4.000,0.0,1,13,998.5
157,120.0,1,DESCORE_LEFT_LONG_GOAL_OPPONENT_FIELD,DESCORE_LEFT_LONG_GOAL_OPPONENT_FIELD,policy,115.6,39.1,270,0,,,27,63,-36,4.3143,ctrl_us=+4.000,0.0,0,13,998.6
158,120.0,0,DESCORE_LEFT_LONG_GOAL_OPPONENT_FIELD,DESCORE_LEFT_LONG_GOAL_OPPONENT_FIELD,policy,39.4,64.0,90,0,39.5,101.2,27,63,-36,4.1143,ctrl_us=+4.000,0.0,1,13,923.4
159,120.0,1,DESCORE_LEFT_LONG_GOAL_OPPONENT_FIELD,DESCORE_LEFT_LONG_GOAL_OPPONENT_FIELD,policy,115.6,39.1,270,0,,,27,63,-36,4.3143,ctrl_us=+4.000,0.0,0,13,923.6
160,120.0,0,DESCORE_LEFT_LONG_GOAL_OPPONENT_FIELD,DESCORE_LEFT_LONG_GOAL_OPPONENT_FIELD,policy,39.4,64.0,90,0,39.5,101.2,27,63,-36,4.1143,ctrl_us=+4.000,0.0,1,13,923.9
161,120.0,1,DESCORE_LEFT_LONG_GOAL_OPPONENT_FIELD,DESCORE_LEFT_LONG_GOAL_OPPONENT_FIELD,policy,115.6,39.1,270,0,,,27,63,-36,4.3143,ctrl_us=+4.000,0.0,0,13,924.1
162,120.0,0,DESCORE_LEFT_LONG_GOAL_OPPONENT_FIELD,DESCORE_LEFT_LONG_GOAL_OPPONENT_FIELD,policy,39.4,64.0,90,0,39.5,101.2,27,63,-36,4.1143,ctrl_us=+4.000,0.0,1,13,923.0
163,120.0,1,DESCORE_LEFT_LONG_GOAL_OPPONENT_FIELD,DESCORE_LEFT_LONG_GOAL_OPPONENT_FIELD,policy,115.6,39.1,270,0,,,27,63,-36,4.3143,ctrl_us=+4.000,0.0,0,13,923.1
164,120.0,0,DESCORE_LEFT_LONG_GOAL_OPPONENT_FIELD,DESCORE_LEFT_LONG_GOAL_OPPONENT_FIELD,policy,39.4,64.0,90,0,39.5,101.2,27,63,-36,4.1143,ctrl_us=+4.000,0.0,1,13,916.6
165,120.0,1,DESCORE_LEFT_LONG_GOAL_OPPONENT_FIELD,DESCORE_LEFT_LONG_GOAL_OPPONENT_FIELD,policy,115.6,39.1,270,0,,,27,63,-36,4.3143,ctrl_us=+4.000,0.0,0,13,916.8
166,120.0,0,DESCORE_LEFT_LONG_GOAL_OPPONENT_FIELD,DESCORE_LEFT_LONG_GOAL_OPPONENT_FIELD,policy,39.4,64.0,90,0,39.5,101.2,27,63,-36,4.1143,ctrl_us=+4.000,0.0,1,13,923.2
167,120.0,1,DESCORE_LEFT_LONG_GOAL_OPPONENT_FIELD,DESCORE_LEFT_LONG_GOAL_OPPONENT_FIELD,policy,115.6,39.1,270,0,,,27,63,-36,4.3143,ctrl_us=+4.000,0.0,0,13,923.4
168,120.0,0,DESCORE_LEFT_LONG_GOAL_OPPONENT_FIELD,DESCORE_LEFT_LONG_GOAL_OPPONENT_FIELD,policy,39.4,64.0,90,0,39.5,101.2,27,63,-36,4.1143,ctrl_us=+4.000,0.0,1,13,915.3
169,120.0,1,DESCORE_LEFT_LONG_GOAL_OPPONENT_FIELD,DESCORE_LEFT_LONG_GOAL_OPPONENT_FIELD,policy,115.6,39.1,270,0,,,27,63,-36,4.3143,ctrl_us=+4.000,0.0,0,13,915.5
170,120.0,0,DESCORE_LEFT_LONG_GOAL_OPPONENT_FIELD,DESCORE_LEFT_LONG_GOAL_OPPONENT_FIELD,policy,39.4,64.0,90,0,39.5,101.2,27,63,-36,4.1143,ctrl_us=+4.000,0.0,1,13,919.0
171,120.0,1,DESCORE_LEFT_LONG_GOAL_OPPONENT_FIELD,DESCORE_LEFT_LONG_GOAL_OPPONENT_FIELD,policy,115.6,39.1,270,0,,,27,63,-36,4.3143,ctrl_us=+4.000,0.0,0,13,919.2
172,120.0,0,DESCORE_LEFT_LONG_GOAL_OPPONENT_FIELD,DESCORE_LEFT_LONG_GOAL_OPPONENT_FIELD,policy,39.4,64.0,90,0,39.5,101.2,27,63,-36,4.1143,ctrl_us=+4.000,0.0,1,13,932.9
173,120.0,1,DESCORE_LEFT_LONG_GOAL_OPPONENT_FIELD,DESCORE_LEFT_LONG_GOAL_OPPONENT_FIELD,policy,115.6,39.1,270,0,,,27,63,-36,4.3143,ctrl_us=+4.000,0.0,0,13,933.0
174,120.0,0,DESCORE_LEFT_LONG_GOAL_OPPONENT_FIELD,DESCORE_LEFT_LONG_GOAL_OPPONENT_FIELD,policy,39.4,64.0,90,0,39.5,101.2,27,63,-36,4.1143,ctrl_us=+4.000,0.0,1,13,940.4
175,120.0,1,DESCORE_LEFT_LONG_GOAL_OPPONENT_FIELD,DESCORE_LEFT_LONG_GOAL_OPPONENT_FIELD,policy,115.6,39.1,270,0,,,27,63,-36,4.3143,ctrl_us=+4.000,0.0,0,13,940.5
176,120.0,0,DESCORE_LEFT_LONG_GOAL_OPPONENT_FIELD,DESCORE_LEFT_LONG_GOAL_OPPONENT_FIELD,policy,39.4,64.0,90,0,39.5,101.2,27,63,-36,4.1143,ctrl_us=+4.000,0.0,1,13,933.6
177,120.0,1,DESCORE_LEFT_LONG_GOAL_OPPONENT_FIELD,DESCORE_LEFT_LONG_GOAL_OPPONENT_FIELD,policy,115.6,39.1,270,0,,,27,63,-36,4.3143,ctrl_us=+4.000,0.0,0,13,933.7
178,120.0,0,DESCORE_LEFT_LONG_GOAL_OPPONENT_FIELD,DESCORE_LEFT_LONG_GOAL_OPPONENT_FIELD,policy,39.4,64.0,90,0,39.5,101.2,27,63,-36,4.1143,ctrl_us=+4.000,0.0,1,13,931.5
179,120.0,1,DESCORE_LEFT_LONG_GOAL_OPPONENT_FIELD,DESCORE_LEFT_LONG_GOAL_OPPONENT_FIELD,policy,115.6,39.1,270,0,,,27,63,-36,4.3143,ctrl_us=+4.000,0.0,0,13,931.6
180,120.0,0,DESCORE_LEFT_LONG_GOAL_OPPONENT_FIELD,DESCORE_LEFT_LONG_GOAL_OPPONENT_FIELD,policy,39.4,64.0,90,0,39.5,101.2,27,63,-36,4.1143,ctrl_us=+4.000,0.0,1,13,942.1
181,120.0,1,DESCORE_LEFT_LONG_GOAL_OPPONENT_FIELD,DESCORE_LEFT_LONG_GOAL_OPPONENT_FIELD,policy,115.6,39.1,270,0,,,27,63,-36,4.3143,ctrl_us=+4.000,0.0,0,13,942.2
182,120.0,0,DESCORE_LEFT_LONG_GOAL_OPPONENT_FIELD,DESCORE_LEFT_LONG_GOAL_OPPONENT_FIELD,policy,39.4,64.0,90,0,39.5,101.2,27,63,-36,4.1143,ctrl_us=+4.000,0.0,1,13,948.4
183,120.0,1,DESCORE_LEFT_LONG_GOAL_OPPONENT_FIELD,DESCORE_LEFT_LONG_GOAL_OPPONENT_FIELD,policy,115.6,39.1,270,0,,,27,63,-36,4.3143,ctrl_us=+4.000,0.0,0,13,948.6
184,120.0,0,DESCORE_LEFT_LONG_GOAL_OPPONENT_FIELD,DESCORE_LEFT_LONG_GOAL_OPPONENT_FIELD,policy,39.4,64.0,90,0,39.5,101.2,27,63,-36,4.1143,ctrl_us=+4.000,0.0,1,13,938.6
185,120.0,1,DESCORE_LEFT_LONG_GOAL_OPPONENT_FIELD,DESCORE_LEFT_LONG_GOAL_OPPONENT_FIELD,policy,115.6,39.1,270,0,,,27,63,-36,4.3143,ctrl_us=+4.000,0.0,0,13,938.8
186,120.0,0,DESCORE_LEFT_LONG_GOAL_OPPONENT_FIELD,DESCORE_LEFT_LONG_GOAL_OPPONENT_FIELD,policy,39.4,64.0,90,0,39.5,101.2,27,63,-36,4.1143,ctrl_us=+4.000,0.0,1,13,937.3
187,120.0,1,DESCORE_LEFT_LONG_GOAL_OPPONENT_FIELD,DESCORE_LEFT_LONG_GOAL_OPPONENT_FIELD,policy,115.6,39.1,270,0,,,27,63,-36,4.3143,ctrl_us=+4.000,0.0,0,13,937.5
188,120.0,0,DESCORE_LEFT_LONG_GOAL_OPPONENT_FIELD,DESCORE_LEFT_LONG_GOAL_OPPONENT_FIELD,policy,39.4,64.0,90,0,39.5,101.2,27,63,-36,4.1143,ctrl_us=+4.000,0.0,1,13,977.3
189,120.0,1,DESCORE_LEFT_LONG_GOAL_OPPONENT_FIELD,DESCORE_LEFT_LONG_GOAL_OPPONENT_FIELD,policy,115.6,39.1,270,0,,,27,63,-36,4.3143,ctrl_us=+4.000,0.0,0,13,977.5
190,120.0,0,DESCORE_LEFT_LONG_GOAL_OPPONENT_FIELD,DESCORE_LEFT_LONG_GOAL_OPPONENT_FIELD,policy,39.4,64.0,90,0,39.5,101.2,27,63,-36,4.1143,ctrl_us=+4.000,0.0,1,13,952.6
191,120.0,1,DESCORE_LEFT_LONG_GOAL_OPPONENT_FIELD,DESCORE_LEFT_LONG_GOAL_OPPONENT_FIELD,policy,115.6,39.1,270,0,,,27,63,-36,4.3143,ctrl_us=+4.000,0.0,0,13,952.7
192,120.0,0,DESCORE_LEFT_LONG_GOAL_OPPONENT_FIELD,DESCORE_LEFT_LONG_GOAL_OPPONENT_FIELD,policy,39.4,64.0,90,0,39.5,101.2,27,63,-36,4.1143,ctrl_us=+4.000,0.0,1,13,954.0
193,120.0,1,DESCORE_LEFT_LONG_GOAL_OPPONENT_FIELD,DESCORE_LEFT_LONG_GOAL_OPPONENT_FIELD,policy,115.6,39.1,270,0,,,27,63,-36,4.3143,ctrl_us=+4.000,0.0,0,13,954.2
194,120.0,0,DESCORE_LEFT_LONG_GOAL_OPPONENT_FIELD,DESCORE_LEFT_LONG_GOAL_OPPONENT_FIELD,policy,39.4,64.0,90,0,39.5,101.2,27,63,-36,4.1143,ctrl_us=+4.000,0.0,1,13,943.0
195,120.0,1,DESCORE_LEFT_LONG_GOAL_OPPONENT_FIELD,DESCORE_LEFT_LONG_GOAL_OPPONENT_FIELD,policy,115.6,39.1,270,0,,,27,63,-36,4.3143,ctrl_us=+4.000,0.0,0,13,943.1
196,120.0,0,DESCORE_LEFT_LONG_GOAL_OPPONENT_FIELD,DESCORE_LEFT_LONG_GOAL_OPPONENT_FIELD,policy,39.4,64.0,90,0,39.5,101.2,27,63,-36,4.1143,ctrl_us=+4.000,0.0,1,13,963.4
197,120.0,1,DESCORE_LEFT_LONG_GOAL_OPPONENT_FIELD,DESCORE_LEFT_LONG_GOAL_OPPONENT_FIELD,policy,115.6,39.1,270,0,,,27,63,-36,4.3143,ctrl_us=+4.000,0.0,0,13,963.5
198,120.0,0,DESCORE_LEFT_LONG_GOAL_OPPONENT_FIELD,DESCORE_LEFT_LONG_GOAL_OPPONENT_FIELD,policy,39.4,64.0,90,0,39.5,101.2,27,63,-36,4.1143,ctrl_us=+4.000,0.0,1,13,970.6
199,120.0,1,DESCORE_LEFT_LONG_GOAL_OPPONENT_FIELD,DESCORE_LEFT_LONG_GOAL_OPPONENT_FIELD,policy,115.6,39.1,270,0,,,27,63,-36,4.3143,ctrl_us=+4.000,0.0,0,13,970.8
200,120.0,0,DESCORE_LEFT_LONG_GOAL_OPPONENT_FIELD,DESCORE_LEFT_LONG_GOAL_OPPONENT_FIELD,policy,39.4,64.0,90,0,39.5,101.2,27,63,-36,4.1143,ctrl_us=+4.000,0.0,1,13,952.2
201,120.0,1,DESCORE_LEFT_LONG_GOAL_OPPONENT_FIELD,DESCORE_LEFT_LONG_GOAL_OPPONENT_FIELD,policy,115.6,39.1,270,0,,,27,63,-36,4.3143,ctrl_us=+4.000,0.0,0,13,952.6
202,120.0,0,DESCORE_LEFT_LONG_GOAL_OPPONENT_FIELD,DESCORE_LEFT_LONG_GOAL_OPPONENT_FIELD,policy,39.4,64.0,90,0,39.5,101.2,27,63,-36,4.1143,ctrl_us=+4.000,0.0,1,13,945.2
203,120.0,1,DESCORE_LEFT_LONG_GOAL_OPPONENT_FIELD,DESCORE_LEFT_LONG_GOAL_OPPONENT_FIELD,policy,115.6,39.1,270,0,,,27,63,-36,4.3143,ctrl_us=+4.000,0.0,0,13,945.3
204,120.0,0,DESCORE_LEFT_LONG_GOAL_OPPONENT_FIELD,DESCORE_LEFT_LONG_GOAL_OPPONENT_FIELD,policy,39.4,64.0,90,0,39.5,101.2,27,63,-36,4.1143,ctrl_us=+4.000,0.0,1,13,974.8
205,120.0,1,DESCORE_LEFT_LONG_GOAL_OPPONENT_FIELD,DESCORE_LEFT_LONG_GOAL_OPPONENT_FIELD,policy,115.6,39.1,270,0,,,27,63,-36,4.3143,ctrl_us=+4.000,0.0,0,13,975.0
206,120.0,0,DESCORE_LEFT_LONG_GOAL_OPPONENT_FIELD,DESCORE_LEFT_LONG_GOAL_OPPONENT_FIELD,policy,39.4,64.0,90,0,39.5,101.2,27,63,-36,4.1143,ctrl_us=+4.000,0.0,1,13,980.6
207,120.0,1,DESCORE_LEFT_LONG_GOAL_OPPONENT_FIELD,DESCORE_LEFT_LONG_GOAL_OPPONENT_FIELD,policy,115.6,39.1,270,0,,,27,63,-36,4.3143,ctrl_us=+4.000,0.0,0,13,980.7
208,120.0,0,DESCORE_LEFT_LONG_GOAL_OPPONENT_FIELD,DESCORE_LEFT_LONG_GOAL_OPPONENT_FIELD,policy,39.4,64.0,90,0,39.5,101.2,27,63,-36,4.1143,ctrl_us=+4.000,0.0,1,13,982.7
209,120.0,1,DESCORE_LEFT_LONG_GOAL_OPPONENT_FIELD,DESCORE_LEFT_LONG_GOAL_OPPONENT_FIELD,policy,115.6,39.1,270,0,,,27,63,-36,4.3143,ctrl_us=+4.000,0.0,0,13,982.8
210,120.0,0,DESCORE_LEFT_LONG_GOAL_OPPONENT_FIELD,DESCORE_LEFT_LONG_GOAL_OPPONENT_FIELD,policy,39.4,64.0,90,0,39.5,101.2,27,63,-36,4.1143,ctrl_us=+4.000,0.0,1,13,973.3
211,120.0,1,DESCORE_LEFT_LONG_GOAL_OPPONENT_FIELD,DESCORE_LEFT_LONG_GOAL_OPPONENT_FIELD,policy,115.6,39.1,270,0,,,27,63,-36,4.3143,ctrl_us=+4.000,0.0,0,13,973.5
212,120.0,0,DESCORE_LEFT_LONG_GOAL_OPPONENT_FIELD,DESCORE_LEFT_LONG_GOAL_OPPONENT_FIELD,policy,39.4,64.0,90,0,39.5,101.2,27,63,-36,4.1143,ctrl_us=+4.000,0.0,1,13,972.2
213,120.0,1,DESCORE_LEFT_LONG_GOAL_OPPONENT_FIELD,DESCORE_LEFT_LONG_GOAL_OPPONENT_FIELD,policy,115.6,39.1,270,0,,,27,63,-36,4.3143,ctrl_us=+4.000,0.0,0,13,972.3
214,120.0,0,DESCORE_LEFT_LONG_GOAL_OPPONENT_FIELD,DESCORE_LEFT_LONG_GOAL_OPPONENT_FIELD,policy,39.4,64.0,90,0,39.5,101.2,27,63,-36,4.1143,ctrl_us=+4.000,0.0,1,13,938.8
215,120.0,1,DESCORE_LEFT_LONG_GOAL_OPPONENT_FIELD,DESCORE_LEFT_LONG_GOAL_OPPONENT_FIELD,policy,115.6,39.1,270,0,,,27,63,-36,4.3143,ctrl_us=+4.000,0.0,0,13,939.0
216,120.0,0,DESCORE_LEFT_LONG_GOAL_OPPONENT_FIELD,DESCORE_LEFT_LONG_GOAL_OPPONENT_FIELD,policy,39.4,64.0,90,0,39.5,101.2,27,63,-36,4.1143,ctrl_us=+4.000,0.0,1,13,937.7
217,120.0,1,DESCORE_LEFT_LONG_GOAL_OPPONENT_FIELD,DESCORE_LEFT_LONG_GOAL_OPPONENT_FIELD,policy,115.6,39.1,270,0,,,27,63,-36,4.3143,ctrl_us=+4.000,0.0,0,13,937.8
218,120.0,0,DESCORE_LEFT_LONG_GOAL_OPPONENT_FIELD,DESCORE_LEFT_LONG_GOAL_OPPONENT_FIELD,policy,39.4,64.0,90,0,39.5,101.2,27,63,-36,4.1143,ctrl_us=+4.000,0.0,1,13,944.6
219,120.0,1,DESCORE_LEFT_LONG_GOAL_OPPONENT_FIELD,DESCORE_LEFT_LONG_GOAL_OPPONENT_FIELD,policy,115.6,39.1,270,0,,,27,63,-36,4.3143,ctrl_us=+4.000,0.0,0,13,944.7
220,120.0,0,DESCORE_LEFT_LONG_GOAL_OPPONENT_FIELD,DESCORE_LEFT_LONG_GOAL_OPPONENT_FIELD,policy,39.4,64.0,90,0,39.5,101.2,27,63,-36,4.1143,ctrl_us=+4.000,0.0,1,13,927.5
221,120.0,1,DESCORE_LEFT_LONG_GOAL_OPPONENT_FIELD,DESCORE_LEFT_LONG_GOAL_OPPONENT_FIELD,policy,115.6,39.1,270,0,,,27,63,-36,4.3143,ctrl_us=+4.000,0.0,0,13,927.7
222,120.0,0,DESCORE_LEFT_LONG_GOAL_OPPONENT_FIELD,DESCORE_LEFT_LONG_GOAL_OPPONENT_FIELD,policy,39.4,64.0,90,0,39.5,101.2,27,63,-36,4.1143,ctrl_us=+4.000,0.0,1,13,922.9
223,120.0,1,DESCORE_LEFT_LONG_GOAL_OPPONENT_FIELD,DESCORE_LEFT_LONG_GOAL_OPPONENT_FIELD,policy,115.6,39.1,270,0,,,27,63,-36,4.3143,ctrl_us=+4.000,0.0,0,13,923.0
224,120.0,0,DESCORE_LEFT_LONG_GOAL_OPPONENT_FIELD,DESCORE_LEFT_LONG_GOAL_OPPONENT_FIELD,policy,39.4,64.0,90,0,39.5,101.2,27,63,-36,4.1143,ctrl_us=+4.000,0.0,1,13,919.6
225,120.0,1,DESCORE_LEFT_LONG_GOAL_OPPONENT_FIELD,DESCORE_LEFT_LONG_GOAL_OPPONENT_FIELD,policy,115.6,39.1,270,0,,,27,63,-36,4.3143,ctrl_us=+4.000,0.0,0,13,919.7
226,120.0,0,DESCORE_LEFT_LONG_GOAL_OPPONENT_FIELD,DESCORE_LEFT_LONG_GOAL_OPPONENT_FIELD,policy,39.4,64.0,90,0,39.5,101.2,27,63,-36,4.1143,ctrl_us=+4.000,0.0,1,13,919.2
227,120.0,1,DESCORE_LEFT_LONG_GOAL_OPPONENT_FIELD,DESCORE_LEFT_LONG_GOAL_OPPONENT_FIELD,policy,115.6,39.1,270,0,,,27,63,-36,4.3143,ctrl_us=+4.000,0.0,0,13,919.3
228,120.0,0,DESCORE_LEFT_LONG_GOAL_OPPONENT_FIELD,DESCORE_LEFT_LONG_GOAL_OPPONENT_FIELD,policy,39.4,64.0,90,0,39.5,101.2,27,63,-36,4.1143,ctrl_us=+4.000,0.0,1,13,920.2
229,120.0,1,DESCORE_LEFT_LONG_GOAL_OPPONENT_FIELD,DESCORE_LEFT_LONG_GOAL_OPPONENT_FIELD,policy,115.6,39.1,270,0,,,27,63,-36,4.3143,ctrl_us=+4.000,0.0,0,13,920.3
230,120.0,0,DESCORE_LEFT_LONG_GOAL_OPPONENT_FIELD,DESCORE_LEFT_LONG_GOAL_OPPONENT_FIELD,policy,39.4,64.0,90,0,39.5,101.2,27,63,-36,4.1143,ctrl_us=+4.000,0.0,1,13,921.7
231,120.0,1,DESCORE_LEFT_LONG_GOAL_OPPONENT_FIELD,DESCORE_LEFT_LONG_GOAL_OPPONENT_FIELD,policy,115.6,39.1,270,0,,,27,63,-36,4.3143,ctrl_us=+4.000,0.0,0,13,921.8
232,120.0,0,DESCORE_LEFT_LONG_GOAL_OPPONENT_FIELD,DESCORE_LEFT_LONG_GOAL_OPPONENT_FIELD,policy,39.4,64.0,90,0,39.5,101.2,27,63,-36,4.1143,ctrl_us=+4.000,0.0,1,13,924.9
233,120.0,1,DESCORE_LEFT_LONG_GOAL_OPPONENT_FIELD,DESCORE_LEFT_LONG_GOAL_OPPONENT_FIELD,policy,115.6,39.1,270,0,,,27,63,-36,4.3143,ctrl_us=+4.000,0.0,0,13,925.0
234,120.0,0,DESCORE_LEFT_LONG_GOAL_OPPONENT_FIELD,DESCORE_LEFT_LONG_GOAL_OPPONENT_FIELD,policy,39.4,64.0,90,0,39.5,101.2,27,63,-36,4.1143,ctrl_us=+4.000,0.0,1,13,916.6
235,120.0,1,DESCORE_LEFT_LONG_GOAL_OPPONENT_FIELD,DESCORE_LEFT_LONG_GOAL_OPPONENT_FIELD,policy,115.6,39.1,270,0,,,27,63,-36,4.3143,ctrl_us=+4.000,0.0,0,13,916.7
236,120.0,0,DESCORE_LEFT_LONG_GOAL_OPPONENT_FIELD,DESCORE_LEFT_LONG_GOAL_OPPONENT_FIELD,policy,39.4,64.0,90,0,39.5,101.2,27,63,-36,4.1143,ctrl_us=+4.000,0.0,1,13,945.9
237,120.0,1,DESCORE_LEFT_LONG_GOAL_OPPONENT_FIELD,DESCORE_LEFT_LONG_GOAL_OPPONENT_FIELD,policy,115.6,39.1,270,0,,,27,63,-36,4.3143,ctrl_us=+4.000,0.0,0,13,946.0
238,120.0,0,DESCORE_LEFT_LONG_GOAL_OPPONENT_FIELD,DESCORE_LEFT_LONG_GOAL_OPPONENT_FIELD,policy,39.4,64.0,90,0,39.5,101.2,27,63,-36,4.1143,ctrl_us=+4.000,0.0,1,13,930.9
239,120.0,1,DESCORE_LEFT_LONG_GOAL_OPPONENT_FIELD,DESCORE_LEFT_LONG_GOAL_OPPONENT_FIELD,policy,115.6,39.1,270,0,,,27,63,-36,4.3143,ctrl_us=+4.000,0.0,0,13,931.0
240,120.0,0,DESCORE_LEFT_LONG_GOAL_OPPONENT_FIELD,DESCORE_LEFT_LONG_GOAL_OPPONENT_FIELD,policy,39.4,64.0,90,0,39.5,101.2,27,63,-36,4.1143,ctrl_us=+4.000,0.0,1,13,932.5
241,120.0,1,DESCORE_LEFT_LONG_GOAL_OPPONENT_FIELD,DESCORE_LEFT_LONG_GOAL_OPPONENT_FIELD,policy,115.6,39.1,270,0,,,27,63,-36,4.3143,ctrl_us=+4.000,0.0,0,13,932.6
242,120.0,0,DESCORE_LEFT_LONG_GOAL_OPPONENT_FIELD,DESCORE_LEFT_LONG_GOAL_OPPONENT_FIELD,policy,39.4,64.0,90,0,39.5,101.2,27,63,-36,4.1143,ctrl_us=+4.000,0.0,1,13,932.7
243,120.0,1,DESCORE_LEFT_LONG_GOAL_OPPONENT_FIELD,DESCORE_LEFT_LONG_GOAL_OPPONENT_FIELD,policy,115.6,39.1,270,0,,,27,63,-36,4.3143,ctrl_us=+4.000,0.0,0,13,932.8
244,120.0,0,DESCORE_LEFT_LONG_GOAL_OPPONENT_FIELD,DESCORE_LEFT_LONG_GOAL_OPPONENT_FIELD,policy,39.4,64.0,90,0,39.5,101.2,27,63,-36,4.1143,ctrl_us=+4.000,0.0,1,13,933.7
245,120.0,1,DESCORE_LEFT_LONG_GOAL_OPPONENT_FIELD,DESCORE_LEFT_LONG_GOAL_OPPONENT_FIELD,policy,115.6,39.1,270,0,,,27,63,-36,4.3143,ctrl_us=+4.000,0.0,0,13,933.8
246,120.0,0,DESCORE_LEFT_LONG_GOAL_OPPONENT_FIELD,DESCORE_LEFT_LONG_GOAL_OPPONENT_FIELD,policy,39.4,64.0,90,0,39.5,101.2,27,63,-36,4.1143,ctrl_us=+4.000,0.0,1,13,932.9
247,120.0,1,DESCORE_LEFT_LONG_GOAL_OPPONENT_FIELD,DESCORE_LEFT_LONG_GOAL_OPPONENT_FIELD,policy,115.6,39.1,270,0,,,27,63,-36,4.3143,ctrl_us=+4.000,0.0,0,13,933.0
248,120.0,0,DESCORE_LEFT_LONG_GOAL_OPPONENT_FIELD,DESCORE_LEFT_LONG_GOAL_OPPONENT_FIELD,policy,39.4,64.0,90,0,39.5,101.2,27,63,-36,4.1143,ctrl_us=+4.000,0.0,1,13,932.5
249,120.0,1,DESCORE_LEFT_LONG_GOAL_OPPONENT_FIELD,DESCORE_LEFT_LONG_GOAL_OPPONENT_FIELD,policy,115.6,39.1,270,0,,,27,63,-36,4.3143,ctrl_us=+4.000,0.0,0,13,932.7
250,120.0,0,DESCORE_LEFT_LONG_GOAL_OPPONENT_FIELD,DESCORE_LEFT_LONG_GOAL_OPPONENT_FIELD,policy,39.4,64.0,90,0,39.5,101.2,27,63,-36,4.1143,ctrl_us=+4.000,0.0,1,13,931.8
251,120.0,1,DESCORE_LEFT_LONG_GOAL_OPPONENT_FIELD,DESCORE_LEFT_LONG_GOAL_OPPONENT_FIELD,policy,115.6,39.1,270,0,,,27,63,-36,4.3143,ctrl_us=+4.000,0.0,0,13,932.0
252,120.0,0,DESCORE_LEFT_LONG_GOAL_OPPONENT_FIELD,DESCORE_LEFT_LONG_GOAL_OPPONENT_FIELD,policy,39.4,64.0,90,0,39.5,101.2,27,63,-36,4.1143,ctrl_us=+4.000,0.0,1,13,928.5
253,120.0,1,DESCORE_LEFT_LONG_GOAL_OPPONENT_FIELD,DESCORE_LEFT_LONG_GOAL_OPPONENT_FIELD,policy,115.6,39.1,270,0,,,27,63,-36,4.3143,ctrl_us=+4.000,0.0,0,13,928.6
254,120.0,0,DESCORE_LEFT_LONG_GOAL_OPPONENT_FIELD,DESCORE_LEFT_LONG_GOAL_OPPONENT_FIELD,policy,39.4,64.0,90,0,39.5,101.2,27,63,-36,4.1143,ctrl_us=+4.000,0.0,1,13,945.8
255,120.0,1,DESCORE_LEFT_LONG_GOAL_OPPONENT_FIELD,DESCORE_LEFT_LONG_GOAL_OPPONENT_FIELD,policy,115.6,39.1,270,0,,,27,63,-36,4.3143,ctrl_us=+4.000,0.0,0,13,946.0
256,120.0,0,DESCORE_LEFT_LONG_GOAL_OPPONENT_FIELD,DESCORE_LEFT_LONG_GOAL_OPPONENT_FIELD,policy,39.4,64.0,90,0,39.5,101.2,27,63,-36,4.1143,ctrl_us=+4.000,0.0,1,13,940.8
257,120.0,1,DESCORE_LEFT_LONG_GOAL_OPPONENT_FIELD,DESCORE_LEFT_LONG_GOAL_OPPONENT_FIELD,policy,115.6,39.1,270,0,,,27,63,-36,4.3143,ctrl_us=+4.000,0.0,0,13,941.0
258,120.0,0,DESCORE_LEFT_LONG_GOAL_OPPONENT_FIELD,DESCORE_LEFT_LONG_GOAL_OPPONENT_FIELD,policy,39.4,64.0,90,0,39.5,101.2,27,63,-36,4.1143,ctrl_us=+4.000,0.0,1,13,985.1
259,120.0,1,DESCORE_LEFT_LONG_GOAL_OPPONENT_FIELD,DESCORE_LEFT_LONG_GOAL_OPPONENT_FIELD,policy,115.6,39.1,270,0,,,27,63,-36,4.3143,ctrl_us=+4.000,0.0,0,13,985.2
260,120.0,0,DESCORE_LEFT_LONG_GOAL_OPPONENT_FIELD,DESCORE_LEFT_LONG_GOAL_OPPONENT_FIELD,policy,39.4,64.0,90,0,39.5,101.2,27,63,-36,4.1143,ctrl_us=+4.000,0.0,1,13,951.3
261,120.0,1,DESCORE_LEFT_LONG_GOAL_OPPONENT_FIELD,DESCORE_LEFT_LONG_GOAL_OPPONENT_FIELD,policy,115.6,39.1,270,0,,,27,63,-36,4.3143,ctrl_us=+4.000,0.0,0,13,951.5
262,120.0,0,DESCORE_LEFT_LONG_GOAL_OPPONENT_FIELD,DESCORE_LEFT_LONG_GOAL_OPPONENT_FIELD,policy,39.4,64.0,90,0,39.5,101.2,27,63,-36,4.1143,ctrl_us=+4.000,0.0,1,13,953.2
263,120.0,1,DESCORE_LEFT_LONG_GOAL_OPPONENT_FIELD,DESCORE_LEFT_LONG_GOAL_OPPONENT_FIELD,policy,115.6,39.1,270,0,,,27,63,-36,4.3143,ctrl_us=+4.000,0.0,0,13,953.3
264,120.0,0,DESCORE_LEFT_LONG_GOAL_OPPONENT_FIELD,DESCORE_LEFT_LONG_GOAL_OPPONENT_FIELD,policy,39.4,64.0,90,0,39.5,101.2,27,63,-36,4.1143,ctrl_us=+4.000,0.0,1,13,953.8
265,120.0,1,DESCORE_LEFT_LONG_GOAL_OPPONENT_FIELD,DESCORE_LEFT_LONG_GOAL_OPPONENT_FIELD,policy,115.6,39.1,270,0,,,27,63,-36,4.3143,ctrl_us=+4.000,0.0,0,13,953.9
266,120.0,0,DESCORE_LEFT_LONG_GOAL_OPPONENT_FIELD,DESCORE_LEFT_LONG_GOAL_OPPONENT_FIELD,policy,39.4,64.0,90,0,39.5,101.2,27,63,-36,4.1143,ctrl_us=+4.000,0.0,1,13,952.8
267,120.0,1,DESCORE_LEFT_LONG_GOAL_OPPONENT_FIELD,DESCORE_LEFT_LONG_GOAL_OPPONENT_FIELD,policy,115.6,39.1,270,0,,,27,63,-36,4.3143,ctrl_us=+4.000,0.0,0,13,952.9
268,120.0,0,DESCORE_LEFT_LONG_GOAL_OPPONENT_FIELD,DESCORE_LEFT_LONG_GOAL_OPPONENT_FIELD,policy,39.4,64.0,90,0,39.5,101.2,27,63,-36,4.1143,ctrl_us=+4.000,0.0,1,13,969.4
269,120.0,1,DESCORE_LEFT_LONG_GOAL_OPPONENT_FIELD,DESCORE_LEFT_LONG_GOAL_OPPONENT_FIELD,policy,115.6,39.1,270,0,,,27,63,-36,4.3143,ctrl_us=+4.000,0.0,0,13,969.6
270,120.0,0,DESCORE_LEFT_LONG_GOAL_OPPONENT_FIELD,DESCORE_LEFT_LONG_GOAL_OPPONENT_FIELD,policy,39.4,64.0,90,0,39.5,101.2,27,63,-36,4.1143,ctrl_us=+4.000,0.0,1,13,955.9
271,120.0,1,DESCORE_LEFT_LONG_GOAL_OPPONENT_FIELD,DESCORE_LEFT_LONG_GOAL_OPPONENT_FIELD,policy,115.6,39.1,270,0,,,27,63,-36,4.3143,ctrl_us=+4.000,0.0,0,13,956.0
272,120.0,0,DESCORE_LEFT_LONG_GOAL_OPPONENT_FIELD,DESCORE_LEFT_LONG_GOAL_OPPONENT_FIELD,policy,39.4,64.0,90,0,39.5,101.2,27,63,-36,4.1143,ctrl_us=+4.000,0.0,1,13,986.0
273,120.0,1,DESCORE_LEFT_LONG_GOAL_OPPONENT_FIELD,DESCORE_LEFT_LONG_GOAL_OPPONENT_FIELD,policy,115.6,39.1,270,0,,,27,63,-36,4.3143,ctrl_us=+4.000,0.0,0,13,986.1
274,120.0,0,DESCORE_LEFT_LONG_GOAL_OPPONENT_FIELD,DESCORE_LEFT_LONG_GOAL_OPPONENT_FIELD,policy,39.4,64.0,90,0,39.5,101.2,27,63,-36,4.1143,ctrl_us=+4.000,0.0,1,13,985.4
275,120.0,1,DESCORE_LEFT_LONG_GOAL_OPPONENT_FIELD,DESCORE_LEFT_LONG_GOAL_OPPONENT_FIELD,policy,115.6,39.1,270,0,,,27,63,-36,4.3143,ctrl_us=+4.000,0.0,0,13,985.5
276,120.0,0,DESCORE_LEFT_LONG_GOAL_OPPONENT_FIELD,DESCORE_LEFT_LONG_GOAL_OPPONENT_FIELD,policy,39.4,64.0,90,0,39.5,101.2,27,63,-36,4.1143,ctrl_us=+4.000,0.0,1,13,986.1
277,120.0,1,DESCORE_LEFT_LONG_GOAL_OPPONENT_FIELD,DESCORE_LEFT_LONG_GOAL_OPPONENT_FIELD,policy,115.6,39.1,270,0,,,27,63,-36,4.3143,ctrl_us=+4.000,0.0,0,13,986.3
278,120.0,0,DESCORE_LEFT_LONG_GOAL_OPPONENT_FIELD,DESCORE_LEFT_LONG_GOAL_OPPONENT_FIELD,policy,39.4,64.0,90,0,39.5,101.2,27,63,-36,4.1143,ctrl_us=+4.000,0.0,1,13,950.2
279,120.0,1,DESCORE_LEFT_LONG_GOAL_OPPONENT_FIELD,DESCORE_LEFT_LONG_GOAL_OPPONENT_FIELD,policy,115.6,39.1,270,0,,,27,63,-36,4.3143,ctrl_us=+4.000,0.0,0,13,950.3
280,120.0,0,DESCORE_LEFT_LONG_GOAL_OPPONENT_FIELD,DESCORE_LEFT_LONG_GOAL_OPPONENT_FIELD,policy,39.4,64.0,90,0,39.5,101.2,27,63,-36,4.1143,ctrl_us=+4.000,0.0,1,13,941.0
281,120.0,1,DESCORE_LEFT_LONG_GOAL_OPPONENT_FIELD,DESCORE_LEFT_LONG_GOAL_OPPONENT_FIELD,policy,115.6,39.1,270,0,,,27,63,-36,4.3143,ctrl_us=+4.000,0.0,0,13,941.1
282,120.0,0,DESCORE_LEFT_LONG_GOAL_OPPONENT_FIELD,DESCORE_LEFT_LONG_GOAL_OPPONENT_FIELD,policy,39.4,64.0,90,0,39.5,101.2,27,63,-36,4.1143,ctrl_us=+4.000,0.0,1,13,944.6
283,120.0,1,DESCORE_LEFT_LONG_GOAL_OPPONENT_FIELD,DESCORE_LEFT_LONG_GOAL_OPPONENT_FIELD,policy,115.6,39.1,270,0,,,27,63,-36,4.3143,ctrl_us=+4.000,0.0,0,13,944.7
284,120.0,0,DESCORE_LEFT_LONG_GOAL_OPPONENT_FIELD,DESCORE_LEFT_LONG_GOAL_OPPONENT_FIELD,policy,39.4,64.0,90,0,39.5,101.2,27,63,-36,4.1143,ctrl_us=+4.000,0.0,1,13,946.1
285,120.0,1,DESCORE_LEFT_LONG_GOAL_OPPONENT_FIELD,DESCORE_LEFT_LONG_GOAL_OPPONENT_FIELD,policy,115.6,39.1,270,0,,,27,63,-36,4.3143,ctrl_us=+4.000,0.0,0,13,946.2
286,120.0,0,DESCORE_LEFT_LONG_GOAL_OPPONENT_FIELD,DESCORE_LEFT_LONG_GOAL_OPPONENT_FIELD,policy,39.4,64.0,90,0,39.5,101.2,27,63,-36,4.1143,ctrl_us=+4.000,0.0,1,13,942.7
287,120.0,1,DESCORE_LEFT_LONG_GOAL_OPPONENT_FIELD,DESCORE_LEFT_LONG_GOAL_OPPONENT_FIELD,policy,115.6,39.1,270,0,,,27,63,-36,4.3143,ctrl_us=+4.000,0.0,0,13,942.8
288,120.0,0,DESCORE_LEFT_LONG_GOAL_OPPONENT_FIELD,DESCORE_LEFT_LONG_GOAL_OPPONENT_FIELD,policy,39.4,64.0,90,0,39.5,101.2,27,63,-36,4.1143,ctrl_us=+4.000,0.0,1,13,919.3
289,120.0,1,DESCORE_LEFT_LONG_GOAL_OPPONENT_FIELD,DESCORE_LEFT_LONG_GOAL_OPPONENT_FIELD,policy,115.6,39.1,270,0,,,27,63,-36,4.3143,ctrl_us=+4.000,0.0,0,13,919.4
290,120.0,0,DESCORE_LEFT_LONG_GOAL_OPPONENT_FIELD,DESCORE_LEFT_LONG_GOAL_OPPONENT_FIELD,policy,39.4,64.0,90,0,39.5,101.2,27,63,-36,4.1143,ctrl_us=+4.000,0.0,1,13,916.1
291,120.0,1,DESCORE_LEFT_LONG_GOAL_OPPONENT_FIELD,DESCORE_LEFT_LONG_GOAL_OPPONENT_FIELD,policy,115.6,39.1,270,0,,,27,63,-36,4.3143,ctrl_us=+4.000,0.0,0,13,916.2
292,120.0,0,DESCORE_LEFT_LONG_GOAL_OPPONENT_FIELD,DESCORE_LEFT_LONG_GOAL_OPPONENT_FIELD,policy,39.4,64.0,90,0,39.5,101.2,27,63,-36,4.1143,ctrl_us=+4.000,0.0,1,13,918.8
293,120.0,1,DESCORE_LEFT_LONG_GOAL_OPPONENT_FIELD,DESCORE_LEFT_LONG_GOAL_OPPONENT_FIELD,policy,115.6,39.1,270,0,,,27,63,-36,4.3143,ctrl_us=+4.000,0.0,0,13,918.9
294,120.0,0,DESCORE_LEFT_LONG_GOAL_OPPONENT_FIELD,DESCORE_LEFT_LONG_GOAL_OPPONENT_FIELD,policy,39.4,64.0,90,0,39.5,101.2,27,63,-36,4.1143,ctrl_us=+4.000,0.0,1,13,912.9
295,120.0,1,DESCORE_LEFT_LONG_GOAL_OPPONENT_FIELD,DESCORE_LEFT_LONG_GOAL_OPPONENT_FIELD,policy,115.6,39.1,270,0,,,27,63,-36,4.3143,ctrl_us=+4.000,0.0,0,13,913.1
296,120.0,0,DESCORE_LEFT_LONG_GOAL_OPPONENT_FIELD,DESCORE_LEFT_LONG_GOAL_OPPONENT_FIELD,policy,39.4,64.0,90,0,39.5,101.2,27,63,-36,4.1143,ctrl_us=+4.000,0.0,1,13,971.9
297,120.0,1,DESCORE_LEFT_LONG_GOAL_OPPONENT_FIELD,DESCORE_LEFT_LONG_GOAL_OPPONENT_FIELD,policy,115.6,39.1,270,0,,,27,63,-36,4.3143,ctrl_us=+4.000,0.0,0,13,972.0
298,120.0,0,DESCORE_LEFT_LONG_GOAL_OPPONENT_FIELD,DESCORE_LEFT_LONG_GOAL_OPPONENT_FIELD,policy,39.4,64.0,90,0,39.5,101.2,27,63,-36,4.1143,ctrl_us=+4.000,0.0,1,13,922.9
299,120.0,1,DESCORE_LEFT_LONG_GOAL_OPPONENT_FIELD,DESCORE_LEFT_LONG_GOAL_OPPONENT_FIELD,policy,115.6,39.1,270,0,,,27,63,-36,4.3143,ctrl_us=+4.000,0.0,0,13,923.1
300,120.0,0,DESCORE_LEFT_LONG_GOAL_OPPONENT_FIELD,DESCORE_LEFT_LONG_GOAL_OPPONENT_FIELD,policy,39.4,64.0,90,0,39.5,101.2,27,63,-36,4.1143,ctrl_us=+4.000,0.0,1,13,923.4
301,120.0,1,DESCORE_LEFT_LONG_GOAL_OPPONENT_FIELD,DESCORE_LEFT_LONG_GOAL_OPPONENT_FIELD,policy,115.6,39.1,270,0,,,27,63,-36,4.3143,ctrl_us=+4.000,0.0,0,13,923.6
302,120.0,0,DESCORE_LEFT_LONG_GOAL_OPPONENT_FIELD,DESCORE_LEFT_LONG_GOAL_OPPONENT_FIELD,policy,39.4,64.0,90,0,39.5,101.2,27,63,-36,4.1143,ctrl_us=+4.000,0.0,1,13,923.1
303,120.0,1,DESCORE_LEFT_LONG_GOAL_OPPONENT_FIELD,DESCORE_LEFT_LONG_GOAL_OPPONENT_FIELD,policy,115.6,39.1,270,0,,,27,63,-36,4.3143,ctrl_us=+4.000,0.0,0,13,923.2
304,120.0,0,DESCORE_LEFT_LONG_GOAL_OPPONENT_FIELD,DESCORE_LEFT_LONG_GOAL_OPPONENT_FIELD,policy,39.4,64.0,90,0,39.5,101.2,27,63,-36,4.1143,ctrl_us=+4.000,0.0,1,13,925.7
305,120.0,1,DESCORE_LEFT_LONG_GOAL_OPPONENT_FIELD,DESCORE_LEFT_LONG_GOAL_OPPONENT_FIELD,policy,115.6,39.1,270,0,,,27,63,-36,4.3143,ctrl_us=+4.000,0.0,0,13,925.8
306,120.0,0,DESCORE_LEFT_LONG_GOAL_OPPONENT_FIELD,DESCORE_LEFT_LONG_GOAL_OPPONENT_FIELD,policy,39.4,64.0,90,0,39.5,101.2,27,63,-36,4.1143,ctrl_us=+4.000,0.0,1,13,958.0
307,120.0,1,DESCORE_LEFT_LONG_GOAL_OPPONENT_FIELD,DESCORE_LEFT_LONG_GOAL_OPPONENT_FIELD,policy,115.6,39.1,270,0,,,27,63,-36,4.3143,ctrl_us=+4.000,0.0,0,13,958.2
308,120.0,0,DESCORE_LEFT_LONG_GOAL_OPPONENT_FIELD,DESCORE_LEFT_LONG_GOAL_OPPONENT_FIELD,policy,39.4,64.0,90,0,39.5,101.2,27,63,-36,4.1143,ctrl_us=+4.000,0.0,1,13,932.3
309,120.0,1,DESCORE_LEFT_LONG_GOAL_OPPONENT_FIELD,DESCORE_LEFT_LONG_GOAL_OPPONENT_FIELD,policy,115.6,39.1,270,0,,,27,63,-36,4.3143,ctrl_us=+4.000,0.0,0,13,932.4
310,120.0,0,DESCORE_LEFT_LONG_GOAL_OPPONENT_FIELD,DESCORE_LEFT_LONG_GOAL_OPPONENT_FIELD,policy,39.4,64.0,90,0,39.5,101.2,27,63,-36,4.1143,ctrl_us=+4.000,0.0,1,13,934.9
311,120.0,1,DESCORE_LEFT_LONG_GOAL_OPPONENT_FIELD,DESCORE_LEFT_LONG_GOAL_OPPONENT_FIELD,policy,115.6,39.1,270,0,,,27,63,-36,4.3143,ctrl_us=+4.000,0.0,0,13,935.0
312,120.0,0,DESCORE_LEFT_LONG_GOAL_OPPONENT_FIELD,DESCORE_LEFT_LONG_GOAL_OPPONENT_FIELD,policy,39.4,64.0,90,0,39.5,101.2,27,63,-36,4.1143,ctrl_us=+4.000,0.0,1,13,932.8
313,120.0,1,DESCORE_LEFT_LONG_GOAL_OPPONENT_FIELD,DESCORE_LEFT_LONG_GOAL_OPPONENT_FIELD,policy,115.6,39.1,270,0,,,27,63,-36,4.3143,ctrl_us=+4.000,0.0,0,13,932.9
314,120.0,0,DESCORE_LEFT_LONG_GOAL_OPPONENT_FIELD,DESCORE_LEFT_LONG_GOAL_OPPONENT_FIELD,policy,39.4,64.0,90,0,39.5,101.2,27,63,-36,4.1143,ctrl_us=+4.000,0.0,1,13,926.2
315,120.0,1,DESCORE_LEFT_LONG_GOAL_OPPONENT_FIELD,DESCORE_LEFT_LONG_GOAL_OPPONENT_FIELD,policy,115.6,39.1,270,0,,,27,63,-36,4.3143,ctrl_us=+4.000,0.0,0,13,926.4
316,120.0,0,DESCORE_LEFT_LONG_GOAL_OPPONENT_FIELD,DESCORE_LEFT_LONG_GOAL_OPPONENT_FIELD,policy,39.4,64.0,90,0,39.5,101.2,27,63,-36,4.1143,ctrl_us=+4.000,0.0,1,13,931.4
317,120.0,1,DESCORE_LEFT_LONG_GOAL_OPPONENT_FIELD,DESCORE_LEFT_LONG_GOAL_OPPONENT_FIELD,policy,115.6,39.1,270,0,,,27,63,-36,4.3143,ctrl_us=+4.000,0.0,0,13,931.5
318,120.0,0,DESCORE_LEFT_LONG_GOAL_OPPONENT_FIELD,DESCORE_LEFT_LONG_GOAL_OPPONENT_FIELD,policy,39.4,64.0,90,0,39.5,101.2,27,63,-36,4.1143,ctrl_us=+4.000,0.0,1,13,930.9
319,120.0,1,DESCORE_LEFT_LONG_GOAL_OPPONENT_FIELD,DESCORE_LEFT_LONG_GOAL_OPPONENT_FIELD,policy,115.6,39.1,270,0,,,27,63,-36,4.3143,ctrl_us=+4.000,0.0,0,13,931.0
320,120.0,0,DESCORE_LEFT_LONG_GOAL_OPPONENT_FIELD,DESCORE_LEFT_LONG_GOAL_OPPONENT_FIELD,policy,39.4,64.0,90,0,39.5,101.2,27,63,-36,4.1143,ctrl_us=+4.000,0.0,1,13,934.3
321,120.0,1,DESCORE_LEFT_LONG_GOAL_OPPONENT_FIELD,DESCORE_LEFT_LONG_GOAL_OPPONENT_FIELD,policy,115.6,39.1,270,0,,,27,63,-36,4.3143,ctrl_us=+4.000,0.0,0,13,934.5
322,120.0,0,DESCORE_LEFT_LONG_GOAL_OPPONENT_FIELD,DESCORE_LEFT_LONG_GOAL_OPPONENT_FIELD,policy,39.4,64.0,90,0,39.5,101.2,27,63,-36,4.1143,ctrl_us=+4.000,0.0,1,13,945.5
323,120.0,1,DESCORE_LEFT_LONG_GOAL_OPPONENT_FIELD,DESCORE_LEFT_LONG_GOAL_OPPONENT_FIELD,policy,115.6,39.1,270,0,,,27,63,-36,4.3143,ctrl_us=+4.000,0.0,0,13,945.6
324,120.0,0,DESCORE_LEFT_LONG_GOAL_OPPONENT_FIELD,DESCORE_LEFT_LONG_GOAL_OPPONENT_FIELD,policy,39.4,64.0,90,0,39.5,101.2,27,63,-36,4.1143,ctrl_us=+4.000,0.0,1,13,1024.6
325,120.0,1,DESCORE_LEFT_LONG_GOAL_OPPONENT_FIELD,DESCORE_LEFT_LONG_GOAL_OPPONENT_FIELD,policy,115.6,39.1,270,0,,,27,63,-36,4.3143,ctrl_us=+4.000,0.0,0,13,1024.7
326,120.0,0,DESCORE_LEFT_LONG_GOAL_OPPONENT_FIELD,DESCORE_LEFT_LONG_GOAL_OPPONENT_FIELD,policy,39.4,64.0,90,0,39.5,101.2,27,63,-36,4.1143,ctrl_us=+4.000,0.0,1,13,954.1
327,120.0,1,DESCORE_LEFT_LONG_GOAL_OPPONENT_FIELD,DESCORE_LEFT_LONG_GOAL_OPPONENT_FIELD,policy,115.6,39.1,270,0,,,27,63,-36,4.3143,ctrl_us=+4.000,0.0,0,13,954.3
328,120.0,0,DESCORE_LEFT_LONG_GOAL_OPPONENT_FIELD,DESCORE_LEFT_LONG_GOAL_OPPONENT_FIELD,policy,39.4,64.0,90,0,39.5,101.2,27,63,-36,4.1143,ctrl_us=+4.000,0.0,1,13,956.6
329,120.0,1,DESCORE_LEFT_LONG_GOAL_OPPONENT_FIELD,DESCORE_LEFT_LONG_GOAL_OPPONENT_FIELD,policy,115.6,39.1,270,0,,,27,63,-36,4.3143,ctrl_us=+4.000,0.0,0,13,956.7
330,120.0,0,DESCORE_LEFT_LONG_GOAL_OPPONENT_FIELD,DESCORE_LEFT_LONG_GOAL_OPPONENT_FIELD,policy,39.4,64.0,90,0,39.5,101.2,27,63,-36,4.1143,ctrl_us=+4.000,0.0,1,13,947.5
331,120.0,1,DESCORE_LEFT_LONG_GOAL_OPPONENT_FIELD,DESCORE_LEFT_LONG_GOAL_OPPONENT_FIELD,policy,115.6,39.1,270,0,,,27,63,-36,4.3143,ctrl_us=+4.000,0.0,0,13,947.7
332,120.0,0,DESCORE_LEFT_LONG_GOAL_OPPONENT_FIELD,DESCORE_LEFT_LONG_GOAL_OPPONENT_FIELD,policy,39.4,64.0,90,0,39.5,101.2,27,63,-36,4.1143,ctrl_us=+4.000,0.0,1,13,993.3
333,120.0,1,DESCORE_LEFT_LONG_GOAL_OPPONENT_FIELD,DESCORE_LEFT_LONG_GOAL_OPPONENT_FIELD,policy,115.6,39.1,270,0,,,27,63,-36,4.3143,ctrl_us=+4.000,0.0,0,13,993.4
334,120.0,0,DESCORE_LEFT_LONG_GOAL_OPPONENT_FIELD,DESCORE_LEFT_LONG_GOAL_OPPONENT_FIELD,policy,39.4,64.0,90,0,39.5,101.2,27,63,-36,4.1143,ctrl_us=+4.000,0.0,1,13,936.3
335,120.0,1,DESCORE_LEFT_LONG_GOAL_OPPONENT_FIELD,DESCORE_LEFT_LONG_GOAL_OPPONENT_FIELD,policy,115.6,39.1,270,0,,,27,63,-36,4.3143,ctrl_us=+4.000,0.0,0,13,936.4
336,120.0,0,DESCORE_LEFT_LONG_GOAL_OPPONENT_FIELD,DESCORE_LEFT_LONG_GOAL_OPPONENT_FIELD,policy,39.4,64.0,90,0,39.5,101.2,27,63,-36,4.1143,ctrl_us=+4.000,0.0,1,13,949.5
337,120.0,1,DESCORE_LEFT_LONG_GOAL_OPPONENT_FIELD,DESCORE_LEFT_LONG_GOAL_OPPONENT_FIELD,policy,115.6,39.1,270,0,,,27,63,-36,4.3143,ctrl_us=+4.000,0.0,0,13,949.6
338,120.0,0,DESCORE_LEFT_LONG_GOAL_OPPONENT_FIELD,DESCORE_LEFT_LONG_GOAL_OPPONENT_FIELD,policy,39.4,64.0,90,0,39.5,101.2,27,63,-36,4.1143,ctrl_us=+4.000,0.0,1,13,977.1
339,120.0,1,DESCORE_LEFT_LONG_GOAL_OPPONENT_FIELD,DESCORE_LEFT_LONG_GOAL_OPPONENT_FIELD,policy,115.6,39.1,270,0,,,27,63,-36,4.3143,ctrl_us=+4.000,0.0,0,13,977.2
340,120.0,0,DESCORE_LEFT_LONG_GOAL_OPPONENT_FIELD,DESCORE_LEFT_LONG_GOAL_OPPONENT_FIELD,policy,39.4,64.0,90,0,39.5,101.2,27,63,-36,4.1143,ctrl_us=+4.000,0.0,1,13,982.3
341,120.0,1,DESCORE_LEFT_LONG_GOAL_OPPONENT_FIELD,DESCORE_LEFT_LONG_GOAL_OPPONENT_FIELD,policy,115.6,39.1,270,0,,,27,63,-36,4.3143,ctrl_us=+4.000,0.0,0,13,982.4
342,120.0,0,DESCORE_LEFT_LONG_GOAL_OPPONENT_FIELD,DESCORE_LEFT_LONG_GOAL_OPPONENT_FIELD,policy,39.4,64.0,90,0,39.5,101.2,27,63,-36,4.1143,ctrl_us=+4.000,0.0,1,13,1049.6
343,120.0,1,DESCORE_LEFT_LONG_GOAL_OPPONENT_FIELD,DESCORE_LEFT_LONG_GOAL_OPPONENT_FIELD,policy,115.6,39.1,270,0,,,27,63,-36,4.3143,ctrl_us=+4.000,0.0,0,13,1049.8
344,120.0,0,DESCORE_LEFT_LONG_GOAL_OPPONENT_FIELD,DESCORE_LEFT_LONG_GOAL_OPPONENT_FIELD,policy,39.4,64.0,90,0,39.5,101.2,27,63,-36,4.1143,ctrl_us=+4.000,0.0,1,13,990.2
345,120.0,1,DESCORE_LEFT_LONG_GOAL_OPPONENT_FIELD,DESCORE_LEFT_LONG_GOAL_OPPONENT_FIELD,policy,115.6,39.1,270,0,,,27,63,-36,4.3143,ctrl_us=+4.000,0.0,0,13,990.3
346,120.0,0,DESCORE_LEFT_LONG_GOAL_OPPONENT_FIELD,DESCORE_LEFT_LONG_GOAL_OPPONENT_FIELD,policy,39.4,64.0,90,0,39.5,101.2,27,63,-36,4.1143,ctrl_us=+4.000,0.0,1,13,934.6
347,120.0,1,DESCORE_LEFT_LONG_GOAL_OPPONENT_FIELD,DESCORE_LEFT_LONG_GOAL_OPPONENT_FIELD,policy,115.6,39.1,270,0,,,27,63,-36,4.3143,ctrl_us=+4.000,0.0,0,13,934.7
348,120.0,0,DESCORE_LEFT_LONG_GOAL_OPPONENT_FIELD,DESCORE_LEFT_LONG_GOAL_OPPONENT_FIELD,policy,39.4,64.0,90,0,39.5,101.2,27,63,-36,4.1143,ctrl_us=+4.000,0.0,1,13,948.9
349,120.0,1,DESCORE_LEFT_LONG_GOAL_OPPONENT_FIELD,DESCORE_LEFT_LONG_GOAL_OPPONENT_FIELD,policy,115.6,39.1,270,0,,,27,63,-36,4.3143,ctrl_us=+4.000,0.0,0,13,949.1
350,120.0,0,DESCORE_LEFT_LONG_GOAL_OPPONENT_FIELD,DESCORE_LEFT_LONG_GOAL_OPPONENT_FIELD,policy,39.4,64.0,90,0,39.5,101.2,27,63,-36,4.1143,ctrl_us=+4.000,0.0,1,13,937.1
351,120.0,1,DESCORE_LEFT_LONG_GOAL_OPPONENT_FIELD,DESCORE_LEFT_LONG_GOAL_OPPONENT_FIELD,policy,115.6,39.1,270,0,,,27,63,-36,4.3143,ctrl_us=+4.000,0.0,0,13,937.2
352,120.0,0,DESCORE_LEFT_LONG_GOAL_OPPONENT_FIELD,DESCORE_LEFT_LONG_GOAL_OPPONENT_FIELD,policy,39.4,64.0,90,0,39.5,101.2,27,63,-36,4.1143,ctrl_us=+4.000,0.0,1,13,982.6
353,120.0,1,DESCORE_LEFT_LONG_GOAL_OPPONENT_FIELD,DESCORE_LEFT_LONG_GOAL_OPPONENT_FIELD,policy,115.6,39.1,270,0,,,27,63,-36,4.3143,ctrl_us=+4.000,0.0,0,13,982.8
354,120.0,0,DESCORE_LEFT_LONG_GOAL_OPPONENT_FIELD,DESCORE_LEFT_LONG_GOAL_OPPONENT_FIELD,policy,39.4,64.0,90,0,39.5,101.2,27,63,-36,4.1143,ctrl_us=+4.000,0.0,1,13,931.1
355,120.0,1,DESCORE_LEFT_LONG_GOAL_OPPONENT_FIELD,DESCORE_LEFT_LONG_GOAL_OPPONENT_FIELD,policy,115.6,39.1,270,0,,,27,63,-36,4.3143,ctrl_us=+4.000,0.0,0,13,931.2
356,120.0,0,DESCORE_LEFT_LONG_GOAL_OPPONENT_FIELD,DESCORE_LEFT_LONG_GOAL_OPPONENT_FIELD,policy,39.4,64.0,90,0,39.5,101.2,27,63,-36,4.1143,ctrl_us=+4.000,0.0,1,13,920.0
357,120.0,1,DESCORE_LEFT_LONG_GOAL_OPPONENT_FIELD,DESCORE_LEFT_LONG_GOAL_OPPONENT_FIELD,policy,115.6,39.1,270,0,,,27,63,-36,4.3143,ctrl_us=+4.000,0.0,0,13,920.1
358,120.0,0,DESCORE_LEFT_LONG_GOAL_OPPONENT_FIELD,DESCORE_LEFT_LONG_GOAL_OPPONENT_FIELD,policy,39.4,64.0,90,0,39.5,101.2,27,63,-36,4.1143,ctrl_us=+4.000,0.0,1,13,920.9
359,120.0,1,DESCORE_LEFT_LONG_GOAL_OPPONENT_FIELD,DESCORE_LEFT_LONG_GOAL_OPPONENT_FIELD,policy,115.6,39.1,270,0,,,27,63,-36,4.3143,ctrl_us=+4.000,0.0,0,13,921.0
360,120.0,0,DESCORE_LEFT_LONG_GOAL_OPPONENT_FIELD,DESCORE_LEFT_LONG_GOAL_OPPONENT_FIELD,policy,39.4,64.0,90,0,39.5,101.2,27,63,-36,4.1143,ctrl_us=+4.000,0.0,1,13,916.2
361,120.0,1,DESCORE_LEFT_LONG_GOAL_OPPONENT_FIELD,DESCORE_LEFT_LONG_GOAL_OPPONENT_FIELD,policy,115.6,39.1,270,0,,,27,63,-36,4.3143,ctrl_us=+4.000,0.0,0,13,916.4
362,120.0,0,DESCORE_LEFT_LONG_GOAL_OPPONENT_FIELD,DESCORE_LEFT_LONG_GOAL_OPPONENT_FIELD,policy,39.4,64.0,90,0,39.5,101.2,27,63,-36,4.1143,ctrl_us=+4.000,0.0,1,13,904.6
363,120.0,1,DESCORE_LEFT_LONG_GOAL_OPPONENT_FIELD,DESCORE_LEFT_LONG_GOAL_OPPONENT_FIELD,policy,115.6,39.1,270,0,,,27,63,-36,4.3143,ctrl_us=+4.000,0.0,0,13,904.8
364,120.0,0,DESCORE_LEFT_LONG_GOAL_OPPONENT_FIELD,DESCORE_LEFT_LONG_GOAL_OPPONENT_FIELD,policy,39.4,64.0,90,0,39.5,101.2,27,63,-36,4.1143,ctrl_us=+4.000,0.0,1,13,923.8
365,120.0,1,DESCORE_LEFT_LONG_GOAL_OPPONENT_FIELD,DESCORE_LEFT_LONG_GOAL_OPPONENT_FIELD,policy,115.6,39.1,270,0,,,27,63,-36,4.3143,ctrl_us=+4.000,0.0,0,13,923.9
366,120.0,0,DESCORE_LEFT_LONG_GOAL_OPPONENT_FIELD,DESCORE_LEFT_LONG_GOAL_OPPONENT_FIELD,policy,39.4,64.0,90,0,39.5,101.2,27,63,-36,4.1143,ctrl_us=+4.000,0.0,1,13,920.7
367,120.0,1,DESCORE_LEFT_LONG_GOAL_OPPONENT_FIELD,DESCORE_LEFT_LONG_GOAL_OPPONENT_FIELD,policy,115.6,39.1,270,0,,,27,63,-36,4.3143,ctrl_us=+4.000,0.0,0,13,920.8
368,120.0,0,DESCORE_LEFT_LONG_GOAL_OPPONENT_FIELD,DESCORE_LEFT_LONG_GOAL_OPPONENT_FIELD,policy,39.4,64.0,90,0,39.5,101.2,27,63,-36,4.1143,ctrl_us=+4.000,0.0,1,13,923.9
369,120.0,1,DESCORE_LEFT_LONG_GOAL_OPPONENT_FIELD,DESCORE_LEFT_LONG_GOAL_OPPONENT_FIELD,policy,115.6,39.1,270,0,,,27,63,-36,4.3143,ctrl_us=+4.000,0.0,0,13,924.0
370,120.0,0,DESCORE_LEFT_LONG_GOAL_OPPONENT_FIELD,DESCORE_LEFT_LONG_GOAL_OPPONENT_FIELD,policy,39.4,64.0,90,0,39.5,101.2,27,63,-36,4.1143,ctrl_us=+4.000,0.0,1,13,935.7
371,120.0,1,DESCORE_LEFT_LONG_GOAL_OPPONENT_FIELD,DESCORE_LEFT_LONG_GOAL_OPPONENT_FIELD,policy,115.6,39.1,270,0,,,27,63,-36,4.3143,ctrl_us=+4.000,0.0,0,13,935.8
372,120.0,0,DESCORE_LEFT_LONG_GOAL_OPPONENT_FIELD,DESCORE_LEFT_LONG_GOAL_OPPONENT_FIELD,policy,39.4,64.0,90,0,39.5,101.2,27,63,-36,4.1143,ctrl_us=+4.000,0.0,1,13,927.3
373,120.0,1,DESCORE_LEFT_LONG_GOAL_OPPONENT_FIELD,DESCORE_LEFT_LONG_GOAL_OPPONENT_FIELD,policy,115.6,39.1,270,0,,,27,63,-36,4.3143,ctrl_us=+4.000,0.0,0,13,927.5
374,120.0,0,DESCORE_LEFT_LONG_GOAL_OPPONENT_FIELD,DESCORE_LEFT_LONG_GOAL_OPPONENT_FIELD,policy,39.4,64.0,90,0,39.5,101.2,27,63,-36,4.1143,ctrl_us=+4.000,0.0,1,13,932.4
375,120.0,1,DESCORE_LEFT_LONG_GOAL_OPPONENT_FIELD,DESCORE_LEFT_LONG_GOAL_OPPONENT_FIELD,policy,115.6,39.1,270,0,,,27,63,-36,4.3143,ctrl_us=+4.000,0.0,0,13,932.5
376,120.0,0,DESCORE_LEFT_LONG_GOAL_OPPONENT_FIELD,DESCORE_LEFT_LONG_GOAL_OPPONENT_FIELD,policy,39.4,64.0,90,0,39.5,101.2,27,63,-36,4.1143,ctrl_us=+4.000,0.0,1,13,921.0
377,120.0,1,DESCORE_LEFT_LONG_GOAL_OPPONENT_FIELD,DESCORE_LEFT_LONG_GOAL_OPPONENT_FIELD,policy,115.6,39.1,270,0,,,27,63,-36,4.3143,ctrl_us=+4.000,0.0,0,13,921.1
378,120.0,0,DESCORE_LEFT_LONG_GOAL_OPPONENT_FIELD,DESCORE_LEFT_LONG_GOAL_OPPONENT_FIELD,policy,39.4,64.0,90,0,39.5,101.2,27,63,-36,4.1143,ctrl_us=+4.000,0.0,1,13,929.3
379,120.0,1,DESCORE_LEFT_LONG_GOAL_OPPONENT_FIELD,DESCORE_LEFT_LONG_GOAL_OPPONENT_FIELD,policy,115.6,39.1,270,0,,,27,63,-36,4.3143,ctrl_us=+4.000,0.0,0,13,929.4
380,120.0,0,DESCORE_LEFT_LONG_GOAL_OPPONENT_FIELD,DESCORE_LEFT_LONG_GOAL_OPPONENT_FIELD,policy,39.4,64.0,90,0,39.5,101.2,27,63,-36,4.1143,ctrl_us=+4.000,0.0,1,13,931.1
381,120.0,1,DESCORE_LEFT_LONG_GOAL_OPPONENT_FIELD,DESCORE_LEFT_LONG_GOAL_OPPONENT_FIELD,policy,115.6,39.1,270,0,,,27,63,-36,4.3143,ctrl_us=+4.000,0.0,0,13,931.2
382,120.0,0,DESCORE_LEFT_LONG_GOAL_OPPONENT_FIELD,DESCORE_LEFT_LONG_GOAL_OPPONENT_FIELD,policy,39.4,64.0,90,0,39.5,101.2,27,63,-36,4.1143,ctrl_us=+4.000,0.0,1,13,928.1
383,120.0,1,DESCORE_LEFT_LONG_GOAL_OPPONENT_FIELD,DESCORE_LEFT_LONG_GOAL_OPPONENT_FIELD,policy,115.6,39.1,270,0,,,27,63,-36,4.3143,ctrl_us=+4.000,0.0,0,13,928.2
384,120.0,0,DESCORE_LEFT_LONG_GOAL_OPPONENT_FIELD,DESCORE_LEFT_LONG_GOAL_OPPONENT_FIELD,policy,39.4,64.0,90,0,39.5,101.2,27,63,-36,4.1143,ctrl_us=+4.000,0.0,1,13,922.2
385,120.0,1,DESCORE_LEFT_LONG_GOAL_OPPONENT_FIELD,DESCORE_LEFT_LONG_GOAL_OPPONENT_FIELD,policy,115.6,39.1,270,0,,,27,63,-36,4.3143,ctrl_us=+4.000,0.0,0,13,922.3
386,120.0,0,DESCORE_LEFT_LONG_GOAL_OPPONENT_FIELD,DESCORE_LEFT_LONG_GOAL_OPPONENT_FIELD,policy,39.4,64.0,90,0,39.5,101.2,27,63,-36,4.1143,ctrl_us=+4.000,0.0,1,13,923.7
387,120.0,1,DESCORE_LEFT_LONG_GOAL_OPPONENT_FIELD,DESCORE_LEFT_LONG_GOAL_OPPONENT_FIELD,policy,115.6,39.1,270,0,,,27,63,-36,4.3143,ctrl_us=+4.000,0.0,0,13,923.8
388,120.0,0,DESCORE_LEFT_LONG_GOAL_OPPONENT_FIELD,DESCORE_LEFT_LONG_GOAL_OPPONENT_FIELD,policy,39.4,64.0,90,0,39.5,101.2,27,63,-36,4.1143,ctrl_us=+4.000,0.0,1,13,944.1
389,120.0,1,DESCORE_LEFT_LONG_GOAL_OPPONENT_FIELD,DESCORE_LEFT_LONG_GOAL_OPPONENT_FIELD,policy,115.6,39.1,270,0,,,27,63,-36,4.3143,ctrl_us=+4.000,0.0,0,13,944.2
390,120.0,0,DESCORE_LEFT_LONG_GOAL_OPPONENT_FIELD,DESCORE_LEFT_LONG_GOAL_OPPONENT_FIELD,policy,39.4,64.0,90,0,39.5,101.2,27,63,-36,4.1143,ctrl_us=+4.000,0.0,1,13,959.3
391,120.0,1,DESCORE_LEFT_LONG_GOAL_OPPONENT_FIELD,DESCORE_LEFT_LONG_GOAL_OPPONENT_FIELD,policy,115.6,39.1,270,0,,,27,63,-36,4.3143,ctrl_us=+4.000,0.0,0,13,959.4
392,120.0,0,DESCORE_LEFT_LONG_GOAL_OPPONENT_FIELD,DESCORE_LEFT_LONG_GOAL_OPPONENT_FIELD,policy,39.4,64.0,90,0,39.5,101.2,27,63,-36,4.1143,ctrl_us=+4.000,0.0,1,13,954.0
393,120.0,1,DESCORE_LEFT_LONG_GOAL_OPPONENT_FIELD,DESCORE_LEFT_LONG_GOAL_OPPONENT_FIELD,policy,115.6,39.1,270,0,,,27,63,-36,4.3143,ctrl_us=+4.000,0.0,0,13,954.1
394,120.0,0,DESCORE_LEFT_LONG_GOAL_OPPONENT_FIELD,DESCORE_LEFT_LONG_GOAL_OPPONENT_FIELD,policy,39.4,64.0,90,0,39.5,101.2,27,63,-36,4.1143,ctrl_us=+4.000,0.0,1,13,951.7
395,120.0,1,DESCORE_LEFT_LONG_GOAL_OPPONENT_FIELD,DESCORE_LEFT_LONG_GOAL_OPPONENT_FIELD,policy,115.6,39.1,270,0,,,27,63,-36,4.3143,ctrl_us=+4.000,0.0,0,13,951.8
396,120.0,0,DESCORE_LEFT_LONG_GOAL_OPPONENT_FIELD,DESCORE_LEFT_LONG_GOAL_OPPONENT_FIELD,policy,39.4,64.0,90,0,39.5,101.2,27,63,-36,4.1143,ctrl_us=+4.000,0.0,1,13,948.2
397,120.0,1,DESCORE_LEFT_LONG_GOAL_OPPONENT_FIELD,DESCORE_LEFT_LONG_GOAL_OPPONENT_FIELD,policy,115.6,39.1,270,0,,,27,63,-36,4.3143,ctrl_us=+4.000,0.0,0,13,948.4
398,120.0,0,DESCORE_LEFT_LONG_GOAL_OPPONENT_FIELD,DESCORE_LEFT_LONG_GOAL_OPPONENT_FIELD,policy,39.4,64.0,90,0,39.5,101.2,27,63,-36,4.1143,ctrl_us=+4.000,0.0,1,13,955.8
399,120.0,1,DESCORE_LEFT_LONG_GOAL_OPPONENT_FIELD,DESCORE_LEFT_LONG_GOAL_OPPONENT_FIELD,policy,115.6,39.1,270,0,,,27,63,-36,4.3143,ctrl_us=+4.000,0.0,0,13,955.9
400,120.0,0,DESCORE_LEFT_LONG_GOAL_OPPONENT_FIELD,DESCORE_LEFT_LONG_GOAL_OPPONENT_FIELD,policy,39.4,64.0,90,0,39.5,101.2,27,63,-36,4.1143,ctrl_us=+4.000,0.0,1,13,957.4
401,120.0,1,DESCORE_LEFT_LONG_GOAL_OPPONENT_FIELD,DESCORE_LEFT_LONG_GOAL_OPPONENT_FIELD,policy,115.6,39.1,270,0,,,27,63,-36,4.3143,ctrl_us=+4.000,0.0,0,13,957.6
402,120.0,0,DESCORE_LEFT_LONG_GOAL_OPPONENT_FIELD,DESCORE_LEFT_LONG_GOAL_OPPONENT_FIELD,policy,39.4,64.0,90,0,39.5,101.2,27,63,-36,4.1143,ctrl_us=+4.000,0.0,1,13,950.8
403,120.0,1,DESCORE_LEFT_LONG_GOAL_OPPONENT_FIELD,DESCORE_LEFT_LONG_GOAL_OPPONENT_FIELD,policy,115.6,39.1,270,0,,,27,63,-36,4.3143,ctrl_us=+4.000,0.0,0,13,951.0
404,120.0,0,DESCORE_LEFT_LONG_GOAL_OPPONENT_FIELD,DESCORE_LEFT_LONG_GOAL_OPPONENT_FIELD,policy,39.4,64.0,90,0,39.5,101.2,27,63,-36,4.1143,ctrl_us=+4.000,0.0,1,13,961.5
405,120.0,1,DESCORE_LEFT_LONG_GOAL_OPPONENT_FIELD,DESCORE_LEFT_LONG_GOAL_OPPONENT_FIELD,policy,115.6,39.1,270,0,,,27,63,-36,4.3143,ctrl_us=+4.000,0.0,0,13,961.6
406,120.0,0,DESCORE_LEFT_LONG_GOAL_OPPONENT_FIELD,DESCORE_LEFT_LONG_GOAL_OPPONENT_FIELD,policy,39.4,64.0,90,0,39.5,101.2,27,63,-36,4.1143,ctrl_us=+4.000,0.0,1,13,980.2
407,120.0,1,DESCORE_LEFT_LONG_GOAL_OPPONENT_FIELD,DESCORE_LEFT_LONG_GOAL_OPPONENT_FIELD,policy,115.6,39.1,270,0,,,27,63,-36,4.3143,ctrl_us=+4.000,0.0,0,13,980.3
408,120.0,0,DESCORE_LEFT_LONG_GOAL_OPPONENT_FIELD,DESCORE_LEFT_LONG_GOAL_OPPONENT_FIELD,policy,39.4,64.0,90,0,39.5,101.2,27,63,-36,4.1143,ctrl_us=+4.000,0.0,1,13,982.7
409,120.0,1,DESCORE_LEFT_LONG_GOAL_OPPONENT_FIELD,DESCORE_LEFT_LONG_GOAL_OPPONENT_FIELD,policy,115.6,39.1,270,0,,,27,63,-36,4.3143,ctrl_us=+4.000,0.0,0,13,982.9
410,120.0,0,DESCORE_LEFT_LONG_GOAL_OPPONENT_FIELD,DESCORE_LEFT_LONG_GOAL_OPPONENT_FIELD,policy,39.4,64.0,90,0,39.5,101.2,27,63,-36,4.1143,ctrl_us=+4.000,0.0,1,13,978.3
411,120.0,1,DESCORE_LEFT_LONG_GOAL_OPPONENT_FIELD,DESCORE_LEFT_LONG_GOAL_OPPONENT_FIELD,policy,115.6,39.1,270,0,,,27,63,-36,4.3143,ctrl_us=+4.000,0.0,0,13,978.5
412,120.0,0,DESCORE_LEFT_LONG_GOAL_OPPONENT_FIELD,DESCORE_LEFT_LONG_GOAL_OPPONENT_FIELD,policy,39.4,64.0,90,0,39.5,101.2,27,63,-36,4.1143,ctrl_us=+4.000,0.0,1,13,974.3
413,120.0,1,DESCORE_LEFT_LONG_GOAL_OPPONENT_FIELD,DESCORE_LEFT_LONG_GOAL_OPPONENT_FIELD,policy,115.6,39.1,270,0,,,27,63,-36,4.3143,ctrl_us=+4.000,0.0,0,13,974.5
414,120.0,0,DESCORE_LEFT_LONG_GOAL_OPPONENT_FIELD,DESCORE_LEFT_LONG_GOAL_OPPONENT_FIELD,policy,39.4,64.0,90,0,39.5,101.2,27,63,-36,4.1143,ctrl_us=+4.000,0.0,1,13,941.1
415,120.0,1,DESCORE_LEFT_LONG_GOAL_OPPONENT_FIELD,DESCORE_LEFT_LONG_GOAL_OPPONENT_FIELD,policy,115.6,39.1,270,0,,,27,63,-36,4.3143,ctrl_us=+4.000,0.0,0,13,941.3
416,120.0,0,DESCORE_LEFT_LONG_GOAL_OPPONENT_FIELD,DESCORE_LEFT_LONG_GOAL_OPPONENT_FIELD,policy,39.4,64.0,90,0,39.5,101.2,27,63,-36,4.1143,ctrl_us=+4.000,0.0,1,13,931.8
417,120.0,1,DESCORE_LEFT_LONG_GOAL_OPPONENT_FIELD,DESCORE_LEFT_LONG_GOAL_OPPONENT_FIELD,policy,115.6,39.1,270,0,,,27,63,-36,4.3143,ctrl_us=+4.000,0.0,0,13,931.9
418,120.0,0,DESCORE_LEFT_LONG_GOAL_OPPONENT_FIELD,DESCORE_LEFT_LONG_GOAL_OPPONENT_FIELD,policy,39.4,64.0,90,0,39.5,101.2,27,63,-36,4.1143,ctrl_us=+4.000,0.0,1,13,938.7
419,120.0,1,DESCORE_LEFT_LONG_GOAL_OPPONENT_FIELD,DESCORE_LEFT_LONG_GOAL_OPPONENT_FIELD,policy,115.6,39.1,270,0,,,27,63,-36,4.3143,ctrl_us=+4.000,0.0,0,13,938.8
420,120.0,0,DESCORE_LEFT_LONG_GOAL_OPPONENT_FIELD,DESCORE_LEFT_LONG_GOAL_OPPONENT_FIELD,policy,39.4,64.0,90,0,39.5,101.2,27,63,-36,4.1143,ctrl_us=+4.000,0.0,1,13,930.9
421,120.0,1,DESCORE_LEFT_LONG_GOAL_OPPONENT_FIELD,DESCORE_LEFT_LONG_GOAL_OPPONENT_FIELD,policy,115.6,39.1,270,0,,,27,63,-36,4.3143,ctrl_us=+4.000,0.0,0,13,931.1
422,120.0,0,DESCORE_LEFT_LONG_GOAL_OPPONENT_FIELD,DESCORE_LEFT_LONG_GOAL_OPPONENT_FIELD,policy,39.4,64.0,90,0,39.5,101.2,27,63,-36,4.1143,ctrl_us=+4.000,0.0,1,13,916.9
423,120.0,1,DESCORE_LEFT_LONG_GOAL_OPPONENT_FIELD,DESCORE_LEFT_LONG_GOAL_OPPONENT_FIELD,policy,115.6,39.1,270,0,,,27,63,-36,4.3143,ctrl_us=+4.000,0.0,0,13,917.1
424,120.0,0,DESCORE_LEFT_LONG_GOAL_OPPONENT_FIELD,DESCORE_LEFT_LONG_GOAL_OPPONENT_FIELD,policy,39.4,64.0,90,0,39.5,101.2,27,63,-36,4.1143,ctrl_us=+4.000,0.0,1,13,915.0
425,120.0,1,DESCORE_LEFT_LONG_GOAL_OPPONENT_FIELD,DESCORE_LEFT_LONG_GOAL_OPPONENT_FIELD,policy,115.6,39.1,270,0,,,27,63,-36,4.3143,ctrl_us=+4.000,0.0,0,13,915.1
426,120.0,0,DESCORE_LEFT_LONG_GOAL_OPPONENT_FIELD,DESCORE_LEFT_LONG_GOAL_OPPONENT_FIELD,policy,39.4,64.0,90,0,39.5,101.2,27,63,-36,4.1143,ctrl_us=+4.000,0.0,1,13,916.4
427,120.0,1,DESCORE_LEFT_LONG_GOAL_OPPONENT_FIELD,DESCORE_LEFT_LONG_GOAL_OPPONENT_FIELD,policy,115.6,39.1,270,0,,,27,63,-36,4.3143,ctrl_us=+4.000,0.0,0,13,916.5
428,120.0,0,DESCORE_LEFT_LONG_GOAL_OPPONENT_FIELD,DESCORE_LEFT_LONG_GOAL_OPPONENT_FIELD,policy,39.4,64.0,90,0,39.5,101.2,27,63,-36,4.1143,ctrl_us=+4.000,0.0,1,13,922.7
429,120.0,1,DESCORE_LEFT_LONG_GOAL_OPPONENT_FIELD,DESCORE_LEFT_LONG_GOAL_OPPONENT_FIELD,policy,115.6,39.1,270,0,,,27,63,-36,4.3143,ctrl_us=+4.000,0.0,0,13,922.8
430,120.0,0,DESCORE_LEFT_LONG_GOAL_OPPONENT_FIELD,DESCORE_LEFT_LONG_GOAL_OPPONENT_FIELD,policy,39.4,64.0,90,0,39.5,101.2,27,63,-36,4.1143,ctrl_us=+4.000,0.0,1,13,920.3
431,120.0,1,DESCORE_LEFT_LONG_GOAL_OPPONENT_FIELD,DESCORE_LEFT_LONG_GOAL_OPPONENT_FIELD,policy,115.6,39.1,270,0,,,27,63,-36,4.3143,ctrl_us=+4.000,0.0,0,13,920.4
432,120.0,0,DESCORE_LEFT_LONG_GOAL_OPPONENT_FIELD,DESCORE_LEFT_LONG_GOAL_OPPONENT_FIELD,policy,39.4,64.0,90,0,39.5,101.2,27,63,-36,4.1143,ctrl_us=+4.000,0.0,1,13,921.4
433,120.0,1,DESCORE_LEFT_LONG_GOAL_OPPONENT_FIELD,DESCORE_LEFT_LONG_GOAL_OPPONENT_FIELD,policy,115.6,39.1,270,0,,,27,63,-36,4.3143,ctrl_us=+4.000,0.0,0,13,921.5
434,120.0,0,DESCORE_LEFT_LONG_GOAL_OPPONENT_FIELD,DESCORE_LEFT_LONG_GOAL_OPPONENT_FIELD,policy,39.4,64.0,90,0,39.5,101.2,27,63,-36,4.1143,ctrl_us=+4.000,0.0,1,13,921.4
435,120.0,1,DESCORE_LEFT_LONG_GOAL_OPPONENT_FIELD,DESCORE_LEFT_LONG_GOAL_OPPONENT_FIELD,policy,115.6,39.1,270,0,,,27,63,-36,4.3143,ctrl_us=+4.000,0.0,0,13,921.5
436,120.0,0,DESCORE_LEFT_LONG_GOAL_OPPONENT_FIELD,DESCORE_LEFT_LONG_GOAL_OPPONENT_FIELD,policy,39.4,64.0,90,0,39.5,101.2,27,63,-36,4.1143,ctrl_us=+4.000,0.0,1,13,915.5
437,120.0,1,DESCORE_LEFT_LONG_GOAL_OPPONENT_FIELD,DESCORE_LEFT_LONG_GOAL_OPPONENT_FIELD,policy,115.6,39.1,270,0,,,27,63,-36,4.3143,ctrl_us=+4.000,0.0,0,13,915.6
438,120.0,0,DESCORE_LEFT_LONG_GOAL_OPPONENT_FIELD,DESCORE_LEFT_LONG_GOAL_OPPONENT_FIELD,policy,39.4,64.0,90,0,39.5,101.2,27,63,-36,4.1143,ctrl_us=+4.000,0.0,1,13,921.9
439,120.0,1,DESCORE_LEFT_LONG_GOAL_OPPONENT_FIELD,DESCORE_LEFT_LONG_GOAL_OPPONENT_FIELD,policy,115.6,39.1,270,0,,,27,63,-36,4.3143,ctrl_us=+4.000,0.0,0,13,922.1
440,120.0,0,DESCORE_LEFT_LONG_GOAL_OPPONENT_FIELD,DESCORE_LEFT_LONG_GOAL_OPPONENT_FIELD,policy,39.4,64.0,90,0,39.5,101.2,27,63,-36,4.1143,ctrl_us=+4.000,0.0,1,13,918.8
441,120.0,1,DESCORE_LEFT_LONG_GOAL_OPPONENT_FIELD,DESCORE_LEFT_LONG_GOAL_OPPONENT_FIELD,policy,115.6,39.1,270,0,,,27,63,-36,4.3143,ctrl_us=+4.000,0.0,0,13,918.9
442,120.0,0,DESCORE_LEFT_LONG_GOAL_OPPONENT_FIELD,DESCORE_LEFT_LONG_GOAL_OPPONENT_FIELD,policy,39.4,64.0,90,0,39.5,101.2,27,63,-36,4.1143,ctrl_us=+4.000,0.0,1,13,918.2
443,120.0,1,DESCORE_LEFT_LONG_GOAL_OPPONENT_FIELD,DESCORE_LEFT_LONG_GOAL_OPPONENT_FIELD,policy,115.6,39.1,270,0,,,27,63,-36,4.3143,ctrl_us=+4.000,0.0,0,13,918.3
444,120.0,0,DESCORE_LEFT_LONG_GOAL_OPPONENT_FIELD,DESCORE_LEFT_LONG_GOAL_OPPONENT_FIELD,policy,39.4,64.0,90,0,39.5,101.2,27,63,-36,4.1143,ctrl_us=+4.000,0.0,1,13,922.6
445,120.0,1,DESCORE_LEFT_LONG_GOAL_OPPONENT_FIELD,DESCORE_LEFT_LONG_GOAL_OPPONENT_FIELD,policy,115.6,39.1,270,0,,,27,63,-36,4.3143,ctrl_us=+4.000,0.0,0,13,922.7
446,120.0,0,DESCORE_LEFT_LONG_GOAL_OPPONENT_FIELD,DESCORE_LEFT_LONG_GOAL_OPPONENT_FIELD,policy,39.4,64.0,90,0,39.5,101.2,27,63,-36,4.1143,ctrl_us=+4.000,0.0,1,13,922.0
447,120.0,1,DESCORE_LEFT_LONG_GOAL_OPPONENT_FIELD,DESCORE_LEFT_LONG_GOAL_OPPONENT_FIELD,policy,115.6,39.1,270,0,,,27,63,-36,4.3143,ctrl_us=+4.000,0.0,0,13,922.1
448,120.0,0,DESCORE_LEFT_LONG_GOAL_OPPONENT_FIELD,DESCORE_LEFT_LONG_GOAL_OPPONENT_FIELD,policy,39.4,64.0,90,0,39.5,101.2,27,63,-36,4.1143,ctrl_us=+4.000,0.0,1,13,914.8
449,120.0,1,DESCORE_LEFT_LONG_GOAL_OPPONENT_FIELD,DESCORE_LEFT_LONG_GOAL_OPPONENT_FIELD,policy,115.6,39.1,270,0,,,27,63,-36,4.3143,ctrl_us=+4.000,0.0,0,13,915.0
450,120.0,0,DESCORE_LEFT_LONG_GOAL_OPPONENT_FIELD,DESCORE_LEFT_LONG_GOAL_OPPONENT_FIELD,policy,39.4,64.0,90,0,39.5,101.2,27,63,-36,4.1143,ctrl_us=+4.000,0.0,1,13,915.9
451,120.0,1,DESCORE_LEFT_LONG_GOAL_OPPONENT_FIELD,DESCORE_LEFT_LONG_GOAL_OPPONENT_FIELD,policy,115.6,39.1,270,0,,,27,63,-36,4.3143,ctrl_us=+4.000,0.0,0,13,916.0
452,120.0,0,DESCORE_LEFT_LONG_GOAL_OPPONENT_FIELD,DESCORE_LEFT_LONG_GOAL_OPPONENT_FIELD,policy,39.4,64.0,90,0,39.5,101.2,27,63,-36,4.1143,ctrl_us=+4.000,0.0,1,13,917.9
453,120.0,1,DESCORE_LEFT_LONG_GOAL_OPPONENT_FIELD,DESCORE_LEFT_LONG_GOAL_OPPONENT_FIELD,policy,115.6,39.1,270,0,,,27,63,-36,4.3143,ctrl_us=+4.000,0.0,0,13,918.1
454,120.0,0,DESCORE_LEFT_LONG_GOAL_OPPONENT_FIELD,DESCORE_LEFT_LONG_GOAL_OPPONENT_FIELD,policy,39.4,64.0,90,0,39.5,101.2,27,63,-36,4.1143,ctrl_us=+4.000,0.0,1,13,934.6
455,120.0,1,DESCORE_LEFT_LONG_GOAL_OPPONENT_FIELD,DESCORE_LEFT_LONG_GOAL_OPPONENT_FIELD,policy,115.6,39.1,270,0,,,27,63,-36,4.3143,ctrl_us=+4.000,0.0,0,13,934.8
456,120.0,0,DESCORE_LEFT_LONG_GOAL_OPPONENT_FIELD,DESCORE_LEFT_LONG_GOAL_OPPONENT_FIELD,policy,39.4,64.0,90,0,39.5,101.2,27,63,-36,4.1143,ctrl_us=+4.000,0.0,1,13,936.8
457,120.0,1,DESCORE_LEFT_LONG_GOAL_OPPONENT_FIELD,DESCORE_LEFT_LONG_GOAL_OPPONENT_FIELD,policy,115.6,39.1,270,0,,,27,63,-36,4.3143,ctrl_us=+4.000,0.0,0,13,936.9
458,120.0,0,DESCORE_LEFT_LONG_GOAL_OPPONENT_FIELD,DESCORE_LEFT_LONG_GOAL_OPPONENT_FIELD,policy,39.4,64.0,90,0,39.5,101.2,27,63,-36,4.1143,ctrl_us=+4.000,0.0,1,13,927.9
459,120.0,1,DESCORE_LEFT_LONG_GOAL_OPPONENT_FIELD,DESCORE_LEFT_LONG_GOAL_OPPONENT_FIELD,policy,115.6,39.1,270,0,,,27,63,-36,4.3143,ctrl_us=+4.000,0.0,0,13,928.1
460,120.0,0,DESCORE_LEFT_LONG_GOAL_OPPONENT_FIELD,DESCORE_LEFT_LONG_GOAL_OPPONENT_FIELD,policy,39.4,64.0,90,0,39.5,101.2,27,63,-36,4.1143,ctrl_us=+4.000,0.0,1,13,944.3
461,120.0,1,DESCORE_LEFT_LONG_GOAL_OPPONENT_FIELD,DESCORE_LEFT_LONG_GOAL_OPPONENT_FIELD,policy,115.6,39.1,270,0,,,27,63,-36,4.3143,ctrl_us=+4.000,0.0,0,13,944.4
462,120.0,0,DESCORE_LEFT_LONG_GOAL_OPPONENT_FIELD,DESCORE_LEFT_LONG_GOAL_OPPONENT_FIELD,policy,39.4,64.0,90,0,39.5,101.2,27,63,-36,4.1143,ctrl_us=+4.000,0.0,1,13,933.2
463,120.0,1,DESCORE_LEFT_LONG_GOAL_OPPONENT_FIELD,DESCORE_LEFT_LONG_GOAL_OPPONENT_FIELD,policy,115.6,39.1,270,0,,,27,63,-36,4.3143,ctrl_us=+4.000,0.0,0,13,933.3
464,120.0,0,DESCORE_LEFT_LONG_GOAL_OPPONENT_FIELD,DESCORE_LEFT_LONG_GOAL_OPPONENT_FIELD,policy,39.4,64.0,90,0,39.5,101.2,27,63,-36,4.1143,ctrl_us=+4.000,0.0,1,13,963.2
465,120.0,1,DESCORE_LEFT_LONG_GOAL_OPPONENT_FIELD,DESCORE_LEFT_LONG_GOAL_OPPONENT_FIELD,policy,115.6,39.1,270,0,,,27,63,-36,4.3143,ctrl_us=+4.000,0.0,0,13,963.4
466,120.0,0,DESCORE_LEFT_LONG_GOAL_OPPONENT_FIELD,DESCORE_LEFT_LONG_GOAL_OPPONENT_FIELD,policy,39.4,64.0,90,0,39.5,101.2,27,63,-36,4.1143,ctrl_us=+4.000,0.0,1,13,935.7
467,120.0,1,DESCORE_LEFT_LONG_GOAL_OPPONENT_FIELD,DESCORE_LEFT_LONG_GOAL_OPPONENT_FIELD,policy,115.6,39.1,270,0,,,27,63,-36,4.3143,ctrl_us=+4.000,0.0,0,13,935.8
468,120.0,0,DESCORE_LEFT_LONG_GOAL_OPPONENT_FIELD,DESCORE_LEFT_LONG_GOAL_OPPONENT_FIELD,policy,39.4,64.0,90,0,39.5,101.2,27,63,-36,4.1143,ctrl_us=+4.000,0.0,1,13,930.9
469,120.0,1,DESCORE_LEFT_LONG_GOAL_OPPONENT_FIELD,DESCORE_LEFT_LONG_GOAL_OPPONENT_FIELD,policy,115.6,39.1,270,0,,,27,63,-36,4.3143,ctrl_us=+4.000,0.0,0,13,931.0
470,120.0,0,DESCORE_LEFT_LONG_GOAL_OPPONENT_FIELD,DESCORE_LEFT_LONG_GOAL_OPPONENT_FIELD,policy,39.4,64.0,90,0,39.5,101.2,27,63,-36,4.1143,ctrl_us=+4.000,0.0,1,13,941.0
471,120.0,1,DESCORE_LEFT_LONG_GOAL_OPPONENT_FIELD,DESCORE_LEFT_LONG_GOAL_OPPONENT_FIELD,policy,115.6,39.1,270,0,,,27,63,-36,4.3143,ctrl_us=+4.000,0.0,0,13,941.2
472,120.0,0,DESCORE_LEFT_LONG_GOAL_OPPONENT_FIELD,DESCORE_LEFT_LONG_GOAL_OPPONENT_FIELD,policy,39.4,64.0,90,0,39.5,101.2,27,63,-36,4.1143,ctrl_us=+4.000,0.0,1,13,938.5
473,120.0,1,DESCORE_LEFT_LONG_GOAL_OPPONENT_FIELD,DESCORE_LEFT_LONG_GOAL_OPPONENT_FIELD,policy,115.6,39.1,270,0,,,27,63,-36,4.3143,ctrl_us=+4.000,0.0,0,13,938.6
474,120.0,0,DESCORE_LEFT_LONG_GOAL_OPPONENT_FIELD,DESCORE_LEFT_LONG_GOAL_OPPONENT_FIELD,policy,39.4,64.0,90,0,39.5,101.2,27,63,-36,4.1143,ctrl_us=+4.000,0.0,1,13,943.2
475,120.0,1,DESCORE_LEFT_LONG_GOAL_OPPONENT_FIELD,DESCORE_LEFT_LONG_GOAL_OPPONENT_FIELD,policy,115.6,39.1,270,0,,,27,63,-36,4.3143,ctrl_us=+4.000,0.0,0,13,943.4
476,120.0,0,DESCORE_LEFT_LONG_GOAL_OPPONENT_FIELD,DESCORE_LEFT_LONG_GOAL_OPPONENT_FIELD,policy,39.4,64.0,90,0,39.5,101.2,27,63,-36,4.1143,ctrl_us=+4.000,0.0,1,13,929.7
477,120.0,1,DESCORE_LEFT_LONG_GOAL_OPPONENT_FIELD,DESCORE_LEFT_LONG_GOAL_OPPONENT_FIELD,policy,115.6,39.1,270,0,,,27,63,-36,4.3143,ctrl_us=+4.000,0.0,0,13,929.9
478,120.0,0,DESCORE_LEFT_LONG_GOAL_OPPONENT_FIELD,DESCORE_LEFT_LONG_GOAL_OPPONENT_FIELD,policy,39.4,64.0,90,0,39.5,101.2,27,63,-36,4.1143,ctrl_us=+4.000,0.0,1,13,943.5
479,120.0,1,DESCORE_LEFT_LONG_GOAL_OPPONENT_FIELD,DESCORE_LEFT_LONG_GOAL_OPPONENT_FIELD,policy,115.6,39.1,270,0,,,27,63,-36,4.3143,ctrl_us=+4.000,0.0,0,13,943.6
480,120.0,0,DESCORE_LEFT_LONG_GOAL_OPPONENT_FIELD,DESCORE_LEFT_LONG_GOAL_OPPONENT_FIELD,policy,39.4,64.0,90,0,39.5,101.2,27,63,-36,4.1143,ctrl_us=+4.000,0.0,1,13,932.1
481,120.0,1,DESCORE_LEFT_LONG_GOAL_OPPONENT_FIELD,DESCORE_LEFT_LONG_GOAL_OPPONENT_FIELD,policy,115.6,39.1,270,0,,,27,63,-36,4.3143,ctrl_us=+4.000,0.0,0,13,932.2
482,120.0,0,DESCORE_LEFT_LONG_GOAL_OPPONENT_FIELD,DESCORE_LEFT_LONG_GOAL_OPPONENT_FIELD,policy,39.4,64.0,90,0,39.5,101.2,27,63,-36,4.1143,ctrl_us=+4.000,0.0,1,13,942.9
483,120.0,1,DESCORE_LEFT_LONG_GOAL_OPPONENT_FIELD,DESCORE_LEFT_LONG_GOAL_OPPONENT_FIELD,policy,115.6,39.1,270,0,,,27,63,-36,4.3143,ctrl_us=+4.000,0.0,0,13,943.1
484,120.0,0,DESCORE_LEFT_LONG_GOAL_OPPONENT_FIELD,DESCORE_LEFT_LONG_GOAL_OPPONENT_FIELD,policy,39.4,64.0,90,0,39.5,101.2,27,63,-36,4.1143,ctrl_us=+4.000,0.0,1,13,934.9
485,120.0,1,DESCORE_LEFT_LONG_GOAL_OPPONENT_FIELD,DESCORE_LEFT_LONG_GOAL_OPPONENT_FIELD,policy,115.6,39.1,270,0,,,27,63,-36,4.3143,ctrl_us=+4.000,0.0,0,13,935.0
486,120.0,0,DESCORE_LEFT_LONG_GOAL_OPPONENT_FIELD,DESCORE_LEFT_LONG_GOAL_OPPONENT_FIELD,policy,39.4,64.0,90,0,39.5,101.2,27,63,-36,4.1143,ctrl_us=+4.000,0.0,1,13,936.6
487,120.0,1,DESCORE_LEFT_LONG_GOAL_OPPONENT_FIELD,DESCORE_LEFT_LONG_GOAL_OPPONENT_FIELD,policy,115.6,39.1,270,0,,,27,63,-36,4.3143,ctrl_us=+4.000,0.0,0,13,936.7
488,120.0,0,DESCORE_LEFT_LONG_GOAL_OPPONENT_FIELD,DESCORE_LEFT_LONG_GOAL_OPPONENT_FIELD,policy,39.4,64.0,90,0,39.5,101.2,27,63,-36,4.1143,ctrl_us=+4.000,0.0,1,13,933.9
489,120.0,1,DESCORE_LEFT_LONG_GOAL_OPPONENT_FIELD,DESCORE_LEFT_LONG_GOAL_OPPONENT_FIELD,policy,115.6,39.1,270,0,,,27,63,-36,4.3143,ctrl_us=+4.000,0.0,0,13,934.1
490,120.0,0,DESCORE_LEFT_LONG_GOAL_OPPONENT_FIELD,DESCORE_LEFT_LONG_GOAL_OPPONENT_FIELD,policy,39.4,64.0,90,0,39.5,101.2,27,63,-36,4.1143,ctrl_us=+4.000,0.0,1,13,935.0
491,120.0,1,DESCORE_LEFT_LONG_GOAL_OPPONENT_FIELD,DESCORE_LEFT_LONG_GOAL_OPPONENT_FIELD,policy,115.6,39.1,270,0,,,27,63,-36,4.3143,ctrl_us=+4.000,0.0,0,13,935.1
492,120.0,0,DESCORE_LEFT_LONG_GOAL_OPPONENT_FIELD,DESCORE_LEFT_LONG_GOAL_OPPONENT_FIELD,policy,39.4,64.0,90,0,39.5,101.2,27,63,-36,4.1143,ctrl_us=+4.000,0.0,1,13,939.8
493,120.0,1,DESCORE_LEFT_LONG_GOAL_OPPONENT_FIELD,DESCORE_LEFT_LONG_GOAL_OPPONENT_FIELD,policy,115.6,39.1,270,0,,,27,63,-36,4.3143,ctrl_us=+4.000,0.0,0,13,939.9
494,120.0,0,DESCORE_LEFT_LONG_GOAL_OPPONENT_FIELD,DESCORE_LEFT_LONG_GOAL_OPPONENT_FIELD,policy,39.4,64.0,90,0,39.5,101.2,27,63,-36,4.1143,ctrl_us=+4.000,0.0,1,13,943.0
495,120.0,1,DESCORE_LEFT_LONG_GOAL_OPPONENT_FIELD,DESCORE_LEFT_LONG_GOAL_OPPONENT_FIELD,policy,115.6,39.1,270,0,,,27,63,-36,4.3143,ctrl_us=+4.000,0.0,0,13,943.1
496,120.0,0,DESCORE_LEFT_LONG_GOAL_OPPONENT_FIELD,DESCORE_LEFT_LONG_GOAL_OPPONENT_FIELD,policy,39.4,64.0,90,0,39.5,101.2,27,63,-36,4.1143,ctrl_us=+4.000,0.0,1,13,935.5
497,120.0,1,DESCORE_LEFT_LONG_GOAL_OPPONENT_FIELD,DESCORE_LEFT_LONG_GOAL_OPPONENT_FIELD,policy,115.6,39.1,270,0,,,27,63,-36,4.3143,ctrl_us=+4.000,0.0,0,13,935.7
498,120.0,0,DESCORE_LEFT_LONG_GOAL_OPPONENT_FIELD,DESCORE_LEFT_LONG_GOAL_OPPONENT_FIELD,policy,39.4,64.0,90,0,39.5,101.2,27,63,-36,4.1143,ctrl_us=+4.000,0.0,1,13,936.7
499,120.0,1,DESCORE_LEFT_LONG_GOAL_OPPONENT_FIELD,DESCORE_LEFT_LONG_GOAL_OPPONENT_FIELD,policy,115.6,39.1,270,0,,,27,63,-36,4.3143,ctrl_us=+4.000,0.0,0,13,936.9
500,120.0,0,DESCORE_LEFT_LONG_GOAL_OPPONENT_FIELD,DESCORE_LEFT_LONG_GOAL_OPPONENT_FIELD,policy,39.4,64.0,90,0,39.5,101.2,27,63,-36,4.1143,ctrl_us=+4.000,0.0,1,13,987.8
501,120.0,1,DESCORE_LEFT_LONG_GOAL_OPPONENT_FIELD,DESCORE_LEFT_LONG_GOAL_OPPONENT_FIELD,policy,115.6,39.1,270,0,,,27,63,-36,4.3143,ctrl_us=+4.000,0.0,0,13,987.9
502,120.0,0,DESCORE_LEFT_LONG_GOAL_OPPONENT_FIELD,DESCORE_LEFT_LONG_GOAL_OPPONENT_FIELD,policy,39.4,64.0,90,0,39.5,101.2,27,63,-36,4.1143,ctrl_us=+4.000,0.0,1,13,988.4
503,120.0,1,DESCORE_LEFT_LONG_GOAL_OPPONENT_FIELD,DESCORE_LEFT_LONG_GOAL_OPPONENT_FIELD,policy,115.6,39.1,270,0,,,27,63,-36,4.3143,ctrl_us=+4.000,0.0,0,13,988.5
504,120.0,0,DESCORE_LEFT_LONG_GOAL_OPPONENT_FIELD,DESCORE_LEFT_LONG_GOAL_OPPONENT_FIELD,policy,39.4,64.0,90,0,39.5,101.2,27,63,-36,4.1143,ctrl_us=+4.000,0.0,1,13,946.2
505,120.0,1,DESCORE_LEFT_LONG_GOAL_OPPONENT_FIELD,DESCORE_LEFT_LONG_GOAL_OPPONENT_FIELD,policy,115.6,39.1,270,0,,,27,63,-36,4.3143,ctrl_us=+4.000,0.0,0,13,946.4
506,120.0,0,DESCORE_LEFT_LONG_GOAL_OPPONENT_FIELD,DESCORE_LEFT_LONG_GOAL_OPPONENT_FIELD,policy,39.4,64.0,90,0,39.5,101.2,27,63,-36,4.1143,ctrl_us=+4.000,0.0,1,13,946.9
507,120.0,1,DESCORE_LEFT_LONG_GOAL_OPPONENT_FIELD,DESCORE_LEFT_LONG_GOAL_OPPONENT_FIELD,policy,115.6,39.1,270,0,,,27,63,-36,4.3143,ctrl_us=+4.000,0.0,0,13,947.0
508,120.0,0,DESCORE_LEFT_LONG_GOAL_OPPONENT_FIELD,DESCORE_LEFT_LONG_GOAL_OPPONENT_FIELD,policy,39.4,64.0,90,0,39.5,101.2,27,63,-36,4.1143,ctrl_us=+4.000,0.0,1,13,935.0
509,120.0,1,DESCORE_LEFT_LONG_GOAL_OPPONENT_FIELD,DESCORE_LEFT_LONG_GOAL_OPPONENT_FIELD,policy,115.6,39.1,270,0,,,27,63,-36,4.3143,ctrl_us=+4.000,0.0,0,13,935.1
510,120.0,0,DESCORE_LEFT_LONG_GOAL_OPPONENT_FIELD,DESCORE_LEFT_LONG_GOAL_OPPONENT_FIELD,policy,39.4,64.0,90,0,39.5,101.2,27,63,-36,4.1143,ctrl_us=+4.000,0.0,1,13,939.6
511,120.0,1,DESCORE_LEFT_LONG_GOAL_OPPONENT_FIELD,DESCORE_LEFT_LONG_GOAL_OPPONENT_FIELD,policy,115.6,39.1,270,0,,,27,63,-36,4.3143,ctrl_us=+4.000,0.0,0,13,939.8
512,120.0,0,DESCORE_LEFT_LONG_GOAL_OPPONENT_FIELD,DESCORE_LEFT_LONG_GOAL_OPPONENT_FIELD,policy,39.4,64.0,90,0,39.5,101.2,27,63,-36,4.1143,ctrl_us=+4.000,0.0,1,13,935.6
513,120.0,1,DESCORE_LEFT_LONG_GOAL_OPPONENT_FIELD,DESCORE_LEFT_LONG_GOAL_OPPONENT_FIELD,policy,115.6,39.1,270,0,,,27,63,-36,4.3143,ctrl_us=+4.000,0.0,0,13,935.8
514,120.0,0,DESCORE_LEFT_LONG_GOAL_OPPONENT_FIELD,DESCORE_LEFT_LONG_GOAL_OPPONENT_FIELD,policy,39.4,64.0,90,0,39.5,101.2,27,63,-36,4.1143,ctrl_us=+4.000,0.0,1,13,937.9
515,120.0,1,DESCORE_LEFT_LONG_GOAL_OPPONENT_FIELD,DESCORE_LEFT_LONG_GOAL_OPPONENT_FIELD,policy,115.6,39.1,270,0,,,27,63,-36,4.3143,ctrl_us=+4.000,0.0,0,13,938.0
516,120.0,0,DESCORE_LEFT_LONG_GOAL_OPPONENT_FIELD,DESCORE_LEFT_LONG_GOAL_OPPONENT_FIELD,policy,39.4,64.0,90,0,39.5,101.2,27,63,-36,4.1143,ctrl_us=+4.000,0.0,1,13,1007.9
517,120.0,1,DESCORE_LEFT_LONG_GOAL_OPPONENT_FIELD,DESCORE_LEFT_LONG_GOAL_OPPONENT_FIELD,policy,115.6,39.1,270,0,,,27,63,-36,4.3143,ctrl_us=+4.000,0.0,0,13,1008.0
518,120.0,0,DESCORE_LEFT_LONG_GOAL_OPPONENT_FIELD,DESCORE_LEFT_LONG_GOAL_OPPONENT_FIELD,policy,39.4,64.0,90,0,39.5,101.2,27,63,-36,4.1143,ctrl_us=+4.000,0.0,1,13,935.4
519,120.0,1,DESCORE_LEFT_LONG_GOAL_OPPONENT_FIELD,DESCORE_LEFT_LONG_GOAL_OPPONENT_FIELD,policy,115.6,39.1,270,0,,,27,63,-36,4.3143,ctrl_us=+4.000,0.0,0,13,935.6
520,120.0,0,DESCORE_LEFT_LONG_GOAL_OPPONENT_FIELD,DESCORE_LEFT_LONG_GOAL_OPPONENT_FIELD,policy,39.4,64.0,90,0,39.5,101.2,27,63,-36,4.1143,ctrl_us=+4.000,0.0,1,13,936.3
521,120.0,1,DESCORE_LEFT_LONG_GOAL_OPPONENT_FIELD,DESCORE_LEFT_LONG_GOAL_OPPONENT_FIELD,policy,115.6,39.1,270,0,,,27,63,-36,4.3143,ctrl_us=+4.000,0.0,0,13,936.5
522,120.0,0,DESCORE_LEFT_LONG_GOAL_OPPONENT_FIELD,DESCORE_LEFT_LONG_GOAL_OPPONENT_FIELD,policy,39.4,64.0,90,0,39.5,101.2,27,63,-36,4.1143,ctrl_us=+4.000,0.0,1,13,997.3
523,120.0,1,DESCORE_LEFT_LONG_GOAL_OPPONENT_FIELD,DESCORE_LEFT_LONG_GOAL_OPPONENT_FIELD,policy,115.6,39.1,270,0,,,27,63,-36,4.3143,ctrl_us=+4.000,0.0,0,13,997.4
524,120.0,0,DESCORE_LEFT_LONG_GOAL_OPPONENT_FIELD,DESCORE_LEFT_LONG_GOAL_OPPONENT_FIELD,policy,39.4,64.0,90,0,39.5,101.2,27,63,-36,4.1143,ctrl_us=+4.000,0.0,1,13,961.5
525,120.0,1,DESCORE_LEFT_LONG_GOAL_OPPONENT_FIELD,DESCORE_LEFT_LONG_GOAL_OPPONENT_FIELD,policy,115.6,39.1,270,0,,,27,63,-36,4.3143,ctrl_us=+4.000,0.0,0,13,961.6
526,120.0,0,DESCORE_LEFT_LONG_GOAL_OPPONENT_FIELD,DESCORE_LEFT_LONG_GOAL_OPPONENT_FIELD,policy,39.4,64.0,90,0,39.5,101.2,27,63,-36,4.1143,ctrl_us=+4.000,0.0,1,13,944.5
527,120.0,1,DESCORE_LEFT_LONG_GOAL_OPPONENT_FIELD,DESCORE_LEFT_LONG_GOAL_OPPONENT_FIELD,policy,115.6,39.1,270,0,,,27,63,-36,4.3143,ctrl_us=+4.000,0.0,0,13,944.6
528,120.0,0,DESCORE_LEFT_LONG_GOAL_OPPONENT_FIELD,DESCORE_LEFT_LONG_GOAL_OPPONENT_FIELD,policy,39.4,64.0,90,0,39.5,101.2,27,63,-36,4.1143,ctrl_us=+4.000,0.0,1,13,932.6
529,120.0,1,DESCORE_LEFT_LONG_GOAL_OPPONENT_FIELD,DESCORE_LEFT_LONG_GOAL_OPPONENT_FIELD,policy,115.6,39.1,270,0,,,27,63,-36,4.3143,ctrl_us=+4.000,0.0,0,13,932.8
530,120.0,0,DESCORE_LEFT_LONG_GOAL_OPPONENT_FIELD,DESCORE_LEFT_LONG_GOAL_OPPONENT_FIELD,policy,39.4,64.0,90,0,39.5,101.2,27,63,-36,4.1143,ctrl_us=+4.000,0.0,1,13,945.1
531,120.0,1,DESCORE_LEFT_LONG_GOAL_OPPONENT_FIELD,DESCORE_LEFT_LONG_GOAL_OPPONENT_FIELD,policy,115.6,39.1,270,0,,,27,63,-36,4.3143,ctrl_us=+4.000,0.0,0,13,945.2
532,120.0,0,DESCORE_LEFT_LONG_GOAL_OPPONENT_FIELD,DESCORE_LEFT_LONG_GOAL_OPPONENT_FIELD,policy,39.4,64.0,90,0,39.5,101.2,27,63,-36,4.1143,ctrl_us=+4.000,0.0,1,13,933.1
533,120.0,1,DESCORE_LEFT_LONG_GOAL_OPPONENT_FIELD,DESCORE_LEFT_LONG_GOAL_OPPONENT_FIELD,policy,115.6,39.1,270,0,,,27,63,-36,4.3143,ctrl_us=+4.000,0.0,0,13,933.2
534,120.0,0,DESCORE_LEFT_LONG_GOAL_OPPONENT_FIELD,DESCORE_LEFT_LONG_GOAL_OPPONENT_FIELD,policy,39.4,64.0,90,0,39.5,101.2,27,63,-36,4.1143,ctrl_us=+4.000,0.0,1,13,936.8
535,120.0,1,DESCORE_LEFT_LONG_GOAL_OPPONENT_FIELD,DESCORE_LEFT_LONG_GOAL_OPPONENT_FIELD,policy,115.6,39.1,270,0,,,27,63,-36,4.3143,ctrl_us=+4.000,0.0,0,13,936.9
536,120.0,0,DESCORE_LEFT_LONG_GOAL_OPPONENT_FIELD,DESCORE_LEFT_LONG_GOAL_OPPONENT_FIELD,policy,39.4,64.0,90,0,39.5,101.2,27,63,-36,4.1143,ctrl_us=+4.000,0.0,1,13,935.4
537,120.0,1,DESCORE_LEFT_LONG_GOAL_OPPONENT_FIELD,DESCORE_LEFT_LONG_GOAL_OPPONENT_FIELD,policy,115.6,39.1,270,0,,,27,63,-36,4.3143,ctrl_us=+4.000,0.0,0,13,935.5
538,120.0,0,DESCORE_LEFT_LONG_GOAL_OPPONENT_FIELD,DESCORE_LEFT_LONG_GOAL_OPPONENT_FIELD,policy,39.4,64.0,90,0,39.5,101.2,27,63,-36,4.1143,ctrl_us=+4.000,0.0,1,13,935.0
539,120.0,1,DESCORE_LEFT_LONG_GOAL_OPPONENT_FIELD,DESCORE_LEFT_LONG_GOAL_OPPONENT_FIELD,policy,115.6,39.1,270,0,,,27,63,-36,4.3143,ctrl_us=+4.000,0.0,0,13,935.2
540,120.0,0,DESCORE_LEFT_LONG_GOAL_OPPONENT_FIELD,DESCORE_LEFT_LONG_GOAL_OPPONENT_FIELD,policy,39.4,64.0,90,0,39.5,101.2,27,63,-36,4.1143,ctrl_us=+4.000,0.0,1,13,930.5
541,120.0,1,DESCORE_LEFT_LONG_GOAL_OPPONENT_FIELD,DESCORE_LEFT_LONG_GOAL_OPPONENT_FIELD,policy,115.6,39.1,270,0,,,27,63,-36,4.3143,ctrl_us=+4.000,0.0,0,13,930.7
542,120.0,0,DESCORE_LEFT_LONG_GOAL_OPPONENT_FIELD,DESCORE_LEFT_LONG_GOAL_OPPONENT_FIELD,policy,39.4,64.0,90,0,39.5,101.2,27,63,-36,4.1143,ctrl_us=+4.000,0.0,1,13,942.7
543,120.0,1,DESCORE_LEFT_LONG_GOAL_OPPONENT_FIELD,DESCORE_LEFT_LONG_GOAL_OPPONENT_FIELD,policy,115.6,39.1,270,0,,,27,63,-36,4.3143,ctrl_us=+4.000,0.0,0,13,942.9
544,120.0,0,DESCORE_LEFT_LONG_GOAL_OPPONENT_FIELD,DESCORE_LEFT_LONG_GOAL_OPPONENT_FIELD,policy,39.4,64.0,90,0,39.5,101.2,27,63,-36,4.1143,ctrl_us=+4.000,0.0,1,13,931.8
545,120.0,1,DESCORE_LEFT_LONG_GOAL_OPPONENT_FIELD,DESCORE_LEFT_LONG_GOAL_OPPONENT_FIELD,policy,115.6,39.1,270,0,,,27,63,-36,4.3143,ctrl_us=+4.000,0.0,0,13,931.9
546,120.0,0,DESCORE_LEFT_LONG_GOAL_OPPONENT_FIELD,DESCORE_LEFT_LONG_GOAL_OPPONENT_FIELD,policy,39.4,64.0,90,0,39.5,101.2,27,63,-36,4.1143,ctrl_us=+4.000,0.0,1,13,936.6
547,120.0,1,DESCORE_LEFT_LONG_GOAL_OPPONENT_FIELD,DESCORE_LEFT_LONG_GOAL_OPPONENT_FIELD,policy,115.6,39.1,270,0,,,27,63,-36,4.3143,ctrl_us=+4.000,0.0,0,13,936.7
548,120.0,0,DESCORE_LEFT_LONG_GOAL_OPPONENT_FIELD,DESCORE_LEFT_LONG_GOAL_OPPONENT_FIELD,policy,39.4,64.0,90,0,39.5,101.2,27,63,-36,4.1143,ctrl_us=+4.000,0.0,1,13,939.0
549,120.0,1,DESCORE_LEFT_LONG_GOAL_OPPONENT_FIELD,DESCORE_LEFT_LONG_GOAL_OPPONENT_FIELD,policy,115.6,39.1,270,0,,,27,63,-36,4.3143,ctrl_us=+4.000,0.0,0,13,939.1
550,120.0,0,DESCORE_LEFT_LONG_GOAL_OPPONENT_FIELD,DESCORE_LEFT_LONG_GOAL_OPPONENT_FIELD,policy,39.4,64.0,90,0,39.5,101.2,27,63,-36,4.1143,ctrl_us=+4.000,0.0,1,13,939.8
551,120.0,1,DESCORE_LEFT_LONG_GOAL_OPPONENT_FIELD,DESCORE_LEFT_LONG_GOAL_OPPONENT_FIELD,policy,115.6,39.1,270,0,,,27,63,-36,4.3143,ctrl_us=+4.000,0.0,0,13,939.9
552,120.0,0,DESCORE_LEFT_LONG_GOAL_OPPONENT_FIELD,DESCORE_LEFT_LONG_GOAL_OPPONENT_FIELD,policy,39.4,64.0,90,0,39.5,101.2,27,63,-36,4.1143,ctrl_us=+4.000,0.0,1,13,937.6
553,120.0,1,DESCORE_LEFT_LONG_GOAL_OPPONENT_FIELD,DESCORE_LEFT_LONG_GOAL_OPPONENT_FIELD,policy,115.6,39.1,270,0,,,27,63,-36,4.3143,ctrl_us=+4.000,0.0,0,13,937.7
554,120.0,0,DESCORE_LEFT_LONG_GOAL_OPPONENT_FIELD,DESCORE_LEFT_LONG_GOAL_OPPONENT_FIELD,policy,39.4,64.0,90,0,39.5,101.2,27,63,-36,4.1143,ctrl_us=+4.000,0.0,1,13,935.0
555,120.0,1,DESCORE_LEFT_LONG_GOAL_OPPONENT_FIELD,DESCORE_LEFT_LONG_GOAL_OPPONENT_FIELD,policy,115.6,39.1,270,0,,,27,63,-36,4.3143,ctrl_us=+4.000,0.0,0,13,935.2
556,120.0,0,DESCORE_LEFT_LONG_GOAL_OPPONENT_FIELD,DESCORE_LEFT_LONG_GOAL_OPPONENT_FIELD,policy,39.4,64.0,90,0,39.5,101.2,27,63,-36,4.1143,ctrl_us=+4.000,0.0,1,13,943.5
557,120.0,1,DESCORE_LEFT_LONG_GOAL_OPPONENT_FIELD,DESCORE_LEFT_LONG_GOAL_OPPONENT_FIELD,policy,115.6,39.1,270,0,,,27,63,-36,4.3143,ctrl_us=+4.000,0.0,0,13,943.6
558,120.0,0,DESCORE_LEFT_LONG_GOAL_OPPONENT_FIELD,DESCORE_LEFT_LONG_GOAL_OPPONENT_FIELD,policy,39.4,64.0,90,0,39.5,101.2,27,63,-36,4.1143,ctrl_us=+4.000,0.0,1,13,944.5
559,120.0,1,DESCORE_LEFT_LONG_GOAL_OPPONENT_FIELD,DESCORE_LEFT_LONG_GOAL_OPPONENT_FIELD,policy,115.6,39.1,270,0,,,27,63,-36,4.3143,ctrl_us=+4.000,0.0,0,13,944.6
560,120.0,0,DESCORE_LEFT_LONG_GOAL_OPPONENT_FIELD,DESCORE_LEFT_LONG_GOAL_OPPONENT_FIELD,policy,39.4,64.0,90,0,39.5,101.2,27,63,-36,4.1143,ctrl_us=+4.000,0.0,1,13,940.5
561,120.0,1,DESCORE_LEFT_LONG_GOAL_OPPONENT_FIELD,DESCORE_LEFT_LONG_GOAL_OPPONENT_FIELD,policy,115.6,39.1,270,0,,,27,63,-36,4.3143,ctrl_us=+4.000,0.0,0,13,940.7
562,120.0,0,DESCORE_LEFT_LONG_GOAL_OPPONENT_FIELD,DESCORE_LEFT_LONG_GOAL_OPPONENT_FIELD,policy,39.4,64.0,90,0,39.5,101.2,27,63,-36,4.1143,ctrl_us=+4.000,0.0,1,13,941.2
563,120.0,1,DESCORE_LEFT_LONG_GOAL_OPPONENT_FIELD,DESCORE_LEFT_LONG_GOAL_OPPONENT_FIELD,policy,115.6,39.1,270,0,,,27,63,-36,4.3143,ctrl_us=+4.000,0.0,0,13,941.3
564,120.0,0,DESCORE_LEFT_LONG_GOAL_OPPONENT_FIELD,DESCORE_LEFT_LONG_GOAL_OPPONENT_FIELD,policy,39.4,64.0,90,0,39.5,101.2,27,63,-36,4.1143,ctrl_us=+4.000,0.0,1,13,1010.5
565,120.0,1,DESCORE_LEFT_LONG_GOAL_OPPONENT_FIELD,DESCORE_LEFT_LONG_GOAL_OPPONENT_FIELD,policy,115.6,39.1,270,0,,,27,63,-36,4.3143,ctrl_us=+4.000,0.0,0,13,1010.6
566,120.0,0,DESCORE_LEFT_LONG_GOAL_OPPONENT_FIELD,DESCORE_LEFT_LONG_GOAL_OPPONENT_FIELD,policy,39.4,64.0,90,0,39.5,101.2,27,63,-36,4.1143,ctrl_us=+4.000,0.0,1,13,991.8
567,120.0,1,DESCORE_LEFT_LONG_GOAL_OPPONENT_FIELD,DESCORE_LEFT_LONG_GOAL_OPPONENT_FIELD,policy,115.6,39.1,270,0,,,27,63,-36,4.3143,ctrl_us=+4.000,0.0,0,13,991.9
568,120.0,0,DESCORE_LEFT_LONG_GOAL_OPPONENT_FIELD,DESCORE_LEFT_LONG_GOAL_OPPONENT_FIELD,policy,39.4,64.0,90,0,39.5,101.2,27,63,-36,4.1143,ctrl_us=+4.000,0.0,1,13,933.3
569,120.0,1,DESCORE_LEFT_LONG_GOAL_OPPONENT_FIELD,DESCORE_LEFT_LONG_GOAL_OPPONENT_FIELD,policy,115.6,39.1,270,0,,,27,63,-36,4.3143,ctrl_us=+4.000,0.0,0,13,933.4
570,120.0,0,DESCORE_LEFT_LONG_GOAL_OPPONENT_FIELD,DESCORE_LEFT_LONG_GOAL_OPPONENT_FIELD,policy,39.4,64.0,90,0,39.5,101.2,27,63,-36,4.1143,ctrl_us=+4.000,0.0,1,13,935.9
571,120.0,1,DESCORE_LEFT_LONG_GOAL_OPPONENT_FIELD,DESCORE_LEFT_LONG_GOAL_OPPONENT_FIELD,policy,115.6,39.1,270,0,,,27,63,-36,4.3143,ctrl_us=+4.000,0.0,0,13,936.0
572,120.0,0,DESCORE_LEFT_LONG_GOAL_OPPONENT_FIELD,DESCORE_LEFT_LONG_GOAL_OPPONENT_FIELD,policy,39.4,64.0,90,0,39.5,101.2,27,63,-36,4.1143,ctrl_us=+4.000,0.0,1,13,937.5
573,120.0,1,DESCORE_LEFT_LONG_GOAL_OPPONENT_FIELD,DESCORE_LEFT_LONG_GOAL_OPPONENT_FIELD,policy,115.6,39.1,270,0,,,27,63,-36,4.3143,ctrl_us=+4.000,0.0,0,13,937.6
574,120.0,0,DESCORE_LEFT_LONG_GOAL_OPPONENT_FIELD,DESCORE_LEFT_LONG_GOAL_OPPONENT_FIELD,policy,39.4,64.0,90,0,39.5,101.2,27,63,-36,4.1143,ctrl_us=+4.000,0.0,1,13,937.3
575,120.0,1,DESCORE_LEFT_LONG_GOAL_OPPONENT_FIELD,DESCORE_LEFT_LONG_GOAL_OPPONENT_FIELD,policy,115.6,39.1,270,0,,,27,63,-36,4.3143,ctrl_us=+4.000,0.0,0,13,937.5
576,120.0,0,DESCORE_LEFT_LONG_GOAL_OPPONENT_FIELD,DESCORE_LEFT_LONG_GOAL_OPPONENT_FIELD,policy,39.4,64.0,90,0,39.5,101.2,27,63,-36,4.1143,ctrl_us=+4.000,0.0,1,13,942.1
577,120.0,1,DESCORE_LEFT_LONG_GOAL_OPPONENT_FIELD,DESCORE_LEFT_LONG_GOAL_OPPONENT_FIELD,policy,115.6,39.1,270,0,,,27,63,-36,4.3143,ctrl_us=+4.000,0.0,0,13,942.2
578,120.0,0,DESCORE_LEFT_LONG_GOAL_OPPONENT_FIELD,DESCORE_LEFT_LONG_GOAL_OPPONENT_FIELD,policy,39.4,64.0,90,0,39.5,101.2,27,63,-36,4.1143,ctrl_us=+4.000,0.0,1,13,960.3
579,120.0,1,DESCORE_LEFT_LONG_GOAL_OPPONENT_FIELD,DESCORE_LEFT_LONG_GOAL_OPPONENT_FIELD,policy,115.6,39.1,270,0,,,27,63,-36,4.3143,ctrl_us=+4.000,0.0,0,13,960.5
580,120.0,0,DESCORE_LEFT_LONG_GOAL_OPPONENT_FIELD,DESCORE_LEFT_LONG_GOAL_OPPONENT_FIELD,policy,39.4,64.0,90,0,39.5,101.2,27,63,-36,4.1143,ctrl_us=+4.000,0.0,1,13,974.6
581,120.0,1,DESCORE_LEFT_LONG_GOAL_OPPONENT_FIELD,DESCORE_LEFT_LONG_GOAL_OPPONENT_FIELD,policy,115.6,39.1,270,0,,,27,63,-36,4.3143,ctrl_us=+4.000,0.0,0,13,974.7
582,120.0,0,DESCORE_LEFT_LONG_GOAL_OPPONENT_FIELD,DESCORE_LEFT_LONG_GOAL_OPPONENT_FIELD,policy,39.4,64.0,90,0,39.5,101.2,27,63,-36,4.1143,ctrl_us=+4.000,0.0,1,13,946.0
583,120.0,1,DESCORE_LEFT_LONG_GOAL_OPPONENT_FIELD,DESCORE_LEFT_LONG_GOAL_OPPONENT_FIELD,policy,115.6,39.1,270,0,,,27,63,-36,4.3143,ctrl_us=+4.000,0.0,0,13,946.2
584,120.0,0,DESCORE_LEFT_LONG_GOAL_OPPONENT_FIELD,DESCORE_LEFT_LONG_GOAL_OPPONENT_FIELD,policy,39.4,64.0,90,0,39.5,101.2,27,63,-36,4.1143,ctrl_us=+4.000,0.0,1,13,943.5
585,120.0,1,DESCORE_LEFT_LONG_GOAL_OPPONENT_FIELD,DESCORE_LEFT_LONG_GOAL_OPPONENT_FIELD,policy,115.6,39.1,270,0,,,27,63,-36,4.3143,ctrl_us=+4.000,0.0,0,13,943.7
586,120.0,0,DESCORE_LEFT_LONG_GOAL_OPPONENT_FIELD,DESCORE_LEFT_LONG_GOAL_OPPONENT_FIELD,policy,39.4,64.0,90,0,39.5,101.2,27,63,-36,4.1143,ctrl_us=+4.000,0.0,1,13,939.4
587,120.0,1,DESCORE_LEFT_LONG_GOAL_OPPONENT_FIELD,DESCORE_LEFT_LONG_GOAL_OPPONENT_FIELD,policy,115.6,39.1,270,0,,,27,63,-36,4.3143,ctrl_us=+4.000,0.0,0,13,939.6
588,120.0,0,DESCORE_LEFT_LONG_GOAL_OPPONENT_FIELD,DESCORE_LEFT_LONG_GOAL_OPPONENT_FIELD,policy,39.4,64.0,90,0,39.5,101.2,27,63,-36,4.1143,ctrl_us=+4.000,0.0,1,13,941.4
589,120.0,1,DESCORE_LEFT_LONG_GOAL_OPPONENT_FIELD,DESCORE_LEFT_LONG_GOAL_OPPONENT_FIELD,policy,115.6,39.1,270,0,,,27,63,-36,4.3143,ctrl_us=+4.000,0.0,0,13,941.6
590,120.0,0,DESCORE_LEFT_LONG_GOAL_OPPONENT_FIELD,DESCORE_LEFT_LONG_GOAL_OPPONENT_FIELD,policy,39.4,64.0,90,0,39.5,101.2,27,63,-36,4.1143,ctrl_us=+4.000,0.0,1,13,936.1
591,120.0,1,DESCORE_LEFT_LONG_GOAL_OPPONENT_FIELD,DESCORE_LEFT_LONG_GOAL_OPPONENT_FIELD,policy,115.6,39.1,270,0,,,27,63,-36,4.3143,ctrl_us=+4.000,0.0,0,13,936.3
592,120.0,0,DESCORE_LEFT_LONG_GOAL_OPPONENT_FIELD,DESCORE_LEFT_LONG_GOAL_OPPONENT_FIELD,policy,39.4,64.0,90,0,39.5,101.2,27,63,-36,4.1143,ctrl_us=+4.000,0.0,1,13,941.9
593,120.0,1,DESCORE_LEFT_LONG_GOAL_OPPONENT_FIELD,DESCORE_LEFT_LONG_GOAL_OPPONENT_FIELD,policy,115.6,39.1,270,0,,,27,63,-36,4.3143,ctrl_us=+4.000,0.0,0,13,942.1
594,120.0,0,DESCORE_LEFT_LONG_GOAL_OPPONENT_FIELD,DESCORE_LEFT_LONG_GOAL_OPPONENT_FIELD,policy,39.4,64.0,90,0,39.5,101.2,27,63,-36,4.1143,ctrl_us=+4.000,0.0,1,13,931.8
595,120.0,1,DESCORE_LEFT_LONG_GOAL_OPPONENT_FIELD,DESCORE_LEFT_LONG_GOAL_OPPONENT_FIELD,policy,115.6,39.1,270,0,,,27,63,-36,4.3143,ctrl_us=+4.000,0.0,0,13,931.9
596,120.0,0,DESCORE_LEFT_LONG_GOAL_OPPONENT_FIELD,DESCORE_LEFT_LONG_GOAL_OPPONENT_FIELD,policy,39.4,64.0,90,0,39.5,101.2,27,63,-36,4.1143,ctrl_us=+4.000,0.0,1,13,931.4
597,120.0,1,DESCORE_LEFT_LONG_GOAL_OPPONENT_FIELD,DESCORE_LEFT_LONG_GOAL_OPPONENT_FIELD,policy,115.6,39.1,270,0,,,27,63,-36,4.3143,ctrl_us=+4.000,0.0,0,13,931.5
598,120.0,0,DESCORE_LEFT_LONG_GOAL_OPPONENT_FIELD,DESCORE_LEFT_LONG_GOAL_OPPONENT_FIELD,policy,39.4,64.0,90,0,39.5,101.2,27,63,-36,4.1143,ctrl_us=+4.000,0.0,1,13,936.5
599,120.0,1,DESCORE_LEFT_LONG_GOAL_OPPONENT_FIELD,DESCORE_LEFT_LONG_GOAL_OPPONENT_FIELD,policy,115.6,39.1,270,0,,,27,63,-36,4.3143,ctrl_us=+4.000,0.0,0,13,936.7
600,120.0,0,DESCORE_LEFT_LONG_GOAL_OPPONENT_FIELD,DESCORE_LEFT_LONG_GOAL_OPPONENT_FIELD,policy,39.4,64.0,90,0,39.5,101.2,27,63,-36,4.1143,ctrl_us=+4.000,0.0,1,13,933.5
601,120.0,1,DESCORE_LEFT_LONG_GOAL_OPPONENT_FIELD,DESCORE_LEFT_LONG_GOAL_OPPONENT_FIELD,policy,115.6,39.1,270,0,,,27,63,-36,4.3143,ctrl_us=+4.000,0.0,0,13,933.6
602,120.0,0,DESCORE_LEFT_LONG_GOAL_OPPONENT_FIELD,DESCORE_LEFT_LONG_GOAL_OPPONENT_FIELD,policy,39.4,64.0,90,0,39.5,101.2,27,63,-36,4.1143,ctrl_us=+4.000,0.0,1,13,929.6
603,120.0,1,DESCORE_LEFT_LONG_GOAL_OPPONENT_FIELD,DESCORE_LEFT_LONG_GOAL_OPPONENT_FIELD,policy,115.6,39.1,270,0,,,27,63,-36,4.3143,ctrl_us=+4.000,0.0,0,13,929.7
604,120.0,0,DESCORE_LEFT_LONG_GOAL_OPPONENT_FIELD,DESCORE_LEFT_LONG_GOAL_OPPONENT_FIELD,policy,39.4,64.0,90,0,39.5,101.2,27,63,-36,4.1143,ctrl_us=+4.000,0.0,1,13,937.8
605,120.0,1,DESCORE_LEFT_LONG_GOAL_OPPONENT_FIELD,DESCORE_LEFT_LONG_GOAL_OPPONENT_FIELD,policy,115.6,39.1,270,0,,,27,63,-36,4.3143,ctrl_us=+4.000,0.0,0,13,937.9
606,120.0,0,DESCORE_LEFT_LONG_GOAL_OPPONENT_FIELD,DESCORE_LEFT_LONG_GOAL_OPPONENT_FIELD,policy,39.4,64.0,90,0,39.5,101.2,27,63,-36,4.1143,ctrl_us=+4.000,0.0,1,13,935.9
607,120.0,1,DESCORE_LEFT_LONG_GOAL_OPPONENT_FIELD,DESCORE_LEFT_LONG_GOAL_OPPONENT_FIELD,policy,115.6,39.1,270,0,,,27,63,-36,4.3143,ctrl_us=+4.000,0.0,0,13,936.0
608,120.0,0,DESCORE_LEFT_LONG_GOAL_OPPONENT_FIELD,DESCORE_LEFT_LONG_GOAL_OPPONENT_FIELD,policy,39.4,64.0,90,0,39.5,101.2,27,63,-36,4.1143,ctrl_us=+4.000,0.0,1,13,948.2
609,120.0,1,DESCORE_LEFT_LONG_GOAL_OPPONENT_FIELD,DESCORE_LEFT_LONG_GOAL_OPPONENT_FIELD,policy,115.6,39.1,270,0,,,27,63,-36,4.3143,ctrl_us=+4.000,0.0,0,13,948.3
610,120.0,0,DESCORE_LEFT_LONG_GOAL_OPPONENT_FIELD,DESCORE_LEFT_LONG_GOAL_OPPONENT_FIELD,policy,39.4,64.0,90,0,39.5,101.2,27,63,-36,4.1143,ctrl_us=+4.000,0.0,1,13,939.5
611,120.0,1,DESCORE_LEFT_LONG_GOAL_OPPONENT_FIELD,DESCORE_LEFT_LONG_GOAL_OPPONENT_FIELD,policy,115.6,39.1,270,0,,,27,63,-36,4.3143,ctrl_us=+4.000,0.0,0,13,939.7
612,120.0,0,DESCORE_LEFT_LONG_GOAL_OPPONENT_FIELD,DESCORE_LEFT_LONG_GOAL_OPPONENT_FIELD,policy,39.4,64.0,90,0,39.5,101.2,27,63,-36,4.1143,ctrl_us=+4.000,0.0,1,13,939.9
613,120.0,1,DESCORE_LEFT_LONG_GOAL_OPPONENT_FIELD,DESCORE_LEFT_LONG_GOAL_OPPONENT_FIELD,policy,115.6,39.1,270,0,,,27,63,-36,4.3143,ctrl_us=+4.000,0.0,0,13,940.0
614,120.0,0,DESCORE_LEFT_LONG_GOAL_OPPONENT_FIELD,DESCORE_LEFT_LONG_GOAL_OPPONENT_FIELD,policy,39.4,64.0,90,0,39.5,101.2,27,63,-36,4.1143,ctrl_us=+4.000,0.0,1,13,936.8
615,120.0,1,DESCORE_LEFT_LONG_GOAL_OPPONENT_FIELD,DESCORE_LEFT_LONG_GOAL_OPPONENT_FIELD,policy,115.6,39.1,270,0,,,27,63,-36,4.3143,ctrl_us=+4.000,0.0,0,13,936.9
616,120.0,0,DESCORE_LEFT_LONG_GOAL_OPPONENT_FIELD,DESCORE_LEFT_LONG_GOAL_OPPONENT_FIELD,policy,39.4,64.0,90,0,39.5,101.2,27,63,-36,4.1143,ctrl_us=+4.000,0.0,1,13,935.1
617,120.0,1,DESCORE_LEFT_LONG_GOAL_OPPONENT_FIELD,DESCORE_LEFT_LONG_GOAL_OPPONENT_FIELD,policy,115.6,39.1,270,0,,,27,63,-36,4.3143,ctrl_us=+4.000,0.0,0,13,935.2
618,120.0,0,DESCORE_LEFT_LONG_GOAL_OPPONENT_FIELD,DESCORE_LEFT_LONG_GOAL_OPPONENT_FIELD,policy,39.4,64.0,90,0,39.5,101.2,27,63,-36,4.1143,ctrl_us=+4.000,0.0,1,13,931.6
619,120.0,1,DESCORE_LEFT_LONG_GOAL_OPPONENT_FIELD,DESCORE_LEFT_LONG_GOAL_OPPONENT_FIELD,policy,115.6,39.1,270,0,,,27,63,-36,4.3143,ctrl_us=+4.000,0.0,0,13,931.7
620,120.0,0,DESCORE_LEFT_LONG_GOAL_OPPONENT_FIELD,DESCORE_LEFT_LONG_GOAL_OPPONENT_FIELD,policy,39.4,64.0,90,0,39.5,101.2,27,63,-36,4.1143,ctrl_us=+4.000,0.0,1,13,935.8
621,120.0,1,DESCORE_LEFT_LONG_GOAL_OPPONENT_FIELD,DESCORE_LEFT_LONG_GOAL_OPPONENT_FIELD,policy,115.6,39.1,270,0,,,27,63,-36,4.3143,ctrl_us=+4.000,0.0,0,13,935.9
622,120.0,0,DESCORE_LEFT_LONG_GOAL_OPPONENT_FIELD,DESCORE_LEFT_LONG_GOAL_OPPONENT_FIELD,policy,39.4,64.0,90,0,39.5,101.2,27,63,-36,4.1143,ctrl_us=+4.000,0.0,1,13,937.8
623,120.0,1,DESCORE_LEFT_LONG_GOAL_OPPONENT_FIELD,DESCORE_LEFT_LONG_GOAL_OPPONENT_FIELD,policy,115.6,39.1,270,0,,,27,63,-36,4.3143,ctrl_us=+4.000,0.0,0,13,937.9
624,120.0,0,DESCORE_LEFT_LONG_GOAL_OPPONENT_FIELD,DESCORE_LEFT_LONG_GOAL_OPPONENT_FIELD,policy,39.4,64.0,90,0,39.5,101.2,27,63,-36,4.1143,ctrl_us=+4.000,0.0,1,13,947.0
625,120.0,1,DESCORE_LEFT_LONG_GOAL_OPPONENT_FIELD,DESCORE_LEFT_LONG_GOAL_OPPONENT_FIELD,policy,115.6,39.1,270,0,,,27,63,-36,4.3143,ctrl_us=+4.000,0.0,0,13,947.2
626,120.0,0,DESCORE_LEFT_LONG_GOAL_OPPONENT_FIELD,DESCORE_LEFT_LONG_GOAL_OPPONENT_FIELD,policy,39.4,64.0,90,0,39.5,101.2,27,63,-36,4.1143,ctrl_us=+4.000,0.0,1,13,936.4
627,120.0,1,DESCORE_LEFT_LONG_GOAL_OPPONENT_FIELD,DESCORE_LEFT_LONG_GOAL_OPPONENT_FIELD,policy,115.6,39.1,270,0,,,27,63,-36,4.3143,ctrl_us=+4.000,0.0,0,13,936.5
628,120.0,0,DESCORE_LEFT_LONG_GOAL_OPPONENT_FIELD,DESCORE_LEFT_LONG_GOAL_OPPONENT_FIELD,policy,39.4,64.0,90,0,39.5,101.2,27,63,-36,4.1143,ctrl_us=+4.000,0.0,1,13,942.7
629,120.0,1,DESCORE_LEFT_LONG_GOAL_OPPONENT_FIELD,DESCORE_LEFT_LONG_GOAL_OPPONENT_FIELD,policy,115.6,39.1,270,0,,,27,63,-36,4.3143,ctrl_us=+4.000,0.0,0,13,942.8
630,120.0,0,DESCORE_LEFT_LONG_GOAL_OPPONENT_FIELD,DESCORE_LEFT_LONG_GOAL_OPPONENT_FIELD,policy,39.4,64.0,90,0,39.5,101.2,27,63,-36,4.1143,ctrl_us=+4.000,0.0,1,13,941.1
631,120.0,1,DESCORE_LEFT_LONG_GOAL_OPPONENT_FIELD,DESCORE_LEFT_LONG_GOAL_OPPONENT_FIELD,policy,115.6,39.1,270,0,,,27,63,-36,4.3143,ctrl_us=+4.000,0.0,0,13,941.2
632,120.0,0,DESCORE_LEFT_LONG_GOAL_OPPONENT_FIELD,DESCORE_LEFT_LONG_GOAL_OPPONENT_FIELD,policy,39.4,64.0,90,0,39.5,101.2,27,63,-36,4.1143,ctrl_us=+4.000,0.0,1,13,1008.4
633,120.0,1,DESCORE_LEFT_LONG_GOAL_OPPONENT_FIELD,DESCORE_LEFT_LONG_GOAL_OPPONENT_FIELD,policy,115.6,39.1,270,0,,,27,63,-36,4.3143,ctrl_us=+4.000,0.0,0,13,1008.5
634,120.0,0,DESCORE_LEFT_LONG_GOAL_OPPONENT_FIELD,DESCORE_LEFT_LONG_GOAL_OPPONENT_FIELD,policy,39.4,64.0,90,0,39.5,101.2,27,63,-36,4.1143,ctrl_us=+4.000,0.0,1,13,964.1
635,120.0,1,DESCORE_LEFT_LONG_GOAL_OPPONENT_FIELD,DESCORE_LEFT_LONG_GOAL_OPPONENT_FIELD,policy,115.6,39.1,270,0,,,27,63,-36,4.3143,ctrl_us=+4.000,0.0,0,13,964.3
636,120.0,0,DESCORE_LEFT_LONG_GOAL_OPPONENT_FIELD,DESCORE_LEFT_LONG_GOAL_OPPONENT_FIELD,policy,39.4,64.0,90,0,39.5,101.2,27,63,-36,4.1143,ctrl_us=+4.000,0.0,1,13,938.1
637,120.0,1,DESCORE_LEFT_LONG_GOAL_OPPONENT_FIELD,DESCORE_LEFT_LONG_GOAL_OPPONENT_FIELD,policy,115.6,39.1,270,0,,,27,63,-36,4.3143,ctrl_us=+4.000,0.0,0,13,938.3
638,120.0,0,DESCORE_LEFT_LONG_GOAL_OPPONENT_FIELD,DESCORE_LEFT_LONG_GOAL_OPPONENT_FIELD,policy,39.4,64.0,90,0,39.5,101.2,27,63,-36,4.1143,ctrl_us=+4.000,0.0,1,13,943.4
639,120.0,1,DESCORE_LEFT_LONG_GOAL_OPPONENT_FIELD,DESCORE_LEFT_LONG_GOAL_OPPONENT_FIELD,policy,115.6,39.1,270,0,,,27,63,-36,4.3143,ctrl_us=+4.000,0.0,0,13,943.5
640,120.0,0,DESCORE_LEFT_LONG_GOAL_OPPONENT_FIELD,DESCORE_LEFT_LONG_GOAL_OPPONENT_FIELD,policy,39.4,64.0,90,0,39.5,101.2,27,63,-36,4.1143,ctrl_us=+4.000,0.0,1,13,936.3
641,120.0,1,DESCORE_LEFT_LONG_GOAL_OPPONENT_FIELD,DESCORE_LEFT_LONG_GOAL_OPPONENT_FIELD,policy,115.6,39.1,270,0,,,27,63,-36,4.3143,ctrl_us=+4.000,0.0,0,13,936.4
642,120.0,0,DESCORE_LEFT_LONG_GOAL_OPPONENT_FIELD,DESCORE_LEFT_LONG_GOAL_OPPONENT_FIELD,policy,39.4,64.0,90,0,39.5,101.2,27,63,-36,4.1143,ctrl_us=+4.000,0.0,1,13,944.2
643,120.0,1,DESCORE_LEFT_LONG_GOAL_OPPONENT_FIELD,DESCORE_LEFT_LONG_GOAL_OPPONENT_FIELD,policy,115.6,39.1,270,0,,,27,63,-36,4.3143,ctrl_us=+4.000,0.0,0,13,944.3
644,120.0,0,DESCORE_LEFT_LONG_GOAL_OPPONENT_FIELD,DESCORE_LEFT_LONG_GOAL_OPPONENT_FIELD,policy,39.4,64.0,90,0,39.5,101.2,27,63,-36,4.1143,ctrl_us=+4.000,0.0,1,13,935.1
645,120.0,1,DESCORE_LEFT_LONG_GOAL_OPPONENT_FIELD,DESCORE_LEFT_LONG_GOAL_OPPONENT_FIELD,policy,115.6,39.1,270,0,,,27,63,-36,4.3143,ctrl_us=+4.000,0.0,0,13,935.2
646,120.0,0,DESCORE_LEFT_LONG_GOAL_OPPONENT_FIELD,DESCORE_LEFT_LONG_GOAL_OPPONENT_FIELD,policy,39.4,64.0,90,0,39.5,101.2,27,63,-36,4.1143,ctrl_us=+4.000,0.0,1,13,937.6
647,120.0,1,DESCORE_LEFT_LONG_GOAL_OPPONENT_FIELD,DESCORE_LEFT_LONG_GOAL_OPPONENT_FIELD,policy,115.6,39.1,270,0,,,27,63,-36,4.3143,ctrl_us=+4.000,0.0,0,13,937.7
648,120.0,0,DESCORE_LEFT_LONG_GOAL_OPPONENT_FIELD,DESCORE_LEFT_LONG_GOAL_OPPONENT_FIELD,policy,39.4,64.0,90,0,39.5,101.2,27,63,-36,4.1143,ctrl_us=+4.000,0.0,1,13,941.2
649,120.0,1,DESCORE_LEFT_LONG_GOAL_OPPONENT_FIELD,DESCORE_LEFT_LONG_GOAL_OPPONENT_FIELD,policy,115.6,39.1,270,0,,,27,63,-36,4.3143,ctrl_us=+4.000,0.0,0,13,941.3
650,120.0,0,DESCORE_LEFT_LONG_GOAL_OPPONENT_FIELD,DESCORE_LEFT_LONG_GOAL_OPPONENT_FIELD,policy,39.4,64.0,90,0,39.5,101.2,27,63,-36,4.1143,ctrl_us=+4.000,0.0,1,13,935.7
651,120.0,1,DESCORE_LEFT_LONG_GOAL_OPPONENT_FIELD,DESCORE_LEFT_LONG_GOAL_OPPONENT_FIELD,policy,115.6,39.1,270,0,,,27,63,-36,4.3143,ctrl_us=+4.000,0.0,0,13,935.8
652,120.0,0,DESCORE_LEFT_LONG_GOAL_OPPONENT_FIELD,DESCORE_LEFT_LONG_GOAL_OPPONENT_FIELD,policy,39.4,64.0,90,0,39.5,101.2,27,63,-36,4.1143,ctrl_us=+4.000,0.0,1,13,938.2
653,120.0,1,DESCORE_LEFT_LONG_GOAL_OPPONENT_FIELD,DESCORE_LEFT_LONG_GOAL_OPPONENT_FIELD,policy,115.6,39.1,270,0,,,27,63,-36,4.3143,ctrl_us=+4.000,0.0,0,13,938.3
654,120.0,0,DESCORE_LEFT_LONG_GOAL_OPPONENT_FIELD,DESCORE_LEFT_LONG_GOAL_OPPONENT_FIELD,policy,39.4,64.0,90,0,39.5,101.2,27,63,-36,4.1143,ctrl_us=+4.000,0.0,1,13,936.1
655,120.0,1,DESCORE_LEFT_LONG_GOAL_OPPONENT_FIELD,DESCORE_LEFT_LONG_GOAL_OPPONENT_FIELD,policy,115.6,39.1,270,0,,,27,63,-36,4.3143,ctrl_us=+4.000,0.0,0,13,936.3
656,120.0,0,DESCORE_LEFT_LONG_GOAL_OPPONENT_FIELD,DESCORE_LEFT_LONG_GOAL_OPPONENT_FIELD,policy,39.4,64.0,90,0,39.5,101.2,27,63,-36,4.1143,ctrl_us=+4.000,0.0,1,13,960.5
657,120.0,1,DESCORE_LEFT_LONG_GOAL_OPPONENT_FIELD,DESCORE_LEFT_LONG_GOAL_OPPONENT_FIELD,policy,115.6,39.1,270,0,,,27,63,-36,4.3143,ctrl_us=+4.000,0.0,0,13,960.6
658,120.0,0,DESCORE_LEFT_LONG_GOAL_OPPONENT_FIELD,DESCORE_LEFT_LONG_GOAL_OPPONENT_FIELD,policy,39.4,64.0,90,0,39.5,101.2,27,63,-36,4.1143,ctrl_us=+4.000,0.0,1,13,957.8
659,120.0,1,DESCORE_LEFT_LONG_GOAL_OPPONENT_FIELD,DESCORE_LEFT_LONG_GOAL_OPPONENT_FIELD,policy,115.6,39.1,270,0,,,27,63,-36,4.3143,ctrl_us=+4.000,0.0,0,13,958.0
660,120.0,0,DESCORE_LEFT_LONG_GOAL_OPPONENT_FIELD,DESCORE_LEFT_LONG_GOAL_OPPONENT_FIELD,policy,39.4,64.0,90,0,39.5,101.2,27,63,-36,4.1143,ctrl_us=+4.000,0.0,1,13,947.9
661,120.0,1,DESCORE_LEFT_LONG_GOAL_OPPONENT_FIELD,DESCORE_LEFT_LONG_GOAL_OPPONENT_FIELD,policy,115.6,39.1,270,0,,,27,63,-36,4.3143,ctrl_us=+4.000,0.0,0,13,948.0
662,120.0,0,DESCORE_LEFT_LONG_GOAL_OPPONENT_FIELD,DESCORE_LEFT_LONG_GOAL_OPPONENT_FIELD,policy,39.4,64.0,90,0,39.5,101.2,27,63,-36,4.1143,ctrl_us=+4.000,0.0,1,13,935.7
663,120.0,1,DESCORE_LEFT_LONG_GOAL_OPPONENT_FIELD,DESCORE_LEFT_LONG_GOAL_OPPONENT_FIELD,policy,115.6,39.1,270,0,,,27,63,-36,4.3143,ctrl_us=+4.000,0.0,0,13,935.8
664,120.0,0,DESCORE_LEFT_LONG_GOAL_OPPONENT_FIELD,DESCORE_LEFT_LONG_GOAL_OPPONENT_FIELD,policy,39.4,64.0,90,0,39.5,101.2,27,63,-36,4.1143,ctrl_us=+4.000,0.0,1,13,941.3
665,120.0,1,DESCORE_LEFT_LONG_GOAL_OPPONENT_FIELD,DESCORE_LEFT_LONG_GOAL_OPPONENT_FIELD,policy,115.6,39.1,270,0,,,27,63,-36,4.3143,ctrl_us=+4.000,0.0,0,13,941.4
666,120.0,0,DESCORE_LEFT_LONG_GOAL_OPPONENT_FIELD,DESCORE_LEFT_LONG_GOAL_OPPONENT_FIELD,policy,39.4,64.0,90,0,39.5,101.2,27,63,-36,4.1143,ctrl_us=+4.000,0.0,1,13,937.6
667,120.0,1,DESCORE_LEFT_LONG_GOAL_OPPONENT_FIELD,DESCORE_LEFT_LONG_GOAL_OPPONENT_FIELD,policy,115.6,39.1,270,0,,,27,63,-36,4.3143,ctrl_us=+4.000,0.0,0,13,937.7
668,120.0,0,DESCORE_LEFT_LONG_GOAL_OPPONENT_FIELD,DESCORE_LEFT_LONG_GOAL_OPPONENT_FIELD,policy,39.4,64.0,90,0,39.5,101.2,27,63,-36,4.1143,ctrl_us=+4.000,0.0,1,13,937.6
669,120.0,1,DESCORE_LEFT_LONG_GOAL_OPPONENT_FIELD,DESCORE_LEFT_LONG_GOAL_OPPONENT_FIELD,policy,115.6,39.1,270,0,,,27,63,-36,4.3143,ctrl_us=+4.000,0.0,0,13,937.8
670,120.0,0,DESCORE_LEFT_LONG_GOAL_OPPONENT_FIELD,DESCORE_LEFT_LONG_GOAL_OPPONENT_FIELD,policy,39.4,64.0,90,0,39.5,101.2,27,63,-36,4.1143,ctrl_us=+4.000,0.0,1,13,934.6
671,120.0,1,DESCORE_LEFT_LONG_GOAL_OPPONENT_FIELD,DESCORE_LEFT_LONG_GOAL_OPPONENT_FIELD,policy,115.6,39.1,270,0,,,27,63,-36,4.3143,ctrl_us=+4.000,0.0,0,13,934.7
672,120.0,0,DESCORE_LEFT_LONG_GOAL_OPPONENT_FIELD,DESCORE_LEFT_LONG_GOAL_OPPONENT_FIELD,policy,39.4,64.0,90,0,39.5,101.2,27,63,-36,4.1143,ctrl_us=+4.000,0.0,1,13,939.8
673,120.0,1,DESCORE_LEFT_LONG_GOAL_OPPONENT_FIELD,DESCORE_LEFT_LONG_GOAL_OPPONENT_FIELD,policy,115.6,39.1,270,0,,,27,63,-36,4.3143,ctrl_us=+4.000,0.0,0,13,939.9
674,120.0,0,DESCORE_LEFT_LONG_GOAL_OPPONENT_FIELD,DESCORE_LEFT_LONG_GOAL_OPPONENT_FIELD,policy,39.4,64.0,90,0,39.5,101.2,27,63,-36,4.1143,ctrl_us=+4.000,0.0,1,13,933.5
675,120.0,1,DESCORE_LEFT_LONG_GOAL_OPPONENT_FIELD,DESCORE_LEFT_LONG_GOAL_OPPONENT_FIELD,policy,115.6,39.1,270,0,,,27,63,-36,4.3143,ctrl_us=+4.000,0.0,0,13,933.7
676,120.0,0,DESCORE_LEFT_LONG_GOAL_OPPONENT_FIELD,DESCORE_LEFT_LONG_GOAL_OPPONENT_FIELD,policy,39.4,64.0,90,0,39.5,101.2,27,63,-36,4.1143,ctrl_us=+4.000,0.0,1,13,931.6
677,120.0,1,DESCORE_LEFT_LONG_GOAL_OPPONENT_FIELD,DESCORE_LEFT_LONG_GOAL_OPPONENT_FIELD,policy,115.6,39.1,270,0,,,27,63,-36,4.3143,ctrl_us=+4.000,0.0,0,13,931.8
678,120.0,0,DESCORE_LEFT_LONG_GOAL_OPPONENT_FIELD,DESCORE_LEFT_LONG_GOAL_OPPONENT_FIELD,policy,39.4,64.0,90,0,39.5,101.2,27,63,-36,4.1143,ctrl_us=+4.000,0.0,1,13,938.8
679,120.0,1,DESCORE_LEFT_LONG_GOAL_OPPONENT_FIELD,DESCORE_LEFT_LONG_GOAL_OPPONENT_FIELD,policy,115.6,39.1,270,0,,,27,63,-36,4.3143,ctrl_us=+4.000,0.0,0,13,938.9
680,120.0,0,DESCORE_LEFT_LONG_GOAL_OPPONENT_FIELD,DESCORE_LEFT_LONG_GOAL_OPPONENT_FIELD,policy,39.4,64.0,90,0,39.5,101.2,27,63,-36,4.1143,ctrl_us=+4.000,0.0,1,13,941.7
681,120.0,1,DESCORE_LEFT_LONG_GOAL_OPPONENT_FIELD,DESCORE_LEFT_LONG_GOAL_OPPONENT_FIELD,policy,115.6,39.1,270,0,,,27,63,-36,4.3143,ctrl_us=+4.000,0.0,0,13,941.8
682,120.0,0,DESCORE_LEFT_LONG_GOAL_OPPONENT_FIELD,DESCORE_LEFT_LONG_GOAL_OPPONENT_FIELD,policy,39.4,64.0,90,0,39.5,101.2,27,63,-36,4.1143,ctrl_us=+4.000,0.0,1,13,959.6
683,120.0,1,DESCORE_LEFT_LONG_GOAL_OPPONENT_FIELD,DESCORE_LEFT_LONG_GOAL_OPPONENT_FIELD,policy,115.6,39.1,270,0,,,27,63,-36,4.3143,ctrl_us=+4.000,0.0,0,13,959.8
684,120.0,0,DESCORE_LEFT_LONG_GOAL_OPPONENT_FIELD,DESCORE_LEFT_LONG_GOAL_OPPONENT_FIELD,policy,39.4,64.0,90,0,39.5,101.2,27,63,-36,4.1143,ctrl_us=+4.000,0.0,1,13,1032.6
685,120.0,1,DESCORE_LEFT_LONG_GOAL_OPPONENT_FIELD,DESCORE_LEFT_LONG_GOAL_OPPONENT_FIELD,policy,115.6,39.1,270,0,,,27,63,-36,4.3143,ctrl_us=+4.000,0.0,0,13,1032.8
686,120.0,0,DESCORE_LEFT_LONG_GOAL_OPPONENT_FIELD,DESCORE_LEFT_LONG_GOAL_OPPONENT_FIELD,policy,39.4,64.0,90,0,39.5,101.2,27,63,-36,4.1143,ctrl_us=+4.000,0.0,1,13,938.4
687,120.0,1,DESCORE_LEFT_LONG_GOAL_OPPONENT_FIELD,DESCORE_LEFT_LONG_GOAL_OPPONENT_FIELD,policy,115.6,39.1,270,0,,,27,63,-36,4.3143,ctrl_us=+4.000,0.0,0,13,938.5
688,120.0,0,DESCORE_LEFT_LONG_GOAL_OPPONENT_FIELD,DESCORE_LEFT_LONG_GOAL_OPPONENT_FIELD,policy,39.4,64.0,90,0,39.5,101.2,27,63,-36,4.1143,ctrl_us=+4.000,0.0,1,13,936.2
689,120.0,1,DESCORE_LEFT_LONG_GOAL_OPPONENT_FIELD,DESCORE_LEFT_LONG_GOAL_OPPONENT_FIELD,policy,115.6,39.1,270,0,,,27,63,-36,4.3143,ctrl_us=+4.000,0.0,0,13,936.4
690,120.0,0,DESCORE_LEFT_LONG_GOAL_OPPONENT_FIELD,DESCORE_LEFT_LONG_GOAL_OPPONENT_FIELD,policy,39.4,64.0,90,0,39.5,101.2,27,63,-36,4.1143,ctrl_us=+4.000,0.0,1,13,936.8
691,120.0,1,DESCORE_LEFT_LONG_GOAL_OPPONENT_FIELD,DESCORE_LEFT_LONG_GOAL_OPPONENT_FIELD,policy,115.6,39.1,270,0,,,27,63,-36,4.3143,ctrl_us=+4.000,0.0,0,13,936.9
692,120.0,0,DESCORE_LEFT_LONG_GOAL_OPPONENT_FIELD,DESCORE_LEFT_LONG_GOAL_OPPONENT_FIELD,policy,39.4,64.0,90,0,39.5,101.2,27,63,-36,4.1143,ctrl_us=+4.000,0.0,1,13,934.9
693,120.0,1,DESCORE_LEFT_LONG_GOAL_OPPONENT_FIELD,DESCORE_LEFT_LONG_GOAL_OPPONENT_FIELD,policy,115.6,39.1,270,0,,,27,63,-36,4.3143,ctrl_us=+4.000,0.0,0,13,935.0
694,120.0,0,DESCORE_LEFT_LONG_GOAL_OPPONENT_FIELD,DESCORE_LEFT_LONG_GOAL_OPPONENT_FIELD,policy,39.4,64.0,90,0,39.5,101.2,27,63,-36,4.1143,ctrl_us=+4.000,0.0,1,13,937.4
695,120.0,1,DESCORE_LEFT_LONG_GOAL_OPPONENT_FIELD,DESCORE_LEFT_LONG_GOAL_OPPONENT_FIELD,policy,115.6,39.1,270,0,,,27,63,-36,4.3143,ctrl_us=+4.000,0.0,0,13,937.5
696,120.0,0,DESCORE_LEFT_LONG_GOAL_OPPONENT_FIELD,DESCORE_LEFT_LONG_GOAL_OPPONENT_FIELD,policy,39.4,64.0,90,0,39.5,101.2,27,63,-36,4.1143,ctrl_us=+4.000,0.0,1,13,933.3
697,120.0,1,DESCORE_LEFT_LONG_GOAL_OPPONENT_FIELD,DESCORE_LEFT_LONG_GOAL_OPPONENT_FIELD,policy,115.6,39.1,270,0,,,27,63,-36,4.3143,ctrl_us=+4.000,0.0,0,13,933.4
698,120.0,0,DESCORE_LEFT_LONG_GOAL_OPPONENT_FIELD,DESCORE_LEFT_LONG_GOAL_OPPONENT_FIELD,policy,39.4,64.0,90,0,39.5,101.2,27,63,-36,4.1143,ctrl_us=+4.000,0.0,1,13,943.9
699,120.0,1,DESCORE_LEFT_LONG_GOAL_OPPONENT_FIELD,DESCORE_LEFT_LONG_GOAL_OPPONENT_FIELD,policy,115.6,39.1,270,0,,,27,63,-36,4.3143,ctrl_us=+4.000,0.0,0,13,944.0
700,120.0,0,DESCORE_LEFT_LONG_GOAL_OPPONENT_FIELD,DESCORE_LEFT_LONG_GOAL_OPPONENT_FIELD,policy,39.4,64.0,90,0,39.5,101.2,27,63,-36,4.1143,ctrl_us=+4.000,0.0,1,13,937.8
701,120.0,1,DESCORE_LEFT_LONG_GOAL_OPPONENT_FIELD,DESCORE_LEFT_LONG_GOAL_OPPONENT_FIELD,policy,115.6,39.1,270,0,,,27,63,-36,4.3143,ctrl_us=+4.000,0.0,0,13,937.9
702,120.0,0,DESCORE_LEFT_LONG_GOAL_OPPONENT_FIELD,DESCORE_LEFT_LONG_GOAL_OPPONENT_FIELD,policy,39.4,64.0,90,0,39.5,101.2,27,63,-36,4.1143,ctrl_us=+4.000,0.0,1,13,942.1
703,120.0,1,DESCORE_LEFT_LONG_GOAL_OPPONENT_FIELD,DESCORE_LEFT_LONG_GOAL_OPPONENT_FIELD,policy,115.6,39.1,270,0,,,27,63,-36,4.3143,ctrl_us=+4.000,0.0,0,13,942.3
704,120.0,0,DESCORE_LEFT_LONG_GOAL_OPPONENT_FIELD,DESCORE_LEFT_LONG_GOAL_OPPONENT_FIELD,policy,39.4,64.0,90,0,39.5,101.2,27,63,-36,4.1143,ctrl_us=+4.000,0.0,1,13,937.5
705,120.0,1,DESCORE_LEFT_LONG_GOAL_OPPONENT_FIELD,DESCORE_LEFT_LONG_GOAL_OPPONENT_FIELD,policy,115.6,39.1,270,0,,,27,63,-36,4.3143,ctrl_us=+4.000,0.0,0,13,937.7
706,120.0,0,DESCORE_LEFT_LONG_GOAL_OPPONENT_FIELD,DESCORE_LEFT_LONG_GOAL_OPPONENT_FIELD,policy,39.4,64.0,90,0,39.5,101.2,27,63,-36,4.1143,ctrl_us=+4.000,0.0,1,13,939.8
707,120.0,1,DESCORE_LEFT_LONG_GOAL_OPPONENT_FIELD,DESCORE_LEFT_LONG_GOAL_OPPONENT_FIELD,policy,115.6,39.1,270,0,,,27,63,-36,4.3143,ctrl_us=+4.000,0.0,0,13,939.9
708,120.0,0,DESCORE_LEFT_LONG_GOAL_OPPONENT_FIELD,DESCORE_LEFT_LONG_GOAL_OPPONENT_FIELD,policy,39.4,64.0,90,0,39.5,101.2,27,63,-36,4.1143,ctrl_us=+4.000,0.0,1,13,942.1
709,120.0,1,DESCORE_LEFT_LONG_GOAL_OPPONENT_FIELD,DESCORE_LEFT_LONG_GOAL_OPPONENT_FIELD,policy,115.6,39.1,270,0,,,27,63,-36,4.3143,ctrl_us=+4.000,0.0,0,13,942.2
710,120.0,0,DESCORE_LEFT_LONG_GOAL_OPPONENT_FIELD,DESCORE_LEFT_LONG_GOAL_OPPONENT_FIELD,policy,39.4,64.0,90,0,39.5,101.2,27,63,-36,4.1143,ctrl_us=+4.000,0.0,1,13,950.5
711,120.0,1,DESCORE_LEFT_LONG_GOAL_OPPONENT_FIELD,DESCORE_LEFT_LONG_GOAL_OPPONENT_FIELD,policy,115.6,39.1,270,0,,,27,63,-36,4.3143,ctrl_us=+4.000,0.0,0,13,950.7
712,120.0,0,DESCORE_LEFT_LONG_GOAL_OPPONENT_FIELD,DESCORE_LEFT_LONG_GOAL_OPPONENT_FIELD,policy,39.4,64.0,90,0,39.5,101.2,27,63,-36,4.1143,ctrl_us=+4.000,0.0,1,13,948.9
713,120.0,1,DESCORE_LEFT_LONG_GOAL_OPPONENT_FIELD,DESCORE_LEFT_LONG_GOAL_OPPONENT_FIELD,policy,115.6,39.1,270,0,,,27,63,-36,4.3143,ctrl_us=+4.000,0.0,0,13,949.1
714,120.0,0,DESCORE_LEFT_LONG_GOAL_OPPONENT_FIELD,DESCORE_LEFT_LONG_GOAL_OPPONENT_FIELD,policy,39.4,64.0,90,0,39.5,101.2,27,63,-36,4.1143,ctrl_us=+4.000,0.0,1,13,936.0
715,120.0,1,DESCORE_LEFT_LONG_GOAL_OPPONENT_FIELD,DESCORE_LEFT_LONG_GOAL_OPPONENT_FIELD,policy,115.6,39.1,270,0,,,27,63,-36,4.3143,ctrl_us=+4.000,0.0,0,13,936.1
