tick,robot,x,y,heading,fwd_cmd,lat_cmd,yaw_cmd,dpos,d_collisions,dist_to_target
0,0,102.0,131.88,-1.588,0.894,0.0,-0.662,0.12,0,14.2
0,1,132.0,102.0,-3.124,0.0,0.0,1.0,0.0,0,31.6
0,2,42.0,12.12,1.553,0.894,0.0,-0.662,0.12,0,
0,3,12.12,42.0,0.018,0.894,0.0,0.662,0.12,0,
1,0,102.0,131.88,-1.623,0.0,0.0,-1.0,0.0,0,10.9
1,1,132.0,102.0,-3.089,0.0,0.0,1.0,0.0,0,31.6
1,2,42.0,12.36,1.518,0.9,0.0,-0.643,0.24,0,
1,3,12.36,42.0,0.053,0.9,0.0,0.643,0.24,0,
2,0,101.99,131.76,-1.676,0.915,0.0,-0.593,0.12,0,14.0
2,1,132.0,102.0,-3.037,0.0,0.0,1.0,0.0,0,31.6
2,2,42.02,12.72,1.466,0.912,0.0,-0.603,0.36,0,
2,3,12.72,42.02,0.105,0.912,0.0,0.603,0.36,0,
3,0,101.99,131.76,-1.746,0.0,0.0,-1.0,0.0,0,11.0
3,1,132.0,102.0,-2.967,0.0,0.0,1.0,0.0,0,31.6
3,2,42.07,13.2,1.396,0.928,0.0,-0.544,0.48,0,
3,3,13.2,42.07,0.175,0.928,0.0,0.544,0.48,0,
4,0,101.99,131.76,-1.833,0.0,0.0,-1.0,0.0,0,11.0
4,1,132.0,102.0,-2.879,0.0,0.0,1.0,0.0,0,31.6
4,2,42.18,13.79,1.323,0.948,0.0,-0.463,0.6,0,
4,3,13.79,42.18,0.248,0.948,0.0,0.463,0.6,0,
5,0,101.99,131.76,-1.938,0.0,0.0,-1.0,0.0,0,11.0
5,1,132.0,102.0,-2.774,0.0,0.0,1.0,0.0,0,31.6
5,2,42.05,13.97,1.263,0.965,0.0,-0.381,0.223,1,
5,3,13.97,42.05,0.308,0.965,0.0,0.381,0.223,1,
6,0,101.99,131.76,-2.061,0.0,0.0,-1.0,0.0,0,11.0
6,1,131.99,102.0,-2.652,0.009,0.0,1.0,0.013,0,31.6
6,2,42.03,13.99,1.213,0.975,0.0,-0.318,0.027,2,
6,3,13.99,42.03,0.358,0.975,0.0,0.318,0.027,2,
7,0,101.99,131.76,-2.201,0.0,0.0,-1.0,0.0,0,11.0
7,1,131.87,101.93,-2.512,0.129,0.0,1.0,0.133,0,31.6
7,2,42.01,14.0,1.174,0.985,0.0,-0.25,0.021,1,
7,3,14.0,42.01,0.397,0.985,0.0,0.25,0.021,1,
8,0,101.99,131.76,-2.358,0.0,0.0,-1.0,0.0,0,11.0
8,1,131.67,101.78,-2.355,0.251,0.0,1.0,0.253,0,31.6
8,2,42.0,14.01,1.143,0.991,0.0,-0.196,0.017,1,
8,3,14.01,42.0,0.428,0.991,0.0,0.196,0.017,1,
9,0,101.99,131.76,-2.515,0.0,0.0,-1.0,0.0,0,11.0
9,1,131.4,101.52,-2.197,0.372,0.0,1.0,0.373,0,31.4
9,2,41.99,14.01,1.119,0.994,0.0,-0.154,0.013,1,
9,3,14.01,41.99,0.452,0.994,0.0,0.154,0.013,1,
10,0,101.99,131.76,-2.672,0.0,0.0,-1.0,0.0,0,11.0
10,1,131.11,101.12,-2.04,0.476,0.0,1.0,0.493,0,31.1
10,2,41.98,14.02,1.1,0.996,0.0,-0.121,0.01,2,
10,3,14.02,41.98,0.471,0.996,0.0,0.121,0.01,2,
11,0,101.89,131.71,-2.829,0.149,0.0,-1.0,0.12,0,11.0
11,1,130.84,100.57,-1.883,0.565,0.0,1.0,0.613,0,30.7
11,2,41.97,14.02,1.085,0.998,0.0,-0.095,0.008,1,
11,3,14.02,41.97,0.486,0.998,0.0,0.095,0.008,1,
12,0,101.66,131.63,-2.986,0.292,0.0,-1.0,0.24,0,10.9
12,1,130.95,100.0,-1.726,0.642,0.0,1.0,0.582,8,30.1
12,2,41.97,14.03,1.073,0.999,0.0,-0.075,0.006,1,
12,3,14.03,41.97,0.498,0.999,0.0,0.075,0.006,1,
13,0,101.3,131.58,3.14,0.419,0.0,-1.0,0.36,0,10.7
13,1,130.99,99.91,-1.587,0.861,0.0,0.762,0.105,1,30.0
13,2,41.96,14.03,1.064,0.999,0.0,-0.059,0.005,1,
13,3,14.03,41.96,0.507,0.999,0.0,0.059,0.005,1,
14,0,100.82,131.58,2.983,0.53,0.0,-1.0,0.48,0,10.5
14,1,131.03,99.8,-1.465,0.923,0.0,0.563,0.112,1,29.9
14,2,41.96,14.03,1.057,0.999,0.0,-0.046,0.004,2,
14,3,14.03,41.96,0.514,0.999,0.0,0.046,0.004,2,
15,0,100.23,131.67,2.826,0.626,0.0,-1.0,0.6,0,10.1
15,1,131.06,99.69,-1.36,0.963,0.0,0.389,0.117,8,29.8
15,2,41.96,14.03,1.051,1.0,0.0,-0.036,0.003,1,
15,3,14.03,41.96,0.52,1.0,0.0,0.036,0.003,1,
16,0,99.55,131.9,2.669,0.709,0.0,-1.0,0.72,0,9.6
16,1,131.1,99.58,-1.273,0.986,0.0,0.24,0.119,1,29.7
16,2,41.95,14.03,1.047,1.0,0.0,-0.028,0.002,2,
16,3,14.03,41.95,0.524,1.0,0.0,0.028,0.002,2,
17,0,99.05,132.15,2.529,0.0,0.0,1.0,0.56,0,13.4
17,1,131.14,99.46,-1.203,0.997,0.0,0.116,0.12,1,29.6
17,2,41.95,14.03,1.043,1.0,0.0,-0.022,0.002,1,
17,3,14.03,41.95,0.528,1.0,0.0,0.022,0.002,1,
18,0,98.72,132.38,2.407,0.0,0.0,1.0,0.4,0,36.9
18,1,131.18,99.35,-1.151,1.0,0.0,0.017,0.12,0,29.4
18,2,41.95,14.03,1.04,1.0,0.0,-0.018,0.001,1,
18,3,14.03,41.95,0.53,1.0,0.0,0.018,0.001,1,
19,0,98.54,132.54,2.302,0.0,0.0,1.0,0.24,0,13.6
19,1,131.28,99.13,-1.117,0.999,0.0,-0.058,0.24,0,29.2
19,2,41.95,14.04,1.038,1.0,0.0,-0.014,0.001,1,
19,3,14.04,41.95,0.533,1.0,0.0,0.014,0.001,1,
20,0,98.49,132.6,2.18,0.0,0.0,-1.0,0.08,0,37.1
20,1,131.44,98.81,-1.1,0.997,0.0,-0.108,0.36,0,28.8
20,2,41.95,14.04,1.037,1.0,0.0,-0.011,0.001,1,
20,3,14.04,41.95,0.534,1.0,0.0,0.011,0.001,1,
21,0,98.49,132.6,2.076,0.0,0.0,1.0,0.0,0,13.7
21,1,131.66,98.38,-1.1,0.996,0.0,-0.133,0.48,0,28.4
21,2,41.95,14.04,1.035,1.0,0.0,-0.008,0.001,1,
21,3,14.04,41.95,0.536,1.0,0.0,0.008,0.001,1,
22,0,98.49,132.6,1.954,0.0,0.0,-1.0,0.0,0,37.1
22,1,131.93,97.85,-1.118,0.996,0.0,-0.135,0.6,0,27.8
22,2,41.95,14.04,1.034,1.0,0.0,-0.007,0.001,1,
22,3,14.04,41.95,0.537,1.0,0.0,0.007,0.001,1,
23,0,98.49,132.6,1.814,0.0,0.0,-1.0,0.0,0,37.1
23,1,132.24,97.2,-1.136,0.997,0.0,-0.112,0.72,0,27.0
23,2,41.95,14.04,1.033,1.0,0.0,-0.005,0.0,1,
23,3,14.04,41.95,0.537,1.0,0.0,0.005,0.0,1,
24,0,98.49,132.6,1.657,0.0,0.0,-1.0,0.0,0,37.1
24,1,132.6,96.44,-1.15,0.998,0.0,-0.09,0.84,0,26.2
24,2,41.95,14.04,1.033,1.0,0.0,-0.004,0.0,1,
24,3,14.04,41.95,0.538,1.0,0.0,0.004,0.0,1,
25,0,98.49,132.6,1.5,0.0,0.0,-1.0,0.0,0,37.1
25,1,132.99,95.56,-1.161,0.999,0.0,-0.073,0.96,0,25.3
25,2,41.95,14.04,1.032,1.0,0.0,-0.003,0.0,1,
25,3,14.04,41.95,0.539,1.0,0.0,0.003,0.0,1,
26,0,98.49,132.6,1.343,0.0,0.0,-1.0,0.0,0,37.1
26,1,133.42,94.57,-1.17,0.999,0.0,-0.059,1.08,0,24.2
26,2,41.95,14.04,1.032,1.0,0.0,-0.003,0.0,1,
26,3,14.04,41.95,0.539,1.0,0.0,0.003,0.0,1,
27,0,98.49,132.6,1.186,0.0,0.0,-1.0,0.0,0,37.1
27,1,133.89,93.46,-1.178,0.999,0.0,-0.049,1.2,0,23.0
27,2,41.95,14.04,1.031,1.0,0.0,-0.002,0.0,2,
27,3,14.04,41.95,0.539,1.0,0.0,0.002,0.0,2,
28,0,98.49,132.6,1.029,0.0,0.0,-1.0,0.0,0,37.1
28,1,134.39,92.24,-1.184,1.0,0.0,-0.04,1.32,0,21.7
28,2,41.95,14.04,1.031,1.0,0.0,-0.002,0.0,1,
28,3,14.04,41.95,0.54,1.0,0.0,0.002,0.0,1,
29,0,98.49,132.6,0.872,0.0,0.0,-1.0,0.0,0,37.1
29,1,134.94,90.91,-1.19,1.0,0.0,-0.034,1.44,0,20.2
29,2,41.95,14.04,1.031,1.0,0.0,-0.001,0.0,1,
29,3,14.04,41.95,0.54,1.0,0.0,0.001,0.0,1,
30,0,98.49,132.6,0.715,0.0,0.0,-1.0,0.0,0,37.1
30,1,135.49,89.52,-1.194,1.0,0.0,-0.028,1.5,0,18.7
30,2,41.95,14.04,1.031,1.0,0.0,-0.001,0.0,3,
30,3,14.04,41.95,0.54,1.0,0.0,0.001,0.0,3,
31,0,98.58,132.68,0.557,0.085,0.0,-1.0,0.12,0,37.2
31,1,136.05,88.12,-1.198,1.0,0.0,-0.024,1.5,0,17.2
31,2,41.95,14.04,1.031,1.0,0.0,-0.001,0.0,1,
31,3,14.04,41.95,0.54,1.0,0.0,0.001,0.0,2,
32,0,98.78,132.81,0.4,0.234,0.0,-1.0,0.24,0,37.3
32,1,136.5,86.73,-1.201,1.0,0.0,-0.021,1.469,1,15.7
32,2,41.95,14.04,1.031,1.0,0.0,-0.001,0.0,2,
32,3,14.04,41.95,0.54,1.0,0.0,0.001,0.0,2,
33,0,99.11,132.95,0.243,0.371,0.0,-1.0,0.36,0,37.5
33,1,136.5,86.62,-1.203,1.0,0.0,-0.011,0.112,1,15.6
33,2,41.95,14.04,1.031,1.0,0.0,-0.0,0.0,2,
33,3,14.04,41.95,0.54,1.0,0.0,0.0,0.0,1,
34,0,99.58,133.06,0.086,0.493,0.0,-1.0,0.48,0,37.6
34,1,136.5,86.5,-1.204,1.0,0.0,-0.005,0.112,1,15.5
34,2,41.95,14.04,1.031,1.0,0.0,-0.0,0.0,1,
34,3,14.04,41.95,0.54,1.0,0.0,0.0,0.0,2,
35,0,100.18,133.11,-0.071,0.6,0.0,-1.0,0.6,0,37.8
35,1,136.5,86.39,-1.204,1.0,0.0,0.0,0.112,1,15.4
35,2,41.95,14.04,1.031,1.0,0.0,-0.0,0.0,2,
35,3,14.04,41.95,0.54,1.0,0.0,0.0,0.0,1,
36,0,100.9,133.06,-0.228,0.692,0.0,-1.0,0.72,0,37.8
36,1,136.5,86.28,-1.203,1.0,0.0,0.004,0.112,1,15.3
36,2,41.95,14.04,1.03,1.0,0.0,-0.0,0.0,3,
36,3,14.04,41.95,0.54,1.0,0.0,0.0,0.0,2,
37,0,101.71,132.87,-0.383,0.77,0.0,-0.988,0.84,0,37.7
37,1,136.5,86.17,-1.202,1.0,0.0,0.007,0.112,1,15.2
37,2,41.95,14.04,1.03,1.0,0.0,-0.0,0.0,1,
37,3,14.04,41.95,0.54,1.0,0.0,0.0,0.0,1,
38,0,102.6,132.51,-0.521,0.833,0.0,-0.837,0.96,0,37.5
38,1,136.5,86.06,-1.201,1.0,0.0,0.009,0.112,1,15.1
38,2,41.95,14.04,1.03,1.0,0.0,-0.0,0.0,1,
38,3,14.04,41.95,0.54,1.0,0.0,0.0,0.0,2,
39,0,103.54,131.98,-0.641,0.877,0.0,-0.717,1.08,0,37.2
39,1,136.5,85.94,-1.199,1.0,0.0,0.011,0.112,1,15.0
39,2,41.95,14.04,1.03,1.0,0.0,-0.0,0.0,2,
39,3,14.04,41.95,0.54,1.0,0.0,0.0,0.0,1,
40,0,104.5,131.26,-0.744,0.904,0.0,-0.631,1.2,0,36.7
40,1,136.5,85.83,-1.197,1.0,0.0,0.012,0.112,1,14.9
40,2,41.95,14.04,1.013,0.0,0.0,-1.0,0.0,0,
40,3,14.04,41.95,0.558,0.0,0.0,1.0,0.0,0,
41,0,105.47,130.37,-0.835,0.92,0.0,-0.577,1.32,0,36.1
41,1,136.5,85.72,-1.195,1.0,0.0,0.014,0.112,1,14.8
41,2,41.95,14.04,0.978,0.0,0.0,-1.0,0.0,0,
41,3,14.04,41.95,0.593,0.0,0.0,1.0,0.0,0,
42,0,106.41,129.34,-0.921,0.927,0.0,-0.551,1.39,0,35.4
42,1,136.5,85.61,-1.193,1.0,0.0,0.015,0.112,1,14.7
42,2,41.95,14.04,0.925,0.0,0.0,-1.0,0.0,0,
42,3,14.04,41.95,0.645,0.0,0.0,1.0,0.0,0,
43,0,107.25,128.22,-1.006,0.93,0.0,-0.538,1.395,0,34.6
43,1,136.5,85.5,-1.19,1.0,0.0,0.015,0.112,1,14.6
43,2,41.95,14.04,0.855,0.0,0.0,-1.0,0.0,0,
43,3,14.03,41.95,0.715,0.051,0.0,1.0,0.008,1,
44,0,108.0,127.04,-1.089,0.932,0.0,-0.53,1.398,0,33.8
44,1,136.5,85.39,-1.188,1.0,0.0,0.016,0.111,1,14.5
44,2,41.95,14.04,0.768,0.0,0.0,-1.0,0.0,0,
44,3,14.02,41.97,0.803,0.12,0.0,1.0,0.021,1,
45,0,108.65,125.8,-1.172,0.933,0.0,-0.527,1.399,0,32.9
45,1,136.5,85.27,-1.185,1.0,0.0,0.017,0.111,1,14.4
45,2,41.95,14.04,0.663,0.0,0.0,-1.0,0.0,0,
45,3,14.01,42.0,0.908,0.207,0.0,1.0,0.032,1,
46,0,109.19,124.52,-1.254,0.933,0.0,-0.527,1.399,0,31.9
46,1,136.5,85.16,-1.182,1.0,0.0,0.017,0.111,1,14.3
46,2,41.95,14.04,0.54,0.0,0.0,-1.0,0.0,0,
46,3,13.98,42.04,1.031,0.309,0.0,1.0,0.044,1,
47,0,109.63,123.19,-1.337,0.933,0.0,-0.528,1.399,0,30.9
47,1,136.5,85.05,-1.179,1.0,0.0,0.018,0.111,1,14.2
47,2,41.95,14.04,0.4,0.0,0.0,-1.0,0.0,0,
47,3,13.95,42.09,1.171,0.424,0.0,1.0,0.058,1,
48,0,109.95,121.83,-1.42,0.932,0.0,-0.529,1.399,0,29.9
48,1,136.5,84.94,-1.177,1.0,0.0,0.018,0.111,1,14.1
48,2,42.01,14.0,0.243,0.139,0.0,-1.0,0.071,1,
48,3,13.92,42.15,1.328,0.547,0.0,1.0,0.073,1,
49,0,110.16,120.44,-1.503,0.932,0.0,-0.528,1.399,0,28.8
49,1,136.5,84.83,-1.174,1.0,0.0,0.018,0.111,1,14.0
49,2,42.08,13.96,0.086,0.29,0.0,-1.0,0.086,2,
49,3,13.88,42.22,1.485,0.672,0.0,1.0,0.087,2,
50,0,110.26,119.05,-1.586,0.933,0.0,-0.526,1.399,0,27.6
50,1,136.5,84.72,-1.171,1.0,0.0,0.019,0.111,1,13.9
50,2,42.17,13.91,-0.071,0.433,0.0,-1.0,0.099,1,
50,3,13.83,42.31,1.636,0.78,0.0,0.965,0.1,1,
51,0,110.23,117.65,-1.668,0.934,0.0,-0.521,1.401,0,26.4
51,1,136.5,84.61,-1.168,1.0,0.0,0.019,0.111,1,13.8
51,2,42.26,13.85,-0.228,0.565,0.0,-1.0,0.109,2,
51,3,13.77,42.41,1.77,0.867,0.0,0.746,0.109,1,
52,0,110.1,116.25,-1.748,0.936,0.0,-0.513,1.404,0,25.2
52,1,136.5,84.5,-1.165,1.0,0.0,0.019,0.11,1,13.7
52,2,42.36,13.8,-0.385,0.684,0.0,-1.0,0.116,1,
52,3,13.72,42.51,1.887,0.926,0.0,0.552,0.115,1,
53,0,109.85,114.86,-1.827,0.939,0.0,-0.501,1.409,0,23.9
53,1,136.5,84.39,-1.162,1.0,0.0,0.02,0.11,1,13.6
53,2,42.47,13.74,-0.534,0.787,0.0,-0.951,0.119,2,
53,3,13.66,42.61,1.986,0.964,0.0,0.384,0.118,1,
54,0,109.49,113.49,-1.903,0.943,0.0,-0.485,1.414,0,22.6
54,1,136.5,84.28,-1.159,1.0,0.0,0.02,0.11,1,13.5
54,2,42.57,13.68,-0.666,0.867,0.0,-0.745,0.12,0,
54,3,13.61,42.72,2.067,0.986,0.0,0.24,0.12,1,
55,0,109.03,112.15,-1.976,0.947,0.0,-0.466,1.421,0,21.3
55,1,136.5,84.17,-1.155,1.0,0.0,0.02,0.11,1,13.4
55,2,42.76,13.53,-0.781,0.923,0.0,-0.564,0.24,0,
55,3,13.55,42.83,2.132,0.996,0.0,0.121,0.12,0,
56,0,108.46,110.82,-2.038,0.962,0.0,-0.394,1.443,0,19.9
56,1,136.5,84.06,-1.152,1.0,0.0,0.021,0.11,1,13.3
56,2,43.02,13.28,-0.877,0.959,0.0,-0.412,0.36,0,
56,3,13.42,43.03,2.178,1.0,0.0,0.027,0.24,0,
57,0,107.8,109.52,-2.091,0.973,0.0,-0.334,1.459,0,18.5
57,1,136.5,83.95,-1.149,1.0,0.0,0.021,0.11,1,13.2
57,2,43.32,12.91,-0.957,0.98,0.0,-0.286,0.48,0,
57,3,13.22,43.32,2.207,0.999,0.0,-0.047,0.36,0,
58,0,107.07,108.25,-2.136,0.98,0.0,-0.285,1.47,0,17.0
58,1,136.5,83.84,-1.145,1.0,0.0,0.021,0.109,1,13.1
58,2,43.67,12.42,-1.019,0.992,0.0,-0.185,0.6,0,
58,3,12.93,43.71,2.219,0.997,0.0,-0.104,0.48,0,
59,0,106.28,107.0,-2.174,0.985,0.0,-0.246,1.478,0,15.6
59,1,136.5,83.73,-1.142,1.0,0.0,0.021,0.109,1,13.0
59,2,44.05,11.81,-1.063,0.997,0.0,-0.108,0.72,0,
59,3,12.57,44.19,2.213,0.995,0.0,-0.145,0.6,0,
60,0,105.44,105.78,-2.208,0.989,0.0,-0.214,1.483,0,14.1
60,1,136.5,83.62,-1.139,1.0,0.0,0.022,0.109,1,12.9
60,2,44.32,11.32,-1.125,0.0,0.0,-1.0,0.56,0,
60,3,12.14,44.77,2.189,0.962,0.0,-0.395,0.72,0,
61,0,104.55,104.58,-2.237,0.991,0.0,-0.188,1.487,0,12.6
61,1,136.5,83.51,-1.135,1.0,0.0,0.022,0.109,1,12.8
61,2,44.49,10.96,-1.204,0.0,0.0,-1.0,0.4,0,
61,3,11.65,45.45,2.148,0.967,0.0,-0.371,0.84,0,
62,0,103.63,103.41,-2.264,0.993,0.0,-0.168,1.49,0,11.2
62,1,136.5,83.4,-1.132,1.0,0.0,0.022,0.109,1,12.7
62,2,44.58,10.73,-1.301,0.0,0.0,-1.0,0.24,0,
62,3,11.13,46.25,2.098,0.975,0.0,-0.323,0.96,0,
63,0,102.68,102.26,-2.288,0.994,0.0,-0.153,1.491,0,9.7
63,1,136.5,83.29,-1.128,1.0,0.0,0.023,0.109,1,12.6
63,2,44.6,10.65,-1.415,0.0,0.0,-1.0,0.08,0,
63,3,10.59,47.19,2.056,0.983,0.0,-0.262,1.08,0,
64,0,101.8,101.26,-2.294,0.0,0.0,1.0,1.331,0,18.3
64,1,136.5,83.19,-1.125,1.0,0.0,0.023,0.108,1,12.5
64,2,44.6,10.65,-1.547,0.0,0.0,-1.0,0.0,0,
64,3,10.03,48.25,2.023,0.989,0.0,-0.214,1.2,0,
65,0,101.03,100.38,-2.283,0.0,0.0,1.0,1.171,0,18.8
65,1,136.5,83.08,-1.121,1.0,0.0,0.023,0.108,1,12.4
65,2,44.6,10.65,-1.696,0.0,0.0,-1.0,0.0,0,
65,3,9.45,49.44,1.995,0.992,0.0,-0.176,1.32,0,
66,0,100.37,99.61,-2.254,0.0,0.0,1.0,1.011,0,19.3
66,1,136.5,82.97,-1.117,1.0,0.0,0.024,0.108,1,12.3
66,2,44.6,10.65,-1.853,0.0,0.0,-1.0,0.0,0,
66,3,8.86,50.75,1.972,0.995,0.0,-0.146,1.44,0,
67,0,99.83,98.95,-2.208,0.0,0.0,1.0,0.851,0,19.7
67,1,136.5,82.86,-1.113,1.0,0.0,0.024,0.108,1,12.2
67,2,44.6,10.65,-2.01,0.0,0.0,-1.0,0.0,0,
67,3,8.27,52.12,1.953,0.996,0.0,-0.123,1.494,0,
68,0,99.42,98.4,-2.145,0.0,0.0,1.0,0.691,0,20.0
68,1,136.5,82.75,-1.11,1.0,0.0,0.024,0.108,1,12.1
68,2,44.6,10.65,-2.167,0.0,0.0,-1.0,0.0,0,
68,3,7.72,53.51,1.937,0.997,0.0,-0.104,1.496,0,
69,0,99.13,97.95,-2.064,0.0,0.0,1.0,0.531,0,20.2
69,1,136.5,82.65,-1.106,1.0,0.0,0.025,0.107,1,12.0
69,2,44.57,10.61,-2.325,0.035,0.0,-1.0,0.053,0,
69,3,7.5,54.91,1.923,0.998,0.0,-0.089,1.415,1,
70,0,98.95,97.62,-1.965,0.0,0.0,1.0,0.371,0,20.4
70,1,136.5,82.54,-1.102,1.0,0.0,0.025,0.107,1,11.9
70,2,44.45,10.48,-2.482,0.185,0.0,-1.0,0.173,0,
70,3,7.5,55.02,1.915,0.999,0.0,-0.052,0.113,1,
71,0,98.87,97.43,-1.849,0.0,0.0,1.0,0.211,0,20.5
71,1,136.5,82.43,-1.098,1.0,0.0,0.025,0.107,1,11.8
71,2,44.22,10.3,-2.639,0.318,0.0,-1.0,0.293,0,
71,3,7.5,55.14,1.909,1.0,0.0,-0.037,0.113,1,
72,0,98.86,97.38,-1.716,0.0,0.0,1.0,0.051,0,20.5
72,1,136.5,82.33,-1.094,1.0,0.0,0.026,0.107,1,11.7
72,2,43.86,10.11,-2.796,0.434,0.0,-1.0,0.413,0,
72,3,7.5,55.25,1.905,1.0,0.0,-0.026,0.113,1,
73,0,98.86,97.38,-1.565,0.0,0.0,1.0,0.0,0,20.5
73,1,136.5,82.22,-1.09,1.0,0.0,0.026,0.107,1,11.6
73,2,43.35,9.92,-2.953,0.534,0.0,-1.0,0.533,0,
73,3,7.5,55.36,1.902,1.0,0.0,-0.017,0.113,1,
74,0,98.86,97.26,-1.408,0.092,0.0,1.0,0.12,0,20.4
74,1,136.5,82.11,-1.085,1.0,0.0,0.026,0.106,1,11.5
74,2,42.71,9.8,-3.11,0.622,0.0,-1.0,0.653,0,
74,3,7.5,55.48,1.9,1.0,0.0,-0.011,0.113,1,
75,0,98.9,97.02,-1.25,0.241,0.0,1.0,0.24,0,20.4
75,1,136.5,82.01,-1.081,1.0,0.0,0.027,0.106,1,11.5
75,2,41.94,9.78,3.016,0.722,0.0,-1.0,0.773,0,
75,3,7.5,55.59,1.899,1.0,0.0,-0.005,0.114,1,
76,0,99.01,96.68,-1.093,0.379,0.0,1.0,0.36,0,20.3
76,1,136.5,81.9,-1.077,1.0,0.0,0.027,0.106,1,11.4
76,2,41.05,9.89,2.874,0.807,0.0,-0.903,0.893,0,
76,3,7.5,55.7,1.899,1.0,0.0,-0.001,0.114,1,
77,0,99.23,96.25,-0.936,0.505,0.0,1.0,0.48,0,20.0
77,1,136.5,81.79,-1.073,1.0,0.0,0.028,0.106,1,11.3
77,2,40.08,10.16,2.75,0.87,0.0,-0.736,1.013,0,
77,3,7.5,55.82,1.899,1.0,0.0,0.002,0.114,1,
78,0,99.59,95.77,-0.779,0.618,0.0,1.0,0.6,0,19.7
78,1,136.5,81.69,-1.068,1.0,0.0,0.028,0.105,1,11.2
78,2,39.03,10.59,2.643,0.915,0.0,-0.594,1.133,0,
78,3,7.5,55.93,1.9,1.0,0.0,0.005,0.114,1,
79,0,100.1,95.27,-0.622,0.717,0.0,1.0,0.72,0,19.1
79,1,136.5,81.58,-1.064,1.0,0.0,0.028,0.105,1,11.1
79,2,37.93,11.19,2.554,0.945,0.0,-0.475,1.253,0,
79,3,7.5,56.04,1.901,1.0,0.0,0.007,0.114,1,
80,0,100.56,94.94,-0.483,0.0,0.0,-1.0,0.56,0,57.6
80,1,136.5,81.48,-1.059,1.0,0.0,0.029,0.105,1,11.0
80,2,37.02,11.8,2.447,0.0,0.0,-1.0,1.093,0,
80,3,7.5,56.16,1.903,1.0,0.0,0.008,0.114,1,
81,0,100.91,94.75,-0.36,0.0,0.0,-1.0,0.4,0,58.0
81,1,136.5,81.37,-1.055,1.0,0.0,0.029,0.105,1,10.9
81,2,36.3,12.39,2.322,0.0,0.0,-1.0,0.933,0,
81,3,7.5,56.27,1.904,1.0,0.0,0.01,0.113,1,
82,0,101.14,94.67,-0.221,0.0,0.0,1.0,0.24,0,58.2
82,1,136.5,81.27,-1.05,1.0,0.0,0.03,0.104,1,10.8
82,2,35.77,12.96,2.181,0.045,0.0,-1.0,0.773,0,
82,3,7.5,56.38,1.906,1.0,0.0,0.011,0.113,1,
83,0,101.21,94.65,-0.064,0.0,0.0,1.0,0.08,0,58.3
83,1,136.5,81.17,-1.045,1.0,0.0,0.03,0.104,1,10.7
83,2,35.42,13.46,2.023,0.142,0.0,-1.0,0.613,0,
83,3,7.5,56.5,1.908,1.0,0.0,0.012,0.113,1,
84,0,101.21,94.65,0.093,0.0,0.0,1.0,0.0,0,58.3
84,1,136.5,81.06,-1.041,1.0,0.0,0.03,0.104,1,10.6
84,2,35.22,13.87,1.866,0.261,0.0,-1.0,0.453,0,
84,3,7.5,56.61,1.91,1.0,0.0,0.012,0.113,1,
85,0,101.21,94.65,0.25,0.0,0.0,1.0,0.0,0,58.3
85,1,136.5,80.96,-1.036,1.0,0.0,0.031,0.104,1,10.6
85,2,35.06,14.42,1.709,0.386,0.0,-1.0,0.573,0,
85,3,7.5,56.72,1.912,1.0,0.0,0.013,0.113,1,
86,0,101.21,94.65,0.407,0.0,0.0,1.0,0.0,0,58.3
86,1,136.5,80.86,-1.031,1.0,0.0,0.031,0.103,1,10.5
86,2,34.96,15.1,1.552,0.498,0.0,-1.0,0.693,0,
86,3,7.5,56.84,1.914,1.0,0.0,0.013,0.113,1,
87,0,101.21,94.65,0.565,0.0,0.0,1.0,0.0,0,58.3
87,1,136.5,80.75,-1.026,1.0,0.0,0.032,0.103,1,10.4
87,2,34.98,15.92,1.395,0.599,0.0,-1.0,0.813,0,
87,3,7.5,56.95,1.916,1.0,0.0,0.014,0.113,1,
88,0,101.21,94.65,0.722,0.0,0.0,1.0,0.0,0,58.3
88,1,136.5,80.65,-1.021,1.0,0.0,0.032,0.103,1,10.3
88,2,35.14,16.83,1.238,0.688,0.0,-1.0,0.933,0,
88,3,7.5,57.06,1.918,1.0,0.0,0.014,0.113,1,
89,0,101.21,94.65,0.879,0.0,0.0,1.0,0.0,0,58.3
89,1,136.5,80.55,-1.016,1.0,0.0,0.033,0.102,1,10.2
89,2,35.48,17.83,1.081,0.766,0.0,-0.998,1.053,0,
89,3,7.5,57.18,1.92,1.0,0.0,0.015,0.113,1,
90,0,101.21,94.65,1.036,0.0,0.0,1.0,0.0,0,58.3
90,1,136.5,80.45,-1.01,1.0,0.0,0.033,0.102,1,10.1
90,2,36.03,18.87,0.942,0.832,0.0,-0.841,1.173,0,
90,3,7.5,57.29,1.923,1.0,0.0,0.015,0.113,1,
91,0,101.21,94.65,1.193,0.0,0.0,1.0,0.0,0,58.3
91,1,136.5,80.34,-1.005,1.0,0.0,0.033,0.102,1,10.0
91,2,36.8,19.91,0.82,0.879,0.0,-0.71,1.293,0,
91,3,7.5,57.4,1.925,1.0,0.0,0.015,0.113,1,
92,0,101.25,94.73,1.35,0.058,0.0,1.0,0.086,0,58.3
92,1,136.5,80.24,-1.0,1.0,0.0,0.034,0.101,1,10.0
92,2,36.62,20.51,0.716,0.911,0.0,-0.606,0.625,8,
92,3,7.5,57.51,1.927,1.0,0.0,0.015,0.113,1,
93,0,101.29,94.93,1.507,0.212,0.0,1.0,0.206,0,58.2
93,1,136.5,80.14,-0.995,0.995,0.0,0.034,0.101,1,9.9
93,2,36.61,20.55,0.629,0.933,0.0,-0.528,0.044,1,
93,3,7.5,57.63,1.93,1.0,0.0,0.016,0.112,1,
94,0,101.31,95.26,1.664,0.359,0.0,1.0,0.326,0,58.1
94,1,136.5,80.04,-0.989,0.987,0.0,0.035,0.101,1,9.8
94,2,36.59,20.58,0.56,0.959,0.0,-0.409,0.034,8,
94,3,7.5,57.74,1.932,1.0,0.0,0.016,0.112,1,
95,0,101.27,95.7,1.821,0.496,0.0,1.0,0.446,0,57.9
95,1,136.5,79.94,-0.983,0.978,0.0,0.035,0.1,1,9.7
95,2,36.59,20.61,0.508,0.976,0.0,-0.313,0.026,1,
95,3,7.5,57.85,1.935,1.0,0.0,0.016,0.112,1,
96,0,101.13,96.25,1.978,0.62,0.0,1.0,0.566,0,57.5
96,1,136.5,79.84,-0.978,0.97,0.0,0.036,0.1,1,9.6
96,2,36.58,20.63,0.47,0.986,0.0,-0.242,0.02,1,
96,3,7.5,57.96,1.938,1.0,0.0,0.016,0.112,1,
97,0,100.86,96.88,2.135,0.73,0.0,1.0,0.686,0,57.0
97,1,136.5,79.74,-0.972,0.962,0.0,0.036,0.1,1,9.5
97,2,36.57,20.64,0.44,0.991,0.0,-0.19,0.016,1,
97,3,7.5,58.08,1.94,1.0,0.0,0.017,0.112,1,
98,0,100.43,97.56,2.275,0.823,0.0,0.862,0.806,0,56.4
98,1,136.5,79.64,-0.966,0.954,0.0,0.037,0.099,1,9.5
98,2,36.57,20.66,0.416,0.995,0.0,-0.149,0.013,1,
98,3,7.5,58.19,1.943,1.0,0.0,0.017,0.112,1,
99,0,99.83,98.27,2.397,0.891,0.0,0.674,0.926,0,55.6
99,1,136.5,79.54,-0.96,0.946,0.0,0.037,0.099,1,9.4
99,2,36.57,20.67,0.398,0.997,0.0,-0.117,0.01,1,
99,3,7.5,58.3,1.945,1.0,0.0,0.017,0.112,1,
100,0,99.06,98.98,2.502,0.937,0.0,0.511,1.046,0,54.6
100,1,136.5,79.45,-0.955,0.938,0.0,0.038,0.098,1,9.3
100,2,36.56,20.67,0.383,0.998,0.0,-0.092,0.008,8,
100,3,7.5,58.41,1.948,1.0,0.0,0.017,0.112,1,
101,0,98.12,99.68,2.589,0.966,0.0,0.371,1.166,0,53.5
101,1,136.5,79.35,-0.949,0.93,0.0,0.038,0.098,1,9.2
101,2,36.56,20.68,0.372,0.999,0.0,-0.072,0.006,8,
101,3,7.5,58.52,1.951,1.0,0.0,0.017,0.112,1,
102,0,97.03,100.35,2.658,0.984,0.0,0.255,1.286,0,52.2
102,1,136.5,79.25,-0.942,0.922,0.0,0.039,0.098,1,9.1
102,2,36.56,20.68,0.363,0.999,0.0,-0.057,0.005,1,
102,3,7.5,58.63,1.954,1.0,0.0,0.018,0.111,1,
103,0,95.78,101.01,2.71,0.994,0.0,0.161,1.406,0,50.8
103,1,136.5,79.15,-0.936,0.914,0.0,0.039,0.097,1,9.1
103,2,36.56,20.69,0.356,1.0,0.0,-0.045,0.004,1,
103,3,7.5,58.74,1.956,1.0,0.0,0.018,0.111,1,
104,0,94.42,101.63,2.745,0.998,0.0,0.091,1.497,0,49.3
104,1,136.5,79.06,-0.93,0.907,0.0,0.04,0.097,1,9.0
104,2,36.56,20.69,0.351,1.0,0.0,-0.035,0.003,1,
104,3,7.5,58.86,1.959,1.0,0.0,0.018,0.111,1,
105,0,93.04,102.21,2.762,1.0,0.0,0.045,1.499,0,47.8
105,1,136.5,78.96,-0.924,0.899,0.0,0.04,0.096,1,8.9
105,2,36.56,20.69,0.346,1.0,0.0,-0.028,0.002,8,
105,3,7.5,58.97,1.962,1.0,0.0,0.018,0.111,1,
106,0,91.65,102.77,2.765,1.0,0.0,0.022,1.5,0,46.3
106,1,136.5,78.86,-0.917,0.892,0.0,0.041,0.096,1,8.8
106,2,36.56,20.69,0.343,1.0,0.0,-0.022,0.002,8,
106,3,7.5,59.08,1.965,1.0,0.0,0.019,0.111,1,
107,0,90.25,103.32,2.768,1.0,0.0,0.018,1.5,0,44.8
107,1,136.5,78.77,-0.911,0.884,0.0,0.041,0.095,1,8.8
107,2,36.56,20.69,0.34,1.0,0.0,-0.017,0.001,1,
107,3,7.5,59.19,1.968,1.0,0.0,0.019,0.111,1,
108,0,88.85,103.86,2.77,1.0,0.0,0.014,1.5,0,43.3
108,1,136.5,78.67,-0.904,0.877,0.0,0.042,0.095,1,8.7
108,2,36.56,20.7,0.338,1.0,0.0,-0.013,0.001,1,
108,3,7.5,59.3,1.971,1.0,0.0,0.019,0.111,1,
109,0,87.46,104.41,2.772,1.0,0.0,0.012,1.5,0,41.8
109,1,136.5,78.58,-0.898,0.87,0.0,0.042,0.094,1,8.6
109,2,36.56,20.7,0.336,1.0,0.0,-0.01,0.001,1,
109,3,7.5,59.41,1.974,1.0,0.0,0.019,0.111,1,
110,0,86.06,104.95,2.774,1.0,0.0,0.009,1.5,0,40.3
110,1,136.5,78.49,-0.891,0.862,0.0,0.043,0.094,1,8.6
110,2,36.56,20.7,0.335,1.0,0.0,-0.008,0.001,1,
110,3,7.5,59.52,1.977,1.0,0.0,0.02,0.11,1,
111,0,84.66,105.49,2.775,1.0,0.0,0.008,1.5,0,38.8
111,1,136.5,78.39,-0.884,0.855,0.0,0.043,0.093,1,8.5
111,2,36.55,20.7,0.334,1.0,0.0,-0.006,0.001,1,
111,3,7.5,59.63,1.98,1.0,0.0,0.02,0.11,1,
112,0,83.26,106.03,2.776,1.0,0.0,0.006,1.5,0,37.3
112,1,136.5,78.3,-0.877,0.848,0.0,0.044,0.093,1,8.4
112,2,36.55,20.7,0.333,1.0,0.0,-0.005,0.0,8,
112,3,7.5,59.74,1.984,1.0,0.0,0.02,0.11,1,
113,0,81.86,106.56,2.777,1.0,0.0,0.005,1.5,0,35.8
113,1,136.5,78.21,-0.87,0.841,0.0,0.044,0.092,1,8.3
113,2,36.55,20.7,0.333,1.0,0.0,-0.004,0.0,8,
113,3,7.5,59.85,1.987,1.0,0.0,0.02,0.11,1,
114,0,80.46,107.1,2.777,1.0,0.0,0.004,1.5,0,34.3
114,1,136.5,78.12,-0.863,0.834,0.0,0.045,0.092,1,8.3
114,2,36.55,20.7,0.332,1.0,0.0,-0.003,0.0,1,
114,3,7.5,59.96,1.99,1.0,0.0,0.021,0.11,1,
115,0,79.05,107.63,2.778,1.0,0.0,0.003,1.5,0,32.8
115,1,136.5,78.02,-0.856,0.827,0.0,0.045,0.091,1,8.2
115,2,36.55,20.7,0.332,1.0,0.0,-0.002,0.0,8,
115,3,7.5,60.07,1.993,1.0,0.0,0.021,0.11,1,
116,0,77.65,108.17,2.778,1.0,0.0,0.003,1.5,0,31.3
116,1,136.5,77.93,-0.849,0.821,0.0,0.046,0.091,1,8.1
116,2,36.55,20.7,0.332,1.0,0.0,-0.002,0.0,8,
116,3,7.5,60.18,1.997,1.0,0.0,0.021,0.109,1,
117,0,76.25,108.7,2.779,1.0,0.0,0.002,1.5,0,29.8
117,1,136.5,77.84,-0.841,0.814,0.0,0.046,0.09,1,8.1
117,2,36.55,20.7,0.331,1.0,0.0,-0.002,0.0,1,
117,3,7.5,60.29,2.0,1.0,0.0,0.022,0.109,1,
118,0,74.85,109.23,2.779,1.0,0.0,0.002,1.5,0,28.3
118,1,136.5,77.75,-0.834,0.808,0.0,0.047,0.089,1,8.0
118,2,36.55,20.7,0.331,1.0,0.0,-0.001,0.0,1,
118,3,7.5,60.4,2.003,1.0,0.0,0.022,0.109,1,
119,0,73.45,109.77,2.779,1.0,0.0,0.002,1.5,0,26.8
119,1,136.5,77.67,-0.827,0.801,0.0,0.047,0.089,1,8.0
119,2,36.55,20.7,0.331,1.0,0.0,-0.001,0.0,8,
119,3,7.5,60.51,2.007,1.0,0.0,0.022,0.109,1,
120,0,72.19,110.24,2.779,0.0,0.0,0.0,1.34,0,
120,1,136.5,77.58,-0.837,0.29,0.0,-1.0,0.088,1,33.9
120,2,36.55,20.7,0.348,0.0,0.0,1.0,0.0,8,
120,3,7.5,60.62,2.01,1.0,0.0,0.022,0.109,1,
121,0,71.09,110.66,2.779,0.0,0.0,0.0,1.18,0,
121,1,136.5,77.49,-0.864,0.298,0.0,-1.0,0.089,1,33.8
121,2,36.55,20.7,0.383,0.0,0.0,1.0,0.0,8,
121,3,7.5,60.72,2.014,1.0,0.0,0.023,0.109,1,
122,0,70.14,111.02,2.779,0.0,0.0,0.0,1.02,0,
122,1,136.5,77.4,-0.909,0.323,0.0,-1.0,0.091,1,33.8
122,2,36.55,20.7,0.436,0.0,0.0,1.0,0.0,8,
122,3,7.5,60.83,2.018,1.0,0.0,0.023,0.108,1,
123,0,69.33,111.33,2.779,0.0,0.0,0.0,0.86,0,
123,1,136.5,77.3,-0.972,0.364,0.0,-1.0,0.095,1,33.7
123,2,36.55,20.7,0.505,0.0,0.0,1.0,0.0,8,
123,3,7.5,60.94,2.021,1.0,0.0,0.023,0.108,1,
124,0,68.68,111.57,2.779,0.0,0.0,0.0,0.7,0,
124,1,136.5,77.2,-1.052,0.42,0.0,-1.0,0.099,1,33.6
124,2,36.55,20.7,0.593,0.0,0.0,1.0,0.0,8,
124,3,7.5,61.05,2.025,1.0,0.0,0.024,0.108,1,
125,0,68.17,111.76,2.779,0.0,0.0,0.0,0.54,0,
125,1,136.5,77.1,-1.149,0.49,0.0,-1.0,0.104,1,33.5
125,2,36.55,20.7,0.698,0.0,0.0,1.0,0.0,8,
125,3,7.5,61.16,2.029,1.0,0.0,0.024,0.108,1,
126,0,67.82,111.9,2.779,0.0,0.0,0.0,0.38,0,
126,1,136.5,76.99,-1.265,0.572,0.0,-1.0,0.11,1,33.4
126,2,36.55,20.7,0.82,0.0,0.0,1.0,0.0,8,
126,3,7.5,61.26,2.033,1.0,0.0,0.024,0.108,1,
127,0,67.61,111.98,2.779,0.0,0.0,0.0,0.22,0,
127,1,136.5,76.88,-1.397,0.661,0.0,-1.0,0.114,1,33.3
127,2,36.55,20.7,0.96,0.0,0.0,1.0,0.0,8,
127,3,7.5,61.37,2.037,1.0,0.0,0.025,0.107,1,
128,0,67.55,112.0,2.779,0.0,0.0,0.0,0.06,0,
128,1,136.5,76.76,-1.547,0.753,0.0,-1.0,0.118,1,33.2
128,2,36.55,20.7,1.117,0.0,0.0,1.0,0.0,8,
128,3,7.5,61.48,2.041,1.0,0.0,0.025,0.107,1,
129,0,67.55,112.0,2.779,0.0,0.0,0.0,0.0,0,
129,1,136.5,76.64,-1.68,0.842,0.0,-0.814,0.12,1,33.1
129,2,36.55,20.7,1.274,0.0,0.0,1.0,0.0,8,
129,3,7.5,61.59,2.045,1.0,0.0,0.025,0.107,1,
130,0,67.55,112.0,2.779,0.0,0.0,0.0,0.0,0,
130,1,136.49,76.52,-1.795,0.905,0.0,-0.628,0.12,0,33.0
130,2,36.53,20.78,1.431,0.073,0.0,1.0,0.09,1,
130,3,7.5,61.69,2.049,1.0,0.0,0.026,0.107,1,
131,0,67.55,112.0,2.779,0.0,0.0,0.0,0.0,0,
131,1,136.43,76.28,-1.892,0.947,0.0,-0.465,0.24,0,32.8
131,2,36.49,20.89,1.588,0.223,0.0,1.0,0.108,1,
131,3,7.5,61.8,2.053,1.0,0.0,0.026,0.107,1,
132,0,67.55,112.0,2.779,0.0,0.0,0.0,0.0,0,
132,1,136.32,75.94,-1.972,0.974,0.0,-0.329,0.36,0,32.4
132,2,36.46,21.0,1.745,0.365,0.0,1.0,0.115,1,
132,3,7.5,61.91,2.057,1.0,0.0,0.027,0.106,1,
133,0,67.55,112.0,2.779,0.0,0.0,0.0,0.0,0,
133,1,136.13,75.5,-2.035,0.988,0.0,-0.219,0.48,0,32.0
133,2,36.42,21.11,1.902,0.499,0.0,1.0,0.119,1,
133,3,7.5,62.01,2.061,1.0,0.0,0.027,0.106,1,
134,0,67.55,112.0,2.779,0.0,0.0,0.0,0.0,0,
134,1,135.86,74.96,-2.08,0.996,0.0,-0.133,0.6,0,31.4
134,2,36.38,21.22,2.059,0.622,0.0,1.0,0.12,0,
134,3,7.5,62.12,2.065,1.0,0.0,0.027,0.106,1,
135,0,67.55,112.0,2.779,0.0,0.0,0.0,0.0,0,
135,1,135.51,74.34,-2.108,0.999,0.0,-0.071,0.72,0,30.6
135,2,36.27,21.44,2.216,0.731,0.0,1.0,0.24,0,
135,3,7.5,62.22,2.07,1.0,0.0,0.028,0.106,1,
136,0,67.55,112.0,2.779,0.0,0.0,0.0,0.0,0,
136,1,135.08,73.61,-2.118,1.0,0.0,-0.033,0.84,0,29.8
136,2,36.05,21.72,2.356,0.82,0.0,0.871,0.36,0,
136,3,7.5,62.33,2.074,1.0,0.0,0.028,0.105,1,
137,0,67.55,112.0,2.779,0.0,0.0,0.0,0.0,0,
137,1,134.58,72.79,-2.121,1.0,0.0,-0.02,0.96,0,28.8
137,2,35.71,22.06,2.478,0.883,0.0,0.699,0.48,0,
137,3,7.5,62.43,2.079,1.0,0.0,0.028,0.105,1,
138,0,67.55,112.0,2.779,0.0,0.0,0.0,0.0,0,
138,1,134.02,71.87,-2.123,1.0,0.0,-0.016,1.08,0,27.8
138,2,35.24,22.43,2.594,0.87,0.0,0.738,0.6,0,
138,3,7.5,62.54,2.083,1.0,0.0,0.029,0.105,1,
139,0,67.55,112.0,2.779,0.0,0.0,0.0,0.0,0,
139,1,133.39,70.85,-2.125,1.0,0.0,-0.013,1.2,0,26.6
139,2,34.63,22.81,2.692,0.914,0.0,0.598,0.72,0,
139,3,7.5,62.64,2.088,1.0,0.0,0.029,0.105,1,
140,0,67.55,112.0,2.779,0.0,0.0,0.0,0.0,0,
140,1,132.69,69.73,-2.127,1.0,0.0,-0.011,1.32,0,25.2
140,2,33.87,23.17,2.773,0.933,0.0,0.481,0.84,0,
140,3,7.5,62.75,2.092,1.0,0.0,0.03,0.104,1,
141,0,67.55,112.0,2.779,0.0,0.0,0.0,0.0,0,
141,1,131.93,68.51,-2.128,1.0,0.0,-0.009,1.44,0,23.8
141,2,32.97,23.52,2.837,0.879,0.0,0.384,0.96,0,
141,3,7.5,62.85,2.097,1.0,0.0,0.03,0.104,1,
142,0,67.55,112.0,2.779,0.0,0.0,0.0,0.0,0,
142,1,131.14,67.23,-2.129,1.0,0.0,-0.007,1.5,0,22.3
142,2,31.94,23.84,2.885,0.803,0.0,0.306,1.08,0,
142,3,7.5,62.96,2.102,1.0,0.0,0.03,0.104,1,
143,0,67.55,112.0,2.779,0.0,0.0,0.0,0.0,0,
143,1,130.35,65.96,-2.13,1.0,0.0,-0.006,1.5,0,20.8
143,2,30.91,24.11,2.923,0.71,0.0,0.244,1.064,0,
143,3,7.5,63.06,2.107,1.0,0.0,0.031,0.103,1,
144,0,67.55,112.0,2.779,0.0,0.0,0.0,0.0,0,
144,1,129.55,64.69,-2.131,1.0,0.0,-0.005,1.5,0,19.3
144,2,30.01,24.31,2.953,0.614,0.0,0.189,0.922,0,
144,3,7.5,63.16,2.112,1.0,0.0,0.031,0.103,1,
145,0,67.55,112.0,2.779,0.0,0.0,0.0,0.0,0,
145,1,128.75,63.42,-2.132,1.0,0.0,-0.004,1.5,0,17.8
145,2,29.23,24.46,2.975,0.531,0.0,0.142,0.796,0,
145,3,7.5,63.26,2.117,1.0,0.0,0.032,0.103,1,
146,0,67.55,112.0,2.779,0.0,0.0,0.0,0.0,0,
146,1,127.95,62.15,-2.132,1.0,0.0,-0.004,1.5,0,16.3
146,2,28.55,24.57,2.992,0.459,0.0,0.104,0.688,0,
146,3,7.5,63.37,2.122,1.0,0.0,0.032,0.103,1,
147,0,67.55,112.0,2.779,0.0,0.0,0.0,0.0,0,
147,1,127.16,60.88,-2.133,1.0,0.0,-0.003,1.5,0,14.8
147,2,27.97,24.66,3.003,0.397,0.0,0.075,0.595,0,
147,3,7.5,63.47,2.127,1.0,0.0,0.033,0.102,1,
148,0,67.55,112.0,2.779,0.0,0.0,0.0,0.0,0,
148,1,126.44,59.75,-2.116,0.182,0.0,1.0,1.34,0,18.2
148,2,27.45,24.73,3.012,0.344,0.0,0.056,0.517,0,
148,3,7.5,63.57,2.132,1.0,0.0,0.033,0.102,1,
149,0,67.55,112.0,2.779,0.0,0.0,0.0,0.0,0,
149,1,125.95,58.93,-2.082,0.021,0.0,1.0,0.955,1,18.1
149,2,27.1,24.78,3.039,0.132,0.0,1.0,0.357,0,
149,3,7.5,63.67,2.137,1.0,0.0,0.034,0.102,1,
150,0,67.55,112.0,2.779,0.0,0.0,0.0,0.0,0,
150,1,125.95,58.93,-2.03,0.0,0.0,1.0,0.0,0,18.1
150,2,26.73,24.82,3.047,0.247,0.0,-0.588,0.37,0,
150,3,7.5,63.77,2.143,1.0,0.0,0.034,0.101,1,
151,0,67.55,112.0,2.779,0.0,0.0,0.0,0.0,0,
151,1,125.95,58.93,-1.96,0.0,0.0,1.0,0.0,0,18.1
151,2,26.42,24.85,3.039,0.209,0.0,-0.691,0.313,0,
151,3,7.5,63.88,2.148,0.994,0.0,0.034,0.101,1,
152,0,67.55,112.0,2.779,0.0,0.0,0.0,0.0,0,
152,1,125.96,58.92,-1.873,0.033,0.0,1.0,0.009,1,18.1
152,2,26.15,24.88,3.013,0.178,0.0,-0.778,0.268,0,
152,3,7.5,63.98,2.154,0.985,0.0,0.035,0.101,1,
153,0,67.55,112.0,2.779,0.0,0.0,0.0,0.0,0,
153,1,125.98,58.9,-1.769,0.12,0.0,1.0,0.032,1,18.1
153,2,25.92,24.91,2.969,0.154,0.0,-0.847,0.232,0,
153,3,7.5,64.08,2.159,0.977,0.0,0.035,0.1,1,
154,0,67.55,112.0,2.779,0.0,0.0,0.0,0.0,0,
154,1,126.02,58.88,-1.647,0.223,0.0,1.0,0.044,8,18.0
154,2,25.72,24.94,2.908,0.136,0.0,-0.895,0.204,0,
154,3,7.5,64.18,2.165,0.969,0.0,0.036,0.1,1,
155,0,67.55,112.0,2.779,0.0,0.0,0.0,0.0,0,
155,1,126.07,58.85,-1.507,0.34,0.0,1.0,0.058,2,18.0
155,2,25.54,24.98,2.829,0.122,0.0,-0.899,0.184,0,
155,3,7.5,64.28,2.17,0.961,0.0,0.036,0.099,1,
156,0,67.55,112.0,2.779,0.0,0.0,0.0,0.0,0,
156,1,126.13,58.81,-1.35,0.468,0.0,1.0,0.072,1,17.9
156,2,25.38,25.04,2.733,0.117,0.0,-0.791,0.175,0,
156,3,7.5,64.37,2.176,0.953,0.0,0.037,0.099,1,
157,0,67.55,112.0,2.779,0.0,0.0,0.0,0.0,0,
157,1,126.2,58.76,-1.193,0.601,0.0,1.0,0.087,2,17.8
157,2,25.23,25.1,2.63,0.111,0.0,-0.653,0.167,0,
157,3,7.5,64.47,2.182,0.945,0.0,0.037,0.099,1,
158,0,67.55,112.0,2.779,0.0,0.0,0.0,0.0,0,
158,1,126.29,58.71,-1.036,0.719,0.0,1.0,0.099,1,17.7
158,2,25.09,25.18,2.545,0.104,0.0,-0.501,0.156,0,
158,3,7.5,64.57,2.188,0.937,0.0,0.038,0.098,1,
159,0,67.55,112.0,2.779,0.0,0.0,0.0,0.0,0,
159,1,126.38,58.64,-0.896,0.819,0.0,0.874,0.109,8,17.6
159,2,24.97,25.26,2.478,0.095,0.0,-0.374,0.143,0,
159,3,7.5,64.67,2.194,0.929,0.0,0.038,0.098,1,
160,0,67.44,112.04,2.779,1.0,0.0,0.002,0.12,0,20.4
160,1,126.47,58.58,-0.774,0.891,0.0,0.674,0.115,1,17.5
160,2,24.76,25.42,2.393,0.623,0.0,-1.0,0.263,0,
160,3,7.5,64.67,2.183,0.0,0.0,-1.0,0.0,0,
161,0,67.22,112.13,2.78,1.0,0.0,0.001,0.24,0,20.1
161,1,126.57,58.51,-0.67,0.94,0.0,0.499,0.119,8,17.4
161,2,24.48,25.68,2.29,0.681,0.0,-1.0,0.383,0,
161,3,7.5,64.67,2.154,0.0,0.0,-1.0,0.0,0,
162,0,66.88,112.25,2.78,1.0,0.0,0.001,0.36,0,19.8
162,1,126.66,58.44,-0.583,0.999,0.0,0.068,0.12,1,17.3
162,2,24.15,26.06,2.17,0.744,0.0,-1.0,0.503,0,
162,3,7.5,64.67,2.107,0.0,0.0,-1.0,0.0,0,
163,0,66.43,112.42,2.78,1.0,0.0,0.001,0.48,0,19.3
163,1,126.76,58.37,-0.513,0.999,0.0,-0.056,0.12,0,17.2
163,2,23.8,26.57,2.033,0.81,0.0,-0.895,0.623,0,
163,3,7.5,64.67,2.043,0.0,0.0,-1.0,0.0,0,
164,0,65.87,112.64,2.78,1.0,0.0,0.001,0.6,0,18.7
164,1,126.97,58.25,-0.461,0.994,0.0,-0.156,0.24,0,16.9
164,2,23.47,27.24,1.913,0.875,0.0,-0.723,0.743,0,
164,3,7.5,64.67,1.962,0.0,0.0,-1.0,0.0,0,
165,0,65.2,112.89,2.78,1.0,0.0,0.001,0.72,0,18.0
165,1,127.29,58.09,-0.426,0.987,0.0,-0.232,0.36,0,16.6
165,2,23.18,28.05,1.81,0.92,0.0,-0.576,0.863,0,
165,3,7.5,64.67,1.863,0.0,0.0,-1.0,0.0,0,
166,0,64.41,113.19,2.78,1.0,0.0,0.0,0.84,0,17.1
166,1,127.73,57.9,-0.409,0.98,0.0,-0.287,0.48,0,16.1
166,2,22.95,29.01,1.725,0.95,0.0,-0.453,0.983,0,
166,3,7.5,64.67,1.746,0.0,0.0,-1.0,0.0,0,
167,0,63.51,113.53,2.78,1.0,0.0,0.0,0.96,0,16.2
167,1,128.28,57.66,-0.41,0.975,0.0,-0.32,0.6,0,15.5
167,2,22.78,30.1,1.658,0.969,0.0,-0.354,1.103,0,
167,3,7.5,64.67,1.612,0.0,0.0,-1.0,0.0,0,
168,0,62.5,113.91,2.78,1.0,0.0,0.0,1.08,0,15.1
168,1,128.94,57.37,-0.428,0.973,0.0,-0.331,0.72,0,14.8
168,2,22.67,31.31,1.608,0.981,0.0,-0.278,1.223,0,
168,3,7.5,64.67,1.461,0.0,0.0,-1.0,0.0,0,
169,0,61.38,114.33,2.78,1.0,0.0,0.0,1.2,0,13.9
169,1,129.71,57.02,-0.463,0.975,0.0,-0.322,0.84,0,14.0
169,2,22.62,32.66,1.572,0.987,0.0,-0.227,1.343,0,
169,3,7.5,64.69,1.304,0.011,0.0,-1.0,0.017,0,
170,0,60.41,114.7,2.798,0.0,0.0,1.0,1.04,0,22.3
170,1,130.57,56.59,-0.509,0.979,0.0,-0.29,0.96,0,13.0
170,2,22.62,34.12,1.542,0.991,0.0,-0.195,1.463,0,
170,3,7.54,64.82,1.164,0.913,0.0,-0.599,0.137,0,
171,0,60.07,114.81,2.833,0.0,0.0,1.0,0.36,1,22.6
171,1,131.51,56.07,-0.547,0.985,0.0,-0.246,1.08,0,12.0
171,2,22.66,35.61,1.515,0.993,0.0,-0.171,1.489,0,
171,3,7.64,65.05,1.042,0.959,0.0,-0.409,0.257,0,
172,0,60.07,114.81,2.885,0.021,0.0,1.0,0.002,1,22.5
172,1,132.53,55.44,-0.581,0.989,0.0,-0.213,1.2,0,10.8
172,2,22.56,36.07,1.491,0.994,0.0,-0.152,0.476,1,
172,3,7.83,65.38,0.938,0.985,0.0,-0.251,0.377,0,
173,0,60.06,114.8,2.955,0.074,0.0,1.0,0.012,1,22.5
173,1,133.4,54.87,-0.632,0.478,0.0,-1.0,1.04,0,48.3
173,2,22.55,36.07,1.469,0.995,0.0,-0.138,0.012,1,
173,3,8.12,65.78,0.85,0.996,0.0,-0.125,0.497,0,
174,0,60.05,114.78,3.043,0.144,0.0,1.0,0.021,1,22.4
174,1,134.11,54.35,-0.7,0.467,0.0,-1.0,0.88,0,48.6
174,2,22.54,36.08,1.452,0.997,0.0,-0.108,0.009,1,
174,3,8.53,66.24,0.781,1.0,0.0,-0.029,0.617,0,
175,0,60.04,114.75,-3.135,0.23,0.0,1.0,0.032,1,22.4
175,1,134.66,53.89,-0.786,0.478,0.0,-1.0,0.72,0,48.7
175,2,22.54,36.08,1.439,0.998,0.0,-0.085,0.007,1,
175,3,9.05,66.76,0.729,1.0,0.0,0.037,0.737,0,
176,0,60.03,114.71,-3.013,0.331,0.0,1.0,0.044,2,22.4
176,1,135.21,53.34,-0.89,0.512,0.0,-1.0,0.769,0,48.8
176,2,22.53,36.08,1.428,0.999,0.0,-0.067,0.006,1,
176,3,9.69,67.33,0.694,0.999,0.0,0.074,0.857,0,
177,0,60.01,114.66,-2.873,0.445,0.0,1.0,0.058,8,22.3
177,1,135.73,52.69,-1.011,0.557,0.0,-1.0,0.836,0,48.9
177,2,22.53,36.08,1.42,0.999,0.0,-0.052,0.004,1,
177,3,10.44,67.96,0.677,0.998,0.0,0.084,0.977,0,
178,0,59.98,114.59,-2.715,0.567,0.0,1.0,0.073,1,22.2
178,1,136.22,51.92,-1.149,0.611,0.0,-1.0,0.916,0,48.8
178,2,22.52,36.08,1.414,1.0,0.0,-0.041,0.003,1,
178,3,11.3,68.65,0.678,0.999,0.0,0.068,1.097,0,
179,0,59.95,114.51,-2.558,0.69,0.0,1.0,0.087,1,22.1
179,1,136.5,51.0,-1.305,0.671,0.0,-1.0,0.96,1,48.6
179,2,22.52,36.08,1.409,1.0,0.0,-0.032,0.003,1,
179,3,12.25,69.41,0.681,1.0,0.0,0.025,1.217,0,
180,0,59.91,114.41,-2.412,0.796,0.0,0.929,0.1,1,22.0
180,1,136.5,50.88,-1.462,0.741,0.0,-1.0,0.116,1,48.5
180,2,22.52,36.08,1.405,1.0,0.0,-0.025,0.002,8,
180,3,13.29,70.25,0.678,1.0,0.0,-0.024,1.337,0,
181,0,59.86,114.31,-2.284,0.876,0.0,0.718,0.109,1,21.9
181,1,136.5,50.76,-1.602,0.834,0.0,-0.836,0.119,1,48.5
181,2,22.52,36.08,1.402,1.0,0.0,-0.02,0.002,1,
181,3,14.42,71.16,0.668,0.999,0.0,-0.062,1.457,0,
182,0,59.82,114.21,-2.173,0.932,0.0,0.531,0.115,8,21.8
182,1,136.5,50.64,-1.724,0.9,0.0,-0.645,0.12,0,48.4
182,2,22.51,36.08,1.399,1.0,0.0,-0.016,0.001,8,
182,3,15.6,72.09,0.654,0.998,0.0,-0.089,1.497,0,
183,0,59.77,114.1,-2.08,0.967,0.0,0.37,0.118,1,21.7
183,1,136.46,50.41,-1.829,0.944,0.0,-0.478,0.24,0,48.2
183,2,22.51,36.08,1.397,1.0,0.0,-0.012,0.001,1,
183,3,16.78,73.0,0.638,0.997,0.0,-0.104,1.496,0,
184,0,59.72,113.99,-2.004,0.987,0.0,0.233,0.12,1,21.6
184,1,136.37,50.06,-1.916,0.971,0.0,-0.343,0.36,0,48.0
184,2,22.51,36.08,1.396,1.0,0.0,-0.01,0.001,1,
184,3,17.99,73.89,0.621,0.997,0.0,-0.107,1.496,0,
185,0,59.67,113.88,-1.945,0.996,0.0,0.122,0.12,0,21.5
185,1,136.21,49.61,-1.985,0.986,0.0,-0.236,0.48,0,47.6
185,2,22.51,36.08,1.394,1.0,0.0,-0.008,0.001,8,
185,3,19.2,74.76,0.605,0.998,0.0,-0.101,1.496,0,
186,0,59.58,113.66,-1.904,1.0,0.0,0.035,0.24,0,21.2
186,1,135.96,49.06,-2.037,0.994,0.0,-0.157,0.6,0,47.1
186,2,22.51,36.08,1.394,1.0,0.0,-0.006,0.001,8,
186,3,20.43,75.61,0.592,0.998,0.0,-0.086,1.497,0,
187,0,59.47,113.32,-1.881,1.0,0.0,-0.032,0.36,0,20.9
187,1,135.64,48.42,-2.072,0.997,0.0,-0.106,0.72,0,46.5
187,2,22.51,36.08,1.393,1.0,0.0,-0.005,0.0,1,
187,3,21.68,76.45,0.581,0.999,0.0,-0.065,1.498,0,
188,0,59.32,112.86,-1.875,0.998,0.0,-0.082,0.48,0,20.4
188,1,135.24,47.68,-2.089,0.998,0.0,-0.084,0.84,0,45.8
188,2,22.51,36.08,1.392,1.0,0.0,-0.004,0.0,8,
188,3,22.93,77.27,0.575,1.0,0.0,-0.039,1.499,0,
189,0,59.14,112.29,-1.886,0.997,0.0,-0.115,0.6,0,19.8
189,1,134.76,46.84,-2.103,0.998,0.0,-0.091,0.96,0,44.9
189,2,22.51,36.08,1.392,1.0,0.0,-0.003,0.0,1,
189,3,24.19,78.09,0.574,1.0,0.0,-0.009,1.5,0,
190,0,58.92,111.61,-1.916,0.967,0.0,-0.368,0.72,0,19.1
190,1,134.21,45.91,-2.12,0.997,0.0,-0.109,1.08,0,44.0
190,2,22.51,36.08,1.391,1.0,0.0,-0.002,0.0,1,
190,3,25.45,78.9,0.578,1.0,0.0,0.025,1.5,0,
191,0,58.63,110.82,-1.962,0.972,0.0,-0.34,0.84,0,18.3
191,1,133.59,44.89,-2.141,0.996,0.0,-0.131,1.2,0,43.0
191,2,22.51,36.08,1.391,1.0,0.0,-0.002,0.0,1,
191,3,26.7,79.72,0.587,0.999,0.0,0.061,1.499,0,
192,0,58.27,109.93,-2.007,0.98,0.0,-0.289,0.96,0,17.4
192,1,132.87,43.78,-2.166,0.994,0.0,-0.159,1.32,0,41.8
192,2,22.51,36.08,1.391,1.0,0.0,-0.001,0.0,8,
192,3,27.95,80.55,0.603,0.998,0.0,0.099,1.496,0,
193,0,57.81,108.95,-2.045,0.986,0.0,-0.24,1.08,0,16.3
193,1,132.07,42.59,-2.196,0.991,0.0,-0.192,1.44,0,40.6
193,2,22.51,36.08,1.391,1.0,0.0,-0.001,0.0,1,
193,3,29.18,81.4,0.624,0.995,0.0,0.137,1.493,0,
194,0,57.26,107.88,-2.077,0.99,0.0,-0.202,1.2,0,15.1
194,1,131.2,41.39,-2.232,0.987,0.0,-0.231,1.481,0,39.3
194,2,22.51,36.08,1.391,1.0,0.0,-0.001,0.0,1,
194,3,30.39,82.27,0.652,0.992,0.0,0.175,1.489,0,
195,0,56.62,106.73,-2.104,0.993,0.0,-0.173,1.32,0,13.8
195,1,130.3,40.22,-2.274,0.982,0.0,-0.268,1.474,0,38.0
195,2,22.51,36.08,1.391,1.0,0.0,-0.001,0.0,8,
195,3,31.57,83.17,0.685,0.989,0.0,0.212,1.483,0,
196,0,55.89,105.49,-2.128,0.994,0.0,-0.15,1.44,0,12.4
196,1,129.35,39.11,-2.322,0.978,0.0,-0.301,1.467,0,36.6
196,2,22.51,36.08,1.39,1.0,0.0,-0.001,0.0,1,
196,3,32.71,84.1,0.724,0.985,0.0,0.247,1.478,0,
197,0,55.1,104.22,-2.149,0.996,0.0,-0.134,1.493,0,10.9
197,1,128.35,38.04,-2.373,0.974,0.0,-0.327,1.461,0,35.3
197,2,22.51,36.08,1.39,1.0,0.0,-0.0,0.0,8,
197,3,33.81,85.08,0.767,0.981,0.0,0.277,1.472,0,
198,0,54.28,102.97,-2.168,0.996,0.0,-0.122,1.495,0,9.4
198,1,127.3,37.03,-2.428,0.971,0.0,-0.347,1.456,0,34.0
198,2,22.51,36.08,1.39,1.0,0.0,-0.0,0.0,1,
198,3,34.87,86.09,0.815,0.978,0.0,0.303,1.466,0,
199,0,53.53,101.86,-2.205,0.0,0.0,-1.0,1.335,0,18.1
199,1,126.2,36.07,-2.484,0.969,0.0,-0.358,1.453,0,32.6
199,2,22.51,36.08,1.39,1.0,0.0,-0.0,0.0,1,
199,3,35.87,87.16,0.866,0.975,0.0,0.322,1.462,0,
200,0,52.84,100.92,-2.224,0.0,0.0,0.0,1.175,0,
200,1,125.18,35.28,-2.558,0.0,0.0,-1.0,1.293,0,40.4
200,2,22.51,36.08,1.373,0.511,0.0,-1.0,0.0,8,
200,3,36.72,88.15,0.899,0.0,0.0,-1.0,1.302,0,
201,0,52.22,100.11,-2.226,0.0,0.0,0.0,1.015,0,
201,1,124.24,34.66,-2.649,0.0,0.0,-1.0,1.133,0,41.4
201,2,22.51,36.08,1.338,0.526,0.0,-1.0,0.002,8,
201,3,37.43,89.04,0.914,0.0,0.0,-1.0,1.142,0,
202,0,51.7,99.43,-2.226,0.0,0.0,0.0,0.855,0,
202,1,123.38,34.2,-2.758,0.0,0.0,-1.0,0.973,0,42.2
202,2,22.52,36.08,1.285,0.555,0.0,-1.0,0.006,1,
202,3,38.03,89.82,0.912,0.0,0.0,-1.0,0.982,0,
203,0,51.28,98.88,-2.226,0.0,0.0,0.0,0.695,0,
203,1,122.62,33.89,-2.884,0.0,0.0,-1.0,0.813,0,42.8
203,2,22.53,36.08,1.215,0.598,0.0,-1.0,0.013,8,
203,3,38.53,90.47,0.893,0.0,0.0,-1.0,0.822,0,
204,0,51.32,98.69,-2.226,0.0,0.0,0.0,0.201,1,
204,1,121.99,33.73,-3.027,0.0,0.0,-1.0,0.653,0,43.2
204,2,22.55,36.07,1.128,0.653,0.0,-1.0,0.021,1,
204,3,38.58,90.76,0.856,0.0,0.0,-1.0,0.293,1,
205,0,51.32,98.69,-2.226,0.0,0.0,0.0,0.0,0,
205,1,121.5,33.67,3.099,0.0,0.0,-1.0,0.493,0,43.5
205,2,22.58,36.07,1.023,0.718,0.0,-1.0,0.032,1,
205,3,38.58,90.76,0.801,0.0,0.0,-1.0,0.0,0,
206,0,51.32,98.69,-2.226,0.0,0.0,0.0,0.0,0,
206,1,121.17,33.69,2.942,0.0,0.0,-1.0,0.333,0,43.6
206,2,22.63,36.06,0.9,0.788,0.0,-0.948,0.044,1,
206,3,38.58,90.76,0.729,0.0,0.0,-1.0,0.0,0,
207,0,51.32,98.69,-2.226,0.0,0.0,0.0,0.0,0,
207,1,121.0,33.72,2.784,0.0,0.0,-1.0,0.173,0,43.7
207,2,22.68,36.05,0.779,0.858,0.0,-0.77,0.058,1,
207,3,38.58,90.76,0.64,0.0,0.0,-1.0,0.0,0,
208,0,51.32,98.69,-2.226,0.0,0.0,0.0,0.0,0,
208,1,120.99,33.72,2.627,0.0,0.0,-1.0,0.013,0,43.7
208,2,22.75,36.04,0.675,0.915,0.0,-0.594,0.071,1,
208,3,38.58,90.76,0.533,0.0,0.0,-1.0,0.0,0,
209,0,51.32,98.69,-2.226,0.0,0.0,0.0,0.0,0,
209,1,120.99,33.72,2.47,0.0,0.0,-1.0,0.0,0,43.7
209,2,22.83,36.03,0.589,0.953,0.0,-0.442,0.081,1,
209,3,38.58,90.76,0.409,0.0,0.0,-1.0,0.0,0,
210,0,51.36,98.72,-2.226,0.0,0.0,0.0,0.054,1,
210,1,120.99,33.72,2.313,0.0,0.0,-1.0,0.0,0,43.7
210,2,22.92,36.01,0.521,0.976,0.0,-0.314,0.089,1,
210,3,38.64,90.78,0.267,0.073,0.0,-1.0,0.056,1,
211,0,51.41,98.75,-2.226,0.0,0.0,0.0,0.057,1,
211,1,120.99,33.72,2.156,0.0,0.0,-1.0,0.0,0,43.7
211,2,23.02,36.0,0.47,0.989,0.0,-0.21,0.095,1,
211,3,38.7,90.78,0.109,0.21,0.0,-1.0,0.067,1,
212,0,51.46,98.77,-2.226,0.0,0.0,0.0,0.054,1,
212,1,120.99,33.72,1.999,0.0,0.0,-1.0,0.0,0,43.7
212,2,23.11,35.99,0.436,0.996,0.0,-0.131,0.099,1,
212,3,38.78,90.76,-0.048,0.358,0.0,-1.0,0.075,1,
213,0,51.5,98.8,-2.226,0.0,0.0,0.0,0.049,1,
213,1,120.94,33.83,1.842,0.148,0.0,-1.0,0.12,0,43.6
213,2,23.21,35.97,0.42,0.999,0.0,-0.077,0.102,1,
213,3,38.85,90.73,-0.205,0.497,0.0,-1.0,0.085,1,
214,0,51.53,98.82,-2.226,0.0,0.0,0.0,0.043,1,
214,1,120.87,34.06,1.685,0.292,0.0,-1.0,0.24,0,43.5
214,2,23.32,35.96,0.413,0.999,0.0,-0.048,0.103,1,
214,3,38.94,90.68,-0.362,0.625,0.0,-1.0,0.094,1,
215,0,51.56,98.84,-2.226,0.0,0.0,0.0,0.035,1,
215,1,120.83,34.42,1.528,0.423,0.0,-1.0,0.36,0,43.2
215,2,23.42,35.95,0.408,1.0,0.0,-0.031,0.104,1,
215,3,39.02,90.62,-0.519,0.738,0.0,-1.0,0.103,1,
216,0,51.59,98.86,-2.226,0.0,0.0,0.0,0.027,1,
216,1,120.85,34.9,1.371,0.541,0.0,-1.0,0.48,0,42.7
216,2,23.52,35.94,0.405,1.0,0.0,-0.017,0.105,1,
216,3,39.1,90.54,-0.658,0.833,0.0,-0.837,0.111,1,
217,0,51.6,98.87,-2.226,0.0,0.0,0.0,0.019,1,
217,1,120.97,35.49,1.214,0.646,0.0,-1.0,0.6,0,42.2
217,2,23.63,35.93,0.404,1.0,0.0,-0.006,0.106,1,
217,3,39.18,90.46,-0.78,0.901,0.0,-0.641,0.116,1,
218,0,51.61,98.88,-2.226,0.0,0.0,0.0,0.011,1,
218,1,121.24,36.04,1.057,0.741,0.0,-1.0,0.613,8,41.6
218,2,23.74,35.92,0.405,1.0,0.0,0.002,0.106,1,
218,3,39.26,90.37,-0.885,0.947,0.0,-0.469,0.118,1,
219,0,51.61,98.88,-2.226,0.0,0.0,0.0,0.005,1,
219,1,121.32,36.05,0.917,0.83,0.0,-0.846,0.076,8,41.5
219,2,23.84,35.91,0.406,1.0,0.0,0.008,0.107,8,
219,3,39.33,90.27,-0.972,0.975,0.0,-0.321,0.12,1,
220,0,51.61,98.88,-2.226,0.0,0.0,0.0,0.0,0,
220,1,121.41,36.07,0.795,0.901,0.0,-0.64,0.088,1,41.5
220,2,23.95,35.9,0.408,1.0,0.0,0.014,0.107,1,
220,3,39.4,90.17,-1.042,0.99,0.0,-0.198,0.12,0,
221,0,51.61,98.88,-2.226,0.0,0.0,0.0,0.0,0,
221,1,121.5,36.08,0.69,0.949,0.0,-0.458,0.098,1,41.4
221,2,24.06,35.9,0.411,1.0,0.0,0.018,0.107,1,
221,3,39.52,89.97,-1.094,0.998,0.0,-0.1,0.24,0,
222,0,51.61,98.88,-2.226,0.0,0.0,0.0,0.0,0,
222,1,121.61,36.1,0.603,0.978,0.0,-0.3,0.105,8,41.3
222,2,24.16,35.89,0.414,1.0,0.0,0.021,0.108,1,
222,3,39.68,89.65,-1.128,1.0,0.0,-0.027,0.36,0,
223,0,51.61,98.88,-2.226,0.0,0.0,0.0,0.0,0,
223,1,121.71,36.12,0.534,0.993,0.0,-0.167,0.11,8,41.3
223,2,24.27,35.89,0.418,1.0,0.0,0.023,0.108,1,
223,3,39.89,89.21,-1.145,1.0,0.0,0.022,0.48,0,
224,0,51.61,98.88,-2.226,0.0,0.0,0.0,0.0,0,
224,1,121.83,36.15,0.482,0.999,0.0,-0.058,0.114,1,41.2
224,2,24.38,35.88,0.422,1.0,0.0,0.025,0.108,1,
224,3,40.13,88.67,-1.145,0.999,0.0,0.047,0.6,0,
225,0,51.61,98.88,-2.226,0.0,0.0,0.0,0.0,0,
225,1,121.94,36.17,0.447,1.0,0.0,0.026,0.116,8,41.1
225,2,24.49,35.88,0.426,1.0,0.0,0.027,0.108,8,
225,3,40.43,88.01,-1.138,0.999,0.0,0.048,0.72,0,
226,0,51.61,98.88,-2.226,0.0,0.0,0.0,0.0,0,
226,1,122.05,36.2,0.43,0.998,0.0,0.086,0.117,1,41.0
226,2,24.6,35.88,0.43,1.0,0.0,0.028,0.109,8,
226,3,40.79,87.25,-1.131,1.0,0.0,0.039,0.84,0,
227,0,51.61,98.88,-2.226,0.0,0.0,0.0,0.0,0,
227,1,122.17,36.22,0.43,0.996,0.0,0.12,0.118,1,40.9
227,2,24.7,35.88,0.435,1.0,0.0,0.029,0.109,1,
227,3,41.19,86.38,-1.126,1.0,0.0,0.032,0.96,0,
228,0,51.61,98.88,-2.226,0.0,0.0,0.0,0.0,0,
228,1,122.28,36.25,0.448,0.996,0.0,0.129,0.118,1,40.9
228,2,24.81,35.88,0.44,1.0,0.0,0.03,0.109,8,
228,3,41.66,85.41,-1.122,1.0,0.0,0.027,1.08,0,
229,0,51.61,98.88,-2.226,0.0,0.0,0.0,0.0,0,
229,1,122.4,36.28,0.466,0.997,0.0,0.114,0.118,1,40.8
229,2,24.92,35.88,0.445,1.0,0.0,0.031,0.109,8,
229,3,42.18,84.32,-1.119,1.0,0.0,0.023,1.2,0,
230,0,51.61,98.88,-2.226,0.0,0.0,0.0,0.0,0,
230,1,122.51,36.31,0.482,0.998,0.0,0.098,0.118,1,40.7
230,2,25.03,35.88,0.45,1.0,0.0,0.032,0.109,1,
230,3,42.76,83.14,-1.115,1.0,0.0,0.02,1.32,0,
231,0,51.61,98.88,-2.226,0.0,0.0,0.0,0.0,0,
231,1,122.62,36.34,0.495,0.998,0.0,0.086,0.117,8,40.6
231,2,25.14,35.88,0.455,1.0,0.0,0.032,0.11,1,
231,3,43.39,81.84,-1.113,1.0,0.0,0.017,1.44,0,
232,0,51.61,98.88,-2.226,0.0,0.0,0.0,0.0,0,
232,1,122.74,36.38,0.507,0.999,0.0,0.077,0.117,1,40.5
232,2,25.25,35.89,0.46,1.0,0.0,0.033,0.11,2,
232,3,44.05,80.5,-1.11,1.0,0.0,0.016,1.5,0,
233,0,51.61,98.88,-2.226,0.0,0.0,0.0,0.0,0,
233,1,122.85,36.41,0.518,0.999,0.0,0.07,0.117,8,40.5
233,2,25.36,35.89,0.465,1.0,0.0,0.033,0.11,1,
233,3,44.65,79.3,-1.09,0.0,0.0,1.0,1.34,0,
234,0,51.61,98.88,-2.226,0.0,0.0,0.0,0.0,0,
234,1,122.96,36.44,0.528,0.999,0.0,0.064,0.117,1,40.4
234,2,25.47,35.9,0.47,1.0,0.0,0.033,0.11,1,
234,3,45.19,78.25,-1.053,0.0,0.0,1.0,1.18,0,
235,0,51.61,98.88,-2.226,0.0,0.0,0.0,0.0,0,
235,1,123.07,36.48,0.538,0.999,0.0,0.059,0.117,8,40.3
235,2,25.58,35.91,0.476,1.0,0.0,0.034,0.11,1,
235,3,45.7,77.37,-0.998,0.0,0.0,1.0,1.02,0,
236,0,51.61,98.88,-2.226,0.0,0.0,0.0,0.0,0,
236,1,123.18,36.52,0.546,0.999,0.0,0.056,0.117,1,40.2
236,2,25.69,35.91,0.481,1.0,0.0,0.034,0.111,8,
236,3,46.16,76.64,-0.925,0.0,0.0,1.0,0.86,0,
237,0,51.61,98.88,-2.226,0.0,0.0,0.0,0.0,0,
237,1,123.29,36.55,0.555,0.999,0.0,0.053,0.117,8,40.1
237,2,25.8,35.92,0.486,1.0,0.0,0.034,0.111,8,
237,3,46.59,76.08,-0.835,0.012,0.0,1.0,0.7,0,
238,0,51.61,98.88,-2.226,0.0,0.0,0.0,0.0,0,
238,1,123.41,36.59,0.563,0.999,0.0,0.051,0.117,1,40.0
238,2,25.91,35.93,0.492,1.0,0.0,0.035,0.111,1,
238,3,46.95,75.68,-0.728,0.08,0.0,1.0,0.54,0,
239,0,51.61,98.88,-2.226,0.0,0.0,0.0,0.0,0,
239,1,123.52,36.63,0.571,0.999,0.0,0.05,0.117,1,39.9
239,2,26.02,35.94,0.497,1.0,0.0,0.035,0.111,8,
239,3,47.23,75.43,-0.603,0.17,0.0,1.0,0.38,0,
240,0,51.54,98.78,-2.208,0.264,0.0,1.0,0.12,0,33.7
240,1,123.52,36.63,0.596,0.0,0.0,1.0,0.0,0,30.3
240,2,26.02,35.94,0.485,0.0,0.0,-1.0,0.0,8,
240,3,47.64,75.15,-0.495,0.894,0.0,0.665,0.5,0,
241,0,51.4,98.59,-2.173,0.278,0.0,1.0,0.24,0,33.6
241,1,123.52,36.63,0.639,0.0,0.0,1.0,0.0,0,30.3
241,2,26.02,35.94,0.456,0.0,0.0,-1.0,0.0,8,
241,3,48.19,74.85,-0.405,0.933,0.0,0.524,0.62,0,
242,0,51.19,98.29,-2.121,0.304,0.0,1.0,0.36,0,33.5
242,1,123.52,36.63,0.699,0.0,0.0,1.0,0.0,0,30.3
242,2,26.02,35.94,0.409,0.0,0.0,-1.0,0.0,8,
242,3,48.87,74.56,-0.333,0.959,0.0,0.409,0.74,0,
243,0,50.94,97.88,-2.051,0.344,0.0,1.0,0.48,0,33.4
243,1,123.52,36.63,0.777,0.0,0.0,1.0,0.0,0,30.3
243,2,26.02,35.94,0.344,0.0,0.0,-1.0,0.0,8,
243,3,49.68,74.28,-0.278,0.975,0.0,0.318,0.86,0,
244,0,50.67,97.36,-1.963,0.397,0.0,1.0,0.595,0,33.1
244,1,123.52,36.63,0.872,0.0,0.0,1.0,0.0,0,30.3
244,2,26.02,35.94,0.262,0.0,0.0,-1.0,0.0,8,
244,3,50.62,74.01,-0.238,0.985,0.0,0.252,0.98,0,
245,0,50.41,96.72,-1.858,0.461,0.0,1.0,0.692,0,32.8
245,1,123.52,36.63,0.985,0.0,0.0,1.0,0.0,0,30.3
245,2,26.02,35.94,0.163,0.0,0.0,-1.0,0.0,8,
245,3,51.69,73.75,-0.206,0.99,0.0,0.207,1.1,0,
246,0,50.18,95.95,-1.736,0.536,0.0,1.0,0.804,0,32.4
246,1,123.52,36.63,1.115,0.0,0.0,1.0,0.0,0,30.3
246,2,26.02,35.94,0.045,0.0,0.0,-1.0,0.0,8,
246,3,52.89,73.5,-0.179,0.993,0.0,0.171,1.22,0,
247,0,50.03,95.04,-1.596,0.619,0.0,1.0,0.924,0,31.8
247,1,123.52,36.63,1.263,0.0,0.0,1.0,0.0,0,30.3
247,2,26.02,35.94,-0.089,0.0,0.0,-1.0,0.0,8,
247,3,54.2,73.26,-0.156,0.995,0.0,0.144,1.34,0,
248,0,50.0,93.99,-1.438,0.706,0.0,1.0,1.044,0,31.1
248,1,123.52,36.63,1.42,0.0,0.0,1.0,0.0,0,30.3
248,2,26.02,35.94,-0.241,0.0,0.0,-1.0,0.0,8,
248,3,55.65,73.04,-0.137,0.996,0.0,0.122,1.46,0,
249,0,50.15,92.84,-1.292,0.794,0.0,0.933,1.164,0,30.2
249,1,123.52,36.63,1.577,0.0,0.0,1.0,0.0,0,30.3
249,2,26.04,35.94,-0.398,0.011,0.0,-1.0,0.017,0,
249,3,57.13,72.83,-0.121,0.997,0.0,0.106,1.496,0,
250,0,50.51,91.6,-1.163,0.863,0.0,0.757,1.284,0,29.1
250,1,123.52,36.63,1.734,0.0,0.0,1.0,0.0,0,30.3
250,2,26.17,35.89,-0.555,0.166,0.0,-1.0,0.137,0,
250,3,58.61,72.65,-0.106,0.998,0.0,0.093,1.497,0,
251,0,51.05,90.35,-1.051,0.912,0.0,0.605,1.368,0,27.8
251,1,123.52,36.63,1.891,0.0,0.0,1.0,0.0,0,30.3
251,2,26.38,35.75,-0.712,0.307,0.0,-1.0,0.257,0,
251,3,59.51,72.52,-0.093,0.998,0.0,0.082,0.906,8,
252,0,51.75,89.12,-0.957,0.945,0.0,0.474,1.418,0,26.5
252,1,123.52,36.63,2.048,0.0,0.0,1.0,0.0,0,30.3
252,2,26.67,35.5,-0.869,0.433,0.0,-1.0,0.377,0,
252,3,59.51,72.51,-0.082,0.999,0.0,0.074,0.006,1,
253,0,52.59,87.93,-0.881,0.968,0.0,0.365,1.451,0,25.1
253,1,123.5,36.63,2.205,0.075,0.0,1.0,0.015,1,30.3
253,2,26.99,35.12,-1.026,0.544,0.0,-1.0,0.497,0,
253,3,59.51,72.51,-0.072,0.999,0.0,0.058,0.005,8,
254,0,53.53,86.8,-0.821,0.981,0.0,0.276,1.472,0,23.7
254,1,123.47,36.61,2.362,0.23,0.0,1.0,0.034,8,30.3
254,2,27.31,34.6,-1.184,0.639,0.0,-1.0,0.617,0,
254,3,59.51,72.5,-0.065,0.999,0.0,0.046,0.004,1,
255,0,54.36,86.18,-0.78,0.989,0.0,0.209,1.039,1,22.6
255,1,123.42,36.6,2.519,0.379,0.0,1.0,0.052,1,30.2
255,2,27.59,33.91,-1.341,0.724,0.0,-1.0,0.737,0,
255,3,59.5,72.09,-0.06,1.0,0.0,0.036,0.416,10,
256,0,54.43,86.15,-0.756,0.995,0.0,0.147,0.073,1,22.6
256,1,123.36,36.57,2.677,0.519,0.0,1.0,0.069,1,30.1
256,2,27.78,33.08,-1.483,0.805,0.0,-0.908,0.857,0,
256,3,59.5,72.03,-0.048,0.999,0.0,0.075,0.055,3,
257,0,54.5,86.12,-0.738,0.997,0.0,0.111,0.074,1,22.5
257,1,123.28,36.55,2.834,0.646,0.0,1.0,0.084,1,30.1
257,2,27.87,32.11,-1.608,0.814,0.0,-0.749,0.977,0,
257,3,59.5,71.98,-0.038,0.999,0.0,0.065,0.053,3,
258,0,54.57,86.09,-0.725,0.998,0.0,0.085,0.076,1,22.4
258,1,123.18,36.52,2.991,0.758,0.0,1.0,0.097,8,30.0
258,2,27.83,31.01,-1.716,0.783,0.0,-0.61,1.097,0,
258,3,59.5,71.93,-0.029,0.999,0.0,0.056,0.053,11,
259,0,54.64,86.06,-0.715,0.999,0.0,0.064,0.077,1,22.3
259,1,123.08,36.48,3.13,0.85,0.0,0.792,0.107,8,29.9
259,2,27.67,29.94,-1.806,0.722,0.0,-0.488,1.083,0,
259,3,59.5,71.87,-0.021,0.999,0.0,0.05,0.052,3,
260,0,54.71,86.04,-0.707,0.999,0.0,0.048,0.078,1,22.3
260,1,122.97,36.45,-3.031,0.915,0.0,0.593,0.114,1,29.7
260,2,27.44,28.99,-1.879,0.648,0.0,-0.378,0.972,0,
260,3,59.5,71.82,-0.014,1.0,0.0,0.044,0.051,10,
261,0,54.79,86.01,-0.702,1.0,0.0,0.036,0.079,1,22.2
261,1,122.86,36.41,-2.926,0.957,0.0,0.419,0.118,8,29.6
261,2,27.18,28.17,-1.934,0.574,0.0,-0.282,0.861,0,
261,3,59.5,71.77,-0.008,1.0,0.0,0.04,0.051,10,
262,0,54.86,85.98,-0.697,1.0,0.0,0.026,0.079,1,22.1
262,1,122.75,36.38,-2.839,0.982,0.0,0.27,0.12,1,29.5
262,2,26.91,27.47,-1.972,0.504,0.0,-0.204,0.756,0,
262,3,59.5,71.72,-0.002,1.0,0.0,0.037,0.051,4,
263,0,54.94,85.96,-0.694,1.0,0.0,0.019,0.08,1,22.0
263,1,122.63,36.34,-2.77,0.995,0.0,0.146,0.12,0,29.4
263,2,26.65,26.86,-1.995,0.441,0.0,-0.148,0.661,0,
263,3,59.5,71.67,0.004,1.0,0.0,0.035,0.05,3,
264,0,55.01,85.93,-0.692,1.0,0.0,0.013,0.081,1,22.0
264,1,122.41,36.26,-2.717,0.999,0.0,0.047,0.24,0,29.1
264,2,26.42,26.33,-2.013,0.386,0.0,-0.116,0.579,0,
264,3,59.51,71.62,0.009,1.0,0.0,0.033,0.05,3,
265,0,55.09,85.9,-0.691,1.0,0.0,0.008,0.081,1,21.9
265,1,122.08,36.11,-2.683,1.0,0.0,-0.027,0.36,0,28.8
265,2,26.2,25.88,-2.021,0.336,0.0,-0.046,0.504,0,
265,3,59.51,71.57,0.014,1.0,0.0,0.031,0.05,4,
266,0,55.17,85.88,-0.691,1.0,0.0,0.004,0.082,1,21.8
266,1,121.65,35.89,-2.666,0.999,0.0,-0.076,0.48,0,28.3
266,2,26.01,25.49,-2.026,0.286,0.0,-0.036,0.429,0,
266,3,59.51,71.52,0.018,1.0,0.0,0.03,0.05,10,
267,0,55.24,85.85,-0.69,1.0,0.0,0.002,0.082,1,21.7
267,1,121.12,35.62,-2.666,0.997,0.0,-0.102,0.6,0,27.7
267,2,25.85,25.16,-2.031,0.243,0.0,-0.028,0.365,0,
267,3,59.51,71.47,0.023,1.0,0.0,0.029,0.05,3,
268,0,55.32,85.82,-0.69,1.0,0.0,-0.001,0.083,1,21.7
268,1,120.48,35.29,-2.683,0.997,0.0,-0.104,0.72,0,27.0
268,2,25.72,24.88,-2.034,0.207,0.0,-0.021,0.311,0,
268,3,59.51,71.42,0.027,1.0,0.0,0.028,0.05,3,
269,0,55.4,85.8,-0.691,1.0,0.0,-0.002,0.083,1,21.6
269,1,119.72,34.92,-2.696,0.998,0.0,-0.083,0.84,0,26.2
269,2,25.6,24.65,-2.036,0.176,0.0,-0.015,0.264,0,
269,3,59.52,71.37,0.031,1.0,0.0,0.027,0.049,5,
270,0,55.48,85.77,-0.691,1.0,0.0,-0.004,0.084,1,21.5
270,1,118.86,34.5,-2.706,0.999,0.0,-0.067,0.96,0,25.2
270,2,25.5,24.45,-2.038,0.15,0.0,-0.01,0.225,0,
270,3,59.52,71.32,0.036,1.0,0.0,0.027,0.049,3,
271,0,55.56,85.74,-0.692,1.0,0.0,-0.005,0.084,1,21.4
271,1,117.88,34.05,-2.715,0.999,0.0,-0.055,1.08,0,24.1
271,2,25.41,24.27,-2.039,0.128,0.0,-0.005,0.192,0,
271,3,59.52,71.27,0.04,1.0,0.0,0.026,0.049,3,
272,0,55.64,85.71,-0.693,1.0,0.0,-0.006,0.084,1,21.3
272,1,116.78,33.55,-2.722,1.0,0.0,-0.045,1.2,0,22.9
272,2,25.34,24.13,-2.039,0.109,0.0,-0.001,0.163,0,
272,3,59.52,71.22,0.044,1.0,0.0,0.026,0.049,3,
273,0,55.72,85.68,-0.694,1.0,0.0,-0.006,0.085,1,21.3
273,1,115.58,33.01,-2.728,1.0,0.0,-0.037,1.32,0,21.6
273,2,25.27,24.0,-2.039,0.093,0.0,0.003,0.139,0,
273,3,59.53,71.18,0.048,1.0,0.0,0.026,0.049,4,
274,0,55.8,85.65,-0.695,1.0,0.0,-0.007,0.085,1,21.2
274,1,114.26,32.43,-2.732,1.0,0.0,-0.031,1.44,0,20.2
274,2,25.22,23.9,-2.038,0.079,0.0,0.006,0.119,0,
274,3,59.53,71.13,0.052,1.0,0.0,0.026,0.049,10,
275,0,55.88,85.62,-0.696,1.0,0.0,-0.007,0.085,1,21.1
275,1,112.89,31.84,-2.737,1.0,0.0,-0.026,1.5,0,18.7
275,2,25.17,23.81,-2.036,0.068,0.0,0.009,0.102,0,
275,3,59.53,71.08,0.056,1.0,0.0,0.026,0.049,4,
276,0,55.96,85.6,-0.698,1.0,0.0,-0.008,0.086,1,21.0
276,1,111.51,31.25,-2.74,1.0,0.0,-0.023,1.5,0,17.2
276,2,25.14,23.73,-2.034,0.058,0.0,0.012,0.087,0,
276,3,59.54,71.03,0.06,1.0,0.0,0.025,0.049,3,
277,0,56.04,85.57,-0.699,1.0,0.0,-0.008,0.086,1,20.9
277,1,110.13,30.66,-2.743,1.0,0.0,-0.019,1.5,0,15.7
277,2,25.14,23.73,-2.034,0.0,0.0,0.0,0.0,0,
277,3,59.54,70.98,0.064,1.0,0.0,0.025,0.049,11,
278,0,56.12,85.53,-0.7,1.0,0.0,-0.008,0.086,1,20.9
278,1,108.74,30.08,-2.746,1.0,0.0,-0.017,1.5,0,14.2
278,2,25.14,23.73,-2.034,0.0,0.0,0.0,0.0,0,
278,3,59.55,70.93,0.068,1.0,0.0,0.025,0.049,11,
279,0,56.2,85.5,-0.701,1.0,0.0,-0.008,0.087,1,20.8
279,1,107.51,29.56,-2.731,0.0,0.0,1.0,1.34,0,11.4
279,2,25.14,23.73,-2.034,0.0,0.0,0.0,0.0,0,
279,3,59.55,70.88,0.072,1.0,0.0,0.025,0.049,4,
280,0,56.28,85.47,-0.703,1.0,0.0,-0.008,0.086,1,20.7
280,1,107.22,29.41,-2.699,0.0,0.0,1.0,0.322,8,55.0
280,2,25.14,23.73,-2.017,0.0,0.0,1.0,0.0,0,
280,3,59.55,70.84,0.093,0.0,0.0,1.0,0.047,9,
281,0,56.36,85.44,-0.704,1.0,0.0,-0.009,0.087,1,20.6
281,1,107.22,29.41,-2.649,0.0,0.0,1.0,0.0,8,55.0
281,2,25.14,23.73,-1.982,0.0,0.0,1.0,0.0,0,
281,3,59.56,70.79,0.132,0.0,0.0,1.0,0.047,4,
282,0,56.45,85.41,-0.705,1.0,0.0,-0.009,0.087,1,20.5
282,1,107.22,29.41,-2.581,0.0,0.0,1.0,0.0,8,55.0
282,2,25.14,23.73,-1.929,0.0,0.0,1.0,0.0,0,
282,3,59.56,70.74,0.189,0.0,0.0,1.0,0.047,2,
283,0,56.53,85.38,-0.707,1.0,0.0,-0.009,0.087,1,20.5
283,1,107.22,29.41,-2.497,0.0,0.0,1.0,0.0,8,55.0
283,2,25.14,23.73,-1.859,0.0,0.0,1.0,0.0,0,
283,3,59.57,70.69,0.263,0.0,0.0,1.0,0.047,2,
284,0,56.61,85.36,-0.708,1.0,0.0,-0.009,0.085,1,20.4
284,1,107.22,29.41,-2.394,0.0,0.0,1.0,0.0,8,55.0
284,2,25.14,23.73,-1.772,0.0,0.0,1.0,0.0,0,
284,3,59.57,70.65,0.354,0.036,0.0,1.0,0.043,11,
285,0,56.69,85.34,-0.71,1.0,0.0,-0.009,0.081,1,20.3
285,1,107.22,29.41,-2.274,0.0,0.0,1.0,0.0,8,55.0
285,2,25.14,23.73,-1.667,0.0,0.0,1.0,0.0,0,
285,3,59.58,70.62,0.463,0.127,0.0,1.0,0.032,4,
286,0,56.77,85.33,-0.711,1.0,0.0,-0.01,0.079,1,20.2
286,1,107.22,29.41,-2.137,0.0,0.0,1.0,0.0,8,55.0
286,2,25.14,23.73,-1.544,0.0,0.0,1.0,0.0,0,
286,3,59.58,70.59,0.59,0.235,0.0,1.0,0.026,4,
287,0,56.84,85.32,-0.713,1.0,0.0,-0.011,0.077,1,20.2
287,1,107.22,29.41,-1.982,0.0,0.0,1.0,0.0,8,55.0
287,2,25.14,23.73,-1.404,0.0,0.0,1.0,0.0,0,
287,3,59.58,70.58,0.734,0.355,0.0,1.0,0.019,3,
288,0,56.92,85.33,-0.715,1.0,0.0,-0.012,0.076,1,20.1
288,1,107.22,29.41,-1.825,0.0,0.0,1.0,0.0,8,55.0
288,2,25.16,23.61,-1.247,0.122,0.0,1.0,0.12,0,
288,3,59.58,70.56,0.891,0.486,0.0,1.0,0.011,3,
289,0,56.99,85.33,-0.717,1.0,0.0,-0.013,0.076,1,20.1
289,1,107.22,29.41,-1.668,0.0,0.0,1.0,0.0,8,55.0
289,2,25.23,23.38,-1.09,0.271,0.0,1.0,0.24,0,
289,3,59.58,70.56,1.048,0.617,0.0,1.0,0.004,4,
290,0,57.07,85.35,-0.719,1.0,0.0,-0.014,0.076,1,20.0
290,1,107.22,29.41,-1.511,0.0,0.0,1.0,0.0,8,55.0
290,2,25.4,23.07,-0.933,0.409,0.0,1.0,0.36,0,
290,3,59.58,70.56,1.205,0.732,0.0,1.0,0.002,4,
291,0,57.14,85.37,-0.721,1.0,0.0,-0.015,0.077,1,20.0
291,1,107.22,29.41,-1.354,0.0,0.0,1.0,0.0,8,55.0
291,2,25.68,22.68,-0.776,0.535,0.0,1.0,0.48,0,
291,3,59.58,70.57,1.344,0.83,0.0,0.846,0.007,11,
292,0,57.22,85.39,-0.724,1.0,0.0,-0.016,0.077,1,19.9
292,1,107.22,29.41,-1.197,0.0,0.0,1.0,0.0,8,55.0
292,2,26.11,22.26,-0.619,0.647,0.0,1.0,0.6,0,
292,3,59.58,70.58,1.466,0.899,0.0,0.647,0.011,4,
293,0,57.29,85.42,-0.727,1.0,0.0,-0.017,0.078,1,19.9
293,1,107.27,29.3,-1.04,0.092,0.0,1.0,0.12,1,55.1
293,2,26.7,21.84,-0.462,0.745,0.0,1.0,0.72,0,
293,3,59.58,70.59,1.571,0.946,0.0,0.472,0.013,10,
294,0,57.36,85.44,-0.729,1.0,0.0,-0.018,0.078,1,19.9
294,1,107.33,29.2,-0.883,0.24,0.0,1.0,0.12,0,55.1
294,2,27.45,21.47,-0.322,0.828,0.0,0.851,0.84,0,
294,3,59.58,70.61,1.658,0.975,0.0,0.323,0.014,3,
295,0,57.44,85.47,-0.732,1.0,0.0,-0.019,0.078,1,19.8
295,1,107.48,29.01,-0.726,0.383,0.0,1.0,0.24,0,55.2
295,2,28.36,21.16,-0.2,0.888,0.0,0.683,0.96,0,
295,3,59.58,70.62,1.728,0.99,0.0,0.199,0.014,4,
296,0,57.51,85.49,-0.736,1.0,0.0,-0.02,0.079,1,19.8
296,1,107.75,28.77,-0.569,0.512,0.0,1.0,0.36,0,55.2
296,2,29.42,20.95,-0.096,0.929,0.0,0.54,1.08,0,
296,3,59.57,70.63,1.78,0.998,0.0,0.099,0.014,1,
297,0,57.59,85.52,-0.739,1.0,0.0,-0.02,0.079,1,19.8
297,1,108.15,28.51,-0.411,0.627,0.0,1.0,0.48,0,55.2
297,2,30.61,20.83,-0.009,0.957,0.0,0.42,1.2,0,
297,3,59.56,70.65,1.814,1.0,0.0,0.025,0.017,1,
298,0,57.66,85.54,-0.742,1.0,0.0,-0.021,0.079,1,19.7
298,1,108.7,28.27,-0.254,0.727,0.0,1.0,0.6,0,55.0
298,2,31.93,20.82,0.061,0.975,0.0,0.323,1.32,0,
298,3,59.55,70.66,1.831,1.0,0.0,-0.025,0.02,1,
299,0,57.74,85.56,-0.745,1.0,0.0,-0.021,0.079,1,19.7
299,1,109.4,28.09,-0.114,0.812,0.0,0.891,0.72,0,54.7
299,2,33.37,20.91,0.113,0.985,0.0,0.248,1.44,0,
299,3,59.53,70.67,1.831,0.999,0.0,-0.05,0.022,1,
300,0,57.82,85.59,-0.749,1.0,0.0,-0.021,0.08,1,19.6
300,1,110.24,28.0,0.008,0.874,0.0,0.725,0.84,0,54.3
300,2,34.85,21.08,0.148,0.991,0.0,0.197,1.486,0,
300,3,59.51,70.68,1.823,0.999,0.0,-0.049,0.022,1,
301,0,57.89,85.61,-0.752,1.0,0.0,-0.022,0.08,1,19.6
301,1,111.2,28.0,0.113,0.917,0.0,0.585,0.96,0,53.8
301,2,36.32,21.3,0.174,0.993,0.0,0.168,1.49,0,
301,3,59.49,70.69,1.817,1.0,0.0,-0.039,0.022,1,
302,0,57.97,85.63,-0.756,1.0,0.0,-0.022,0.08,1,19.6
302,1,112.27,28.13,0.2,0.947,0.0,0.469,1.08,0,53.0
302,2,36.41,21.14,0.198,0.994,0.0,0.15,0.182,1,
302,3,59.47,70.71,1.812,1.0,0.0,-0.031,0.022,1,
303,0,58.05,85.65,-0.759,1.0,0.0,-0.022,0.081,1,19.5
303,1,113.44,28.36,0.27,0.965,0.0,0.379,1.2,0,52.2
303,2,36.42,21.13,0.219,0.995,0.0,0.137,0.012,1,
303,3,59.45,70.72,1.809,1.0,0.0,-0.024,0.023,1,
304,0,58.13,85.67,-0.762,1.0,0.0,-0.022,0.081,1,19.5
304,1,114.72,28.72,0.323,0.976,0.0,0.316,1.32,0,51.2
304,2,36.42,21.12,0.236,0.997,0.0,0.107,0.009,1,
304,3,59.43,70.73,1.806,1.0,0.0,-0.019,0.023,1,
305,0,58.2,85.69,-0.766,1.0,0.0,-0.022,0.081,1,19.4
305,1,116.08,29.17,0.367,0.981,0.0,0.281,1.44,0,50.1
305,2,36.42,21.11,0.249,0.998,0.0,0.084,0.007,8,
305,3,59.41,70.74,1.803,1.0,0.0,-0.015,0.023,1,
306,0,58.28,85.71,-0.769,1.0,0.0,-0.022,0.081,1,19.4
306,1,117.46,29.7,0.408,0.983,0.0,0.264,1.474,0,48.9
306,2,36.42,21.11,0.26,0.999,0.0,0.066,0.006,1,
306,3,59.39,70.76,1.801,1.0,0.0,-0.012,0.024,1,
307,0,58.36,85.73,-0.773,1.0,0.0,-0.023,0.082,1,19.4
307,1,118.81,30.29,0.449,0.984,0.0,0.257,1.476,0,47.8
307,2,36.42,21.1,0.268,0.999,0.0,0.052,0.004,1,
307,3,59.37,70.77,1.8,1.0,0.0,-0.01,0.024,1,
308,0,58.44,85.75,-0.777,1.0,0.0,-0.023,0.082,1,19.3
308,1,120.14,30.93,0.489,0.984,0.0,0.256,1.476,0,46.6
308,2,36.42,21.1,0.274,1.0,0.0,0.041,0.003,1,
308,3,59.35,70.78,1.798,1.0,0.0,-0.008,0.025,1,
309,0,58.52,85.77,-0.78,1.0,0.0,-0.023,0.082,1,19.3
309,1,121.45,31.62,0.53,0.983,0.0,0.26,1.475,0,45.3
309,2,36.43,21.1,0.279,1.0,0.0,0.032,0.003,8,
309,3,59.33,70.8,1.797,1.0,0.0,-0.007,0.025,1,
310,0,58.6,85.79,-0.784,1.0,0.0,-0.023,0.083,1,19.2
310,1,122.72,32.37,0.572,0.982,0.0,0.269,1.474,0,44.1
310,2,36.43,21.1,0.283,1.0,0.0,0.025,0.002,8,
310,3,59.31,70.81,1.796,1.0,0.0,-0.006,0.026,1,
311,0,58.68,85.81,-0.787,1.0,0.0,-0.023,0.083,1,19.2
311,1,123.95,33.16,0.616,0.981,0.0,0.28,1.471,0,42.9
311,2,36.43,21.09,0.286,1.0,0.0,0.02,0.002,1,
311,3,59.29,70.82,1.796,1.0,0.0,-0.005,0.027,1,
312,0,58.76,85.83,-0.791,1.0,0.0,-0.023,0.083,1,19.1
312,1,125.15,34.01,0.662,0.979,0.0,0.292,1.469,0,41.6
312,2,36.43,21.09,0.289,1.0,0.0,0.016,0.001,1,
312,3,59.26,70.84,1.795,1.0,0.0,-0.005,0.027,1,
313,0,58.85,85.85,-0.795,1.0,0.0,-0.023,0.084,1,19.1
313,1,126.31,34.91,0.71,0.977,0.0,0.305,1.466,0,40.3
313,2,36.43,21.09,0.291,1.0,0.0,0.012,0.001,1,
313,3,59.24,70.85,1.794,1.0,0.0,-0.004,0.028,1,
314,0,58.93,85.86,-0.798,1.0,0.0,-0.023,0.084,1,19.1
314,1,127.42,35.86,0.759,0.975,0.0,0.318,1.463,0,39.0
314,2,36.43,21.09,0.292,1.0,0.0,0.01,0.001,8,
314,3,59.21,70.87,1.794,1.0,0.0,-0.004,0.029,1,
315,0,59.01,85.88,-0.802,1.0,0.0,-0.023,0.084,1,19.0
315,1,128.48,36.87,0.811,0.974,0.0,0.328,1.461,0,37.7
315,2,36.43,21.09,0.293,1.0,0.0,0.008,0.001,2,
315,3,59.19,70.88,1.793,1.0,0.0,-0.003,0.029,1,
316,0,59.09,85.9,-0.806,1.0,0.0,-0.024,0.084,1,19.0
316,1,129.48,37.93,0.864,0.972,0.0,0.336,1.459,0,36.3
316,2,36.43,21.09,0.294,1.0,0.0,0.006,0.001,8,
316,3,59.16,70.9,1.793,1.0,0.0,-0.003,0.03,1,
317,0,59.18,85.91,-0.809,1.0,0.0,-0.024,0.085,1,18.9
317,1,130.43,39.03,0.917,0.972,0.0,0.34,1.458,0,35.0
317,2,36.43,21.09,0.295,1.0,0.0,0.005,0.0,8,
317,3,59.14,70.91,1.792,1.0,0.0,-0.003,0.031,1,
318,0,59.26,85.93,-0.813,1.0,0.0,-0.024,0.085,1,18.9
318,1,131.32,40.19,0.97,0.972,0.0,0.34,1.458,0,33.6
318,2,36.43,21.09,0.296,1.0,0.0,0.004,0.0,1,
318,3,59.11,70.93,1.792,1.0,0.0,-0.003,0.031,1,
319,0,59.34,85.94,-0.817,1.0,0.0,-0.024,0.085,1,18.8
319,1,132.14,41.4,1.023,0.973,0.0,0.334,1.459,0,32.2
319,2,36.43,21.09,0.296,1.0,0.0,0.003,0.0,8,
319,3,59.08,70.94,1.791,1.0,0.0,-0.003,0.032,1,
320,0,59.43,85.9,-0.821,1.0,0.0,-0.024,0.094,1,18.7
320,1,132.88,42.6,1.058,0.943,0.0,-0.484,1.415,0,9.7
320,2,36.43,21.09,0.314,0.557,0.0,1.0,0.0,8,
320,3,59.08,70.9,1.773,0.0,0.0,-1.0,0.043,1,
321,0,59.51,85.85,-0.824,1.0,0.0,-0.021,0.094,1,18.6
321,1,133.49,43.7,1.111,0.0,0.0,1.0,1.255,0,42.3
321,2,36.43,21.09,0.35,0.572,0.0,1.0,0.002,1,
321,3,59.08,70.86,1.738,0.0,0.0,-1.0,0.043,1,
322,0,59.59,85.8,-0.827,1.0,0.0,-0.019,0.095,1,18.6
322,1,133.98,44.68,1.181,0.0,0.0,1.0,1.095,0,43.2
322,2,36.43,21.1,0.403,0.601,0.0,1.0,0.006,8,
322,3,59.08,70.81,1.685,0.0,0.0,-1.0,0.043,1,
323,0,59.68,85.76,-0.83,1.0,0.0,-0.017,0.095,1,18.5
323,1,134.34,45.54,1.268,0.0,0.0,1.0,0.935,0,43.9
323,2,36.42,21.11,0.473,0.643,0.0,1.0,0.013,8,
323,3,59.07,70.77,1.614,0.0,0.0,-1.0,0.043,1,
324,0,59.76,85.71,-0.832,1.0,0.0,-0.015,0.095,1,18.4
324,1,134.57,46.28,1.373,0.0,0.0,1.0,0.775,0,44.5
324,2,36.42,21.13,0.561,0.695,0.0,1.0,0.021,1,
324,3,59.07,70.73,1.526,0.0,0.0,-1.0,0.042,1,
325,0,59.84,85.67,-0.834,1.0,0.0,-0.014,0.095,1,18.3
325,1,134.69,46.88,1.496,0.0,0.0,1.0,0.615,0,44.9
325,2,36.41,21.16,0.666,0.756,0.0,1.0,0.032,1,
325,3,59.07,70.69,1.421,0.0,0.0,-1.0,0.042,1,
326,0,59.93,85.62,-0.836,1.0,0.0,-0.014,0.095,1,18.2
326,1,134.72,47.34,1.636,0.0,0.0,1.0,0.455,0,45.2
326,2,36.39,21.2,0.789,0.822,0.0,0.866,0.044,8,
326,3,59.07,70.64,1.298,0.0,0.0,-1.0,0.042,1,
327,0,60.01,85.57,-0.838,1.0,0.0,-0.013,0.095,1,18.1
327,1,134.7,47.63,1.793,0.0,0.0,1.0,0.295,0,45.3
327,2,36.38,21.26,0.897,0.886,0.0,0.688,0.058,1,
327,3,59.07,70.6,1.157,0.0,0.0,-1.0,0.042,1,
328,0,60.09,85.53,-0.84,1.0,0.0,-0.013,0.096,1,18.0
328,1,134.67,47.76,1.95,0.0,0.0,1.0,0.135,0,45.3
328,2,36.36,21.32,0.988,0.932,0.0,0.531,0.07,1,
328,3,59.06,70.56,1.0,0.0,0.0,-1.0,0.042,1,
329,0,60.18,85.48,-0.842,1.0,0.0,-0.012,0.096,1,17.9
329,1,134.67,47.76,2.107,0.0,0.0,1.0,0.0,0,45.3
329,2,36.34,21.4,1.061,0.962,0.0,0.397,0.079,1,
329,3,59.06,70.52,0.843,0.0,0.0,-1.0,0.042,1,
330,0,60.26,85.43,-0.844,1.0,0.0,-0.012,0.096,1,17.8
330,1,134.67,47.76,2.264,0.0,0.0,1.0,0.0,0,45.3
330,2,36.31,21.48,1.117,0.98,0.0,0.288,0.086,1,
330,3,59.06,70.48,0.686,0.0,0.0,-1.0,0.042,1,
331,0,60.34,85.38,-0.846,1.0,0.0,-0.012,0.096,1,17.7
331,1,134.67,47.76,2.421,0.0,0.0,1.0,0.0,0,45.3
331,2,36.29,21.57,1.155,0.99,0.0,0.204,0.091,1,
331,3,59.05,70.44,0.529,0.0,0.0,-1.0,0.041,1,
332,0,60.42,85.33,-0.848,1.0,0.0,-0.012,0.097,1,17.7
332,1,134.67,47.76,2.578,0.0,0.0,1.0,0.0,0,45.3
332,2,36.27,21.66,1.178,0.995,0.0,0.144,0.094,8,
332,3,59.05,70.4,0.372,0.0,0.0,-1.0,0.041,1,
333,0,60.51,85.28,-0.85,1.0,0.0,-0.011,0.097,1,17.6
333,1,134.67,47.76,2.735,0.0,0.0,1.0,0.0,0,45.3
333,2,36.24,21.76,1.194,0.997,0.0,0.106,0.097,8,
333,3,59.04,70.35,0.215,0.0,0.0,-1.0,0.041,1,
334,0,60.59,85.25,-0.851,1.0,0.0,-0.011,0.09,1,17.5
334,1,134.56,47.81,2.892,0.138,0.0,1.0,0.12,0,45.3
334,2,36.22,21.85,1.206,0.999,0.0,0.077,0.098,1,
334,3,59.15,70.32,0.058,0.079,0.0,-1.0,0.115,1,
335,0,60.68,85.21,-0.853,1.0,0.0,-0.012,0.093,1,17.4
335,1,134.33,47.87,3.049,0.283,0.0,1.0,0.24,0,45.1
335,2,36.2,21.95,1.215,0.999,0.0,0.054,0.1,1,
335,3,59.27,70.28,-0.1,0.224,0.0,-1.0,0.123,1,
336,0,60.76,85.16,-0.855,1.0,0.0,-0.013,0.096,1,17.3
336,1,133.97,47.9,-3.077,0.414,0.0,1.0,0.36,0,44.8
336,2,36.18,22.05,1.22,1.0,0.0,0.036,0.101,8,
336,3,59.39,70.23,-0.257,0.365,0.0,-1.0,0.127,1,
337,0,60.84,85.1,-0.857,1.0,0.0,-0.012,0.101,1,17.2
337,1,133.49,47.87,-2.92,0.533,0.0,1.0,0.48,0,44.4
337,2,36.15,22.15,1.224,1.0,0.0,0.022,0.102,1,
337,3,59.5,70.16,-0.414,0.498,0.0,-1.0,0.129,1,
338,0,60.92,85.03,-0.859,1.0,0.0,-0.012,0.106,1,17.1
338,1,132.91,47.74,-2.763,0.639,0.0,1.0,0.6,0,43.8
338,2,36.13,22.25,1.225,1.0,0.0,0.011,0.102,1,
338,3,59.61,70.09,-0.571,0.62,0.0,-1.0,0.129,1,
339,0,61.0,84.95,-0.861,1.0,0.0,-0.01,0.115,1,17.0
339,1,132.24,47.47,-2.606,0.735,0.0,1.0,0.72,0,43.1
339,2,36.11,22.35,1.226,1.0,0.0,0.002,0.103,1,
339,3,59.66,70.01,-0.728,0.73,0.0,-1.0,0.095,2,
340,0,61.08,84.86,-0.862,1.0,0.0,-0.009,0.12,0,16.9
340,1,131.67,47.03,-2.466,0.819,0.0,0.872,0.722,1,42.4
340,2,36.09,22.45,1.225,1.0,0.0,-0.005,0.103,2,
340,3,59.67,69.92,-0.867,0.827,0.0,-0.852,0.094,1,
341,0,61.24,84.71,-0.863,1.0,0.0,-0.007,0.221,1,16.7
341,1,131.66,46.94,-2.344,0.889,0.0,0.679,0.085,1,42.3
341,2,36.07,22.55,1.223,1.0,0.0,-0.01,0.104,1,
341,3,59.69,69.79,-0.99,0.899,0.0,-0.647,0.132,2,
342,0,61.32,84.62,-0.864,1.0,0.0,-0.007,0.12,0,16.5
342,1,131.65,46.85,-2.239,0.94,0.0,0.497,0.095,8,42.3
342,2,36.06,22.65,1.221,1.0,0.0,-0.014,0.104,8,
342,3,59.72,69.68,-1.094,0.948,0.0,-0.464,0.111,8,
343,0,61.47,84.45,-0.865,1.0,0.0,-0.006,0.229,1,16.3
343,1,131.64,46.75,-2.152,0.972,0.0,0.34,0.103,1,42.2
343,2,36.04,22.76,1.218,1.0,0.0,-0.017,0.105,1,
343,3,59.74,69.55,-1.181,0.977,0.0,-0.31,0.131,3,
344,0,61.55,84.36,-0.866,1.0,0.0,-0.005,0.12,0,16.2
344,1,131.62,46.64,-2.083,0.99,0.0,0.206,0.108,1,42.1
344,2,36.02,22.86,1.215,1.0,0.0,-0.02,0.105,1,
344,3,59.77,69.44,-1.251,0.992,0.0,-0.177,0.118,1,
345,0,61.71,84.19,-0.867,1.0,0.0,-0.004,0.233,1,16.0
345,1,131.61,46.53,-2.031,0.998,0.0,0.098,0.112,8,42.1
345,2,36.01,22.97,1.212,1.0,0.0,-0.022,0.105,8,
345,3,59.79,69.31,-1.303,0.999,0.0,-0.072,0.129,3,
346,0,61.79,84.09,-0.867,1.0,0.0,-0.004,0.12,0,15.8
346,1,131.59,46.41,-1.996,1.0,0.0,0.014,0.115,1,42.0
346,2,35.99,23.07,1.208,1.0,0.0,-0.024,0.106,8,
346,3,59.82,69.19,-1.337,1.0,0.0,0.009,0.12,1,
347,0,61.94,83.92,-0.868,1.0,0.0,-0.003,0.234,1,15.6
347,1,131.57,46.3,-1.979,0.999,0.0,-0.045,0.116,8,41.9
347,2,35.98,23.17,1.204,1.0,0.0,-0.025,0.106,1,
347,3,59.85,69.07,-1.354,0.999,0.0,0.064,0.128,2,
348,0,62.02,83.83,-0.868,1.0,0.0,-0.003,0.12,0,15.5
348,1,131.55,46.19,-1.979,0.998,0.0,-0.08,0.117,1,41.8
348,2,35.97,23.28,1.2,1.0,0.0,-0.026,0.106,8,
348,3,59.87,68.95,-1.354,0.998,0.0,0.096,0.12,0,
349,0,62.18,83.65,-0.869,1.0,0.0,-0.002,0.24,0,15.2
349,1,131.53,46.07,-1.993,0.998,0.0,-0.089,0.117,1,41.8
349,2,35.95,23.39,1.196,1.0,0.0,-0.027,0.106,1,
349,3,59.92,68.72,-1.338,0.997,0.0,0.102,0.24,0,
350,0,62.41,83.37,-0.869,1.0,0.0,-0.002,0.36,0,14.9
350,1,131.51,45.96,-2.006,0.998,0.0,-0.079,0.117,8,41.7
350,2,35.94,23.49,1.191,1.0,0.0,-0.028,0.107,8,
350,3,60.01,68.37,-1.324,0.998,0.0,0.092,0.36,0,
351,0,62.54,83.22,-0.852,0.0,0.0,1.0,0.2,0,15.6
351,1,131.48,45.84,-2.017,0.999,0.0,-0.071,0.117,8,41.6
351,2,35.93,23.6,1.204,0.975,0.0,0.321,0.107,8,
351,3,60.12,67.9,-1.309,0.998,0.0,0.091,0.48,0,
352,0,62.56,83.19,-0.817,0.0,0.0,1.0,0.04,0,15.6
352,1,131.46,45.73,-2.027,0.999,0.0,-0.065,0.117,8,41.5
352,2,35.92,23.71,1.235,0.979,0.0,0.293,0.108,8,
352,3,60.28,67.32,-1.294,0.998,0.0,0.096,0.6,0,
353,0,62.56,83.19,-0.765,0.0,0.0,1.0,0.0,0,15.6
353,1,131.43,45.61,-2.037,0.999,0.0,-0.061,0.117,8,41.4
353,2,35.91,23.82,1.273,0.986,0.0,0.241,0.11,1,
353,3,60.48,66.63,-1.277,0.997,0.0,0.107,0.72,0,
354,0,62.56,83.19,-0.695,0.0,0.0,1.0,0.0,0,15.6
354,1,131.41,45.5,-2.046,0.999,0.0,-0.057,0.117,1,41.4
354,2,35.91,23.93,1.301,0.992,0.0,0.178,0.112,8,
354,3,60.72,65.82,-1.258,0.996,0.0,0.122,0.84,0,
355,0,62.56,83.19,-0.608,0.0,0.0,1.0,0.0,0,15.6
355,1,131.38,45.39,-2.054,0.999,0.0,-0.054,0.117,1,41.3
355,2,35.9,24.04,1.321,0.996,0.0,0.129,0.114,1,
355,3,61.01,64.91,-1.236,0.995,0.0,0.141,0.96,0,
356,0,62.61,83.15,-0.503,0.041,0.0,1.0,0.062,0,15.6
356,1,131.35,45.27,-2.062,0.999,0.0,-0.052,0.117,8,41.2
356,2,35.89,24.16,1.336,0.998,0.0,0.091,0.115,1,
356,3,61.37,63.89,-1.211,0.994,0.0,0.163,1.08,0,
357,0,62.77,83.07,-0.381,0.141,0.0,1.0,0.182,0,15.6
357,1,131.32,45.16,-2.07,0.999,0.0,-0.05,0.117,8,41.1
357,2,35.89,24.27,1.345,0.999,0.0,0.062,0.116,1,
357,3,61.79,62.77,-1.167,0.971,0.0,0.344,1.2,0,
358,0,63.05,82.95,-0.241,0.25,0.0,1.0,0.302,0,15.5
358,1,131.29,45.05,-2.078,0.999,0.0,-0.049,0.117,8,41.0
358,2,35.88,24.39,1.351,1.0,0.0,0.039,0.116,1,
358,3,62.31,61.55,-1.12,0.977,0.0,0.305,1.32,0,
359,0,63.46,82.85,-0.084,0.365,0.0,1.0,0.422,0,15.4
359,1,131.26,44.93,-2.085,0.999,0.0,-0.048,0.117,8,41.0
359,2,35.88,24.5,1.355,1.0,0.0,0.021,0.117,1,
359,3,62.94,60.26,-1.078,0.983,0.0,0.261,1.44,0,
360,0,63.72,82.83,0.055,0.0,0.0,0.0,0.262,0,
360,1,131.23,44.82,-2.093,0.999,0.0,-0.047,0.117,1,40.9
360,2,35.88,24.62,1.356,1.0,0.0,0.007,0.117,1,
360,3,63.61,59.01,-1.055,0.943,0.0,-0.483,1.415,0,
361,0,63.83,82.84,0.177,0.0,0.0,0.0,0.102,0,
361,1,131.19,44.71,-2.1,0.999,0.0,-0.046,0.117,8,40.8
361,2,35.88,24.74,1.355,1.0,0.0,-0.004,0.117,1,
361,3,64.3,57.79,-1.049,0.932,0.0,-0.528,1.399,0,
362,0,63.83,82.84,0.282,0.0,0.0,0.0,0.0,0,
362,1,131.16,44.6,-2.107,0.999,0.0,-0.046,0.117,8,40.7
362,2,35.88,24.86,1.353,1.0,0.0,-0.012,0.117,8,
362,3,64.99,56.59,-1.06,0.927,0.0,-0.55,1.39,0,
363,0,63.83,82.84,0.369,0.0,0.0,0.0,0.0,0,
363,1,131.12,44.49,-2.114,0.999,0.0,-0.045,0.117,1,40.6
363,2,35.88,24.97,1.35,1.0,0.0,-0.018,0.118,1,
363,3,65.67,55.38,-1.089,0.928,0.0,-0.547,1.391,0,
364,0,63.83,82.84,0.439,0.0,0.0,0.0,0.0,0,
364,1,131.09,44.38,-2.121,1.0,0.0,-0.045,0.117,1,40.5
364,2,35.88,25.09,1.347,1.0,0.0,-0.023,0.118,8,
364,3,66.32,54.13,-1.136,0.935,0.0,-0.519,1.402,0,
365,0,63.83,82.84,0.491,0.0,0.0,0.0,0.0,0,
365,1,131.05,44.26,-2.128,1.0,0.0,-0.045,0.117,1,40.4
365,2,35.89,25.21,1.342,1.0,0.0,-0.027,0.118,8,
365,3,66.92,52.84,-1.2,0.947,0.0,-0.467,1.421,0,
366,0,63.83,82.84,0.525,0.0,0.0,0.0,0.0,0,
366,1,131.01,44.15,-2.135,1.0,0.0,-0.044,0.117,8,40.4
366,2,35.89,25.33,1.338,1.0,0.0,-0.03,0.118,1,
366,3,67.44,51.5,-1.261,0.963,0.0,-0.388,1.445,0,
367,0,63.83,82.84,0.542,0.0,0.0,0.0,0.0,0,
367,1,130.97,44.04,-2.142,1.0,0.0,-0.044,0.117,1,40.3
367,2,35.9,25.44,1.333,1.0,0.0,-0.032,0.118,1,
367,3,67.89,50.1,-1.31,0.976,0.0,-0.312,1.464,0,
368,0,63.83,82.84,0.542,0.0,0.0,0.0,0.0,0,
368,1,130.93,43.93,-2.149,1.0,0.0,-0.044,0.117,1,40.2
368,2,35.9,25.56,1.328,1.0,0.0,-0.034,0.118,1,
368,3,68.27,48.68,-1.349,0.985,0.0,-0.251,1.477,0,
369,0,63.83,82.84,0.542,0.0,0.0,0.0,0.0,0,
369,1,130.89,43.82,-2.156,1.0,0.0,-0.044,0.117,1,40.1
369,2,35.91,25.68,1.322,1.0,0.0,-0.035,0.118,1,
369,3,68.6,47.23,-1.381,0.99,0.0,-0.203,1.485,0,
370,0,63.83,82.84,0.542,0.0,0.0,0.0,0.0,0,
370,1,130.84,43.71,-2.163,1.0,0.0,-0.044,0.118,8,40.0
370,2,35.92,25.8,1.316,1.0,0.0,-0.036,0.118,1,
370,3,68.88,45.76,-1.407,0.993,0.0,-0.164,1.49,0,
371,0,63.83,82.84,0.542,0.0,0.0,0.0,0.0,0,
371,1,130.8,43.61,-2.17,1.0,0.0,-0.043,0.118,1,39.9
371,2,35.93,25.92,1.311,1.0,0.0,-0.036,0.118,8,
371,3,69.12,44.29,-1.428,0.996,0.0,-0.133,1.494,0,
372,0,63.83,82.84,0.542,0.0,0.0,0.0,0.0,0,
372,1,130.75,43.5,-2.177,1.0,0.0,-0.043,0.118,8,39.8
372,2,35.94,26.03,1.305,1.0,0.0,-0.037,0.119,8,
372,3,69.33,42.81,-1.445,0.997,0.0,-0.108,1.496,0,
373,0,63.83,82.84,0.542,0.0,0.0,0.0,0.0,0,
373,1,130.71,43.39,-2.183,1.0,0.0,-0.043,0.118,1,39.7
373,2,35.96,26.15,1.299,1.0,0.0,-0.037,0.119,8,
373,3,69.52,41.33,-1.458,0.998,0.0,-0.087,1.497,0,
374,0,63.83,82.84,0.542,0.0,0.0,0.0,0.0,0,
374,1,130.66,43.28,-2.19,1.0,0.0,-0.043,0.118,1,39.6
374,2,35.97,26.27,1.293,1.0,0.0,-0.037,0.119,1,
374,3,69.69,39.84,-1.469,0.999,0.0,-0.071,1.498,0,
375,0,63.83,82.84,0.542,0.0,0.0,0.0,0.0,0,
375,1,130.61,43.17,-2.197,1.0,0.0,-0.043,0.118,1,39.5
375,2,35.98,26.39,1.287,1.0,0.0,-0.037,0.119,2,
375,3,69.84,38.35,-1.479,0.999,0.0,-0.058,1.499,0,
376,0,63.83,82.84,0.542,0.0,0.0,0.0,0.0,0,
376,1,130.56,43.07,-2.204,1.0,0.0,-0.043,0.118,1,39.4
376,2,36.0,26.51,1.282,1.0,0.0,-0.037,0.119,1,
376,3,69.98,36.85,-1.486,0.999,0.0,-0.047,1.499,0,
377,0,63.83,82.84,0.542,0.0,0.0,0.0,0.0,0,
377,1,130.51,42.96,-2.21,1.0,0.0,-0.043,0.118,1,39.4
377,2,36.02,26.62,1.276,1.0,0.0,-0.037,0.119,1,
377,3,70.11,35.36,-1.492,1.0,0.0,-0.039,1.499,0,
378,0,63.83,82.84,0.542,0.0,0.0,0.0,0.0,0,
378,1,130.46,42.85,-2.217,1.0,0.0,-0.042,0.118,1,39.3
378,2,36.04,26.74,1.27,1.0,0.0,-0.037,0.119,1,
378,3,70.23,33.86,-1.497,1.0,0.0,-0.032,1.5,0,
379,0,63.83,82.84,0.542,0.0,0.0,0.0,0.0,0,
379,1,130.4,42.75,-2.223,1.0,0.0,-0.042,0.118,8,39.2
379,2,36.06,26.86,1.264,1.0,0.0,-0.037,0.119,1,
379,3,70.34,32.37,-1.501,1.0,0.0,-0.026,1.5,0,
380,0,63.83,82.84,0.542,0.0,0.0,0.0,0.0,0,
380,1,130.35,42.64,-2.23,1.0,0.0,-0.042,0.118,8,39.1
380,2,36.08,26.97,1.259,1.0,0.0,-0.036,0.119,1,
380,3,70.44,30.87,-1.504,1.0,0.0,-0.022,1.5,0,
381,0,63.83,82.84,0.542,0.0,0.0,0.0,0.0,0,
381,1,130.3,42.54,-2.237,1.0,0.0,-0.042,0.118,8,39.0
381,2,36.1,27.09,1.253,1.0,0.0,-0.036,0.119,1,
381,3,70.54,29.38,-1.507,1.0,0.0,-0.018,1.5,0,
382,0,63.83,82.84,0.542,0.0,0.0,0.0,0.0,0,
382,1,130.24,42.43,-2.243,1.0,0.0,-0.042,0.118,8,38.9
382,2,36.12,27.21,1.247,1.0,0.0,-0.036,0.119,1,
382,3,70.63,27.88,-1.51,1.0,0.0,-0.015,1.5,0,
383,0,63.83,82.84,0.542,0.0,0.0,0.0,0.0,0,
383,1,130.18,42.33,-2.25,1.0,0.0,-0.041,0.118,8,38.8
383,2,36.14,27.33,1.242,1.0,0.0,-0.035,0.119,8,
383,3,70.73,26.38,-1.512,1.0,0.0,-0.012,1.5,0,
384,0,63.83,82.84,0.542,0.0,0.0,0.0,0.0,0,
384,1,130.13,42.23,-2.256,1.0,0.0,-0.041,0.118,8,38.7
384,2,36.17,27.44,1.236,1.0,0.0,-0.035,0.119,1,
384,3,70.82,24.88,-1.513,1.0,0.0,-0.01,1.5,0,
385,0,63.83,82.84,0.542,0.0,0.0,0.0,0.0,0,
385,1,130.07,42.12,-2.263,1.0,0.0,-0.041,0.118,1,38.6
385,2,36.2,27.56,1.231,1.0,0.0,-0.035,0.119,2,
385,3,70.9,23.39,-1.515,1.0,0.0,-0.009,1.5,0,
386,0,63.83,82.84,0.542,0.0,0.0,0.0,0.0,0,
386,1,130.01,42.02,-2.269,1.0,0.0,-0.041,0.118,8,38.5
386,2,36.22,27.67,1.225,1.0,0.0,-0.034,0.119,1,
386,3,70.99,21.89,-1.516,1.0,0.0,-0.007,1.5,0,
387,0,63.83,82.84,0.542,0.0,0.0,0.0,0.0,0,
387,1,129.95,41.92,-2.275,1.0,0.0,-0.041,0.119,8,38.4
387,2,36.25,27.79,1.22,1.0,0.0,-0.034,0.119,1,
387,3,71.07,20.39,-1.517,1.0,0.0,-0.006,1.5,0,
388,0,63.83,82.84,0.542,0.0,0.0,0.0,0.0,0,
388,1,129.89,41.82,-2.282,1.0,0.0,-0.04,0.119,8,38.3
388,2,36.28,27.91,1.215,1.0,0.0,-0.034,0.119,8,
388,3,71.15,18.89,-1.518,1.0,0.0,-0.005,1.5,0,
389,0,63.83,82.84,0.542,0.0,0.0,0.0,0.0,0,
389,1,129.82,41.72,-2.288,1.0,0.0,-0.04,0.119,1,38.2
389,2,36.31,28.02,1.21,1.0,0.0,-0.033,0.119,8,
389,3,71.23,17.4,-1.518,1.0,0.0,-0.005,1.5,0,
390,0,63.83,82.84,0.542,0.0,0.0,0.0,0.0,0,
390,1,129.76,41.62,-2.294,1.0,0.0,-0.04,0.119,1,38.1
390,2,36.34,28.14,1.204,1.0,0.0,-0.033,0.12,1,
390,3,71.31,15.9,-1.519,1.0,0.0,-0.004,1.5,0,
391,0,63.83,82.84,0.542,0.0,0.0,0.0,0.0,0,
391,1,129.69,41.52,-2.3,1.0,0.0,-0.04,0.119,1,38.0
391,2,36.38,28.25,1.199,1.0,0.0,-0.032,0.12,1,
391,3,71.39,14.4,-1.519,1.0,0.0,-0.004,1.5,0,
392,0,63.83,82.84,0.542,0.0,0.0,0.0,0.0,0,
392,1,129.63,41.42,-2.307,1.0,0.0,-0.039,0.119,1,37.9
392,2,36.41,28.37,1.194,1.0,0.0,-0.032,0.12,8,
392,3,71.46,12.9,-1.52,1.0,0.0,-0.003,1.5,0,
393,0,63.83,82.84,0.542,0.0,0.0,0.0,0.0,0,
393,1,129.56,41.32,-2.313,1.0,0.0,-0.039,0.119,8,37.8
393,2,36.45,28.48,1.189,1.0,0.0,-0.031,0.12,8,
393,3,71.54,11.4,-1.52,1.0,0.0,-0.003,1.5,0,
394,0,63.83,82.84,0.542,0.0,0.0,0.0,0.0,0,
394,1,129.49,41.22,-2.319,1.0,0.0,-0.039,0.119,8,37.7
394,2,36.48,28.6,1.184,1.0,0.0,-0.031,0.12,1,
394,3,71.61,9.98,-1.521,0.949,0.0,-0.003,1.424,0,
395,0,63.83,82.84,0.542,0.0,0.0,0.0,0.0,0,
395,1,129.43,41.13,-2.325,1.0,0.0,-0.038,0.119,1,37.6
395,2,36.52,28.71,1.18,1.0,0.0,-0.03,0.12,1,
395,3,71.67,8.72,-1.521,0.807,0.0,-0.003,1.264,0,
396,0,63.83,82.84,0.542,0.0,0.0,0.0,0.0,0,
396,1,129.36,41.03,-2.331,1.0,0.0,-0.038,0.119,1,37.5
396,2,36.56,28.82,1.175,1.0,0.0,-0.03,0.12,8,
396,3,71.73,7.62,-1.522,0.681,0.0,-0.002,1.104,0,
397,0,63.83,82.84,0.542,0.0,0.0,0.0,0.0,0,
397,1,129.29,40.93,-2.337,1.0,0.0,-0.038,0.119,1,37.3
397,2,36.6,28.94,1.17,1.0,0.0,-0.029,0.12,1,
397,3,71.78,7.5,-1.522,0.57,0.0,-0.002,0.125,1,
398,0,63.83,82.84,0.542,0.0,0.0,0.0,0.0,0,
398,1,129.21,40.84,-2.343,1.0,0.0,-0.037,0.119,8,37.2
398,2,36.64,29.05,1.166,1.0,0.0,-0.029,0.12,1,
398,3,71.78,7.5,-1.524,0.558,0.0,-0.012,0.006,1,
399,0,63.83,82.84,0.542,0.0,0.0,0.0,0.0,0,
399,1,129.14,40.74,-2.348,1.0,0.0,-0.037,0.119,1,37.1
399,2,36.68,29.16,1.161,1.0,0.0,-0.028,0.12,1,
399,3,71.79,7.5,-1.526,0.558,0.0,-0.011,0.006,1,
400,0,63.93,82.9,0.56,0.896,0.0,0.657,0.12,0,15.1
400,1,129.07,40.65,-2.354,1.0,0.0,-0.037,0.119,1,37.0
400,2,36.68,29.16,1.174,0.0,0.0,1.0,0.0,0,
400,3,71.79,7.5,-1.51,0.0,0.0,1.0,0.0,0,
401,0,64.13,83.03,0.595,0.902,0.0,0.637,0.24,0,14.9
401,1,128.99,40.56,-2.36,1.0,0.0,-0.036,0.119,1,36.9
401,2,36.68,29.16,1.205,0.0,0.0,1.0,0.0,0,
401,3,71.79,7.5,-1.477,0.0,0.0,1.0,0.0,0,
402,0,64.43,83.23,0.647,0.914,0.0,0.597,0.36,0,14.5
402,1,128.92,40.46,-2.366,1.0,0.0,-0.036,0.119,8,36.8
402,2,36.68,29.16,1.253,0.0,0.0,1.0,0.0,0,
402,3,71.79,7.5,-1.426,0.0,0.0,1.0,0.0,0,
403,0,64.81,83.52,0.717,0.93,0.0,0.536,0.48,0,14.1
403,1,128.84,40.37,-2.371,1.0,0.0,-0.036,0.119,1,36.7
403,2,36.68,29.16,1.318,0.0,0.0,1.0,0.0,0,
403,3,71.79,7.5,-1.358,0.0,0.0,1.0,0.0,0,
404,0,65.26,83.91,0.789,0.95,0.0,0.454,0.6,0,13.5
404,1,128.77,40.28,-2.377,1.0,0.0,-0.035,0.119,8,36.6
404,2,36.68,29.16,1.402,0.0,0.0,1.0,0.0,0,
404,3,71.79,7.5,-1.272,0.0,0.0,1.0,0.0,0,
405,0,65.77,84.42,0.847,0.966,0.0,0.372,0.72,0,12.8
405,1,128.69,40.19,-2.382,1.0,0.0,-0.035,0.119,8,36.5
405,2,36.68,29.16,1.502,0.0,0.0,1.0,0.0,0,
405,3,71.79,7.5,-1.169,0.0,0.0,1.0,0.0,0,
406,0,66.33,85.05,0.896,0.977,0.0,0.309,0.84,0,12.0
406,1,128.61,40.1,-2.388,1.0,0.0,-0.034,0.12,1,36.4
406,2,36.68,29.16,1.62,0.0,0.0,1.0,0.0,0,
406,3,71.79,7.5,-1.048,0.0,0.0,1.0,0.0,0,
407,0,66.93,85.8,0.937,0.983,0.0,0.261,0.96,0,11.1
407,1,128.53,40.01,-2.393,1.0,0.0,-0.034,0.12,8,36.3
407,2,36.68,29.16,1.756,0.0,0.0,1.0,0.0,0,
407,3,71.79,7.5,-0.91,0.0,0.0,1.0,0.0,0,
408,0,67.4,86.44,0.995,0.0,0.0,1.0,0.8,0,43.6
408,1,128.45,39.92,-2.398,1.0,0.0,-0.034,0.12,1,36.2
408,2,36.68,29.16,1.909,0.0,0.0,1.0,0.0,0,
408,3,71.79,7.5,-0.754,0.0,0.0,1.0,0.0,0,
409,0,67.75,86.98,1.071,0.0,0.0,1.0,0.64,0,43.9
409,1,128.37,39.83,-2.403,1.0,0.0,-0.033,0.12,1,36.1
409,2,36.68,29.16,2.066,0.0,0.0,1.0,0.0,0,
409,3,71.79,7.5,-0.597,0.0,0.0,1.0,0.0,0,
410,0,67.98,87.4,1.165,0.0,0.0,1.0,0.48,0,44.0
410,1,128.29,39.75,-2.409,1.0,0.0,-0.033,0.12,8,35.9
410,2,36.65,29.22,2.223,0.045,0.0,1.0,0.068,0,
410,3,71.79,7.5,-0.44,0.0,0.0,1.0,0.0,0,
411,0,68.11,87.7,1.276,0.0,0.0,1.0,0.32,0,44.1
411,1,128.2,39.66,-2.414,1.0,0.0,-0.032,0.12,1,35.8
411,2,36.53,29.37,2.38,0.196,0.0,1.0,0.188,0,
411,3,71.9,7.5,-0.283,0.08,0.0,1.0,0.109,1,
412,0,68.15,87.85,1.404,0.0,0.0,1.0,0.16,0,44.1
412,1,128.12,39.57,-2.419,1.0,0.0,-0.032,0.12,1,35.7
412,2,36.31,29.58,2.537,0.334,0.0,1.0,0.308,0,
412,3,72.01,7.5,-0.125,0.229,0.0,1.0,0.115,1,
413,0,68.16,87.87,1.55,0.011,0.0,1.0,0.016,0,44.1
413,1,128.03,39.49,-2.424,1.0,0.0,-0.031,0.12,1,35.6
413,2,35.96,29.83,2.694,0.458,0.0,1.0,0.428,0,
413,3,72.13,7.5,0.032,0.373,0.0,1.0,0.119,1,
414,0,68.16,88.0,1.707,0.156,0.0,1.0,0.136,0,44.1
414,1,127.95,39.41,-2.428,1.0,0.0,-0.031,0.12,8,35.5
414,2,35.46,30.06,2.851,0.563,0.0,1.0,0.548,0,
414,3,72.25,7.5,0.189,0.508,0.0,1.0,0.12,0,
415,0,68.12,88.26,1.864,0.305,0.0,1.0,0.256,0,44.0
415,1,127.86,39.32,-2.433,1.0,0.0,-0.03,0.12,1,35.4
415,2,34.83,30.25,3.008,0.647,0.0,1.0,0.668,0,
415,3,72.49,7.55,0.346,0.631,0.0,1.0,0.24,0,
416,0,68.02,88.61,2.021,0.446,0.0,1.0,0.376,0,43.8
416,1,127.77,39.24,-2.438,1.0,0.0,-0.03,0.12,1,35.3
416,2,34.04,30.36,-3.118,0.717,0.0,1.0,0.788,0,
416,3,72.82,7.67,0.503,0.736,0.0,1.0,0.36,0,
417,0,67.8,89.06,2.179,0.574,0.0,1.0,0.496,0,43.5
417,1,127.69,39.16,-2.442,1.0,0.0,-0.029,0.12,8,35.2
417,2,33.14,30.34,-2.965,0.777,0.0,0.973,0.908,0,
417,3,73.24,7.9,0.642,0.822,0.0,0.866,0.48,0,
418,0,67.45,89.57,2.336,0.688,0.0,1.0,0.616,0,43.1
418,1,127.6,39.08,-2.447,1.0,0.0,-0.029,0.12,1,35.0
418,2,32.12,30.16,-2.83,0.826,0.0,0.855,1.028,0,
418,3,73.73,8.26,0.765,0.882,0.0,0.701,0.6,0,
419,0,66.94,90.1,2.485,0.787,0.0,0.95,0.736,0,42.5
419,1,127.51,39.0,-2.451,1.0,0.0,-0.028,0.12,1,34.9
419,2,31.03,29.8,-2.712,0.91,0.0,0.612,1.148,0,
419,3,74.25,8.76,0.869,0.923,0.0,0.565,0.72,0,
420,0,66.26,90.62,2.617,0.865,0.0,0.752,0.856,0,41.8
420,1,127.42,38.92,-2.456,1.0,0.0,-0.028,0.12,8,34.8
420,2,29.88,29.28,-2.611,0.846,0.0,0.557,1.268,0,
420,3,74.79,9.4,0.956,0.949,0.0,0.457,0.84,0,
421,0,65.42,91.11,2.731,0.919,0.0,0.579,0.976,0,40.9
421,1,127.33,38.84,-2.46,1.0,0.0,-0.027,0.12,1,34.7
421,2,28.92,28.72,-2.529,0.737,0.0,0.522,1.108,0,
421,3,75.34,10.19,1.026,0.966,0.0,0.373,0.96,0,
422,0,64.41,91.55,2.828,0.955,0.0,0.429,1.096,0,39.9
422,1,127.23,38.77,-2.464,1.0,0.0,-0.027,0.12,1,34.6
422,2,28.14,28.16,-2.452,0.64,0.0,0.486,0.96,0,
422,3,75.9,11.11,1.078,0.976,0.0,0.312,1.08,0,
423,0,63.25,91.92,2.907,0.978,0.0,0.302,1.216,0,38.7
423,1,127.14,38.69,-2.468,1.0,0.0,-0.026,0.12,1,34.5
423,2,27.49,27.63,-2.383,0.556,0.0,0.438,0.834,0,
423,3,76.47,12.17,1.121,0.982,0.0,0.272,1.2,0,
424,0,61.96,92.23,2.969,0.99,0.0,0.199,1.336,0,37.4
424,1,127.05,38.61,-2.472,1.0,0.0,-0.025,0.12,1,34.3
424,2,26.97,27.14,-2.323,0.482,0.0,0.386,0.723,0,
424,3,77.04,13.35,1.158,0.986,0.0,0.239,1.32,0,
425,0,60.52,92.48,3.013,0.997,0.0,0.117,1.456,0,35.9
425,1,126.95,38.54,-2.476,1.0,0.0,-0.025,0.12,1,34.2
425,2,26.54,26.68,-2.271,0.417,0.0,0.332,0.626,0,
425,3,77.62,14.67,1.19,0.99,0.0,0.205,1.44,0,
426,0,59.04,92.68,3.04,0.999,0.0,0.059,1.499,0,34.4
426,1,126.86,38.47,-2.48,1.0,0.0,-0.024,0.12,0,34.1
426,2,26.19,26.26,-2.227,0.361,0.0,0.279,0.541,0,
426,3,78.17,16.06,1.217,0.993,0.0,0.169,1.489,0,
427,0,57.54,92.83,3.049,1.0,0.0,0.023,1.5,0,32.9
427,1,126.67,38.32,-2.484,1.0,0.0,-0.024,0.24,0,33.9
427,2,25.96,25.96,-2.201,0.182,0.0,-1.0,0.381,0,
427,3,78.69,17.46,1.237,0.996,0.0,0.129,1.494,0,
428,0,56.05,92.97,3.051,1.0,0.0,0.011,1.5,0,31.4
428,1,126.39,38.1,-2.488,1.0,0.0,-0.028,0.36,0,33.5
428,2,25.83,25.78,-2.192,0.149,0.0,-1.0,0.224,0,
428,3,79.18,18.87,1.251,0.998,0.0,0.086,1.497,0,
429,0,54.56,93.1,3.052,1.0,0.0,0.009,1.5,0,29.9
429,1,126.0,37.81,-2.494,1.0,0.0,-0.037,0.48,0,33.1
429,2,25.71,25.62,-2.201,0.133,0.0,-1.0,0.2,0,
429,3,79.65,20.3,1.257,1.0,0.0,0.04,1.499,0,
430,0,53.06,93.24,3.053,1.0,0.0,0.008,1.5,0,28.4
430,1,125.53,37.44,-2.502,0.999,0.0,-0.049,0.6,0,32.5
430,2,25.6,25.47,-2.227,0.124,0.0,-1.0,0.185,0,
430,3,80.12,21.72,1.256,1.0,0.0,-0.007,1.5,0,
431,0,51.57,93.37,3.054,1.0,0.0,0.006,1.5,0,26.9
431,1,124.95,37.01,-2.512,0.999,0.0,-0.064,0.72,0,31.8
431,2,25.5,25.33,-2.271,0.119,0.0,-1.0,0.178,0,
431,3,80.58,23.15,1.247,0.999,0.0,-0.056,1.499,0,
432,0,50.07,93.5,3.055,1.0,0.0,0.005,1.5,0,25.4
432,1,124.27,36.52,-2.524,0.998,0.0,-0.081,0.84,0,31.0
432,2,25.38,25.19,-2.332,0.117,0.0,-1.0,0.176,0,
432,3,81.06,24.57,1.231,0.997,0.0,-0.105,1.496,0,
433,0,48.58,93.63,3.056,1.0,0.0,0.004,1.5,0,23.9
433,1,123.49,35.96,-2.54,0.998,0.0,-0.1,0.96,0,30.0
433,2,25.26,25.06,-2.41,0.118,0.0,-1.0,0.178,0,
433,3,81.56,25.97,1.206,0.994,0.0,-0.154,1.491,0,
434,0,47.08,93.76,3.056,1.0,0.0,0.004,1.5,0,22.4
434,1,122.6,35.35,-2.573,0.976,0.0,-0.313,1.08,0,29.0
434,2,25.13,24.94,-2.507,0.121,0.0,-1.0,0.181,0,
434,3,82.08,27.36,1.175,0.99,0.0,-0.203,1.485,0,
435,0,45.59,93.89,3.057,1.0,0.0,0.003,1.5,0,20.9
435,1,121.59,34.71,-2.617,0.981,0.0,-0.277,1.2,0,27.8
435,2,24.98,24.84,-2.62,0.122,0.0,-1.0,0.184,0,
435,3,82.65,28.72,1.135,0.985,0.0,-0.251,1.477,0,
436,0,44.1,94.02,3.057,1.0,0.0,0.003,1.5,0,19.4
436,1,120.44,34.04,-2.652,0.987,0.0,-0.227,1.32,0,26.5
436,2,24.82,24.74,-2.752,0.123,0.0,-0.964,0.184,0,
436,3,83.27,30.05,1.089,0.979,0.0,-0.296,1.468,0,
437,0,42.6,94.14,3.058,1.0,0.0,0.002,1.5,0,17.9
437,1,119.17,33.37,-2.682,0.991,0.0,-0.187,1.44,0,25.1
437,2,24.65,24.67,-2.874,0.121,0.0,-0.781,0.181,0,
437,3,83.95,31.34,1.035,0.972,0.0,-0.338,1.458,0,
438,0,41.11,94.27,3.058,1.0,0.0,0.002,1.5,0,16.4
438,1,117.84,32.71,-2.706,0.994,0.0,-0.156,1.491,0,23.6
438,2,24.49,24.63,-2.979,0.114,0.0,-0.609,0.17,0,
438,3,84.69,32.59,0.977,0.966,0.0,-0.375,1.449,0,
439,0,39.61,94.39,3.058,1.0,0.0,0.002,1.5,0,14.9
439,1,116.48,32.08,-2.727,0.996,0.0,-0.131,1.494,0,22.1
439,2,24.33,24.6,-3.067,0.103,0.0,-0.462,0.155,0,
439,3,85.5,33.78,0.913,0.96,0.0,-0.405,1.44,0,
440,0,38.28,94.51,3.058,0.0,0.0,0.0,1.34,0,
440,1,115.26,31.54,-2.73,0.0,0.0,1.0,1.334,0,48.5
440,2,24.33,24.6,3.111,0.0,0.0,-1.0,0.0,0,
440,3,86.37,34.92,0.846,0.956,0.0,-0.427,1.434,0,
441,0,37.21,94.59,3.058,0.0,0.0,0.0,1.066,1,
441,1,114.19,31.07,-2.715,0.0,0.0,1.0,1.174,0,49.5
441,2,24.31,24.61,2.988,0.013,0.0,-1.0,0.019,0,
441,3,87.32,35.99,0.777,0.953,0.0,-0.44,1.429,0,
442,0,37.21,94.59,3.058,0.0,0.0,0.0,0.0,0,
442,1,113.26,30.65,-2.684,0.0,0.0,1.0,1.014,0,50.4
442,2,24.18,24.63,2.848,0.134,0.0,-1.0,0.139,0,
442,3,88.34,36.99,0.707,0.952,0.0,-0.444,1.428,0,
443,0,37.21,94.59,3.058,0.0,0.0,0.0,0.0,0,
443,1,112.5,30.27,-2.634,0.0,0.0,1.0,0.854,0,51.1
443,2,23.93,24.7,2.691,0.266,0.0,-1.0,0.259,0,
443,3,89.42,37.92,0.638,0.953,0.0,-0.439,1.43,0,
444,0,37.21,94.59,3.058,0.0,0.0,0.0,0.0,0,
444,1,111.89,29.94,-2.567,0.0,0.0,1.0,0.694,0,51.8
444,2,23.59,24.87,2.534,0.404,0.0,-1.0,0.379,0,
444,3,90.58,38.77,0.571,0.956,0.0,-0.426,1.434,0,
445,0,37.21,94.59,3.058,0.0,0.0,0.0,0.0,0,
445,1,111.44,29.65,-2.483,0.0,0.0,1.0,0.534,0,52.3
445,2,23.18,25.15,2.377,0.529,0.0,-1.0,0.499,0,
445,3,91.8,39.56,0.516,0.969,0.0,-0.354,1.454,0,
446,0,37.21,94.59,3.058,0.0,0.0,0.0,0.0,0,
446,1,111.15,29.42,-2.381,0.0,0.0,1.0,0.374,0,52.6
446,2,22.73,25.58,2.22,0.642,0.0,-1.0,0.619,0,
446,3,93.08,40.28,0.47,0.979,0.0,-0.292,1.469,0,
447,0,37.21,94.59,3.058,0.0,0.0,0.0,0.0,0,
447,1,110.99,29.27,-2.261,0.0,0.0,1.0,0.214,0,52.8
447,2,22.28,26.17,2.063,0.74,0.0,-1.0,0.739,0,
447,3,94.4,40.95,0.432,0.986,0.0,-0.242,1.478,0,
448,0,37.21,94.59,3.058,0.0,0.0,0.0,0.0,0,
448,1,110.96,29.23,-2.124,0.0,0.0,1.0,0.054,0,52.9
448,2,21.88,26.93,1.923,0.824,0.0,-0.861,0.859,0,
448,3,95.74,41.57,0.4,0.99,0.0,-0.202,1.485,0,
449,0,37.21,94.59,3.058,0.0,0.0,0.0,0.0,0,
449,1,110.96,29.23,-1.97,0.0,0.0,1.0,0.0,0,52.9
449,2,21.54,27.85,1.801,0.884,0.0,-0.694,0.979,0,
449,3,97.12,42.15,0.373,0.993,0.0,-0.169,1.49,0,
450,0,37.21,94.59,3.058,0.0,0.0,0.0,0.0,0,
450,1,110.96,29.23,-1.813,0.0,0.0,1.0,0.0,0,52.9
450,2,21.29,28.92,1.697,0.927,0.0,-0.551,1.099,0,
450,3,98.51,42.7,0.351,0.995,0.0,-0.142,1.493,0,
451,0,37.21,94.59,3.058,0.0,0.0,0.0,0.0,0,
451,1,110.96,29.23,-1.656,0.0,0.0,1.0,0.0,0,52.9
451,2,21.14,30.13,1.609,0.955,0.0,-0.432,1.219,0,
451,3,99.91,43.21,0.332,0.996,0.0,-0.12,1.495,0,
452,0,37.21,94.59,3.058,0.0,0.0,0.0,0.0,0,
452,1,110.96,29.23,-1.499,0.0,0.0,1.0,0.0,0,52.9
452,2,21.08,31.46,1.54,0.973,0.0,-0.335,1.339,0,
452,3,101.32,43.7,0.316,0.997,0.0,-0.102,1.496,0,
453,0,37.21,94.59,3.058,0.0,0.0,0.0,0.0,0,
453,1,110.96,29.23,-1.342,0.0,0.0,1.0,0.0,0,52.9
453,2,21.13,32.92,1.488,0.983,0.0,-0.261,1.459,0,
453,3,102.75,44.17,0.303,0.998,0.0,-0.087,1.497,0,
454,0,37.21,94.59,3.058,0.0,0.0,0.0,0.0,0,
454,1,110.96,29.23,-1.185,0.0,0.0,1.0,0.0,0,52.9
454,2,21.25,34.4,1.453,0.989,0.0,-0.211,1.484,0,
454,3,104.18,44.61,0.291,0.999,0.0,-0.075,1.498,0,
455,0,37.21,94.59,3.058,0.0,0.0,0.0,0.0,0,
455,1,110.97,29.2,-1.027,0.018,0.0,1.0,0.027,0,52.9
455,2,21.43,35.88,1.424,0.992,0.0,-0.183,1.488,0,
455,3,105.61,45.04,0.281,0.999,0.0,-0.066,1.498,0,
456,0,37.21,94.59,3.058,0.0,0.0,0.0,0.0,0,
456,1,111.04,29.08,-0.87,0.172,0.0,1.0,0.147,0,53.0
456,2,21.36,36.35,1.399,0.994,0.0,-0.163,0.474,8,
456,3,107.05,45.46,0.271,0.999,0.0,-0.058,1.499,0,
457,0,37.21,94.59,3.058,0.0,0.0,0.0,0.0,0,
457,1,111.22,28.87,-0.713,0.316,0.0,1.0,0.267,0,53.0
457,2,21.35,36.35,1.376,0.995,0.0,-0.147,0.012,8,
457,3,107.07,45.53,0.263,0.999,0.0,-0.052,0.072,8,
458,0,37.21,94.59,3.058,0.0,0.0,0.0,0.0,0,
458,1,111.51,28.62,-0.556,0.446,0.0,1.0,0.387,0,53.1
458,2,21.34,36.35,1.358,0.997,0.0,-0.116,0.01,8,
458,3,107.07,45.53,0.256,0.999,0.0,-0.047,0.004,8,
459,0,37.21,94.59,3.058,0.0,0.0,0.0,0.0,0,
459,1,111.94,28.35,-0.399,0.563,0.0,1.0,0.507,0,53.0
459,2,21.33,36.36,1.343,0.998,0.0,-0.091,0.008,8,
459,3,107.07,45.53,0.25,1.0,0.0,-0.037,0.003,8,
460,0,37.21,94.59,3.058,0.0,0.0,0.0,0.0,0,
460,1,112.52,28.11,-0.242,0.666,0.0,1.0,0.627,0,52.9
460,2,21.32,36.36,1.332,0.999,0.0,-0.071,0.006,8,
460,3,107.07,45.53,0.245,1.0,0.0,-0.029,0.002,8,
461,0,37.21,94.59,3.058,0.0,0.0,0.0,0.0,0,
461,1,113.24,27.93,-0.085,0.754,0.0,1.0,0.747,0,52.7
461,2,21.32,36.36,1.323,0.999,0.0,-0.056,0.005,1,
461,3,107.07,45.54,0.242,1.0,0.0,-0.023,0.002,1,
462,0,37.21,94.59,3.058,0.0,0.0,0.0,0.0,0,
462,1,114.1,27.86,0.055,0.83,0.0,0.846,0.867,0,52.3
462,2,21.32,36.36,1.316,1.0,0.0,-0.044,0.004,1,
462,3,107.07,45.54,0.239,1.0,0.0,-0.018,0.002,8,
463,0,37.21,94.59,3.058,0.0,0.0,0.0,0.0,0,
463,1,115.09,27.91,0.177,0.884,0.0,0.695,0.987,0,51.7
463,2,21.31,36.36,1.311,1.0,0.0,-0.035,0.003,8,
463,3,107.07,45.54,0.237,1.0,0.0,-0.014,0.001,8,
464,0,37.21,94.59,3.058,0.0,0.0,0.0,0.0,0,
464,1,116.18,28.11,0.281,0.921,0.0,0.57,1.107,0,51.0
464,2,21.31,36.36,1.307,1.0,0.0,-0.027,0.002,1,
464,3,107.07,45.54,0.235,1.0,0.0,-0.011,0.001,8,
465,0,37.21,94.59,3.058,0.0,0.0,0.0,0.0,0,
465,1,117.36,28.45,0.368,0.946,0.0,0.471,1.227,0,50.1
465,2,21.31,36.36,1.303,1.0,0.0,-0.021,0.002,1,
465,3,107.07,45.54,0.234,1.0,0.0,-0.009,0.001,1,
466,0,37.21,94.59,3.058,0.0,0.0,0.0,0.0,0,
466,1,118.61,28.93,0.438,0.961,0.0,0.398,1.347,0,49.0
466,2,21.31,36.36,1.301,1.0,0.0,-0.017,0.001,8,
466,3,107.07,45.54,0.233,1.0,0.0,-0.007,0.001,8,
467,0,37.21,94.59,3.058,0.0,0.0,0.0,0.0,0,
467,1,119.93,29.55,0.493,0.97,0.0,0.353,1.454,0,47.9
467,2,21.31,36.36,1.299,1.0,0.0,-0.013,0.001,1,
467,3,107.07,45.54,0.232,1.0,0.0,-0.005,0.0,8,
468,0,37.21,94.59,3.058,0.0,0.0,0.0,0.0,0,
468,1,121.22,30.24,0.546,0.973,0.0,0.333,1.459,0,46.7
468,2,21.31,36.36,1.297,1.0,0.0,-0.01,0.001,2,
468,3,107.07,45.54,0.231,1.0,0.0,-0.004,0.0,1,
469,0,37.21,94.59,3.058,0.0,0.0,0.0,0.0,0,
469,1,122.47,31.0,0.596,0.975,0.0,0.32,1.463,0,45.5
469,2,21.31,36.36,1.296,1.0,0.0,-0.008,0.001,1,
469,3,107.07,45.54,0.231,1.0,0.0,-0.003,0.0,8,
470,0,37.21,94.59,3.058,0.0,0.0,0.0,0.0,0,
470,1,123.68,31.82,0.645,0.976,0.0,0.312,1.464,0,44.2
470,2,21.31,36.36,1.295,1.0,0.0,-0.006,0.001,1,
470,3,107.07,45.54,0.23,1.0,0.0,-0.003,0.0,8,
471,0,37.21,94.59,3.058,0.0,0.0,0.0,0.0,0,
471,1,124.85,32.7,0.694,0.977,0.0,0.309,1.465,0,42.9
471,2,21.31,36.36,1.294,1.0,0.0,-0.005,0.0,1,
471,3,107.07,45.54,0.23,1.0,0.0,-0.002,0.0,1,
472,0,37.21,94.59,3.058,0.0,0.0,0.0,0.0,0,
472,1,125.98,33.64,0.742,0.977,0.0,0.308,1.465,0,41.6
472,2,21.3,36.36,1.293,1.0,0.0,-0.004,0.0,1,
472,3,107.07,45.54,0.23,1.0,0.0,-0.002,0.0,8,
473,0,37.21,94.59,3.058,0.0,0.0,0.0,0.0,0,
473,1,127.06,34.63,0.791,0.977,0.0,0.309,1.465,0,40.3
473,2,21.3,36.36,1.293,1.0,0.0,-0.003,0.0,1,
473,3,107.07,45.54,0.229,1.0,0.0,-0.001,0.0,1,
474,0,37.21,94.59,3.058,0.0,0.0,0.0,0.0,0,
474,1,128.09,35.67,0.839,0.976,0.0,0.311,1.465,0,38.9
474,2,21.3,36.36,1.292,1.0,0.0,-0.002,0.0,1,
474,3,107.07,45.54,0.229,1.0,0.0,-0.001,0.0,1,
475,0,37.21,94.59,3.058,0.0,0.0,0.0,0.0,0,
475,1,129.06,36.76,0.888,0.976,0.0,0.311,1.465,0,37.6
475,2,21.3,36.36,1.292,1.0,0.0,-0.002,0.0,1,
475,3,107.07,45.54,0.229,1.0,0.0,-0.001,0.0,8,
476,0,37.21,94.59,3.058,0.0,0.0,0.0,0.0,0,
476,1,129.99,37.9,0.937,0.976,0.0,0.311,1.465,0,36.2
476,2,21.3,36.36,1.292,1.0,0.0,-0.001,0.0,8,
476,3,107.07,45.54,0.229,1.0,0.0,-0.001,0.0,1,
477,0,37.21,94.59,3.058,0.0,0.0,0.0,0.0,0,
477,1,130.86,39.08,0.985,0.977,0.0,0.308,1.465,0,34.8
477,2,21.3,36.36,1.292,1.0,0.0,-0.001,0.0,1,
477,3,107.07,45.54,0.229,1.0,0.0,-0.0,0.0,1,
478,0,37.21,94.59,3.058,0.0,0.0,0.0,0.0,0,
478,1,131.67,40.3,1.033,0.978,0.0,0.302,1.467,0,33.4
478,2,21.3,36.36,1.292,1.0,0.0,-0.001,0.0,1,
478,3,107.07,45.54,0.229,1.0,0.0,-0.0,0.0,8,
479,0,37.21,94.59,3.058,0.0,0.0,0.0,0.0,0,
479,1,132.42,41.56,1.079,0.979,0.0,0.292,1.469,0,31.9
479,2,21.3,36.36,1.291,1.0,0.0,-0.001,0.0,1,
479,3,107.07,45.54,0.229,1.0,0.0,-0.0,0.0,1,
480,0,37.21,94.59,3.076,0.542,0.0,1.0,0.0,1,33.9
480,1,133.04,42.71,1.142,0.0,0.0,1.0,1.309,0,41.5
480,2,21.3,36.36,1.274,0.301,0.0,-1.0,0.0,1,
480,3,107.07,45.54,0.246,0.0,0.0,1.0,0.0,0,
481,0,37.21,94.59,3.111,0.557,0.0,1.0,0.002,1,33.9
481,1,133.51,43.76,1.223,0.0,0.0,1.0,1.149,0,42.4
481,2,21.31,36.36,1.239,0.318,0.0,-1.0,0.002,1,
481,3,107.07,45.54,0.281,0.0,0.0,1.0,0.0,0,
482,0,37.21,94.59,-3.12,0.586,0.0,1.0,0.006,1,33.9
482,1,133.85,44.69,1.321,0.0,0.0,1.0,0.989,0,43.1
482,2,21.31,36.36,1.186,0.351,0.0,-1.0,0.006,8,
482,3,107.07,45.54,0.334,0.0,0.0,1.0,0.0,0,
483,0,37.21,94.57,-3.05,0.628,0.0,1.0,0.013,1,33.9
483,1,134.06,45.49,1.437,0.0,0.0,1.0,0.829,0,43.7
483,2,21.32,36.36,1.116,0.4,0.0,-1.0,0.013,8,
483,3,107.07,45.54,0.404,0.0,0.0,1.0,0.0,0,
484,0,37.21,94.55,-2.963,0.681,0.0,1.0,0.021,1,33.9
484,1,134.14,46.15,1.571,0.0,0.0,1.0,0.669,0,44.1
484,2,21.34,36.35,1.028,0.464,0.0,-1.0,0.021,8,
484,3,107.07,45.54,0.491,0.0,0.0,1.0,0.0,0,
485,0,37.21,94.52,-2.858,0.743,0.0,1.0,0.032,2,33.9
485,1,134.14,46.66,1.722,0.0,0.0,1.0,0.509,0,44.3
485,2,21.38,36.34,0.923,0.541,0.0,-1.0,0.032,8,
485,3,107.06,45.57,0.596,0.083,0.0,1.0,0.031,1,
486,0,37.2,94.48,-2.735,0.81,0.0,0.895,0.044,8,33.9
486,1,134.09,47.01,1.879,0.0,0.0,1.0,0.349,0,44.4
486,2,21.42,36.33,0.801,0.628,0.0,-1.0,0.044,8,
486,3,107.05,45.62,0.719,0.186,0.0,1.0,0.044,8,
487,0,37.2,94.42,-2.623,0.877,0.0,0.716,0.058,1,33.9
487,1,134.03,47.19,2.036,0.0,0.0,1.0,0.189,0,44.5
487,2,21.47,36.32,0.66,0.72,0.0,-1.0,0.058,1,
487,3,107.04,45.67,0.859,0.305,0.0,1.0,0.058,8,
488,0,37.19,94.35,-2.528,0.926,0.0,0.551,0.07,8,33.9
488,1,134.02,47.21,2.193,0.0,0.0,1.0,0.029,0,44.5
488,2,21.54,36.3,0.521,0.812,0.0,-0.891,0.073,2,
488,3,107.02,45.74,1.016,0.434,0.0,1.0,0.072,1,
489,0,37.18,94.27,-2.45,0.959,0.0,0.411,0.079,2,33.9
489,1,134.02,47.21,2.35,0.0,0.0,1.0,0.0,0,44.5
489,2,21.63,36.28,0.398,0.887,0.0,-0.685,0.086,8,
489,3,107.01,45.83,1.173,0.57,0.0,1.0,0.087,8,
490,0,37.17,94.19,-2.39,0.979,0.0,0.294,0.087,1,33.9
490,1,134.02,47.21,2.507,0.0,0.0,1.0,0.0,0,44.5
490,2,21.72,36.25,0.293,0.939,0.0,-0.503,0.096,1,
490,3,106.99,45.93,1.33,0.691,0.0,1.0,0.099,8,
491,0,37.16,94.09,-2.347,0.99,0.0,0.202,0.092,8,33.9
491,1,134.02,47.21,2.664,0.0,0.0,1.0,0.0,0,44.5
491,2,21.82,36.23,0.206,0.971,0.0,-0.345,0.104,1,
491,3,106.97,46.03,1.476,0.795,0.0,0.931,0.109,1,
492,0,37.15,94.0,-2.322,0.996,0.0,0.134,0.096,1,33.9
492,1,133.93,47.26,2.821,0.066,0.0,1.0,0.099,0,44.4
492,2,21.93,36.2,0.136,0.989,0.0,-0.212,0.109,8,
492,3,106.94,46.15,1.605,0.874,0.0,0.724,0.116,8,
493,0,37.14,93.9,-2.308,0.998,0.0,0.091,0.098,1,33.9
493,1,133.73,47.33,2.978,0.214,0.0,1.0,0.219,0,44.3
493,2,22.04,36.18,0.083,0.997,0.0,-0.103,0.113,1,
493,3,106.92,46.26,1.716,0.929,0.0,0.541,0.119,8,
494,0,37.12,93.8,-2.298,0.999,0.0,0.064,0.1,8,33.9
494,1,133.39,47.38,3.136,0.349,0.0,1.0,0.339,0,44.0
494,2,22.15,36.15,0.048,1.0,0.0,-0.018,0.115,1,
494,3,106.9,46.38,1.81,0.964,0.0,0.383,0.12,8,
495,0,37.11,93.7,-2.291,1.0,0.0,0.042,0.101,1,33.9
495,1,132.93,47.38,-2.991,0.471,0.0,1.0,0.459,0,43.6
495,2,22.26,36.13,0.031,1.0,0.0,0.041,0.116,1,
495,3,106.88,46.5,1.886,0.985,0.0,0.251,0.12,0,
496,0,37.09,93.6,-2.287,1.0,0.0,0.025,0.102,8,33.9
496,1,132.36,47.3,-2.834,0.582,0.0,1.0,0.579,0,43.1
496,2,22.38,36.11,0.031,0.999,0.0,0.076,0.117,1,
496,3,106.8,46.73,1.945,0.995,0.0,0.143,0.24,0,
497,0,37.07,93.5,-2.286,1.0,0.0,0.012,0.103,2,33.8
497,1,131.69,47.09,-2.676,0.682,0.0,1.0,0.699,0,42.4
497,2,22.49,36.08,0.044,0.998,0.0,0.085,0.117,1,
497,3,106.67,47.06,1.987,0.999,0.0,0.06,0.36,0,
498,0,37.06,93.4,-2.285,1.0,0.0,0.001,0.103,1,33.8
498,1,131.62,46.62,-2.522,0.772,0.0,0.983,0.467,1,42.1
498,2,22.61,36.06,0.056,0.999,0.0,0.076,0.117,8,
498,3,106.48,47.5,2.01,1.0,0.0,0.002,0.48,0,
499,0,37.04,93.3,-2.286,1.0,0.0,-0.007,0.104,1,33.8
499,1,131.61,46.54,-2.385,0.874,0.0,0.724,0.083,8,42.1
499,2,22.72,36.04,0.067,0.999,0.0,0.068,0.117,8,
499,3,106.22,48.04,2.017,1.0,0.0,-0.032,0.6,0,
500,0,37.02,93.2,-2.288,1.0,0.0,-0.013,0.104,1,33.8
500,1,131.59,46.45,-2.266,0.934,0.0,0.521,0.095,1,42.0
500,2,22.84,36.03,0.077,0.999,0.0,0.063,0.117,1,
500,3,105.91,48.69,2.01,1.0,0.0,-0.042,0.72,0,
501,0,37.0,93.09,-2.291,1.0,0.0,-0.018,0.104,8,33.8
501,1,131.58,46.35,-2.164,0.971,0.0,0.343,0.103,8,41.9
501,2,22.95,36.01,0.086,0.999,0.0,0.058,0.117,1,
501,3,105.55,49.45,2.005,1.0,0.0,-0.034,0.84,0,
502,0,36.98,92.99,-2.295,1.0,0.0,-0.022,0.105,8,33.8
502,1,131.56,46.24,-2.079,0.991,0.0,0.188,0.11,1,41.9
502,2,23.07,35.99,0.094,0.999,0.0,0.055,0.117,1,
502,3,105.15,50.32,2.0,1.0,0.0,-0.027,0.96,0,
503,0,36.95,92.89,-2.299,1.0,0.0,-0.025,0.105,1,33.8
503,1,131.54,46.13,-2.012,0.999,0.0,0.058,0.114,8,41.8
503,2,23.19,35.98,0.103,0.999,0.0,0.052,0.117,1,
503,3,104.7,51.31,1.997,1.0,0.0,-0.022,1.08,0,
504,0,36.93,92.79,-2.303,1.0,0.0,-0.027,0.105,1,33.8
504,1,131.52,46.01,-1.963,0.999,0.0,-0.047,0.116,1,41.7
504,2,23.3,35.96,0.11,0.999,0.0,0.05,0.117,1,
504,3,104.2,52.4,1.994,1.0,0.0,-0.018,1.2,0,
505,0,36.91,92.68,-2.307,1.0,0.0,-0.029,0.106,1,33.7
505,1,131.5,45.9,-1.931,0.996,0.0,-0.128,0.118,1,41.6
505,2,23.42,35.95,0.118,0.999,0.0,0.048,0.117,1,
505,3,103.66,53.6,1.992,1.0,0.0,-0.015,1.32,0,
506,0,36.88,92.58,-2.312,1.0,0.0,-0.031,0.106,8,33.7
506,1,131.47,45.78,-1.916,0.992,0.0,-0.184,0.119,1,41.6
506,2,23.54,35.94,0.125,0.999,0.0,0.047,0.117,8,
506,3,103.07,54.92,1.99,1.0,0.0,-0.013,1.44,0,
507,0,36.85,92.48,-2.317,1.0,0.0,-0.032,0.106,1,33.7
507,1,131.45,45.66,-1.919,0.989,0.0,-0.214,0.119,1,41.5
507,2,23.65,35.93,0.133,0.999,0.0,0.046,0.117,1,
507,3,102.46,56.29,1.988,1.0,0.0,-0.011,1.5,0,
508,0,36.83,92.37,-2.322,1.0,0.0,-0.033,0.106,2,33.7
508,1,131.42,45.55,-1.94,0.988,0.0,-0.22,0.119,1,41.4
508,2,23.77,35.92,0.14,1.0,0.0,0.045,0.117,1,
508,3,101.85,57.66,1.987,1.0,0.0,-0.009,1.5,0,
509,0,36.8,92.27,-2.328,1.0,0.0,-0.034,0.106,1,33.7
509,1,131.39,45.43,-1.971,0.99,0.0,-0.201,0.119,8,41.3
509,2,23.89,35.91,0.147,1.0,0.0,0.044,0.117,1,
509,3,101.25,59.03,1.985,1.0,0.0,-0.008,1.5,0,
510,0,36.77,92.17,-2.333,1.0,0.0,-0.034,0.107,1,33.6
510,1,131.36,45.32,-1.998,0.993,0.0,-0.166,0.119,1,41.2
510,2,24.0,35.9,0.153,1.0,0.0,0.044,0.117,1,
510,3,100.65,60.4,1.984,1.0,0.0,-0.007,1.5,0,
511,0,36.74,92.07,-2.339,1.0,0.0,-0.035,0.107,1,33.6
511,1,131.33,45.2,-2.019,0.995,0.0,-0.139,0.118,8,41.2
511,2,24.12,35.89,0.16,1.0,0.0,0.043,0.118,1,
511,3,100.04,61.78,1.983,1.0,0.0,-0.006,1.5,0,
512,0,36.71,91.96,-2.344,1.0,0.0,-0.035,0.107,1,33.6
512,1,131.3,45.09,-2.038,0.997,0.0,-0.118,0.118,8,41.1
512,2,24.24,35.89,0.167,1.0,0.0,0.043,0.118,2,
512,3,99.44,63.15,1.982,1.0,0.0,-0.006,1.5,0,
513,0,36.68,91.86,-2.35,1.0,0.0,-0.036,0.107,8,33.6
513,1,131.27,44.97,-2.054,0.997,0.0,-0.101,0.118,8,41.0
513,2,24.36,35.88,0.174,1.0,0.0,0.043,0.118,8,
513,3,98.91,64.38,1.999,0.0,0.0,1.0,1.34,0,
514,0,36.64,91.76,-2.355,1.0,0.0,-0.036,0.107,2,33.6
514,1,131.24,44.86,-2.068,0.998,0.0,-0.089,0.118,1,40.9
514,2,24.47,35.88,0.18,1.0,0.0,0.042,0.118,1,
514,3,98.42,65.45,2.033,0.0,0.0,1.0,1.18,0,
515,0,36.61,91.66,-2.361,1.0,0.0,-0.036,0.107,1,33.5
515,1,131.21,44.75,-2.08,0.998,0.0,-0.079,0.118,8,40.8
515,2,24.59,35.88,0.187,1.0,0.0,0.042,0.118,1,
515,3,97.96,66.37,2.084,0.0,0.0,1.0,1.02,0,
516,0,36.58,91.56,-2.367,1.0,0.0,-0.037,0.108,1,33.5
516,1,131.17,44.64,-2.091,0.999,0.0,-0.071,0.117,1,40.7
516,2,24.71,35.88,0.193,1.0,0.0,0.042,0.118,2,
516,3,97.54,67.12,2.153,0.0,0.0,1.0,0.86,0,
517,0,36.54,91.45,-2.373,1.0,0.0,-0.037,0.108,1,33.5
517,1,131.14,44.52,-2.101,0.999,0.0,-0.065,0.117,1,40.6
517,2,24.83,35.88,0.2,1.0,0.0,0.042,0.118,1,
517,3,97.15,67.7,2.24,0.0,0.0,1.0,0.7,0,
518,0,36.5,91.35,-2.378,1.0,0.0,-0.037,0.108,1,33.5
518,1,131.1,44.41,-2.111,0.999,0.0,-0.06,0.117,1,40.6
518,2,24.95,35.88,0.206,1.0,0.0,0.041,0.118,2,
518,3,96.82,68.12,2.344,0.014,0.0,1.0,0.54,0,
519,0,36.47,91.25,-2.384,1.0,0.0,-0.037,0.108,1,33.5
519,1,131.06,44.3,-2.12,0.999,0.0,-0.056,0.117,8,40.5
519,2,25.06,35.88,0.213,1.0,0.0,0.041,0.118,1,
519,3,96.55,68.4,2.466,0.101,0.0,1.0,0.38,0,
520,0,36.43,91.15,-2.39,1.0,0.0,-0.037,0.108,8,33.4
520,1,131.02,44.19,-2.128,0.999,0.0,-0.054,0.117,1,40.4
520,2,25.18,35.89,0.219,1.0,0.0,0.041,0.118,8,
520,3,96.16,68.71,2.585,0.863,0.0,0.757,0.5,0,
521,0,36.39,91.05,-2.396,1.0,0.0,-0.038,0.108,1,33.4
521,1,130.98,44.08,-2.136,0.999,0.0,-0.051,0.117,1,40.3
521,2,25.3,35.89,0.226,1.0,0.0,0.041,0.118,8,
521,3,95.64,69.04,2.686,0.912,0.0,0.602,0.62,0,
522,0,36.35,90.95,-2.402,1.0,0.0,-0.038,0.108,1,33.4
522,1,130.94,43.97,-2.144,0.999,0.0,-0.05,0.117,1,40.2
522,2,25.42,35.9,0.232,1.0,0.0,0.04,0.118,2,
522,3,94.97,69.36,2.77,0.946,0.0,0.473,0.74,0,
523,0,36.31,90.85,-2.408,1.0,0.0,-0.038,0.109,8,33.4
523,1,130.9,43.86,-2.151,0.999,0.0,-0.048,0.118,8,40.1
523,2,25.54,35.9,0.238,1.0,0.0,0.04,0.118,1,
523,3,94.17,69.67,2.837,0.967,0.0,0.367,0.86,0,
524,0,36.27,90.75,-2.414,1.0,0.0,-0.038,0.109,1,33.3
524,1,130.86,43.75,-2.159,0.999,0.0,-0.047,0.118,1,40.0
524,2,25.65,35.91,0.245,1.0,0.0,0.04,0.118,1,
524,3,93.24,69.97,2.886,0.98,0.0,0.286,0.98,0,
525,0,36.22,90.65,-2.42,1.0,0.0,-0.038,0.109,1,33.3
525,1,130.81,43.64,-2.166,0.999,0.0,-0.046,0.118,1,39.9
525,2,25.77,35.92,0.251,1.0,0.0,0.04,0.118,1,
525,3,92.17,70.25,2.922,0.987,0.0,0.23,1.1,0,
526,0,36.18,90.55,-2.426,1.0,0.0,-0.038,0.109,1,33.3
526,1,130.77,43.53,-2.173,0.999,0.0,-0.045,0.118,1,39.8
526,2,25.89,35.93,0.257,1.0,0.0,0.039,0.118,8,
526,3,90.98,70.51,2.951,0.991,0.0,0.19,1.22,0,
527,0,36.13,90.45,-2.432,1.0,0.0,-0.038,0.109,8,33.2
527,1,130.72,43.42,-2.18,1.0,0.0,-0.045,0.118,8,39.8
527,2,26.01,35.94,0.263,1.0,0.0,0.039,0.119,8,
527,3,89.67,70.77,2.977,0.994,0.0,0.16,1.34,0,
528,0,36.09,90.35,-2.438,1.0,0.0,-0.039,0.109,8,33.2
528,1,130.67,43.32,-2.187,1.0,0.0,-0.044,0.118,8,39.7
528,2,26.13,35.95,0.269,1.0,0.0,0.039,0.119,1,
528,3,88.23,71.01,2.998,0.995,0.0,0.136,1.46,0,
529,0,36.04,90.25,-2.444,1.0,0.0,-0.039,0.109,1,33.2
529,1,130.63,43.21,-2.194,1.0,0.0,-0.044,0.118,8,39.6
529,2,26.24,35.97,0.275,1.0,0.0,0.039,0.119,8,
529,3,86.75,71.22,3.016,0.997,0.0,0.118,1.495,0,
530,0,36.0,90.15,-2.45,1.0,0.0,-0.039,0.11,1,33.2
530,1,130.58,43.1,-2.201,1.0,0.0,-0.043,0.118,8,39.5
530,2,26.36,35.98,0.299,0.967,0.0,0.368,0.119,1,
530,3,85.26,71.41,3.033,0.997,0.0,0.103,1.496,0,
531,0,35.95,90.05,-2.456,1.0,0.0,-0.039,0.11,1,33.1
531,1,130.53,43.0,-2.208,1.0,0.0,-0.043,0.118,1,39.4
531,2,26.48,36.0,0.34,0.971,0.0,0.343,0.118,8,
531,3,84.49,71.54,3.047,0.998,0.0,0.092,0.782,1,
532,0,35.9,89.95,-2.462,1.0,0.0,-0.039,0.11,1,33.1
532,1,130.47,42.89,-2.214,1.0,0.0,-0.043,0.118,1,39.3
532,2,26.6,36.01,0.386,0.979,0.0,0.293,0.118,1,
532,3,84.49,71.55,3.06,0.998,0.0,0.083,0.007,8,
533,0,35.85,89.86,-2.469,1.0,0.0,-0.039,0.11,8,33.1
533,1,130.42,42.78,-2.221,1.0,0.0,-0.043,0.118,1,39.2
533,2,26.71,36.03,0.423,0.986,0.0,0.236,0.117,8,
533,3,84.49,71.56,3.07,0.999,0.0,0.065,0.006,8,
534,0,35.8,89.76,-2.475,1.0,0.0,-0.039,0.11,1,33.0
534,1,130.37,42.68,-2.228,1.0,0.0,-0.042,0.118,1,39.1
534,2,26.83,36.05,0.453,0.991,0.0,0.192,0.116,8,
534,3,84.49,71.56,3.078,0.999,0.0,0.051,0.004,8,
535,0,35.74,89.66,-2.481,1.0,0.0,-0.04,0.11,1,33.0
535,1,130.31,42.57,-2.234,1.0,0.0,-0.042,0.118,1,39.0
535,2,26.94,36.07,0.478,0.994,0.0,0.158,0.115,8,
535,3,84.49,71.56,3.085,1.0,0.0,0.04,0.003,8,
536,0,35.69,89.57,-2.487,1.0,0.0,-0.04,0.11,8,33.0
536,1,130.26,42.47,-2.241,1.0,0.0,-0.042,0.118,8,38.9
536,2,27.05,36.09,0.499,0.996,0.0,0.131,0.115,1,
536,3,84.49,71.57,3.09,1.0,0.0,0.031,0.003,1,
537,0,35.64,89.47,-2.494,1.0,0.0,-0.04,0.11,1,32.9
537,1,130.2,42.36,-2.247,1.0,0.0,-0.042,0.118,8,38.8
537,2,27.16,36.11,0.516,0.997,0.0,0.11,0.114,1,
537,3,84.49,71.57,3.093,1.0,0.0,0.025,0.002,8,
538,0,35.58,89.37,-2.5,1.0,0.0,-0.04,0.111,1,32.9
538,1,130.15,42.26,-2.254,1.0,0.0,-0.041,0.118,1,38.7
538,2,27.28,36.13,0.531,0.998,0.0,0.094,0.114,8,
538,3,84.49,71.57,3.096,1.0,0.0,0.019,0.002,8,
539,0,35.53,89.28,-2.506,1.0,0.0,-0.04,0.111,8,32.8
539,1,130.09,42.16,-2.26,1.0,0.0,-0.041,0.118,8,38.6
539,2,27.39,36.16,0.544,0.998,0.0,0.082,0.114,1,
539,3,84.49,71.57,3.099,1.0,0.0,0.015,0.001,1,
540,0,35.47,89.18,-2.512,1.0,0.0,-0.04,0.111,8,32.8
540,1,130.03,42.06,-2.267,1.0,0.0,-0.041,0.118,8,38.5
540,2,27.5,36.18,0.555,0.999,0.0,0.072,0.114,1,
540,3,84.49,71.57,3.101,1.0,0.0,0.012,0.001,1,
541,0,35.41,89.09,-2.519,1.0,0.0,-0.04,0.111,8,32.8
541,1,129.97,41.95,-2.273,1.0,0.0,-0.041,0.119,1,38.4
541,2,27.61,36.21,0.565,0.999,0.0,0.065,0.114,1,
541,3,84.49,71.57,3.102,1.0,0.0,0.009,0.001,8,
542,0,35.35,88.99,-2.525,1.0,0.0,-0.041,0.111,1,32.7
542,1,129.91,41.85,-2.28,1.0,0.0,-0.04,0.119,1,38.3
542,2,27.72,36.23,0.574,0.999,0.0,0.059,0.114,1,
542,3,84.49,71.57,3.103,1.0,0.0,0.007,0.001,1,
543,0,35.29,88.9,-2.532,1.0,0.0,-0.041,0.111,1,32.7
543,1,129.84,41.75,-2.286,1.0,0.0,-0.04,0.119,1,38.2
543,2,27.83,36.26,0.583,0.999,0.0,0.055,0.114,8,
543,3,84.49,71.57,3.104,1.0,0.0,0.006,0.0,1,
544,0,35.23,88.81,-2.538,1.0,0.0,-0.041,0.111,8,32.7
544,1,129.78,41.65,-2.292,1.0,0.0,-0.04,0.119,8,38.1
544,2,27.94,36.29,0.591,0.999,0.0,0.051,0.114,1,
544,3,84.49,71.57,3.105,1.0,0.0,0.005,0.0,8,
545,0,35.17,88.71,-2.544,1.0,0.0,-0.041,0.111,1,32.6
545,1,129.72,41.55,-2.298,1.0,0.0,-0.04,0.119,1,38.0
545,2,28.05,36.32,0.599,0.999,0.0,0.049,0.114,2,
545,3,84.49,71.57,3.106,1.0,0.0,0.004,0.0,8,
546,0,35.11,88.62,-2.551,1.0,0.0,-0.041,0.111,1,32.6
546,1,129.65,41.45,-2.305,1.0,0.0,-0.039,0.119,8,37.9
546,2,28.16,36.35,0.606,0.999,0.0,0.047,0.114,1,
546,3,84.49,71.57,3.106,1.0,0.0,0.003,0.0,1,
547,0,35.05,88.53,-2.557,1.0,0.0,-0.041,0.112,8,32.5
547,1,129.58,41.35,-2.311,1.0,0.0,-0.039,0.119,8,37.8
547,2,28.27,36.38,0.613,1.0,0.0,0.045,0.114,1,
547,3,84.49,71.57,3.106,1.0,0.0,0.002,0.0,8,
548,0,34.98,88.44,-2.564,1.0,0.0,-0.041,0.112,8,32.5
548,1,129.52,41.26,-2.317,1.0,0.0,-0.039,0.119,1,37.7
548,2,28.38,36.41,0.62,1.0,0.0,0.044,0.114,1,
548,3,84.49,71.58,3.107,1.0,0.0,0.002,0.0,8,
549,0,34.92,88.34,-2.57,1.0,0.0,-0.041,0.112,8,32.4
549,1,129.45,41.16,-2.323,1.0,0.0,-0.038,0.119,8,37.6
549,2,28.49,36.45,0.627,1.0,0.0,0.043,0.114,8,
549,3,84.49,71.58,3.107,1.0,0.0,0.001,0.0,1,
550,0,34.85,88.25,-2.577,1.0,0.0,-0.042,0.112,1,32.4
550,1,129.38,41.06,-2.329,1.0,0.0,-0.038,0.119,8,37.5
550,2,28.6,36.48,0.633,1.0,0.0,0.042,0.114,1,
550,3,84.49,71.58,3.107,1.0,0.0,0.001,0.0,1,
551,0,34.79,88.16,-2.583,1.0,0.0,-0.042,0.112,8,32.4
551,1,129.31,40.96,-2.335,1.0,0.0,-0.038,0.119,1,37.4
551,2,28.71,36.52,0.64,1.0,0.0,0.042,0.114,1,
551,3,84.49,71.58,3.107,1.0,0.0,0.001,0.0,8,
552,0,34.72,88.07,-2.59,1.0,0.0,-0.042,0.112,1,32.3
552,1,129.24,40.87,-2.341,1.0,0.0,-0.038,0.119,8,37.3
552,2,28.81,36.55,0.646,1.0,0.0,0.042,0.114,8,
552,3,84.49,71.58,3.107,1.0,0.0,0.001,0.0,1,
553,0,34.65,87.99,-2.597,1.0,0.0,-0.042,0.112,1,32.3
553,1,129.17,40.77,-2.347,1.0,0.0,-0.037,0.119,1,37.2
553,2,28.92,36.59,0.653,1.0,0.0,0.041,0.114,1,
553,3,84.49,71.58,3.107,1.0,0.0,0.001,0.0,1,
554,0,34.58,87.9,-2.603,1.0,0.0,-0.042,0.112,8,32.2
554,1,129.09,40.68,-2.352,1.0,0.0,-0.037,0.119,8,37.1
554,2,29.03,36.63,0.659,1.0,0.0,0.041,0.114,1,
554,3,84.49,71.58,3.107,1.0,0.0,0.0,0.0,1,
555,0,34.51,87.81,-2.61,1.0,0.0,-0.042,0.112,2,32.2
555,1,129.02,40.59,-2.358,1.0,0.0,-0.036,0.119,8,37.0
555,2,29.14,36.67,0.666,1.0,0.0,0.041,0.115,8,
555,3,84.49,71.58,3.107,1.0,0.0,0.0,0.0,2,
556,0,34.44,87.72,-2.616,1.0,0.0,-0.042,0.113,1,32.1
556,1,128.94,40.49,-2.364,1.0,0.0,-0.036,0.119,1,36.9
556,2,29.24,36.71,0.672,1.0,0.0,0.041,0.115,1,
556,3,84.49,71.58,3.107,1.0,0.0,0.0,0.0,8,
557,0,34.37,87.63,-2.623,1.0,0.0,-0.042,0.113,2,32.1
557,1,128.87,40.4,-2.369,1.0,0.0,-0.036,0.119,8,36.7
557,2,29.35,36.75,0.679,1.0,0.0,0.041,0.115,1,
557,3,84.49,71.58,3.108,1.0,0.0,0.0,0.0,1,
558,0,34.3,87.55,-2.63,1.0,0.0,-0.043,0.113,1,32.0
558,1,128.79,40.31,-2.375,1.0,0.0,-0.035,0.119,3,36.6
558,2,29.46,36.8,0.685,1.0,0.0,0.041,0.115,1,
558,3,84.49,71.58,3.108,1.0,0.0,0.0,0.0,8,
559,0,34.22,87.46,-2.637,1.0,0.0,-0.043,0.113,2,32.0
559,1,128.71,40.22,-2.38,1.0,0.0,-0.035,0.119,1,36.5
559,2,29.56,36.84,0.692,1.0,0.0,0.041,0.115,1,
559,3,84.49,71.58,3.108,1.0,0.0,0.0,0.0,8,
560,0,34.15,87.38,-2.643,1.0,0.0,-0.043,0.113,1,31.9
560,1,128.64,40.13,-2.386,1.0,0.0,-0.035,0.12,8,36.4
560,2,29.67,36.88,0.686,1.0,0.0,-0.033,0.115,8,
560,3,84.49,71.58,3.125,0.0,0.0,1.0,0.0,8,
561,0,34.08,87.29,-2.65,1.0,0.0,-0.043,0.113,1,31.9
561,1,128.56,40.04,-2.391,1.0,0.0,-0.034,0.12,1,36.3
561,2,29.78,36.93,0.684,1.0,0.0,-0.017,0.116,1,
561,3,84.49,71.58,-3.123,0.0,0.0,1.0,0.0,8,
562,0,34.0,87.21,-2.657,1.0,0.0,-0.043,0.113,8,31.8
562,1,128.48,39.95,-2.397,1.0,0.0,-0.034,0.12,8,36.2
562,2,29.88,36.98,0.683,1.0,0.0,-0.004,0.116,1,
562,3,84.49,71.58,-3.071,0.0,0.0,1.0,0.0,8,
563,0,33.92,87.12,-2.664,1.0,0.0,-0.043,0.113,8,31.8
563,1,128.39,39.86,-2.402,1.0,0.0,-0.033,0.12,3,36.1
563,2,29.99,37.03,0.684,1.0,0.0,0.006,0.116,1,
563,3,84.49,71.58,-3.001,0.0,0.0,1.0,0.0,8,
564,0,33.85,87.04,-2.67,1.0,0.0,-0.043,0.113,8,31.7
564,1,128.31,39.78,-2.407,1.0,0.0,-0.033,0.12,8,36.0
564,2,30.09,37.07,0.687,1.0,0.0,0.014,0.116,1,
564,3,84.49,71.58,-2.913,0.0,0.0,1.0,0.0,8,
565,0,33.77,86.96,-2.677,1.0,0.0,-0.043,0.113,8,31.7
565,1,128.23,39.69,-2.412,1.0,0.0,-0.032,0.12,8,35.9
565,2,30.2,37.13,0.69,1.0,0.0,0.02,0.117,1,
565,3,84.49,71.58,-2.808,0.0,0.0,1.0,0.0,8,
566,0,33.69,86.88,-2.684,1.0,0.0,-0.043,0.113,1,31.6
566,1,128.15,39.6,-2.417,1.0,0.0,-0.032,0.12,8,35.8
566,2,30.3,37.18,0.694,1.0,0.0,0.025,0.117,1,
566,3,84.49,71.58,-2.685,0.0,0.0,1.0,0.0,8,
567,0,33.61,86.8,-2.691,1.0,0.0,-0.044,0.114,8,31.6
567,1,128.06,39.52,-2.422,1.0,0.0,-0.031,0.12,8,35.6
567,2,30.41,37.23,0.698,1.0,0.0,0.028,0.117,8,
567,3,84.49,71.58,-2.545,0.0,0.0,1.0,0.0,8,
568,0,33.53,86.72,-2.698,1.0,0.0,-0.044,0.114,8,31.5
568,1,127.98,39.43,-2.427,1.0,0.0,-0.031,0.12,8,35.5
568,2,30.51,37.28,0.703,1.0,0.0,0.031,0.117,8,
568,3,84.49,71.58,-2.388,0.0,0.0,1.0,0.0,8,
569,0,33.45,86.64,-2.705,1.0,0.0,-0.044,0.114,8,31.5
569,1,127.89,39.35,-2.432,1.0,0.0,-0.031,0.12,1,35.4
569,2,30.62,37.34,0.708,1.0,0.0,0.033,0.117,1,
569,3,84.49,71.58,-2.231,0.0,0.0,1.0,0.0,8,
570,0,33.4,86.6,-2.711,1.0,0.0,-0.044,0.06,4,31.4
570,1,127.8,39.27,-2.436,1.0,0.0,-0.03,0.12,8,35.3
570,2,30.72,37.39,0.714,1.0,0.0,0.035,0.117,8,
570,3,84.49,71.58,-2.074,0.0,0.0,1.0,0.0,8,
571,0,33.4,86.6,-2.718,1.0,0.0,-0.039,0.0,4,31.4
571,1,127.72,39.19,-2.441,1.0,0.0,-0.029,0.12,8,35.2
571,2,30.82,37.45,0.719,1.0,0.0,0.036,0.117,1,
571,3,84.49,71.47,-1.917,0.085,0.0,1.0,0.107,8,
572,0,33.4,86.6,-2.722,1.0,0.0,-0.031,0.0,8,31.4
572,1,127.63,39.11,-2.446,1.0,0.0,-0.029,0.12,1,35.1
572,2,30.93,37.51,0.725,1.0,0.0,0.037,0.118,1,
572,3,84.48,71.35,-1.76,0.238,0.0,1.0,0.115,1,
573,0,33.4,86.6,-2.726,1.0,0.0,-0.024,0.0,8,31.4
573,1,127.54,39.03,-2.45,1.0,0.0,-0.028,0.12,2,35.0
573,2,31.03,37.56,0.731,1.0,0.0,0.038,0.118,8,
573,3,84.48,71.23,-1.603,0.385,0.0,1.0,0.119,1,
574,0,33.4,86.6,-2.729,1.0,0.0,-0.018,0.0,8,31.4
574,1,127.45,38.95,-2.454,1.0,0.0,-0.028,0.12,1,34.8
574,2,31.13,37.62,0.737,1.0,0.0,0.038,0.118,1,
574,3,84.47,71.11,-1.446,0.522,0.0,1.0,0.12,0,
575,0,33.4,86.6,-2.731,1.0,0.0,-0.014,0.0,8,31.4
575,1,127.36,38.87,-2.459,1.0,0.0,-0.027,0.12,2,34.7
575,2,31.23,37.69,0.743,1.0,0.0,0.038,0.118,8,
575,3,84.5,70.88,-1.289,0.647,0.0,1.0,0.24,0,
576,0,33.4,86.6,-2.733,1.0,0.0,-0.011,0.0,8,31.4
576,1,127.26,38.79,-2.463,1.0,0.0,-0.027,0.12,8,34.6
576,2,31.33,37.75,0.749,1.0,0.0,0.039,0.118,1,
576,3,84.6,70.53,-1.132,0.756,0.0,1.0,0.36,0,
577,0,33.4,86.6,-2.734,1.0,0.0,-0.009,0.0,8,31.4
577,1,127.17,38.71,-2.467,1.0,0.0,-0.026,0.12,8,34.5
577,2,31.43,37.81,0.755,1.0,0.0,0.039,0.118,8,
577,3,84.81,70.1,-0.992,0.846,0.0,0.804,0.48,0,
578,0,33.4,86.6,-2.735,1.0,0.0,-0.007,0.0,8,31.4
578,1,127.08,38.64,-2.471,1.0,0.0,-0.026,0.12,1,34.4
578,2,31.53,37.87,0.761,1.0,0.0,0.039,0.118,1,
578,3,85.13,69.59,-0.87,0.909,0.0,0.614,0.6,0,
579,0,33.4,86.6,-2.736,1.0,0.0,-0.005,0.0,4,31.4
579,1,126.99,38.56,-2.475,1.0,0.0,-0.025,0.12,1,34.3
579,2,31.63,37.94,0.767,1.0,0.0,0.039,0.118,1,
579,3,85.6,69.04,-0.766,0.951,0.0,0.448,0.72,0,
580,0,33.4,86.6,-2.737,1.0,0.0,-0.004,0.0,8,31.4
580,1,126.89,38.49,-2.479,1.0,0.0,-0.024,0.12,0,34.2
580,2,31.73,38.0,0.773,1.0,0.0,0.039,0.118,1,
580,3,86.2,68.46,-0.678,0.977,0.0,0.307,0.84,0,
581,0,33.4,86.6,-2.737,1.0,0.0,-0.003,0.0,4,31.4
581,1,126.7,38.34,-2.483,1.0,0.0,-0.024,0.24,0,33.9
581,2,31.82,38.07,0.779,1.0,0.0,0.039,0.118,1,
581,3,86.95,67.86,-0.609,0.991,0.0,0.189,0.96,0,
582,0,33.4,86.6,-2.738,1.0,0.0,-0.002,0.0,4,31.4
582,1,126.42,38.12,-2.487,1.0,0.0,-0.028,0.36,0,33.6
582,2,31.92,38.14,0.785,1.0,0.0,0.038,0.118,8,
582,3,87.84,67.24,-0.557,0.998,0.0,0.094,1.08,0,
583,0,33.4,86.6,-2.738,1.0,0.0,-0.002,0.0,8,31.4
583,1,126.04,37.83,-2.493,1.0,0.0,-0.037,0.48,0,33.1
583,2,32.02,38.2,0.791,1.0,0.0,0.038,0.118,2,
583,3,88.86,66.61,-0.522,1.0,0.0,0.023,1.2,0,
584,0,33.4,86.6,-2.738,1.0,0.0,-0.001,0.0,8,31.4
584,1,125.56,37.47,-2.5,0.999,0.0,-0.049,0.6,0,32.5
584,2,32.11,38.27,0.797,1.0,0.0,0.038,0.118,8,
584,3,90.0,65.95,-0.505,1.0,0.0,-0.026,1.32,0,
585,0,33.4,86.6,-2.738,1.0,0.0,-0.001,0.0,8,31.4
585,1,124.98,37.04,-2.51,0.999,0.0,-0.064,0.72,0,31.8
585,2,32.21,38.34,0.803,1.0,0.0,0.038,0.119,1,
585,3,91.26,65.25,-0.506,0.999,0.0,-0.051,1.44,0,
586,0,33.4,86.6,-2.739,1.0,0.0,-0.001,0.0,8,31.4
586,1,124.3,36.54,-2.523,0.998,0.0,-0.081,0.84,0,31.0
586,2,32.31,38.42,0.809,1.0,0.0,0.037,0.119,1,
586,3,92.57,64.53,-0.514,0.999,0.0,-0.053,1.499,0,
587,0,33.4,86.6,-2.739,1.0,0.0,-0.001,0.0,8,31.4
587,1,123.52,35.98,-2.539,0.998,0.0,-0.1,0.96,0,30.1
587,2,32.4,38.49,0.815,1.0,0.0,0.037,0.119,2,
587,3,93.88,63.79,-0.521,1.0,0.0,-0.044,1.499,0,
588,0,33.4,86.6,-2.739,1.0,0.0,-0.001,0.0,8,31.4
588,1,122.63,35.37,-2.572,0.976,0.0,-0.314,1.08,0,29.0
588,2,32.49,38.56,0.821,1.0,0.0,0.037,0.119,8,
588,3,95.18,63.04,-0.526,1.0,0.0,-0.036,1.5,0,
589,0,33.4,86.6,-2.739,1.0,0.0,-0.0,0.0,4,31.4
589,1,121.62,34.72,-2.616,0.981,0.0,-0.279,1.2,0,27.8
589,2,32.59,38.63,0.827,1.0,0.0,0.037,0.119,8,
589,3,96.48,62.29,-0.531,1.0,0.0,-0.03,1.5,0,
590,0,33.4,86.6,-2.739,1.0,0.0,-0.0,0.0,4,31.4
590,1,120.48,34.06,-2.652,0.987,0.0,-0.228,1.32,0,26.5
590,2,32.68,38.71,0.832,1.0,0.0,0.036,0.119,8,
590,3,97.77,61.53,-0.535,1.0,0.0,-0.025,1.5,0,
591,0,33.4,86.6,-2.739,1.0,0.0,-0.0,0.0,8,31.4
591,1,119.21,33.38,-2.681,0.991,0.0,-0.188,1.44,0,25.1
591,2,32.77,38.78,0.838,1.0,0.0,0.036,0.119,8,
591,3,99.06,60.77,-0.538,1.0,0.0,-0.021,1.5,0,
592,0,33.4,86.6,-2.739,1.0,0.0,-0.0,0.0,4,31.4
592,1,117.87,32.72,-2.706,0.994,0.0,-0.157,1.491,0,23.6
592,2,32.86,38.86,0.843,1.0,0.0,0.036,0.119,8,
592,3,100.35,60.0,-0.541,1.0,0.0,-0.017,1.5,0,
593,0,33.4,86.6,-2.739,1.0,0.0,-0.0,0.0,4,31.4
593,1,116.52,32.09,-2.726,0.996,0.0,-0.131,1.494,0,22.1
593,2,32.95,38.94,0.849,1.0,0.0,0.035,0.119,2,
593,3,101.63,59.22,-0.543,1.0,0.0,-0.015,1.5,0,
594,0,33.4,86.6,-2.739,1.0,0.0,-0.0,0.0,4,31.4
594,1,115.15,31.49,-2.744,0.997,0.0,-0.111,1.495,0,20.7
594,2,33.04,39.02,0.855,1.0,0.0,0.035,0.119,1,
594,3,102.92,58.45,-0.545,1.0,0.0,-0.012,1.5,0,
595,0,33.4,86.6,-2.739,1.0,0.0,-0.0,0.0,8,31.4
595,1,113.77,30.91,-2.759,0.998,0.0,-0.094,1.497,0,19.2
595,2,33.13,39.1,0.86,1.0,0.0,0.035,0.119,8,
595,3,104.2,57.67,-0.547,1.0,0.0,-0.011,1.5,0,
596,0,33.4,86.6,-2.739,1.0,0.0,-0.0,0.0,4,31.4
596,1,112.38,30.35,-2.771,0.998,0.0,-0.08,1.498,0,17.7
596,2,33.22,39.18,0.865,1.0,0.0,0.034,0.119,1,
596,3,105.48,56.89,-0.548,1.0,0.0,-0.009,1.5,0,
597,0,33.4,86.6,-2.739,1.0,0.0,-0.0,0.0,4,31.4
597,1,110.98,29.81,-2.782,0.999,0.0,-0.069,1.498,0,16.2
597,2,33.3,39.26,0.871,1.0,0.0,0.034,0.119,1,
597,3,106.76,56.11,-0.55,1.0,0.0,-0.008,1.5,0,
598,0,33.4,86.6,-2.739,1.0,0.0,-0.0,0.0,4,31.4
598,1,109.58,29.28,-2.791,0.999,0.0,-0.06,1.499,0,14.7
598,2,33.39,39.34,0.876,1.0,0.0,0.033,0.119,8,
598,3,108.04,55.33,-0.551,1.0,0.0,-0.007,1.5,0,
599,0,33.4,86.6,-2.739,1.0,0.0,-0.0,0.0,4,31.4
599,1,108.32,28.82,-2.783,0.0,0.0,1.0,1.339,0,10.4
599,2,33.48,39.42,0.881,1.0,0.0,0.033,0.119,1,
599,3,108.62,54.97,-0.552,1.0,0.0,-0.006,0.684,8,
600,0,33.32,86.52,-2.739,1.0,0.0,-0.0,0.113,1,31.4
600,1,107.55,28.51,-2.758,0.0,0.0,1.0,0.839,8,55.5
600,2,33.48,39.42,0.869,0.0,0.0,-1.0,0.0,0,
600,3,108.62,54.97,-0.553,1.0,0.0,-0.006,0.0,1,
601,0,33.24,86.44,-2.741,1.0,0.0,-0.01,0.113,8,31.3
601,1,107.55,28.51,-2.715,0.0,0.0,1.0,0.0,8,55.5
601,2,33.48,39.42,0.839,0.0,0.0,-1.0,0.0,0,
601,3,108.62,54.97,-0.553,1.0,0.0,-0.004,0.0,1,
602,0,33.16,86.37,-2.743,1.0,0.0,-0.018,0.113,1,31.3
602,1,107.55,28.51,-2.654,0.0,0.0,1.0,0.0,8,55.5
602,2,33.48,39.42,0.792,0.0,0.0,-1.0,0.0,0,
602,3,108.62,54.97,-0.554,1.0,0.0,-0.003,0.0,1,
603,0,33.07,86.29,-2.747,1.0,0.0,-0.024,0.114,1,31.2
603,1,107.55,28.51,-2.576,0.0,0.0,1.0,0.0,8,55.5
603,2,33.48,39.42,0.727,0.0,0.0,-1.0,0.0,0,
603,3,108.62,54.97,-0.554,1.0,0.0,-0.003,0.0,8,
604,0,32.99,86.21,-2.751,1.0,0.0,-0.028,0.114,1,31.1
604,1,107.55,28.51,-2.48,0.0,0.0,1.0,0.0,8,55.5
604,2,33.48,39.42,0.644,0.0,0.0,-1.0,0.0,0,
604,3,108.63,54.97,-0.555,1.0,0.0,-0.002,0.0,1,
605,0,32.9,86.14,-2.756,1.0,0.0,-0.032,0.114,8,31.1
605,1,107.55,28.51,-2.367,0.0,0.0,1.0,0.0,8,55.5
605,2,33.48,39.42,0.545,0.0,0.0,-1.0,0.0,0,
605,3,108.63,54.97,-0.555,1.0,0.0,-0.002,0.0,1,
606,0,32.81,86.07,-2.762,1.0,0.0,-0.035,0.114,1,31.0
606,1,107.55,28.51,-2.237,0.0,0.0,1.0,0.0,8,55.5
606,2,33.48,39.42,0.427,0.0,0.0,-1.0,0.0,0,
606,3,108.63,54.97,-0.555,1.0,0.0,-0.001,0.0,1,
607,0,32.73,85.99,-2.768,1.0,0.0,-0.037,0.114,8,31.0
607,1,107.55,28.51,-2.089,0.0,0.0,1.0,0.0,8,55.5
607,2,33.48,39.42,0.292,0.0,0.0,-1.0,0.0,0,
607,3,108.63,54.97,-0.555,1.0,0.0,-0.001,0.0,1,
608,0,32.64,85.92,-2.774,1.0,0.0,-0.039,0.114,1,30.9
608,1,107.55,28.51,-1.931,0.0,0.0,1.0,0.0,8,55.5
608,2,33.48,39.42,0.14,0.0,0.0,-1.0,0.0,0,
608,3,108.63,54.97,-0.555,1.0,0.0,-0.001,0.0,8,
609,0,32.55,85.85,-2.78,1.0,0.0,-0.04,0.114,8,30.8
609,1,107.55,28.51,-1.774,0.0,0.0,1.0,0.0,8,55.5
609,2,33.48,39.42,-0.017,0.0,0.0,-1.0,0.0,0,
609,3,108.63,54.97,-0.555,1.0,0.0,-0.001,0.0,1,
610,0,32.46,85.78,-2.787,1.0,0.0,-0.041,0.115,8,30.8
610,1,107.55,28.51,-1.617,0.0,0.0,1.0,0.0,8,55.5
610,2,33.48,39.42,-0.174,0.0,0.0,-1.0,0.0,0,
610,3,108.63,54.97,-0.555,1.0,0.0,-0.001,0.0,8,
611,0,32.37,85.71,-2.793,1.0,0.0,-0.042,0.115,8,30.7
611,1,107.55,28.51,-1.46,0.0,0.0,1.0,0.0,8,55.5
611,2,33.48,39.42,-0.331,0.0,0.0,-1.0,0.0,0,
611,3,108.63,54.97,-0.556,1.0,0.0,-0.0,0.0,1,
612,0,32.28,85.64,-2.8,1.0,0.0,-0.043,0.115,8,30.6
612,1,107.55,28.51,-1.303,0.0,0.0,1.0,0.0,8,55.5
612,2,33.48,39.42,-0.488,0.0,0.0,-1.0,0.0,0,
612,3,108.63,54.97,-0.556,1.0,0.0,-0.0,0.0,1,
613,0,32.18,85.57,-2.807,1.0,0.0,-0.043,0.115,1,30.6
613,1,107.55,28.51,-1.146,0.0,0.0,1.0,0.0,8,55.5
613,2,33.48,39.42,-0.645,0.0,0.0,-1.0,0.0,0,
613,3,108.63,54.97,-0.556,1.0,0.0,-0.0,0.0,1,
614,0,32.09,85.5,-2.814,1.0,0.0,-0.044,0.115,1,30.5
614,1,107.59,28.4,-0.989,0.088,0.0,1.0,0.12,0,55.6
614,2,33.53,39.38,-0.802,0.044,0.0,-1.0,0.065,0,
614,3,108.63,54.97,-0.556,1.0,0.0,-0.0,0.0,1,
615,0,32.0,85.43,-2.821,1.0,0.0,-0.044,0.115,1,30.5
615,1,107.73,28.2,-0.832,0.237,0.0,1.0,0.24,0,55.7
615,2,33.66,39.25,-0.959,0.196,0.0,-1.0,0.185,0,
615,3,108.63,54.97,-0.556,1.0,0.0,-0.0,0.0,8,
616,0,31.9,85.37,-2.828,1.0,0.0,-0.045,0.115,1,30.4
616,1,107.97,27.93,-0.675,0.374,0.0,1.0,0.36,0,55.7
616,2,33.83,39.0,-1.116,0.337,0.0,-1.0,0.305,0,
616,3,108.63,54.97,-0.556,1.0,0.0,-0.0,0.0,1,
617,0,31.81,85.3,-2.835,1.0,0.0,-0.045,0.115,1,30.3
617,1,108.34,27.63,-0.518,0.498,0.0,1.0,0.48,0,55.7
617,2,34.02,38.62,-1.274,0.466,0.0,-1.0,0.425,0,
617,3,108.63,54.97,-0.556,1.0,0.0,-0.0,0.0,8,
618,0,31.71,85.24,-2.842,1.0,0.0,-0.045,0.115,8,30.3
618,1,108.87,27.34,-0.361,0.61,0.0,1.0,0.6,0,55.7
618,2,34.18,38.1,-1.431,0.581,0.0,-1.0,0.545,0,
618,3,108.63,54.97,-0.556,1.0,0.0,-0.0,0.0,8,
619,0,31.62,85.17,-2.849,1.0,0.0,-0.045,0.115,8,30.2
619,1,109.54,27.08,-0.204,0.708,0.0,1.0,0.72,0,55.5
619,2,34.27,37.44,-1.588,0.683,0.0,-1.0,0.665,0,
619,3,108.63,54.97,-0.556,1.0,0.0,-0.0,0.0,1,
620,0,31.52,85.11,-2.856,0.999,0.0,-0.045,0.115,8,30.1
620,1,110.36,26.91,-0.057,0.793,0.0,0.935,0.84,0,55.1
620,2,34.26,36.65,-1.743,0.77,0.0,-0.988,0.785,0,
620,3,108.63,54.97,-0.556,1.0,0.0,-0.0,0.0,1,
621,0,31.42,85.05,-2.863,0.999,0.0,-0.045,0.115,1,30.0
621,1,111.32,26.86,0.073,0.86,0.0,0.765,0.96,0,54.6
621,2,34.1,35.76,-1.881,0.843,0.0,-0.811,0.905,0,
621,3,108.63,54.97,-0.556,1.0,0.0,-0.0,0.0,1,
622,0,31.33,84.99,-2.87,0.999,0.0,-0.046,0.115,1,30.0
622,1,112.4,26.94,0.185,0.908,0.0,0.619,1.08,0,54.0
622,2,33.79,34.79,-2.001,0.895,0.0,-0.659,1.025,0,
622,3,108.63,54.97,-0.556,1.0,0.0,-0.0,0.0,8,
623,0,31.23,84.93,-2.877,0.999,0.0,-0.046,0.116,8,29.9
623,1,113.58,27.16,0.279,0.94,0.0,0.498,1.2,0,53.1
623,2,33.31,33.74,-2.103,0.931,0.0,-0.533,1.145,0,
623,3,108.63,54.97,-0.556,1.0,0.0,-0.0,0.0,1,
624,0,31.13,84.87,-2.885,0.999,0.0,-0.046,0.116,8,29.8
624,1,114.85,27.52,0.356,0.961,0.0,0.401,1.32,0,52.2
624,2,32.67,32.65,-2.189,0.959,0.0,-0.41,1.265,0,
624,3,108.63,54.97,-0.556,1.0,0.0,-0.0,0.0,8,
625,0,31.03,84.81,-2.892,0.999,0.0,-0.046,0.116,1,29.8
625,1,116.2,28.02,0.415,0.973,0.0,0.33,1.44,0,51.0
625,2,31.87,31.53,-2.256,0.983,0.0,-0.261,1.385,0,
625,3,108.63,54.97,-0.556,1.0,0.0,-0.0,0.0,1,
626,0,30.93,84.75,-2.899,0.999,0.0,-0.046,0.116,1,29.7
626,1,117.54,28.61,0.46,0.98,0.0,0.287,1.47,0,49.8
626,2,30.92,30.37,-2.306,0.997,0.0,-0.12,1.495,0,
626,3,108.63,54.97,-0.556,1.0,0.0,-0.0,0.0,8,
627,0,30.83,84.7,-2.906,0.999,0.0,-0.046,0.116,8,29.6
627,1,118.86,29.27,0.502,0.983,0.0,0.267,1.474,0,48.6
627,2,30.03,29.38,-2.374,0.35,0.0,-1.0,1.335,0,
627,3,108.63,54.97,-0.538,0.0,0.0,1.0,0.0,8,
628,0,30.72,84.64,-2.913,0.999,0.0,-0.046,0.116,1,29.5
628,1,120.15,29.98,0.542,0.984,0.0,0.256,1.476,0,47.4
628,2,29.18,28.56,-2.459,0.323,0.0,-1.0,1.175,0,
628,3,108.63,54.97,-0.503,0.0,0.0,1.0,0.0,8,
629,0,30.62,84.58,-2.921,0.999,0.0,-0.046,0.116,1,29.5
629,1,121.42,30.74,0.582,0.985,0.0,0.252,1.477,0,46.1
629,2,28.39,27.92,-2.562,0.327,0.0,-1.0,1.015,0,
629,3,108.63,54.97,-0.451,0.0,0.0,1.0,0.0,8,
630,0,30.52,84.53,-2.928,0.999,0.0,-0.046,0.116,1,29.4
630,1,122.65,31.55,0.622,0.984,0.0,0.252,1.477,0,44.9
630,2,27.68,27.45,-2.682,0.361,0.0,-1.0,0.855,0,
630,3,108.63,54.97,-0.381,0.0,0.0,1.0,0.0,8,
631,0,30.42,84.48,-2.935,0.999,0.0,-0.046,0.116,1,29.3
631,1,123.85,32.41,0.662,0.984,0.0,0.257,1.476,0,43.6
631,2,27.06,27.15,-2.82,0.422,0.0,-1.0,0.695,0,
631,3,108.63,54.97,-0.293,0.0,0.0,1.0,0.0,8,
632,0,30.31,84.43,-2.942,0.999,0.0,-0.046,0.116,1,29.2
632,1,125.02,33.32,0.704,0.983,0.0,0.265,1.474,0,42.3
632,2,26.33,26.91,-2.975,0.508,0.0,-1.0,0.762,0,
632,3,108.63,54.97,-0.188,0.0,0.0,1.0,0.0,8,
633,0,30.21,84.37,-2.95,0.999,0.0,-0.046,0.116,8,29.2
633,1,126.14,34.27,0.747,0.982,0.0,0.274,1.473,0,41.0
633,2,25.47,26.76,-3.132,0.608,0.0,-1.0,0.882,0,
633,3,108.63,54.97,-0.066,0.0,0.0,1.0,0.0,8,
634,0,30.1,84.32,-2.957,0.999,0.0,-0.046,0.116,8,29.1
634,1,127.22,35.27,0.791,0.98,0.0,0.284,1.471,0,39.6
634,2,24.46,26.75,2.994,0.709,0.0,-1.0,1.002,0,
634,3,108.63,54.97,0.074,0.0,0.0,1.0,0.0,8,
635,0,30.0,84.27,-2.964,0.999,0.0,-0.046,0.116,8,29.0
635,1,128.25,36.32,0.837,0.979,0.0,0.292,1.469,0,38.3
635,2,23.35,26.92,2.848,0.797,0.0,-0.927,1.122,0,
635,3,108.63,54.97,0.231,0.0,0.0,1.0,0.0,8,
636,0,29.89,84.23,-2.971,0.999,0.0,-0.046,0.116,1,28.9
636,1,129.23,37.4,0.884,0.978,0.0,0.3,1.467,0,36.9
636,2,22.17,27.27,2.72,0.865,0.0,-0.752,1.242,0,
636,3,108.63,54.97,0.388,0.0,0.0,1.0,0.0,8,
637,0,29.79,84.18,-2.978,0.999,0.0,-0.046,0.116,1,28.9
637,1,130.16,38.54,0.932,0.977,0.0,0.304,1.466,0,35.5
637,2,20.92,27.83,2.61,0.913,0.0,-0.6,1.362,0,
637,3,108.63,54.97,0.545,0.0,0.0,1.0,0.0,8,
638,0,29.68,84.13,-2.986,0.999,0.0,-0.046,0.117,8,28.8
638,1,131.04,39.72,0.98,0.977,0.0,0.306,1.466,0,34.1
638,2,19.7,28.55,2.517,0.946,0.0,-0.472,1.419,0,
638,3,108.63,54.97,0.703,0.0,0.0,1.0,0.0,8,
639,0,29.57,84.09,-2.993,0.999,0.0,-0.046,0.117,8,28.7
639,1,131.85,40.93,1.028,0.978,0.0,0.303,1.466,0,32.7
639,2,18.52,29.4,2.441,0.968,0.0,-0.364,1.452,0,
639,3,108.63,54.97,0.86,0.0,0.0,1.0,0.0,8,
640,0,29.46,84.04,-3.0,0.999,0.0,-0.046,0.117,8,28.6
640,1,132.53,42.05,1.093,0.0,0.0,1.0,1.306,0,19.6
640,2,17.54,30.23,2.348,0.374,0.0,-1.0,1.292,0,
640,3,108.63,54.97,1.017,0.0,0.0,1.0,0.0,8,
641,0,29.36,84.0,-3.007,0.999,0.0,-0.046,0.117,1,28.5
641,1,133.06,43.07,1.175,0.0,0.0,1.0,1.146,0,14.8
641,2,16.74,31.04,2.238,0.403,0.0,-1.0,1.132,0,
641,3,108.63,54.97,1.174,0.0,0.0,1.0,0.0,8,
642,0,29.25,83.96,-3.015,0.999,0.0,-0.046,0.117,8,28.4
642,1,133.44,43.98,1.276,0.0,0.0,1.0,0.986,0,20.6
642,2,16.14,31.8,2.11,0.454,0.0,-1.0,0.972,0,
642,3,108.63,54.97,1.331,0.0,0.0,1.0,0.0,8,
643,0,29.14,83.92,-3.022,0.999,0.0,-0.046,0.117,8,28.4
643,1,133.68,44.77,1.393,0.0,0.0,1.0,0.826,0,21.0
643,2,15.72,32.5,1.964,0.525,0.0,-1.0,0.812,0,
643,3,108.63,54.97,1.488,0.0,0.0,1.0,0.0,8,
644,0,29.03,83.87,-3.029,0.999,0.0,-0.046,0.117,8,28.3
644,1,133.79,45.43,1.528,0.067,0.0,1.0,0.666,0,14.8
644,2,15.37,33.35,1.807,0.613,0.0,-1.0,0.92,0,
644,3,108.63,54.97,1.645,0.0,0.0,1.0,0.0,8,
645,0,28.92,83.84,-3.036,0.999,0.0,-0.046,0.117,8,28.2
645,1,133.82,45.93,1.681,0.0,0.0,1.0,0.506,0,21.3
645,2,15.13,34.36,1.65,0.701,0.0,-1.0,1.04,0,
645,3,108.63,54.97,1.802,0.0,0.0,1.0,0.0,8,
646,0,28.81,83.8,-3.044,0.999,0.0,-0.046,0.117,8,28.1
646,1,133.78,46.28,1.838,0.0,0.0,1.0,0.346,0,21.3
646,2,15.04,35.52,1.497,0.777,0.0,-0.973,1.16,0,
646,3,108.61,55.05,1.959,0.053,0.0,1.0,0.08,0,
647,0,28.7,83.76,-3.051,0.999,0.0,-0.046,0.117,1,28.0
647,1,133.73,46.46,1.995,0.066,0.0,1.0,0.186,0,21.3
647,2,15.13,36.77,1.362,0.84,0.0,-0.819,1.26,0,
647,3,108.53,55.24,2.116,0.207,0.0,1.0,0.2,0,
648,0,28.59,83.72,-3.058,0.999,0.0,-0.046,0.117,1,27.9
648,1,133.6,46.73,2.152,0.213,0.0,1.0,0.306,0,21.2
648,2,15.41,38.07,1.244,0.885,0.0,-0.691,1.328,0,
648,3,108.37,55.51,2.273,0.352,0.0,1.0,0.32,0,
649,0,28.47,83.69,-3.065,0.999,0.0,-0.046,0.117,1,27.9
649,1,133.37,47.09,2.309,0.35,0.0,1.0,0.426,0,21.1
649,2,15.85,39.37,1.144,0.917,0.0,-0.586,1.376,0,
649,3,108.08,55.84,2.43,0.487,0.0,1.0,0.44,0,
650,0,28.36,83.65,-3.072,0.999,0.0,-0.046,0.117,8,27.8
650,1,133.0,47.5,2.466,0.475,0.0,1.0,0.546,0,20.9
650,2,15.59,39.88,1.061,0.938,0.0,-0.504,0.564,1,
650,3,107.66,56.21,2.587,0.61,0.0,1.0,0.56,0,
651,0,28.25,83.62,-3.08,0.999,0.0,-0.046,0.117,1,27.7
651,1,132.48,47.91,2.623,0.589,0.0,1.0,0.666,0,20.5
651,2,15.57,39.91,0.991,0.951,0.0,-0.447,0.037,1,
651,3,107.08,56.57,2.745,0.718,0.0,1.0,0.68,0,
652,0,28.14,83.59,-3.087,0.999,0.0,-0.046,0.117,1,27.6
652,1,131.8,48.3,2.78,0.689,0.0,1.0,0.786,0,19.9
652,2,15.55,39.93,0.936,0.97,0.0,-0.351,0.029,1,
652,3,106.34,56.88,2.885,0.81,0.0,0.895,0.8,0,
653,0,28.02,83.56,-3.094,0.999,0.0,-0.046,0.117,8,27.5
653,1,131.74,48.64,2.934,0.776,0.0,0.975,0.341,1,20.0
653,2,15.53,39.94,0.892,0.981,0.0,-0.276,0.023,2,
653,3,105.45,57.11,3.008,0.878,0.0,0.713,0.92,0,
654,0,27.91,83.53,-3.101,0.999,0.0,-0.046,0.117,1,27.4
654,1,131.74,48.67,3.069,0.855,0.0,0.78,0.027,1,20.0
654,2,15.52,39.96,0.858,0.989,0.0,-0.217,0.018,1,
654,3,104.42,57.25,3.114,0.925,0.0,0.555,1.04,0,
655,0,27.8,83.5,-3.108,0.999,0.0,-0.045,0.117,1,27.3
655,1,131.74,48.68,-3.096,0.916,0.0,0.588,0.012,8,20.0
655,2,15.51,39.97,0.831,0.993,0.0,-0.17,0.014,1,
655,3,103.26,57.28,-3.081,0.957,0.0,0.421,1.16,0,
656,0,27.68,83.47,-3.115,0.999,0.0,-0.045,0.118,8,27.2
656,1,131.74,48.67,-2.995,0.957,0.0,0.42,0.003,8,20.0
656,2,15.5,39.98,0.81,0.996,0.0,-0.134,0.011,1,
656,3,101.99,57.2,-3.011,0.977,0.0,0.31,1.28,0,
657,0,27.57,83.44,-3.122,0.999,0.0,-0.045,0.118,8,27.2
657,1,131.74,48.66,-2.912,0.981,0.0,0.276,0.015,1,20.0
657,2,15.49,39.98,0.794,0.997,0.0,-0.105,0.009,1,
657,3,100.6,57.02,-2.958,0.988,0.0,0.222,1.4,0,
658,0,27.45,83.42,-3.13,0.999,0.0,-0.045,0.118,8,27.1
658,1,131.74,48.63,-2.847,0.994,0.0,0.157,0.025,1,20.0
658,2,15.49,39.99,0.781,0.998,0.0,-0.082,0.007,1,
658,3,99.13,56.75,-2.922,0.994,0.0,0.157,1.491,0,
659,0,27.34,83.39,-3.137,1.0,0.0,-0.045,0.118,1,27.0
659,1,131.74,48.6,-2.799,0.999,0.0,0.061,0.033,1,20.0
659,2,15.49,39.99,0.771,0.999,0.0,-0.065,0.005,1,
659,3,97.67,56.42,-2.904,0.997,0.0,0.114,1.495,0,
660,0,27.22,83.37,3.14,1.0,0.0,-0.045,0.118,1,26.9
660,1,131.74,48.56,-2.768,1.0,0.0,-0.01,0.039,1,20.0
660,2,15.48,40.0,0.763,0.999,0.0,-0.051,0.004,2,
660,3,96.22,56.07,-2.889,0.998,0.0,0.095,1.497,0,
661,0,27.11,83.35,3.132,1.0,0.0,-0.045,0.118,8,26.8
661,1,131.74,48.52,-2.755,0.999,0.0,-0.056,0.043,1,20.0
661,2,15.48,40.0,0.757,1.0,0.0,-0.04,0.003,2,
661,3,94.77,55.7,-2.877,0.998,0.0,0.079,1.498,0,
662,0,26.99,83.32,3.125,1.0,0.0,-0.045,0.118,1,26.7
662,1,131.74,48.48,-2.759,0.999,0.0,-0.078,0.044,1,19.9
662,2,15.48,40.0,0.752,1.0,0.0,-0.031,0.003,1,
662,3,93.32,55.3,-2.867,0.999,0.0,0.066,1.498,0,
663,0,26.87,83.3,3.118,1.0,0.0,-0.045,0.118,1,26.6
663,1,131.74,48.43,-2.771,0.999,0.0,-0.074,0.044,8,19.9
663,2,15.48,40.0,0.748,1.0,0.0,-0.025,0.002,1,
663,3,91.88,54.9,-2.858,0.999,0.0,0.056,1.499,0,
664,0,26.76,83.28,3.111,1.0,0.0,-0.045,0.118,1,26.5
664,1,131.74,48.39,-2.78,0.999,0.0,-0.061,0.043,8,19.9
664,2,15.48,40.0,0.745,1.0,0.0,-0.019,0.002,8,
664,3,90.44,54.48,-2.85,0.999,0.0,0.047,1.499,0,
665,0,26.64,83.27,3.104,1.0,0.0,-0.044,0.118,1,26.4
665,1,131.74,48.35,-2.788,0.999,0.0,-0.05,0.043,8,19.9
665,2,15.48,40.0,0.742,1.0,0.0,-0.015,0.001,1,
665,3,89.0,54.05,-2.844,1.0,0.0,0.04,1.499,0,
666,0,26.52,83.25,3.098,1.0,0.0,-0.044,0.118,8,26.3
666,1,131.74,48.3,-2.795,1.0,0.0,-0.042,0.042,8,19.9
666,2,15.48,40.0,0.741,1.0,0.0,-0.012,0.001,8,
666,3,87.57,53.61,-2.839,1.0,0.0,0.035,1.5,0,
667,0,26.41,83.23,3.091,1.0,0.0,-0.044,0.118,8,26.2
667,1,131.74,48.26,-2.8,1.0,0.0,-0.035,0.042,1,19.9
667,2,15.47,40.01,0.739,1.0,0.0,-0.009,0.001,2,
667,3,86.14,53.16,-2.834,1.0,0.0,0.03,1.5,0,
668,0,26.29,83.22,3.084,1.0,0.0,-0.044,0.118,1,26.1
668,1,131.74,48.22,-2.805,1.0,0.0,-0.03,0.042,8,19.9
668,2,15.47,40.01,0.738,1.0,0.0,-0.007,0.001,1,
668,3,84.71,52.71,-2.83,1.0,0.0,0.026,1.5,0,
669,0,26.17,83.2,3.077,1.0,0.0,-0.044,0.118,1,26.0
669,1,131.74,48.18,-2.809,1.0,0.0,-0.026,0.041,1,19.8
669,2,15.47,40.01,0.737,1.0,0.0,-0.006,0.0,1,
669,3,83.28,52.25,-2.826,1.0,0.0,0.023,1.5,0,
670,0,26.06,83.19,3.07,1.0,0.0,-0.044,0.118,1,25.9
670,1,131.74,48.14,-2.813,1.0,0.0,-0.023,0.041,8,19.8
670,2,15.47,40.01,0.736,1.0,0.0,-0.005,0.0,1,
670,3,81.86,51.78,-2.823,1.0,0.0,0.021,1.5,0,
671,0,25.94,83.18,3.063,1.0,0.0,-0.044,0.118,1,25.8
671,1,131.74,48.1,-2.816,1.0,0.0,-0.021,0.041,1,19.8
671,2,15.47,40.01,0.736,1.0,0.0,-0.004,0.0,2,
671,3,80.43,51.31,-2.82,1.0,0.0,0.019,1.5,0,
672,0,25.82,83.17,3.056,1.0,0.0,-0.043,0.118,1,25.7
672,1,131.74,48.06,-2.819,1.0,0.0,-0.019,0.041,8,19.8
672,2,15.47,40.01,0.735,1.0,0.0,-0.003,0.0,8,
672,3,79.16,50.89,-2.834,0.0,0.0,-1.0,1.34,0,
673,0,25.7,83.16,3.049,1.0,0.0,-0.043,0.118,1,25.6
673,1,131.74,48.01,-2.822,1.0,0.0,-0.017,0.041,8,19.8
673,2,15.47,40.01,0.735,1.0,0.0,-0.002,0.0,1,
673,3,78.04,50.53,-2.866,0.0,0.0,-1.0,1.18,0,
674,0,25.58,83.15,3.043,1.0,0.0,-0.043,0.118,8,25.5
674,1,131.74,47.97,-2.824,1.0,0.0,-0.016,0.041,8,19.8
674,2,15.47,40.01,0.735,1.0,0.0,-0.002,0.0,2,
674,3,77.05,50.25,-2.916,0.0,0.0,-1.0,1.02,0,
675,0,25.47,83.14,3.036,1.0,0.0,-0.043,0.119,8,25.4
675,1,131.74,47.93,-2.827,1.0,0.0,-0.016,0.041,1,19.8
675,2,15.47,40.01,0.735,1.0,0.0,-0.001,0.0,1,
675,3,76.22,50.06,-2.983,0.0,0.0,-1.0,0.86,0,
676,0,25.35,83.14,3.029,1.0,0.0,-0.043,0.119,8,25.3
676,1,131.73,47.89,-2.829,1.0,0.0,-0.015,0.042,1,19.7
676,2,15.47,40.01,0.734,1.0,0.0,-0.001,0.0,2,
676,3,75.53,49.95,-3.067,0.0,0.0,-1.0,0.7,0,
677,0,25.23,83.13,3.023,1.0,0.0,-0.042,0.119,1,25.2
677,1,131.73,47.85,-2.831,1.0,0.0,-0.014,0.042,8,19.7
677,2,15.47,40.01,0.734,1.0,0.0,-0.001,0.0,1,
677,3,74.99,49.91,3.114,0.0,0.0,-1.0,0.54,0,
678,0,25.11,83.13,3.016,1.0,0.0,-0.042,0.119,1,25.1
678,1,131.73,47.81,-2.834,1.0,0.0,-0.014,0.042,8,19.7
678,2,15.47,40.01,0.734,1.0,0.0,-0.001,0.0,8,
678,3,74.61,49.92,2.995,0.0,0.0,-1.0,0.38,0,
679,0,24.99,83.12,3.009,1.0,0.0,-0.042,0.119,1,25.0
679,1,131.73,47.76,-2.836,1.0,0.0,-0.014,0.042,8,19.7
679,2,15.47,40.01,0.734,1.0,0.0,-0.001,0.0,3,
679,3,74.39,49.95,2.858,0.0,0.0,-1.0,0.22,0,
680,0,24.87,83.12,3.003,1.0,0.0,-0.042,0.119,8,24.9
680,1,131.73,47.72,-2.838,1.0,0.0,-0.013,0.042,8,19.7
680,2,15.47,40.01,0.751,0.379,0.0,1.0,0.0,3,
680,3,74.06,50.05,2.703,0.382,0.0,-1.0,0.34,0,
681,0,24.75,83.12,2.996,1.0,0.0,-0.042,0.119,8,24.8
681,1,131.72,47.68,-2.84,1.0,0.0,-0.013,0.042,8,19.7
681,2,15.47,40.01,0.786,0.395,0.0,1.0,0.002,1,
681,3,73.65,50.24,2.546,0.507,0.0,-1.0,0.46,0,
682,0,24.63,83.12,2.99,1.0,0.0,-0.041,0.119,8,24.7
682,1,131.72,47.64,-2.842,1.0,0.0,-0.013,0.042,1,19.7
682,2,15.47,40.01,0.839,0.427,0.0,1.0,0.006,2,
682,3,73.17,50.57,2.389,0.622,0.0,-1.0,0.58,0,
683,0,24.52,83.12,2.983,1.0,0.0,-0.041,0.119,1,24.6
683,1,131.72,47.6,-2.844,1.0,0.0,-0.013,0.043,1,19.6
683,2,15.46,40.02,0.909,0.474,0.0,1.0,0.013,1,
683,3,72.66,51.04,2.232,0.722,0.0,-1.0,0.7,0,
684,0,24.4,83.13,2.977,1.0,0.0,-0.041,0.119,1,24.5
684,1,131.72,47.55,-2.846,1.0,0.0,-0.013,0.043,1,19.6
684,2,15.44,40.04,0.996,0.535,0.0,1.0,0.021,1,
684,3,72.15,51.69,2.091,0.808,0.0,-0.9,0.82,0,
685,0,24.28,83.13,2.971,1.0,0.0,-0.041,0.119,2,24.4
685,1,131.71,47.51,-2.848,1.0,0.0,-0.013,0.043,8,19.6
685,2,15.42,40.06,1.101,0.607,0.0,1.0,0.032,1,
685,3,71.69,52.51,1.967,0.872,0.0,-0.732,0.94,0,
686,0,24.16,83.14,2.964,1.0,0.0,-0.04,0.119,1,24.3
686,1,131.71,47.47,-2.85,1.0,0.0,-0.013,0.043,1,19.6
686,2,15.39,40.1,1.223,0.689,0.0,1.0,0.044,2,
686,3,71.28,53.48,1.86,0.916,0.0,-0.589,1.06,0,
687,0,24.04,83.14,2.958,1.0,0.0,-0.04,0.119,1,24.2
687,1,131.71,47.42,-2.852,1.0,0.0,-0.013,0.043,8,19.6
687,2,15.36,40.14,1.363,0.773,0.0,0.981,0.058,3,
687,3,70.94,54.62,1.772,0.946,0.0,-0.47,1.18,0,
688,0,23.92,83.15,2.952,1.0,0.0,-0.04,0.119,8,24.1
688,1,131.7,47.38,-2.854,1.0,0.0,-0.013,0.043,8,19.6
688,2,15.31,40.19,1.486,0.856,0.0,0.776,0.073,1,
688,3,70.68,55.89,1.7,0.966,0.0,-0.374,1.3,0,
689,0,23.8,83.16,2.946,1.0,0.0,-0.039,0.119,1,24.0
689,1,131.7,47.34,-2.857,1.0,0.0,-0.013,0.043,1,19.6
689,2,15.25,40.26,1.591,0.914,0.0,0.596,0.084,1,
689,3,70.5,57.3,1.646,0.978,0.0,-0.302,1.42,0,
690,0,23.68,83.17,2.94,1.0,0.0,-0.039,0.119,8,23.9
690,1,131.7,47.29,-2.859,1.0,0.0,-0.013,0.044,8,19.5
690,2,15.19,40.33,1.678,0.953,0.0,0.44,0.093,1,
690,3,70.4,58.55,1.61,0.0,0.0,1.0,1.26,0,
691,0,23.56,83.18,2.933,1.0,0.0,-0.039,0.119,1,23.8
691,1,131.69,47.25,-2.861,1.0,0.0,-0.013,0.044,1,19.5
691,2,15.13,40.41,1.748,0.977,0.0,0.308,0.1,1,
691,3,70.35,59.61,1.591,0.0,0.0,1.0,1.057,1,
692,0,23.45,83.19,2.927,1.0,0.0,-0.038,0.119,1,23.7
692,1,131.69,47.21,-2.863,1.0,0.0,-0.013,0.044,1,19.5
692,2,15.06,40.49,1.8,0.99,0.0,0.2,0.105,3,
692,3,70.35,59.61,1.59,0.0,0.0,1.0,0.0,0,
693,0,23.33,83.2,2.921,1.0,0.0,-0.038,0.119,8,23.6
693,1,131.68,47.16,-2.865,1.0,0.0,-0.013,0.044,8,19.5
693,2,14.99,40.57,1.835,0.997,0.0,0.117,0.108,1,
693,3,70.35,59.61,1.606,0.0,0.0,1.0,0.0,0,
694,0,23.21,83.22,2.915,1.0,0.0,-0.038,0.119,1,23.5
694,1,131.68,47.12,-2.867,1.0,0.0,-0.013,0.044,1,19.5
694,2,14.92,40.66,1.853,0.999,0.0,0.059,0.11,2,
694,3,70.35,59.61,1.64,0.0,0.0,1.0,0.0,0,
695,0,23.09,83.23,2.91,1.0,0.0,-0.037,0.119,8,23.3
695,1,131.68,47.07,-2.869,1.0,0.0,-0.013,0.044,1,19.5
695,2,14.86,40.75,1.857,1.0,0.0,0.025,0.112,3,
695,3,70.35,59.61,1.691,0.0,0.0,1.0,0.0,0,
696,0,22.97,83.25,2.904,1.0,0.0,-0.037,0.12,1,23.2
696,1,131.67,47.03,-2.871,1.0,0.0,-0.013,0.045,8,19.4
696,2,14.79,40.83,1.858,1.0,0.0,0.011,0.112,1,
696,3,70.35,59.61,1.759,0.0,0.0,1.0,0.0,0,
697,0,22.85,83.27,2.898,1.0,0.0,-0.037,0.12,1,23.1
697,1,131.67,46.99,-2.873,1.0,0.0,-0.013,0.045,1,19.4
697,2,14.72,40.93,1.858,1.0,0.0,-0.0,0.113,1,
697,3,70.35,59.61,1.845,0.0,0.0,1.0,0.0,0,
698,0,22.73,83.29,2.892,1.0,0.0,-0.036,0.12,8,23.0
698,1,131.66,46.94,-2.875,1.0,0.0,-0.013,0.045,8,19.4
698,2,14.65,41.02,1.857,1.0,0.0,-0.009,0.113,1,
698,3,70.35,59.61,1.949,0.0,0.0,1.0,0.0,0,
699,0,22.62,83.31,2.887,1.0,0.0,-0.036,0.12,8,22.9
699,1,131.66,46.9,-2.877,1.0,0.0,-0.014,0.045,1,19.4
699,2,14.59,41.11,1.854,1.0,0.0,-0.016,0.113,1,
699,3,70.35,59.61,2.07,0.0,0.0,1.0,0.0,0,
700,0,22.5,83.33,2.881,1.0,0.0,-0.036,0.12,1,22.8
700,1,131.65,46.85,-2.88,1.0,0.0,-0.014,0.045,1,19.4
700,2,14.52,41.2,1.851,1.0,0.0,-0.021,0.114,1,
700,3,70.35,59.61,2.209,0.0,0.0,1.0,0.0,0,
701,0,22.38,83.35,2.875,1.0,0.0,-0.035,0.12,8,22.7
701,1,131.64,46.81,-2.882,1.0,0.0,-0.014,0.045,1,19.4
701,2,14.46,41.29,1.847,1.0,0.0,-0.026,0.114,2,
701,3,70.35,59.61,2.365,0.0,0.0,1.0,0.0,0,
702,0,22.26,83.37,2.87,1.0,0.0,-0.035,0.12,8,22.6
702,1,131.64,46.76,-2.884,1.0,0.0,-0.014,0.046,1,19.3
702,2,14.39,41.39,1.842,1.0,0.0,-0.029,0.114,1,
702,3,70.35,59.61,2.522,0.0,0.0,1.0,0.0,0,
703,0,22.15,83.4,2.865,1.0,0.0,-0.034,0.12,1,22.5
703,1,131.63,46.72,-2.886,1.0,0.0,-0.014,0.046,8,19.3
703,2,14.33,41.48,1.838,1.0,0.0,-0.032,0.114,1,
703,3,70.35,59.61,2.679,0.0,0.0,1.0,0.0,0,
704,0,22.03,83.42,2.859,1.0,0.0,-0.034,0.12,1,22.4
704,1,131.63,46.67,-2.888,1.0,0.0,-0.014,0.046,1,19.3
704,2,14.27,41.58,1.832,1.0,0.0,-0.034,0.114,1,
704,3,70.24,59.62,2.836,0.1,0.0,1.0,0.114,2,
705,0,21.91,83.45,2.854,1.0,0.0,-0.034,0.12,8,22.2
705,1,131.62,46.62,-2.89,1.0,0.0,-0.014,0.046,8,19.3
705,2,14.2,41.68,1.827,1.0,0.0,-0.035,0.114,1,
705,3,70.12,59.64,2.993,0.252,0.0,1.0,0.119,1,
706,0,21.8,83.48,2.849,1.0,0.0,-0.033,0.12,1,22.1
706,1,131.61,46.58,-2.893,1.0,0.0,-0.014,0.046,8,19.3
706,2,14.14,41.77,1.821,1.0,0.0,-0.036,0.115,1,
706,3,70.0,59.66,-3.133,0.398,0.0,1.0,0.12,0,
707,0,21.68,83.51,2.844,1.0,0.0,-0.033,0.12,1,22.0
707,1,131.61,46.53,-2.895,1.0,0.0,-0.014,0.046,1,19.3
707,2,14.08,41.87,1.815,1.0,0.0,-0.038,0.115,2,
707,3,69.76,59.66,-2.976,0.534,0.0,1.0,0.24,0,
708,0,21.56,83.54,2.839,1.0,0.0,-0.032,0.12,1,21.9
708,1,131.6,46.49,-2.897,1.0,0.0,-0.014,0.047,1,19.2
708,2,14.02,41.97,1.809,1.0,0.0,-0.038,0.115,8,
708,3,69.41,59.6,-2.819,0.656,0.0,1.0,0.36,0,
709,0,21.45,83.57,2.834,1.0,0.0,-0.032,0.12,1,21.8
709,1,131.59,46.44,-2.899,1.0,0.0,-0.014,0.047,1,19.2
709,2,13.97,42.07,1.803,1.0,0.0,-0.039,0.115,1,
709,3,68.95,59.45,-2.662,0.762,0.0,1.0,0.48,0,
710,0,21.33,83.6,2.829,1.0,0.0,-0.031,0.12,8,21.7
710,1,131.59,46.39,-2.901,1.0,0.0,-0.014,0.047,1,19.2
710,2,13.91,42.17,1.797,1.0,0.0,-0.04,0.115,1,
710,3,68.42,59.17,-2.522,0.85,0.0,0.793,0.6,0,
711,0,21.22,83.63,2.824,1.0,0.0,-0.031,0.12,8,21.6
711,1,131.58,46.35,-2.904,1.0,0.0,-0.014,0.047,8,19.2
711,2,13.85,42.27,1.79,1.0,0.0,-0.04,0.115,1,
711,3,67.84,58.75,-2.4,0.912,0.0,0.605,0.72,0,
712,0,21.1,83.67,2.819,1.0,0.0,-0.03,0.12,1,21.4
712,1,131.57,46.3,-2.906,1.0,0.0,-0.014,0.047,8,19.2
712,2,13.8,42.37,1.784,1.0,0.0,-0.04,0.115,1,
712,3,67.22,58.18,-2.295,0.953,0.0,0.442,0.84,0,
713,0,20.99,83.7,2.814,1.0,0.0,-0.03,0.12,8,21.3
713,1,131.56,46.25,-2.908,1.0,0.0,-0.014,0.047,1,19.2
713,2,13.74,42.47,1.778,1.0,0.0,-0.041,0.115,1,
713,3,66.58,57.46,-2.208,0.978,0.0,0.302,0.96,0,
714,0,20.87,83.74,2.81,1.0,0.0,-0.029,0.12,8,21.2
714,1,131.55,46.21,-2.91,1.0,0.0,-0.014,0.048,1,19.1
714,2,13.69,42.57,1.771,1.0,0.0,-0.041,0.115,1,
714,3,65.94,56.6,-2.139,0.992,0.0,0.185,1.08,0,
715,0,20.76,83.78,2.805,1.0,0.0,-0.029,0.12,1,21.1
715,1,131.55,46.16,-2.913,1.0,0.0,-0.014,0.048,8,19.1
715,2,13.63,42.67,1.765,1.0,0.0,-0.041,0.116,1,
715,3,65.29,55.58,-2.087,0.998,0.0,0.091,1.2,0,
716,0,20.65,83.82,2.801,1.0,0.0,-0.028,0.12,1,21.0
716,1,131.54,46.11,-2.915,1.0,0.0,-0.014,0.048,1,19.1
716,2,13.58,42.78,1.758,1.0,0.0,-0.041,0.116,1,
716,3,64.64,54.44,-2.052,1.0,0.0,0.02,1.32,0,
717,0,20.53,83.86,2.797,1.0,0.0,-0.028,0.12,8,20.9
717,1,131.53,46.07,-2.917,1.0,0.0,-0.015,0.048,8,19.1
717,2,13.53,42.88,1.752,1.0,0.0,-0.041,0.116,1,
717,3,63.97,53.16,-2.035,1.0,0.0,-0.029,1.44,0,
718,0,20.42,83.9,2.792,1.0,0.0,-0.027,0.12,0,20.8
718,1,131.52,46.02,-2.919,1.0,0.0,-0.015,0.048,8,19.1
718,2,13.48,42.99,1.745,1.0,0.0,-0.042,0.116,2,
718,3,63.3,51.82,-2.035,0.999,0.0,-0.054,1.499,0,
719,0,20.19,83.98,2.788,1.0,0.0,-0.026,0.24,0,20.5
719,1,131.51,45.97,-2.922,1.0,0.0,-0.015,0.048,1,19.0
719,2,13.43,43.09,1.739,1.0,0.0,-0.042,0.116,1,
719,3,62.63,50.48,-2.044,0.999,0.0,-0.056,1.499,0,
720,0,19.86,84.1,2.802,0.595,0.0,1.0,0.36,0,21.6
720,1,131.5,45.92,-2.924,1.0,0.0,-0.015,0.049,1,19.0
720,2,13.38,43.2,1.75,0.604,0.0,1.0,0.116,2,
720,3,62.02,49.29,-2.071,0.0,0.0,-1.0,1.339,0,
721,0,19.4,84.26,2.832,0.595,0.0,1.0,0.48,0,21.4
721,1,131.49,45.88,-2.926,1.0,0.0,-0.015,0.049,8,19.0
721,2,13.33,43.3,1.778,0.608,0.0,1.0,0.117,2,
721,3,61.46,48.25,-2.114,0.0,0.0,-1.0,1.179,0,
722,0,18.83,84.45,2.881,0.605,0.0,1.0,0.6,0,21.0
722,1,131.48,45.83,-2.929,1.0,0.0,-0.015,0.049,1,19.0
722,2,13.29,43.41,1.824,0.626,0.0,1.0,0.118,1,
722,3,60.93,47.38,-2.176,0.0,0.0,-1.0,1.019,0,
723,0,18.14,84.63,2.947,0.625,0.0,1.0,0.72,0,20.6
723,1,131.47,45.78,-2.931,1.0,0.0,-0.015,0.049,1,19.0
723,2,13.24,43.52,1.888,0.656,0.0,1.0,0.119,1,
723,3,60.44,46.67,-2.255,0.0,0.0,-1.0,0.859,0,
724,0,17.31,84.8,3.03,0.655,0.0,1.0,0.84,0,20.0
724,1,131.46,45.73,-2.933,1.0,0.0,-0.015,0.049,1,18.9
724,2,13.19,43.63,1.969,0.697,0.0,1.0,0.12,1,
724,3,60.0,46.13,-2.351,0.0,0.0,-1.0,0.699,0,
725,0,16.36,84.9,3.131,0.693,0.0,1.0,0.96,0,19.4
725,1,131.45,45.68,-2.936,1.0,0.0,-0.015,0.05,1,18.9
725,2,13.15,43.74,2.067,0.748,0.0,1.0,0.12,0,
725,3,59.62,45.75,-2.465,0.0,0.0,-1.0,0.539,0,
726,0,15.28,84.91,-3.034,0.738,0.0,1.0,1.08,0,18.6
726,1,131.44,45.63,-2.938,1.0,0.0,-0.015,0.05,8,18.9
726,2,13.03,43.95,2.183,0.805,0.0,0.906,0.24,0,
726,3,59.33,45.51,-2.596,0.0,0.0,-1.0,0.379,0,
727,0,14.1,84.79,-2.898,0.789,0.0,0.944,1.184,0,17.7
727,1,131.43,45.59,-2.941,1.0,0.0,-0.015,0.05,8,18.9
727,2,12.83,44.25,2.302,0.862,0.0,0.76,0.36,0,
727,3,59.14,45.4,-2.745,0.0,0.0,-1.0,0.219,0,
728,0,12.87,84.48,-2.771,0.844,0.0,0.809,1.266,0,16.6
728,1,131.42,45.54,-2.943,1.0,0.0,-0.015,0.05,8,18.9
728,2,12.5,44.6,2.404,0.909,0.0,0.614,0.48,0,
728,3,59.08,45.38,-2.902,0.0,0.0,-1.0,0.059,0,
729,0,11.63,84.0,-2.662,0.887,0.0,0.686,1.33,0,15.4
729,1,131.41,45.49,-2.945,1.0,0.0,-0.015,0.05,8,18.8
729,2,12.06,45.01,2.488,0.886,0.0,-0.689,0.6,0,
729,3,59.08,45.38,-3.059,0.0,0.0,-1.0,0.0,0,
730,0,10.41,83.36,-2.569,0.917,0.0,0.586,1.375,0,14.2
730,1,131.39,45.44,-2.948,1.0,0.0,-0.015,0.05,1,18.8
730,2,11.49,45.44,2.555,0.82,0.0,-0.871,0.72,0,
730,3,58.99,45.37,3.067,0.061,0.0,-1.0,0.092,0,
731,0,9.23,82.6,-2.489,0.937,0.0,0.51,1.405,0,12.9
731,1,131.38,45.39,-2.95,1.0,0.0,-0.015,0.051,8,18.8
731,2,10.79,45.91,2.605,0.743,0.0,-1.0,0.84,0,
731,3,58.78,45.38,2.91,0.216,0.0,-1.0,0.212,0,
732,0,8.1,81.74,-2.419,0.951,0.0,0.45,1.426,0,11.5
732,1,131.37,45.34,-2.953,1.0,0.0,-0.015,0.051,8,18.8
732,2,9.96,46.4,2.636,0.657,0.0,-1.0,0.96,0,
732,3,58.46,45.46,2.753,0.363,0.0,-1.0,0.332,0,
733,0,7.5,80.78,-2.355,0.96,0.0,0.404,1.125,1,10.4
733,1,131.36,45.29,-2.955,1.0,0.0,-0.015,0.051,1,18.8
733,2,9.18,46.83,2.651,0.597,0.0,-1.0,0.896,0,
733,3,58.04,45.63,2.596,0.501,0.0,-1.0,0.452,0,
734,0,7.5,80.7,-2.306,0.976,0.0,0.312,0.085,1,10.3
734,1,131.34,45.24,-2.957,1.0,0.0,-0.016,0.051,1,18.7
734,2,8.42,47.24,2.647,0.574,0.0,-1.0,0.86,0,
734,3,57.55,45.93,2.439,0.626,0.0,-1.0,0.572,0,
735,0,7.5,80.61,-2.269,0.986,0.0,0.236,0.089,1,10.3
735,1,131.33,45.19,-2.96,1.0,0.0,-0.016,0.051,8,18.7
735,2,7.68,47.64,2.627,0.564,0.0,-1.0,0.846,0,
735,3,57.02,46.38,2.282,0.736,0.0,-1.0,0.692,0,
736,0,7.5,80.52,-2.241,0.992,0.0,0.176,0.092,1,10.2
736,1,131.32,45.14,-2.962,1.0,0.0,-0.016,0.052,1,18.7
736,2,7.5,48.06,2.589,0.569,0.0,-1.0,0.456,1,
736,3,56.49,46.99,2.142,0.829,0.0,-0.847,0.812,0,
737,0,7.5,80.42,-2.221,0.996,0.0,0.13,0.094,1,10.1
737,1,131.3,45.09,-2.965,1.0,0.0,-0.016,0.052,1,18.7
737,2,7.5,48.12,2.533,0.598,0.0,-1.0,0.063,1,
737,3,55.99,47.78,2.02,0.896,0.0,-0.656,0.932,0,
738,0,7.5,80.33,-2.206,0.998,0.0,0.093,0.096,1,10.0
738,1,131.29,45.04,-2.967,1.0,0.0,-0.016,0.052,8,18.7
738,2,7.5,48.19,2.46,0.642,0.0,-1.0,0.069,1,
738,3,55.53,48.72,1.915,0.942,0.0,-0.49,1.052,0,
739,0,7.5,80.23,-2.196,0.999,0.0,0.065,0.097,1,9.9
739,1,131.28,44.99,-2.97,1.0,0.0,-0.016,0.052,8,18.6
739,2,7.5,48.27,2.369,0.696,0.0,-1.0,0.076,1,
739,3,55.14,49.83,1.828,0.971,0.0,-0.348,1.172,0,
740,0,7.5,80.14,-2.189,0.994,0.0,0.043,0.097,1,9.9
740,1,131.26,44.94,-2.972,1.0,0.0,-0.016,0.052,8,18.6
740,2,7.5,48.35,2.261,0.759,0.0,-1.0,0.084,1,
740,3,54.81,51.08,1.759,0.987,0.0,-0.229,1.292,0,
741,0,7.5,80.04,-2.186,0.986,0.0,0.025,0.098,1,9.8
741,1,131.25,44.89,-2.975,1.0,0.0,-0.016,0.052,1,18.6
741,2,7.5,48.44,2.135,0.825,0.0,-0.859,0.093,1,
741,3,54.54,52.47,1.707,0.996,0.0,-0.134,1.412,0,
742,0,7.5,79.94,-2.184,0.978,0.0,0.011,0.098,1,9.7
742,1,131.23,44.84,-2.977,1.0,0.0,-0.016,0.053,1,18.6
742,2,7.5,48.55,2.027,0.889,0.0,-0.679,0.101,1,
742,3,54.34,53.95,1.672,0.999,0.0,-0.062,1.499,0,
743,0,7.5,79.84,-2.184,0.97,0.0,0.001,0.098,1,9.6
743,1,131.22,44.79,-2.98,1.0,0.0,-0.016,0.053,1,18.5
743,2,7.5,48.65,1.936,0.933,0.0,-0.524,0.108,1,
743,3,54.19,55.44,1.655,1.0,0.0,-0.014,1.5,0,
744,0,7.5,79.74,-2.185,0.962,0.0,-0.008,0.098,1,9.5
744,1,131.2,44.74,-2.982,1.0,0.0,-0.016,0.053,1,18.5
744,2,7.5,48.77,1.863,0.962,0.0,-0.395,0.112,1,
744,3,54.06,56.94,1.655,1.0,0.0,0.01,1.5,0,
745,0,7.5,79.65,-2.187,0.954,0.0,-0.015,0.098,1,9.5
745,1,131.19,44.69,-2.985,1.0,0.0,-0.016,0.053,8,18.5
745,2,7.5,48.88,1.807,0.98,0.0,-0.29,0.115,1,
745,3,53.94,58.43,1.657,1.0,0.0,0.009,1.5,0,
746,0,7.5,79.55,-2.19,0.946,0.0,-0.02,0.098,1,9.4
746,1,131.17,44.64,-2.987,1.0,0.0,-0.016,0.053,1,18.5
746,2,7.5,49.0,1.769,0.989,0.0,-0.21,0.117,1,
746,3,53.81,59.93,1.658,1.0,0.0,0.007,1.5,0,
747,0,7.5,79.45,-2.194,0.938,0.0,-0.024,0.098,1,9.3
747,1,131.16,44.59,-2.99,1.0,0.0,-0.016,0.054,8,18.5
747,2,7.5,49.11,1.745,0.994,0.0,-0.155,0.118,1,
747,3,53.68,61.42,1.659,1.0,0.0,0.006,1.5,0,
748,0,7.5,79.35,-2.198,0.931,0.0,-0.028,0.097,1,9.2
748,1,131.14,44.54,-2.993,1.0,0.0,-0.016,0.054,1,18.4
748,2,7.5,49.23,1.726,0.996,0.0,-0.12,0.118,1,
748,3,53.54,62.91,1.66,1.0,0.0,0.005,1.5,0,
749,0,7.5,79.26,-2.203,0.923,0.0,-0.031,0.097,1,9.2
749,1,131.12,44.48,-2.995,1.0,0.0,-0.016,0.054,8,18.4
749,2,7.5,49.35,1.711,0.998,0.0,-0.093,0.119,1,
749,3,53.41,64.41,1.66,1.0,0.0,0.004,1.5,0,
750,0,7.5,79.16,-2.208,0.915,0.0,-0.033,0.097,1,9.1
750,1,131.11,44.43,-2.998,1.0,0.0,-0.017,0.054,8,18.4
750,2,7.5,49.47,1.7,0.999,0.0,-0.072,0.119,1,
750,3,53.28,65.9,1.661,1.0,0.0,0.003,1.5,0,
751,0,7.5,79.06,-2.214,0.907,0.0,-0.035,0.096,1,9.0
751,1,131.09,44.38,-3.0,1.0,0.0,-0.017,0.054,1,18.4
751,2,7.5,49.59,1.692,0.999,0.0,-0.055,0.119,1,
751,3,53.14,67.4,1.661,1.0,0.0,0.002,1.5,0,
752,0,7.5,78.97,-2.22,0.9,0.0,-0.036,0.096,1,8.9
752,1,131.07,44.33,-3.003,1.0,0.0,-0.017,0.054,8,18.3
752,2,7.5,49.71,1.685,1.0,0.0,-0.042,0.119,1,
752,3,53.01,68.89,1.661,1.0,0.0,0.002,1.5,0,
753,0,7.5,78.87,-2.226,0.892,0.0,-0.038,0.096,1,8.8
753,1,131.05,44.28,-3.006,1.0,0.0,-0.017,0.055,8,18.3
753,2,7.5,49.83,1.68,1.0,0.0,-0.033,0.119,1,
753,3,52.87,70.38,1.662,1.0,0.0,0.002,1.5,0,
754,0,7.5,78.78,-2.232,0.885,0.0,-0.039,0.095,1,8.8
754,1,131.03,44.23,-3.008,1.0,0.0,-0.017,0.055,8,18.3
754,2,7.5,49.95,1.676,1.0,0.0,-0.025,0.119,1,
754,3,52.74,71.88,1.662,1.0,0.0,0.001,1.5,0,
755,0,7.5,78.68,-2.238,0.877,0.0,-0.04,0.095,1,8.7
755,1,131.02,44.17,-3.011,1.0,0.0,-0.017,0.055,8,18.3
755,2,7.5,50.07,1.673,1.0,0.0,-0.019,0.119,1,
755,3,52.6,73.37,1.662,1.0,0.0,0.001,1.5,0,
756,0,7.5,78.59,-2.244,0.87,0.0,-0.041,0.094,1,8.6
756,1,131.0,44.12,-3.014,1.0,0.0,-0.017,0.055,1,18.2
756,2,7.5,50.19,1.671,1.0,0.0,-0.014,0.119,1,
756,3,52.46,74.87,1.662,1.0,0.0,0.001,1.5,0,
757,0,7.5,78.49,-2.251,0.863,0.0,-0.042,0.094,1,8.6
757,1,130.98,44.07,-3.016,1.0,0.0,-0.017,0.055,1,18.2
757,2,7.5,50.3,1.669,1.0,0.0,-0.011,0.119,1,
757,3,52.33,76.36,1.662,1.0,0.0,0.001,1.5,0,
758,0,7.5,78.4,-2.258,0.856,0.0,-0.042,0.093,1,8.5
758,1,130.96,44.02,-3.019,1.0,0.0,-0.017,0.056,8,18.2
758,2,7.5,50.42,1.668,1.0,0.0,-0.008,0.119,1,
758,3,52.19,77.85,1.662,1.0,0.0,0.001,1.5,0,
759,0,7.5,78.31,-2.264,0.849,0.0,-0.043,0.093,1,8.4
759,1,130.94,43.97,-3.022,1.0,0.0,-0.017,0.056,1,18.2
759,2,7.5,50.54,1.667,1.0,0.0,-0.006,0.119,1,
759,3,52.05,79.35,1.662,1.0,0.0,0.0,1.5,0,
760,0,7.5,78.31,-2.289,0.0,0.0,-1.0,0.0,0,17.8
760,1,130.92,43.91,-3.024,1.0,0.0,-0.017,0.056,8,18.1
760,2,7.5,50.54,1.648,0.0,0.0,-1.0,0.0,0,
760,3,51.91,80.84,1.662,1.0,0.0,0.0,1.5,0,
761,0,7.5,78.31,-2.33,0.0,0.0,-1.0,0.0,0,17.8
761,1,130.9,43.86,-3.027,1.0,0.0,-0.017,0.056,8,18.1
761,2,7.5,50.54,1.612,0.0,0.0,-1.0,0.0,0,
761,3,51.78,82.33,1.662,1.0,0.0,0.0,1.5,0,
762,0,7.5,78.31,-2.39,0.0,0.0,-1.0,0.0,0,17.8
762,1,130.88,43.81,-3.03,1.0,0.0,-0.017,0.056,8,18.1
762,2,7.5,50.54,1.559,0.0,0.0,-1.0,0.0,0,
762,3,51.64,83.83,1.663,1.0,0.0,0.0,1.5,0,
763,0,7.5,78.31,-2.467,0.0,0.0,-1.0,0.0,0,17.8
763,1,130.86,43.76,-3.033,1.0,0.0,-0.017,0.057,8,18.1
763,2,7.5,50.54,1.488,0.0,0.0,-1.0,0.0,0,
763,3,51.5,85.32,1.663,1.0,0.0,0.0,1.5,0,
764,0,7.5,78.31,-2.561,0.0,0.0,-1.0,0.0,0,17.8
764,1,130.84,43.7,-3.035,1.0,0.0,-0.017,0.057,8,18.0
764,2,7.5,50.54,1.4,0.0,0.0,-1.0,0.0,0,
764,3,51.37,86.82,1.663,1.0,0.0,0.0,1.5,0,
765,0,7.5,78.31,-2.673,0.0,0.0,-1.0,0.0,0,17.8
765,1,130.82,43.65,-3.038,1.0,0.0,-0.018,0.057,8,18.0
765,2,7.51,50.61,1.294,0.046,0.0,-1.0,0.07,0,
765,3,51.23,88.31,1.663,1.0,0.0,0.0,1.5,0,
766,0,7.5,78.31,-2.802,0.0,0.0,-1.0,0.0,0,17.8
766,1,130.79,43.6,-3.041,1.0,0.0,-0.018,0.057,1,18.0
766,2,7.56,50.79,1.17,0.148,0.0,-1.0,0.19,0,
766,3,51.09,89.8,1.663,1.0,0.0,0.0,1.5,0,
767,0,7.5,78.31,-2.949,0.0,0.0,-1.0,0.0,0,17.8
767,1,130.77,43.55,-3.044,1.0,0.0,-0.018,0.057,1,18.0
767,2,7.68,51.08,1.029,0.258,0.0,-1.0,0.31,0,
767,3,50.95,91.3,1.663,1.0,0.0,0.0,1.5,0,
768,0,7.5,78.29,-3.106,0.045,0.0,-1.0,0.013,1,17.8
768,1,130.75,43.49,-3.046,1.0,0.0,-0.018,0.057,1,17.9
768,2,7.91,51.45,0.872,0.375,0.0,-1.0,0.43,0,
768,3,50.82,92.79,1.663,1.0,0.0,0.0,1.5,0,
769,0,7.5,78.29,3.02,0.201,0.0,-1.0,0.004,1,17.8
769,1,130.73,43.44,-3.049,1.0,0.0,-0.018,0.058,8,17.9
769,2,8.26,51.87,0.715,0.495,0.0,-1.0,0.55,0,
769,3,50.68,94.28,1.663,1.0,0.0,0.0,1.5,0,
770,0,7.5,78.3,2.863,0.351,0.0,-1.0,0.015,1,17.8
770,1,130.7,43.39,-3.052,1.0,0.0,-0.018,0.058,8,17.9
770,2,8.76,52.31,0.558,0.603,0.0,-1.0,0.67,0,
770,3,50.54,95.78,1.663,1.0,0.0,0.0,1.5,0,
771,0,7.5,78.34,2.706,0.494,0.0,-1.0,0.033,1,17.8
771,1,130.68,43.33,-3.055,1.0,0.0,-0.018,0.058,8,17.8
771,2,9.43,52.73,0.401,0.697,0.0,-1.0,0.79,0,
771,3,50.4,97.27,1.663,1.0,0.0,0.0,1.5,0,
772,0,7.5,78.39,2.549,0.624,0.0,-1.0,0.051,1,17.7
772,1,130.66,43.28,-3.058,1.0,0.0,-0.018,0.058,1,17.8
772,2,10.27,53.08,0.249,0.779,0.0,-0.968,0.91,0,
772,3,50.27,98.76,1.663,1.0,0.0,0.0,1.5,0,
773,0,7.5,78.45,2.392,0.739,0.0,-1.0,0.067,1,17.7
773,1,130.63,43.23,-3.06,1.0,0.0,-0.018,0.058,1,17.8
773,2,11.27,53.33,0.114,0.846,0.0,-0.804,1.03,0,
773,3,50.13,100.26,1.663,1.0,0.0,0.0,1.5,0,
774,0,7.5,78.54,2.252,0.836,0.0,-0.83,0.082,1,17.6
774,1,130.61,43.17,-3.063,1.0,0.0,-0.018,0.059,8,17.8
774,2,12.13,53.43,-0.003,0.411,0.0,1.0,0.87,0,
774,3,49.99,101.75,1.663,1.0,0.0,0.0,1.5,0,
775,0,7.5,78.63,2.13,0.904,0.0,-0.629,0.093,1,17.5
775,1,130.58,43.12,-3.066,1.0,0.0,-0.018,0.059,1,17.7
775,2,12.84,53.43,-0.102,0.284,0.0,1.0,0.71,0,
775,3,49.85,103.25,1.663,1.0,0.0,0.0,1.5,0,
776,0,7.5,78.73,2.026,0.95,0.0,-0.453,0.102,1,17.4
776,1,130.56,43.07,-3.069,1.0,0.0,-0.018,0.059,8,17.7
776,2,13.31,53.41,-0.184,0.172,0.0,1.0,0.47,1,
776,3,49.71,104.74,1.663,1.0,0.0,0.0,1.5,0,
777,0,7.5,78.84,1.939,0.978,0.0,-0.302,0.108,1,17.3
777,1,130.53,43.01,-3.072,1.0,0.0,-0.018,0.059,8,17.7
777,2,13.32,53.43,-0.249,0.08,0.0,1.0,0.028,1,
777,3,49.58,106.23,1.663,1.0,0.0,0.0,1.5,0,
778,0,7.5,78.95,1.869,0.992,0.0,-0.175,0.112,1,17.2
778,1,130.51,42.96,-3.075,1.0,0.0,-0.018,0.059,1,17.7
778,2,13.33,53.44,-0.296,0.016,0.0,1.0,0.004,2,
778,3,49.53,106.8,1.663,1.0,0.0,0.0,0.566,8,
779,0,7.5,79.07,1.817,0.999,0.0,-0.074,0.115,1,17.1
779,1,130.48,42.91,-3.078,1.0,0.0,-0.019,0.06,1,17.6
779,2,13.33,53.44,-0.325,0.0,0.0,1.0,0.0,0,
779,3,49.53,106.8,1.663,1.0,0.0,0.0,0.0,1,
780,0,7.5,79.18,1.783,1.0,0.0,0.003,0.116,1,17.0
780,1,130.46,42.85,-3.081,1.0,0.0,-0.019,0.06,1,17.6
780,2,13.33,53.44,-0.337,0.0,0.0,1.0,0.0,0,
780,3,49.53,106.8,1.663,1.0,0.0,0.0,0.0,1,
781,0,7.5,79.3,1.765,0.999,0.0,0.055,0.117,1,16.9
781,1,130.43,42.8,-3.084,1.0,0.0,-0.019,0.06,1,17.6
781,2,13.33,53.44,-0.332,0.0,0.0,1.0,0.0,0,
781,3,49.53,106.8,1.663,1.0,0.0,0.0,0.0,1,
782,0,7.5,79.42,1.766,0.998,0.0,0.082,0.118,1,16.7
782,1,130.4,42.74,-3.087,1.0,0.0,-0.019,0.06,8,17.5
782,2,13.33,53.44,-0.309,0.0,0.0,1.0,0.0,0,
782,3,49.53,106.8,1.663,1.0,0.0,0.0,0.0,1,
783,0,7.5,79.53,1.779,0.998,0.0,0.084,0.118,1,16.6
783,1,130.38,42.69,-3.089,1.0,0.0,-0.019,0.06,1,17.5
783,2,13.33,53.44,-0.268,0.0,0.0,1.0,0.0,0,
783,3,49.53,106.8,1.663,1.0,0.0,0.0,0.0,8,
784,0,7.5,79.65,1.79,0.999,0.0,0.067,0.117,1,16.5
784,1,130.35,42.64,-3.092,1.0,0.0,-0.019,0.061,8,17.5
784,2,13.33,53.44,-0.21,0.0,0.0,1.0,0.0,0,
784,3,49.53,106.8,1.663,1.0,0.0,0.0,0.0,8,
785,0,7.5,79.77,1.798,0.999,0.0,0.055,0.117,1,16.4
785,1,130.32,42.58,-3.095,1.0,0.0,-0.019,0.061,1,17.4
785,2,13.33,53.45,-0.135,0.054,0.0,1.0,0.017,2,
785,3,49.53,106.8,1.663,1.0,0.0,0.0,0.0,1,
786,0,7.5,79.89,1.805,1.0,0.0,0.045,0.117,1,16.3
786,1,130.29,42.53,-3.098,1.0,0.0,-0.019,0.061,1,17.4
786,2,13.35,53.48,-0.042,0.129,0.0,1.0,0.034,1,
786,3,49.53,106.8,1.663,1.0,0.0,0.0,0.0,1,
787,0,7.5,80.0,1.811,1.0,0.0,0.038,0.117,1,16.2
787,1,130.26,42.47,-3.101,1.0,0.0,-0.019,0.061,1,17.4
787,2,13.37,53.53,0.069,0.221,0.0,1.0,0.045,2,
787,3,49.53,106.8,1.663,1.0,0.0,0.0,0.0,8,
788,0,7.5,80.12,1.816,1.0,0.0,0.032,0.117,1,16.1
788,1,130.23,42.42,-3.104,1.0,0.0,-0.019,0.061,8,17.4
788,2,13.39,53.58,0.197,0.327,0.0,1.0,0.057,1,
788,3,49.53,106.8,1.663,1.0,0.0,0.0,0.0,1,
789,0,7.5,80.24,1.821,1.0,0.0,0.027,0.116,1,15.9
789,1,130.2,42.37,-3.107,1.0,0.0,-0.019,0.062,1,17.3
789,2,13.42,53.64,0.342,0.445,0.0,1.0,0.071,1,
789,3,49.53,106.8,1.663,1.0,0.0,0.0,0.0,1,
790,0,7.5,80.35,1.824,1.0,0.0,0.024,0.116,1,15.8
790,1,130.17,42.31,-3.111,1.0,0.0,-0.019,0.062,1,17.3
790,2,13.45,53.72,0.499,0.569,0.0,1.0,0.085,1,
790,3,49.53,106.8,1.663,1.0,0.0,0.0,0.0,8,
791,0,7.5,80.47,1.828,1.0,0.0,0.021,0.116,1,15.7
791,1,130.14,42.26,-3.114,1.0,0.0,-0.019,0.062,1,17.3
791,2,13.5,53.81,0.656,0.691,0.0,1.0,0.098,2,
791,3,49.53,106.8,1.663,1.0,0.0,0.0,0.0,1,
792,0,7.5,80.58,1.831,1.0,0.0,0.019,0.116,1,15.6
792,1,130.11,42.2,-3.117,1.0,0.0,-0.019,0.062,8,17.2
792,2,13.54,53.9,0.802,0.795,0.0,0.931,0.108,1,
792,3,49.53,106.8,1.663,1.0,0.0,0.0,0.0,8,
793,0,7.5,80.7,1.833,1.0,0.0,0.018,0.116,1,15.5
793,1,130.08,42.15,-3.12,1.0,0.0,-0.02,0.062,1,17.2
793,2,13.59,54.01,0.931,0.875,0.0,0.723,0.115,1,
793,3,49.53,106.8,1.663,1.0,0.0,0.0,0.0,1,
794,0,7.5,80.82,1.836,1.0,0.0,0.017,0.116,1,15.4
794,1,130.05,42.1,-3.123,1.0,0.0,-0.02,0.063,1,17.2
794,2,13.65,54.11,1.042,0.93,0.0,0.539,0.118,2,
794,3,49.53,106.8,1.663,1.0,0.0,0.0,0.0,8,
795,0,7.5,80.93,1.839,1.0,0.0,0.016,0.116,1,15.3
795,1,130.02,42.04,-3.126,1.0,0.0,-0.02,0.063,1,17.1
795,2,13.7,54.22,1.136,0.965,0.0,0.381,0.12,1,
795,3,49.53,106.8,1.663,1.0,0.0,0.0,0.0,1,
796,0,7.5,81.05,1.841,1.0,0.0,0.015,0.116,1,15.2
796,1,129.99,41.99,-3.129,1.0,0.0,-0.02,0.063,1,17.1
796,2,13.75,54.33,1.212,0.985,0.0,0.248,0.12,0,
796,3,49.53,106.8,1.663,1.0,0.0,0.0,0.0,2,
797,0,7.5,81.16,1.843,1.0,0.0,0.015,0.116,1,15.1
797,1,129.95,41.93,-3.132,1.0,0.0,-0.02,0.063,8,17.1
797,2,13.84,54.55,1.271,0.995,0.0,0.14,0.24,0,
797,3,49.53,106.8,1.663,1.0,0.0,0.0,0.0,1,
798,0,7.5,81.28,1.846,1.0,0.0,0.015,0.116,1,14.9
798,1,129.92,41.88,-3.135,1.0,0.0,-0.02,0.063,8,17.0
798,2,13.95,54.9,1.312,0.999,0.0,0.057,0.36,0,
798,3,49.53,106.8,1.663,1.0,0.0,0.0,0.0,8,
799,0,7.5,81.39,1.848,1.0,0.0,0.014,0.115,1,14.8
799,1,129.89,41.82,-3.138,1.0,0.0,-0.02,0.064,8,17.0
799,2,14.07,55.36,1.336,1.0,0.0,-0.001,0.48,0,
799,3,49.53,106.8,1.663,1.0,0.0,0.0,0.0,1,
800,0,7.5,81.51,1.85,1.0,0.0,0.014,0.115,1,14.7
800,1,129.86,41.77,-3.142,1.0,0.0,-0.02,0.064,1,17.0
800,2,14.21,55.94,1.377,0.879,0.0,0.709,0.6,0,
800,3,49.53,106.8,1.663,1.0,0.0,0.0,0.0,1,
801,0,7.5,81.62,1.852,1.0,0.0,0.014,0.115,1,14.6
801,1,129.82,41.72,3.138,1.0,0.0,-0.02,0.064,8,16.9
801,2,14.35,56.65,1.436,0.895,0.0,0.66,0.72,0,
801,3,49.53,106.8,1.663,1.0,0.0,0.0,0.0,8,
802,0,7.5,81.74,1.855,1.0,0.0,0.014,0.115,1,14.5
802,1,129.79,41.66,3.135,1.0,0.0,-0.02,0.064,1,16.9
802,2,14.46,57.48,1.512,0.917,0.0,0.588,0.84,0,
802,3,49.53,106.8,1.663,1.0,0.0,0.0,0.0,8,
803,0,7.5,81.86,1.857,1.0,0.0,0.014,0.115,1,14.4
803,1,129.75,41.61,3.132,1.0,0.0,-0.02,0.064,1,16.9
803,2,14.52,58.44,1.589,0.942,0.0,0.491,0.96,0,
803,3,49.53,106.8,1.663,1.0,0.0,0.0,0.0,1,
804,0,7.5,81.97,1.859,1.0,0.0,0.014,0.115,1,14.3
804,1,129.72,41.55,3.129,1.0,0.0,-0.02,0.065,8,16.8
804,2,14.5,59.52,1.651,0.962,0.0,0.393,1.08,0,
804,3,49.53,106.8,1.663,1.0,0.0,0.0,0.0,1,
805,0,7.5,82.09,1.861,1.0,0.0,0.015,0.115,1,14.2
805,1,129.68,41.5,3.126,1.0,0.0,-0.021,0.065,1,16.8
805,2,14.4,60.72,1.7,0.976,0.0,0.316,1.2,0,
805,3,49.53,106.8,1.663,1.0,0.0,0.0,0.0,1,
806,0,7.5,82.2,1.864,1.0,0.0,0.015,0.115,1,14.1
806,1,129.65,41.45,3.122,1.0,0.0,-0.021,0.065,1,16.8
806,2,14.23,62.03,1.74,0.984,0.0,0.255,1.32,0,
806,3,49.53,106.8,1.663,0.0,0.0,0.0,0.0,0,
807,0,7.5,82.32,1.866,1.0,0.0,0.015,0.115,1,14.0
807,1,129.61,41.39,3.119,1.0,0.0,-0.021,0.065,1,16.7
807,2,13.99,63.44,1.773,0.989,0.0,0.207,1.44,0,
807,3,49.53,106.8,1.663,0.0,0.0,0.0,0.0,0,
808,0,7.5,82.43,1.868,1.0,0.0,0.015,0.115,1,13.8
808,1,129.57,41.34,3.116,1.0,0.0,-0.021,0.065,1,16.7
808,2,13.69,64.9,1.799,0.993,0.0,0.169,1.489,0,
808,3,49.53,106.8,1.663,0.0,0.0,0.0,0.0,0,
809,0,7.5,82.54,1.871,1.0,0.0,0.015,0.115,1,13.7
809,1,129.54,41.28,3.113,1.0,0.0,-0.021,0.066,8,16.7
809,2,13.35,66.36,1.821,0.995,0.0,0.139,1.493,0,
809,3,49.53,106.8,1.663,0.0,0.0,0.0,0.0,0,
810,0,7.5,82.66,1.873,1.0,0.0,0.015,0.115,1,13.6
810,1,129.5,41.23,3.109,1.0,0.0,-0.021,0.066,1,16.6
810,2,12.98,67.81,1.839,0.997,0.0,0.115,1.495,0,
810,3,49.53,106.8,1.663,0.0,0.0,0.0,0.0,0,
811,0,7.5,83.06,1.876,1.0,0.0,0.016,0.405,4,13.2
811,1,129.46,41.18,3.106,1.0,0.0,-0.021,0.066,8,16.6
811,2,12.68,68.99,1.854,0.998,0.0,0.095,1.218,1,
811,3,49.53,106.8,1.663,0.0,0.0,0.0,0.0,0,
812,0,7.5,83.18,1.88,1.0,0.0,0.026,0.121,4,13.1
812,1,129.42,41.12,3.103,1.0,0.0,-0.021,0.066,8,16.6
812,2,12.65,69.1,1.867,0.998,0.0,0.079,0.114,1,
812,3,49.53,106.8,1.663,0.0,0.0,0.0,0.0,0,
813,0,7.5,83.31,1.883,1.0,0.0,0.024,0.121,4,13.0
813,1,129.38,41.07,3.099,1.0,0.0,-0.021,0.066,1,16.5
813,2,12.62,69.21,1.876,0.999,0.0,0.062,0.114,1,
813,3,49.53,106.8,1.663,0.0,0.0,0.0,0.0,0,
814,0,7.5,83.43,1.887,1.0,0.0,0.023,0.121,4,12.9
814,1,129.34,41.01,3.096,1.0,0.0,-0.021,0.067,8,16.5
814,2,12.58,69.31,1.884,0.999,0.0,0.048,0.114,1,
814,3,49.53,106.8,1.663,0.0,0.0,0.0,0.0,0,
815,0,7.5,83.55,1.891,1.0,0.0,0.022,0.121,4,12.8
815,1,129.3,40.96,3.093,1.0,0.0,-0.021,0.067,8,16.5
815,2,12.55,69.42,1.89,1.0,0.0,0.037,0.114,1,
815,3,49.53,106.8,1.663,0.0,0.0,0.0,0.0,0,
816,0,7.5,83.67,1.894,1.0,0.0,0.022,0.121,4,12.7
816,1,129.27,40.91,3.089,1.0,0.0,-0.021,0.067,1,16.4
816,2,12.51,69.53,1.894,1.0,0.0,0.029,0.114,1,
816,3,49.53,106.8,1.663,0.0,0.0,0.0,0.0,0,
817,0,7.5,83.79,1.897,1.0,0.0,0.021,0.12,4,12.6
817,1,129.22,40.85,3.086,1.0,0.0,-0.022,0.067,1,16.4
817,2,12.48,69.64,1.898,1.0,0.0,0.023,0.114,1,
817,3,49.53,106.8,1.663,0.0,0.0,0.0,0.0,0,
818,0,7.5,83.91,1.901,1.0,0.0,0.021,0.12,4,12.4
818,1,129.18,40.8,3.083,1.0,0.0,-0.022,0.067,8,16.3
818,2,12.44,69.75,1.901,1.0,0.0,0.018,0.114,1,
818,3,49.53,106.8,1.663,0.0,0.0,0.0,0.0,0,
819,0,7.5,84.03,1.904,1.0,0.0,0.021,0.12,4,12.3
819,1,129.14,40.74,3.079,1.0,0.0,-0.022,0.068,8,16.3
819,2,12.4,69.85,1.903,1.0,0.0,0.014,0.114,1,
819,3,49.53,106.8,1.663,0.0,0.0,0.0,0.0,0,
820,0,7.5,84.15,1.907,1.0,0.0,0.021,0.12,4,12.2
820,1,129.1,40.69,3.076,1.0,0.0,-0.022,0.068,8,16.3
820,2,12.37,69.96,1.905,1.0,0.0,0.011,0.114,1,
820,3,49.53,106.8,1.663,0.0,0.0,0.0,0.0,0,
821,0,7.5,84.27,1.91,1.0,0.0,0.021,0.12,4,12.1
821,1,129.06,40.64,3.072,1.0,0.0,-0.022,0.068,1,16.2
821,2,12.33,70.07,1.906,1.0,0.0,0.008,0.114,1,
821,3,49.53,106.8,1.663,0.0,0.0,0.0,0.0,0,
822,0,7.5,84.39,1.914,1.0,0.0,0.021,0.12,4,12.0
822,1,129.02,40.58,3.069,1.0,0.0,-0.022,0.068,8,16.2
822,2,12.29,70.17,1.907,1.0,0.0,0.007,0.114,1,
822,3,49.53,106.8,1.663,0.0,0.0,0.0,0.0,0,
823,0,7.5,84.51,1.917,1.0,0.0,0.021,0.12,4,11.9
823,1,128.97,40.53,3.065,1.0,0.0,-0.022,0.068,8,16.2
823,2,12.25,70.28,1.908,1.0,0.0,0.005,0.114,1,
823,3,49.53,106.8,1.663,0.0,0.0,0.0,0.0,0,
824,0,7.5,84.63,1.92,1.0,0.0,0.022,0.12,4,11.8
824,1,128.93,40.48,3.062,1.0,0.0,-0.022,0.069,8,16.1
824,2,12.22,70.39,1.908,1.0,0.0,0.004,0.113,1,
824,3,49.53,106.8,1.663,0.0,0.0,0.0,0.0,0,
825,0,7.5,84.75,1.924,1.0,0.0,0.022,0.119,4,11.7
825,1,128.89,40.42,3.058,1.0,0.0,-0.022,0.069,1,16.1
825,2,12.18,70.5,1.909,1.0,0.0,0.003,0.113,1,
825,3,49.53,106.8,1.663,0.0,0.0,0.0,0.0,0,
826,0,7.5,84.87,1.927,1.0,0.0,0.022,0.119,4,11.5
826,1,128.84,40.37,3.055,1.0,0.0,-0.022,0.069,1,16.0
826,2,12.14,70.6,1.909,1.0,0.0,0.002,0.113,1,
826,3,49.53,106.8,1.663,0.0,0.0,0.0,0.0,0,
827,0,7.5,84.99,1.931,1.0,0.0,0.023,0.119,4,11.4
827,1,128.8,40.32,3.051,1.0,0.0,-0.022,0.069,8,16.0
827,2,12.1,70.71,1.909,1.0,0.0,0.002,0.113,1,
827,3,49.53,106.8,1.663,0.0,0.0,0.0,0.0,0,
828,0,7.5,85.11,1.935,1.0,0.0,0.023,0.119,4,11.3
828,1,128.75,40.27,3.048,1.0,0.0,-0.022,0.069,8,16.0
828,2,12.06,70.82,1.91,1.0,0.0,0.001,0.113,1,
828,3,49.53,106.8,1.663,0.0,0.0,0.0,0.0,0,
829,0,7.5,85.22,1.921,0.183,0.0,-1.0,0.119,4,20.1
829,1,128.71,40.21,3.044,1.0,0.0,-0.023,0.07,1,15.9
829,2,12.03,70.92,1.91,1.0,0.0,0.001,0.113,1,
829,3,49.53,106.8,1.663,0.0,0.0,0.0,0.0,0,
830,0,7.5,85.34,1.889,0.191,0.0,-1.0,0.119,4,20.1
830,1,128.66,40.16,3.041,1.0,0.0,-0.023,0.07,1,15.9
830,2,11.99,71.03,1.91,1.0,0.0,0.001,0.114,1,
830,3,49.53,106.8,1.663,0.0,0.0,0.0,0.0,0,
831,0,7.5,85.46,1.84,0.217,0.0,-1.0,0.12,4,20.0
831,1,128.62,40.11,3.037,1.0,0.0,-0.023,0.07,8,15.8
831,2,11.95,71.14,1.91,1.0,0.0,0.001,0.114,1,
831,3,49.53,106.8,1.663,0.0,0.0,0.0,0.0,0,
832,0,7.5,85.58,1.774,0.26,0.0,-1.0,0.121,4,20.0
832,1,128.57,40.06,3.034,1.0,0.0,-0.023,0.07,8,15.8
832,2,11.91,71.25,1.91,1.0,0.0,0.001,0.115,1,
832,3,49.53,106.8,1.663,0.0,0.0,0.0,0.0,0,
833,0,7.5,85.7,1.69,0.318,0.0,-1.0,0.121,4,19.9
833,1,128.52,40.0,3.03,1.0,0.0,-0.023,0.07,8,15.8
833,2,11.87,71.36,1.91,1.0,0.0,0.0,0.116,1,
833,3,49.53,106.8,1.663,0.0,0.0,0.0,0.0,0,
834,0,7.5,85.83,1.589,0.392,0.0,-1.0,0.122,4,19.8
834,1,128.48,39.95,3.026,1.0,0.0,-0.023,0.071,8,15.7
834,2,11.83,71.47,1.91,1.0,0.0,0.0,0.117,1,
834,3,49.53,106.8,1.663,0.0,0.0,0.0,0.0,0,
835,0,7.5,85.95,1.47,0.478,0.0,-1.0,0.123,4,19.8
835,1,128.43,39.9,3.023,1.0,0.0,-0.023,0.071,1,15.7
835,2,11.79,71.58,1.91,1.0,0.0,0.0,0.118,1,
835,3,49.53,106.8,1.663,0.0,0.0,0.0,0.0,0,
836,0,7.51,86.07,1.333,0.575,0.0,-1.0,0.124,1,19.7
836,1,128.38,39.85,3.019,1.0,0.0,-0.023,0.071,1,15.6
836,2,11.76,71.69,1.91,1.0,0.0,0.0,0.116,1,
836,3,49.53,106.8,1.663,0.0,0.0,0.0,0.0,0,
837,0,7.54,86.2,1.179,0.677,0.0,-1.0,0.127,1,19.6
837,1,128.33,39.79,3.016,1.0,0.0,-0.023,0.071,8,15.6
837,2,11.72,71.79,1.91,1.0,0.0,0.0,0.112,1,
837,3,49.53,106.8,1.663,0.0,0.0,0.0,0.0,0,
838,0,7.58,86.32,1.027,0.778,0.0,-0.969,0.13,1,19.5
838,1,128.28,39.74,3.012,1.0,0.0,-0.023,0.071,8,15.6
838,2,11.68,71.89,1.91,1.0,0.0,0.0,0.107,1,
838,3,49.53,106.8,1.663,0.0,0.0,0.0,0.0,0,
839,0,7.64,86.44,0.892,0.862,0.0,-0.758,0.134,1,19.4
839,1,128.23,39.69,3.008,1.0,0.0,-0.023,0.072,8,15.5
839,2,11.65,71.99,1.91,1.0,0.0,0.0,0.101,1,
839,3,49.53,106.8,1.663,0.0,0.0,0.0,0.0,0,
840,0,7.71,86.56,0.775,0.921,0.0,-0.572,0.136,1,19.3
840,1,128.18,39.64,3.004,1.0,0.0,-0.024,0.072,8,15.5
840,2,11.61,72.08,1.91,1.0,0.0,-0.0,0.095,1,
840,3,49.53,106.8,1.645,0.307,0.0,-1.0,0.0,1,
841,0,7.78,86.67,0.675,0.959,0.0,-0.409,0.138,1,19.2
841,1,128.13,39.59,3.001,1.0,0.0,-0.024,0.072,8,15.4
841,2,11.58,72.16,1.91,1.0,0.0,-0.0,0.09,1,
841,3,49.53,106.8,1.61,0.324,0.0,-1.0,0.002,8,
842,0,7.87,86.78,0.593,0.982,0.0,-0.271,0.138,1,19.1
842,1,128.08,39.54,2.997,1.0,0.0,-0.024,0.072,8,15.4
842,2,11.55,72.24,1.91,1.0,0.0,-0.0,0.085,1,
842,3,49.53,106.8,1.558,0.357,0.0,-1.0,0.006,1,
843,0,7.96,86.89,0.528,0.994,0.0,-0.158,0.139,1,18.9
843,1,128.03,39.49,2.993,1.0,0.0,-0.024,0.072,2,15.4
843,2,11.52,72.32,1.91,1.0,0.0,-0.0,0.081,1,
843,3,49.55,106.8,1.488,0.406,0.0,-1.0,0.013,1,
844,0,8.05,86.99,0.481,0.999,0.0,-0.07,0.138,1,18.8
844,1,127.98,39.44,2.99,1.0,0.0,-0.024,0.073,8,15.3
844,2,11.49,72.39,1.91,1.0,0.0,-0.001,0.078,1,
844,3,49.57,106.8,1.4,0.47,0.0,-1.0,0.021,1,
845,0,8.15,87.09,0.451,1.0,0.0,-0.006,0.138,1,18.7
845,1,127.93,39.39,2.986,1.0,0.0,-0.024,0.073,2,15.3
845,2,11.46,72.46,1.91,1.0,0.0,-0.001,0.076,1,
845,3,49.6,106.8,1.295,0.546,0.0,-1.0,0.032,1,
846,0,8.25,87.18,0.439,1.0,0.0,0.034,0.138,1,18.5
846,1,127.87,39.33,2.982,1.0,0.0,-0.024,0.073,1,15.2
846,2,11.43,72.53,1.91,1.0,0.0,-0.001,0.075,1,
846,3,49.64,106.81,1.173,0.632,0.0,-1.0,0.044,1,
847,0,8.35,87.28,0.444,0.999,0.0,0.048,0.138,1,18.4
847,1,127.82,39.28,2.978,1.0,0.0,-0.024,0.073,1,15.2
847,2,11.4,72.59,1.91,1.0,0.0,-0.001,0.075,1,
847,3,49.7,106.81,1.033,0.724,0.0,-1.0,0.058,1,
848,0,8.45,87.38,0.45,1.0,0.0,0.037,0.138,1,18.3
848,1,127.77,39.23,2.974,1.0,0.0,-0.024,0.073,1,15.1
848,2,11.37,72.66,1.91,1.0,0.0,-0.001,0.076,1,
848,3,49.77,106.82,0.894,0.815,0.0,-0.882,0.073,8,
849,0,8.55,87.47,0.454,1.0,0.0,0.026,0.138,1,18.1
849,1,127.71,39.18,2.97,1.0,0.0,-0.024,0.073,1,15.1
849,2,11.34,72.73,1.909,1.0,0.0,-0.001,0.077,1,
849,3,49.86,106.83,0.773,0.889,0.0,-0.678,0.086,1,
850,0,8.65,87.57,0.457,1.0,0.0,0.017,0.138,1,18.0
850,1,127.66,39.13,2.967,1.0,0.0,-0.025,0.074,1,15.1
850,2,11.3,72.8,1.909,1.0,0.0,-0.001,0.078,1,
850,3,49.95,106.84,0.669,0.94,0.0,-0.498,0.096,8,
851,0,8.75,87.66,0.458,1.0,0.0,0.01,0.138,1,17.9
851,1,127.6,39.09,2.963,1.0,0.0,-0.025,0.074,1,15.0
851,2,11.27,72.87,1.909,1.0,0.0,-0.001,0.079,1,
851,3,50.06,106.86,0.583,0.972,0.0,-0.342,0.103,1,
852,0,8.85,87.76,0.459,1.0,0.0,0.005,0.138,1,17.7
852,1,127.55,39.04,2.959,1.0,0.0,-0.025,0.074,1,15.0
852,2,11.24,72.95,1.909,1.0,0.0,-0.002,0.079,1,
852,3,50.16,106.87,0.515,0.989,0.0,-0.21,0.109,8,
853,0,8.95,87.85,0.459,1.0,0.0,0.0,0.138,1,17.6
853,1,127.49,38.99,2.955,1.0,0.0,-0.025,0.074,1,14.9
853,2,11.2,73.02,1.908,1.0,0.0,-0.002,0.08,1,
853,3,50.27,106.89,0.464,0.997,0.0,-0.102,0.112,8,
854,0,9.05,87.94,0.459,1.0,0.0,-0.003,0.138,1,17.5
854,1,127.44,38.94,2.951,1.0,0.0,-0.025,0.074,1,14.9
854,2,11.17,73.09,1.908,1.0,0.0,-0.002,0.081,1,
854,3,50.39,106.91,0.43,1.0,0.0,-0.02,0.115,8,
855,0,9.15,88.03,0.458,1.0,0.0,-0.005,0.138,1,17.3
855,1,127.38,38.89,2.947,1.0,0.0,-0.025,0.075,1,14.8
855,2,11.13,73.17,1.908,1.0,0.0,-0.002,0.081,1,
855,3,50.5,106.93,0.414,1.0,0.0,0.038,0.116,1,
856,0,9.26,88.13,0.457,1.0,0.0,-0.007,0.138,1,17.2
856,1,127.32,38.84,2.943,1.0,0.0,-0.025,0.075,8,14.8
856,2,11.1,73.24,1.908,1.0,0.0,-0.002,0.082,1,
856,3,50.62,106.95,0.415,0.999,0.0,0.071,0.117,1,
857,0,9.36,88.22,0.455,1.0,0.0,-0.009,0.138,1,17.1
857,1,127.27,38.79,2.939,1.0,0.0,-0.025,0.075,1,14.7
857,2,11.06,73.32,1.907,1.0,0.0,-0.002,0.083,1,
857,3,50.73,106.97,0.428,0.998,0.0,0.079,0.117,1,
858,0,9.46,88.31,0.454,1.0,0.0,-0.01,0.138,1,17.0
858,1,127.21,38.74,2.935,1.0,0.0,-0.025,0.075,8,14.7
858,2,11.03,73.39,1.907,1.0,0.0,-0.002,0.083,1,
858,3,50.85,106.99,0.439,0.999,0.0,0.071,0.117,8,
859,0,9.57,88.4,0.452,1.0,0.0,-0.011,0.138,1,16.8
859,1,127.15,38.7,2.931,1.0,0.0,-0.025,0.075,1,14.6
859,2,10.99,73.47,1.907,1.0,0.0,-0.002,0.084,1,
859,3,50.96,107.01,0.449,0.999,0.0,0.065,0.117,8,
860,0,9.67,88.49,0.45,1.0,0.0,-0.011,0.138,1,16.7
860,1,127.09,38.65,2.927,1.0,0.0,-0.026,0.076,8,14.6
860,2,10.96,73.54,1.906,1.0,0.0,-0.002,0.085,1,
860,3,51.07,107.04,0.459,0.999,0.0,0.061,0.117,1,
861,0,9.78,88.58,0.448,1.0,0.0,-0.012,0.138,1,16.6
861,1,127.03,38.6,2.923,1.0,0.0,-0.026,0.076,1,14.6
861,2,10.92,73.62,1.906,1.0,0.0,-0.002,0.085,1,
861,3,51.19,107.06,0.468,0.999,0.0,0.057,0.117,1,
862,0,9.88,88.66,0.446,1.0,0.0,-0.012,0.137,1,16.4
862,1,126.97,38.55,2.919,1.0,0.0,-0.026,0.076,1,14.5
862,2,10.88,73.7,1.906,1.0,0.0,-0.002,0.086,1,
862,3,51.3,107.09,0.476,0.999,0.0,0.054,0.117,8,
863,0,9.99,88.75,0.444,1.0,0.0,-0.013,0.137,1,16.3
863,1,126.91,38.51,2.915,1.0,0.0,-0.026,0.076,1,14.5
863,2,10.85,73.78,1.905,1.0,0.0,-0.002,0.087,1,
863,3,51.42,107.12,0.484,0.999,0.0,0.052,0.117,1,
864,0,10.1,88.84,0.442,1.0,0.0,-0.013,0.137,1,16.2
864,1,126.85,38.46,2.911,1.0,0.0,-0.026,0.076,1,14.4
864,2,10.81,73.85,1.905,1.0,0.0,-0.002,0.087,1,
864,3,51.53,107.15,0.492,0.999,0.0,0.05,0.117,1,
865,0,10.2,88.92,0.44,1.0,0.0,-0.013,0.137,1,16.0
865,1,126.79,38.41,2.907,1.0,0.0,-0.026,0.077,8,14.4
865,2,10.77,73.93,1.904,1.0,0.0,-0.003,0.088,1,
865,3,51.64,107.18,0.5,0.999,0.0,0.049,0.117,8,
866,0,10.31,89.01,0.438,1.0,0.0,-0.013,0.137,1,15.9
866,1,126.73,38.37,2.903,1.0,0.0,-0.026,0.077,8,14.3
866,2,10.73,74.01,1.904,1.0,0.0,-0.003,0.089,1,
866,3,51.75,107.21,0.507,0.999,0.0,0.048,0.117,1,
867,0,10.42,89.09,0.436,1.0,0.0,-0.013,0.137,1,15.8
867,1,126.67,38.32,2.899,1.0,0.0,-0.026,0.077,8,14.3
867,2,10.69,74.09,1.904,1.0,0.0,-0.003,0.089,1,
867,3,51.87,107.24,0.515,0.999,0.0,0.047,0.117,8,
868,0,10.53,89.17,0.434,1.0,0.0,-0.013,0.137,1,15.6
868,1,126.61,38.28,2.894,1.0,0.0,-0.026,0.077,1,14.2
868,2,10.65,74.18,1.903,1.0,0.0,-0.003,0.09,1,
868,3,51.98,107.27,0.522,0.999,0.0,0.046,0.117,8,
869,0,10.64,89.26,0.432,1.0,0.0,-0.013,0.136,1,15.5
869,1,126.54,38.23,2.89,1.0,0.0,-0.027,0.077,1,14.2
869,2,10.61,74.26,1.903,1.0,0.0,-0.003,0.091,1,
869,3,52.09,107.31,0.529,0.999,0.0,0.046,0.117,8,
870,0,10.75,89.34,0.43,1.0,0.0,-0.013,0.136,1,15.4
870,1,126.48,38.19,2.904,0.287,0.0,1.0,0.078,1,14.1
870,2,10.58,74.34,1.902,1.0,0.0,-0.003,0.091,1,
870,3,52.2,107.34,0.536,0.999,0.0,0.045,0.117,1,
871,0,10.86,89.42,0.428,1.0,0.0,-0.013,0.136,1,15.2
871,1,126.42,38.14,2.934,0.297,0.0,1.0,0.079,1,14.0
871,2,10.54,74.42,1.902,1.0,0.0,-0.003,0.092,1,
871,3,52.31,107.38,0.543,1.0,0.0,0.045,0.117,1,
872,0,10.97,89.5,0.426,1.0,0.0,-0.012,0.136,1,15.1
872,1,126.35,38.09,2.983,0.324,0.0,1.0,0.083,1,13.9
872,2,10.5,74.51,1.901,1.0,0.0,-0.003,0.093,1,
872,3,52.43,107.42,0.55,1.0,0.0,0.045,0.117,1,
873,0,11.08,89.58,0.425,1.0,0.0,-0.012,0.136,1,15.0
873,1,126.28,38.04,3.049,0.367,0.0,1.0,0.087,8,13.9
873,2,10.46,74.59,1.901,1.0,0.0,-0.003,0.093,1,
873,3,52.54,107.46,0.557,1.0,0.0,0.044,0.117,8,
874,0,11.08,89.63,0.44,0.0,0.0,1.0,0.056,1,9.8
874,1,126.2,37.99,3.132,0.425,0.0,1.0,0.093,8,13.8
874,2,10.41,74.65,1.9,1.0,0.0,-0.003,0.071,1,
874,3,52.65,107.5,0.564,1.0,0.0,0.044,0.117,8,
875,0,11.19,89.68,0.438,1.0,0.0,-0.039,0.12,0,14.8
875,1,126.12,37.94,-3.05,0.497,0.0,1.0,0.1,8,13.7
875,2,10.41,74.65,1.882,0.0,0.0,-1.0,0.0,0,
875,3,52.76,107.54,0.571,1.0,0.0,0.044,0.117,1,
876,0,11.4,89.79,0.454,0.595,0.0,1.0,0.24,0,50.3
876,1,126.03,37.88,-2.932,0.579,0.0,1.0,0.106,8,13.6
876,2,10.41,74.67,1.847,0.017,0.0,-1.0,0.025,0,
876,3,52.87,107.58,0.578,1.0,0.0,0.044,0.118,1,
877,0,11.73,89.94,0.452,0.999,0.0,-0.06,0.36,0,14.2
877,1,125.93,37.82,-2.796,0.669,0.0,1.0,0.113,1,13.5
877,2,10.39,74.75,1.794,0.052,0.0,-1.0,0.078,0,
877,3,52.98,107.62,0.585,1.0,0.0,0.044,0.118,1,
878,0,12.16,90.15,0.467,0.594,0.0,1.0,0.48,0,49.4
878,1,125.83,37.76,-2.643,0.761,0.0,1.0,0.117,8,13.4
878,2,10.35,74.9,1.724,0.103,0.0,-1.0,0.155,0,
878,3,53.09,107.66,0.592,1.0,0.0,0.043,0.118,1,
879,0,12.7,90.42,0.501,0.598,0.0,1.0,0.6,0,48.8
879,1,125.73,37.69,-2.507,0.849,0.0,0.796,0.12,1,13.3
879,2,10.31,75.15,1.636,0.171,0.0,-1.0,0.256,0,
879,3,53.19,107.71,0.598,1.0,0.0,0.043,0.118,8,
880,0,13.25,90.74,0.551,0.613,0.0,1.0,0.637,1,48.2
880,1,125.63,37.62,-2.389,0.911,0.0,0.608,0.12,0,13.2
880,2,10.29,75.53,1.53,0.267,0.0,-1.0,0.376,0,
880,3,53.3,107.76,0.588,0.39,0.0,-1.0,0.118,8,
881,0,13.24,90.75,0.619,0.643,0.0,1.0,0.018,1,48.2
881,1,125.46,37.46,-2.288,0.952,0.0,0.445,0.24,0,12.9
881,2,10.31,76.02,1.407,0.347,0.0,-1.0,0.496,0,
881,3,53.41,107.8,0.56,0.396,0.0,-1.0,0.118,1,
882,0,13.12,91.07,0.705,0.694,0.0,1.0,0.339,4,48.2
882,1,125.22,37.19,-2.205,0.977,0.0,0.309,0.36,0,12.6
882,2,10.35,76.32,1.267,0.435,0.0,-1.0,0.306,1,
882,3,53.52,107.85,0.514,0.418,0.0,-1.0,0.119,1,
883,0,13.08,91.15,0.808,0.764,0.0,1.0,0.086,5,48.2
883,1,124.94,36.8,-2.139,0.99,0.0,0.199,0.48,0,12.1
883,2,10.38,76.39,1.11,0.543,0.0,-1.0,0.075,1,
883,3,53.63,107.9,0.451,0.455,0.0,-1.0,0.12,8,
884,0,13.05,91.23,0.928,0.828,0.0,0.85,0.09,5,48.1
884,1,124.62,36.29,-2.09,0.997,0.0,0.112,0.6,0,11.5
884,2,10.42,76.46,0.952,0.665,0.0,-1.0,0.084,1,
884,3,53.74,107.95,0.37,0.506,0.0,-1.0,0.12,1,
885,0,13.02,91.32,1.034,0.892,0.0,0.671,0.093,5,48.1
885,1,124.26,35.67,-2.06,0.999,0.0,0.049,0.72,0,10.8
885,2,10.49,76.53,0.798,0.772,0.0,-0.985,0.096,1,
885,3,53.85,107.99,0.272,0.57,0.0,-1.0,0.12,0,
886,0,12.99,91.41,1.122,0.936,0.0,0.514,0.094,4,48.1
886,1,123.86,34.93,-2.046,1.0,0.0,0.008,0.84,0,10.0
886,2,10.57,76.6,0.661,0.859,0.0,-0.769,0.107,1,
886,3,54.08,108.06,0.156,0.645,0.0,-1.0,0.24,0,
887,0,12.96,91.49,1.192,0.964,0.0,0.382,0.092,5,48.1
887,1,123.55,34.32,-2.05,0.0,0.0,-1.0,0.68,0,14.7
887,2,10.66,76.67,0.541,0.919,0.0,-0.577,0.115,1,
887,3,54.44,108.12,0.023,0.723,0.0,-1.0,0.36,0,
888,0,12.93,91.58,1.245,0.982,0.0,0.275,0.091,1,48.1
888,1,123.18,33.61,-2.037,0.984,0.0,0.257,0.8,0,9.2
888,2,10.76,76.73,0.439,0.959,0.0,-0.411,0.12,0,
888,3,54.92,108.13,-0.121,0.801,0.0,-0.916,0.48,0,
889,0,12.89,91.69,1.28,0.991,0.0,0.193,0.117,4,48.1
889,1,122.9,33.04,-2.041,0.0,0.0,-1.0,0.64,0,15.8
889,2,10.98,76.81,0.354,0.982,0.0,-0.268,0.229,1,
889,3,55.51,108.05,-0.247,0.872,0.0,-0.73,0.6,0,
890,0,12.86,91.79,1.302,0.996,0.0,0.134,0.099,1,48.1
890,1,122.68,32.61,-2.063,0.0,0.0,-1.0,0.48,0,16.1
890,2,11.09,76.86,0.287,0.994,0.0,-0.151,0.12,0,
890,3,56.21,107.88,-0.356,0.922,0.0,-0.569,0.72,0,
891,0,12.83,91.88,1.317,0.998,0.0,0.097,0.101,1,48.0
891,1,122.53,32.33,-2.102,0.0,0.0,-1.0,0.32,0,16.4
891,2,11.32,76.92,0.237,0.999,0.0,-0.057,0.24,0,
891,3,57.0,107.58,-0.448,0.954,0.0,-0.434,0.84,0,
892,0,12.8,91.98,1.328,0.999,0.0,0.068,0.102,1,48.0
892,1,122.45,32.19,-2.159,0.0,0.0,-1.0,0.16,0,16.5
892,2,11.67,77.01,0.205,1.0,0.0,0.012,0.36,0,
892,3,57.86,107.17,-0.521,0.975,0.0,-0.322,0.96,0,
893,0,12.77,92.09,1.335,0.999,0.0,0.046,0.111,6,48.0
893,1,122.45,32.19,-2.233,0.0,0.0,-1.0,0.0,0,16.5
893,2,12.14,77.1,0.19,0.999,0.0,0.057,0.478,1,
893,3,58.8,106.63,-0.578,0.987,0.0,-0.233,1.08,0,
894,0,12.74,92.19,1.339,1.0,0.0,0.028,0.104,1,48.0
894,1,122.45,32.19,-2.325,0.0,0.0,-1.0,0.0,0,16.5
894,2,12.26,77.12,0.193,0.998,0.0,0.078,0.12,0,
894,3,59.8,105.98,-0.617,0.993,0.0,-0.168,1.2,0,
895,0,12.71,92.29,1.341,1.0,0.0,0.014,0.105,1,48.0
895,1,122.45,32.19,-2.434,0.0,0.0,-1.0,0.0,0,16.5
895,2,12.5,77.17,0.204,0.999,0.0,0.075,0.24,0,
895,3,60.88,105.21,-0.638,0.996,0.0,-0.125,1.32,0,
896,0,12.68,92.39,1.342,1.0,0.0,0.003,0.106,1,47.9
896,1,122.45,32.19,-2.56,0.0,0.0,-1.0,0.0,0,16.5
896,2,12.85,77.24,0.214,0.999,0.0,0.059,0.36,0,
896,3,62.04,104.35,-0.655,0.997,0.0,-0.105,1.44,0,
897,0,12.65,92.49,1.341,1.0,0.0,-0.005,0.106,1,47.9
897,1,122.45,32.19,-2.705,0.0,0.0,-1.0,0.0,0,16.5
897,2,13.32,77.34,0.221,0.999,0.0,0.047,0.48,0,
897,3,63.23,103.44,-0.669,0.998,0.0,-0.093,1.497,0,
898,0,12.63,92.59,1.339,1.0,0.0,-0.012,0.107,2,47.9
898,1,122.45,32.19,-2.862,0.0,0.0,-1.0,0.0,0,16.5
898,2,13.9,77.47,0.227,1.0,0.0,0.039,0.6,0,
898,3,64.4,102.51,-0.682,0.998,0.0,-0.084,1.497,0,
899,0,12.6,92.7,1.336,1.0,0.0,-0.017,0.107,1,47.9
899,1,122.45,32.19,-3.019,0.0,0.0,-1.0,0.0,0,16.5
899,2,14.6,77.64,0.232,1.0,0.0,0.034,0.72,0,
899,3,65.56,101.57,-0.695,0.999,0.0,-0.077,1.498,0,
900,0,12.58,92.8,1.333,1.0,0.0,-0.021,0.107,2,47.9
900,1,122.34,32.18,3.107,0.072,0.0,-1.0,0.109,0,16.5
900,2,15.42,77.83,0.238,1.0,0.0,0.033,0.84,0,
900,3,66.59,100.71,-0.689,0.0,0.0,1.0,1.338,0,
901,0,12.55,92.91,1.329,1.0,0.0,-0.024,0.108,1,47.8
901,1,122.11,32.19,2.95,0.221,0.0,-1.0,0.229,0,16.4
901,2,16.35,78.05,0.243,1.0,0.0,0.035,0.96,0,
901,3,67.5,99.96,-0.666,0.0,0.0,1.0,1.178,0,
902,0,12.53,93.01,1.325,1.0,0.0,-0.026,0.108,1,47.8
902,1,121.77,32.25,2.793,0.358,0.0,-1.0,0.349,0,16.3
902,2,17.4,78.31,0.25,1.0,0.0,0.042,1.08,0,
902,3,68.3,99.34,-0.626,0.0,0.0,1.0,1.018,0,
903,0,12.51,93.12,1.321,1.0,0.0,-0.028,0.108,2,47.8
903,1,121.33,32.41,2.636,0.483,0.0,-1.0,0.469,0,16.1
903,2,18.57,78.61,0.258,0.999,0.0,0.053,1.2,0,
903,3,68.99,98.83,-0.568,0.0,0.0,1.0,0.858,0,
904,0,12.49,93.23,1.316,1.0,0.0,-0.03,0.108,1,47.8
904,1,120.81,32.7,2.479,0.593,0.0,-1.0,0.589,0,15.8
904,2,19.84,78.95,0.269,0.999,0.0,0.069,1.32,0,
904,3,69.58,98.46,-0.493,0.0,0.0,1.0,0.698,0,
905,0,12.47,93.33,1.311,1.0,0.0,-0.031,0.109,1,47.7
905,1,120.25,33.13,2.322,0.691,0.0,-1.0,0.709,0,15.3
905,2,21.23,79.33,0.283,0.998,0.0,0.092,1.44,0,
905,3,70.06,98.2,-0.4,0.0,0.0,1.0,0.538,0,
906,0,12.45,93.44,1.306,1.0,0.0,-0.032,0.109,1,47.7
906,1,119.69,33.74,2.168,0.774,0.0,-0.979,0.829,0,14.6
906,2,22.66,79.75,0.302,0.996,0.0,0.12,1.495,0,
906,3,70.4,98.06,-0.29,0.0,0.0,1.0,0.378,0,
907,0,12.43,93.55,1.301,1.0,0.0,-0.033,0.109,1,47.7
907,1,119.31,34.29,2.032,0.0,0.0,1.0,0.669,0,9.6
907,2,24.09,80.19,0.326,0.994,0.0,0.153,1.491,0,
907,3,70.61,97.99,-0.162,0.0,0.0,1.0,0.218,0,
908,0,12.41,93.66,1.296,1.0,0.0,-0.034,0.109,1,47.6
908,1,118.96,35.0,1.913,0.898,0.0,-0.652,0.789,0,13.4
908,2,25.5,80.67,0.356,0.991,0.0,0.188,1.487,0,
908,3,70.67,97.98,-0.016,0.0,0.0,1.0,0.058,0,
909,0,12.39,93.76,1.29,1.0,0.0,-0.034,0.109,1,47.6
909,1,118.66,35.85,1.812,0.864,0.0,0.531,0.909,0,8.4
909,2,26.89,81.18,0.391,0.988,0.0,0.222,1.482,0,
909,3,70.67,97.98,0.141,0.0,0.0,1.0,0.0,0,
910,0,12.38,93.87,1.285,1.0,0.0,-0.035,0.11,1,47.6
910,1,118.34,35.91,1.728,0.959,0.0,-0.412,0.319,1,12.5
910,2,28.25,81.75,0.43,0.984,0.0,0.254,1.476,0,
910,3,70.67,97.98,0.298,0.0,0.0,1.0,0.0,0,
911,0,12.36,93.98,1.279,1.0,0.0,-0.035,0.11,1,47.5
911,1,118.31,35.91,1.662,0.974,0.0,-0.328,0.028,1,12.5
911,2,29.59,82.36,0.475,0.98,0.0,0.284,1.471,0,
911,3,70.67,97.98,0.455,0.0,0.0,1.0,0.0,0,
912,0,12.35,94.09,1.274,1.0,0.0,-0.036,0.11,1,47.5
912,1,118.29,35.91,1.613,0.986,0.0,-0.237,0.02,8,12.5
912,2,30.89,83.03,0.524,0.977,0.0,0.309,1.465,0,
912,3,70.78,98.04,0.612,0.082,0.0,1.0,0.12,0,
913,0,12.34,94.2,1.268,1.0,0.0,-0.036,0.11,1,47.5
913,1,118.28,35.92,1.582,0.993,0.0,-0.169,0.014,8,12.5
913,2,32.16,83.76,0.575,0.974,0.0,0.328,1.461,0,
913,3,70.97,98.17,0.769,0.232,0.0,1.0,0.24,0,
914,0,12.33,94.31,1.262,1.0,0.0,-0.036,0.11,1,47.4
914,1,118.27,35.92,1.562,0.996,0.0,-0.126,0.011,1,12.5
914,2,33.38,84.55,0.629,0.972,0.0,0.341,1.458,0,
914,3,71.23,98.42,0.926,0.374,0.0,1.0,0.36,0,
915,0,12.31,94.42,1.256,1.0,0.0,-0.037,0.11,1,47.4
915,1,118.26,35.92,1.547,0.998,0.0,-0.099,0.008,1,12.5
915,2,34.56,85.41,0.683,0.971,0.0,0.346,1.456,0,
915,3,71.52,98.81,1.083,0.505,0.0,1.0,0.48,0,
916,0,12.3,94.53,1.251,1.0,0.0,-0.037,0.11,1,47.4
916,1,118.25,35.92,1.534,0.999,0.0,-0.078,0.007,1,12.5
916,2,35.69,86.33,0.737,0.971,0.0,0.342,1.457,0,
916,3,71.8,99.34,1.24,0.625,0.0,1.0,0.6,0,
917,0,12.29,94.64,1.245,1.0,0.0,-0.037,0.111,1,47.3
917,1,118.25,35.92,1.525,0.999,0.0,-0.061,0.005,8,12.5
917,2,36.78,87.32,0.781,0.981,0.0,0.279,1.471,0,
917,3,72.04,100.02,1.397,0.73,0.0,1.0,0.72,0,
918,0,12.29,94.75,1.239,1.0,0.0,-0.037,0.111,1,47.3
918,1,118.24,35.92,1.517,0.999,0.0,-0.048,0.004,1,12.5
918,2,37.83,88.36,0.813,0.989,0.0,0.207,1.484,0,
918,3,72.18,100.85,1.537,0.821,0.0,0.868,0.84,0,
919,0,12.28,94.86,1.233,1.0,0.0,-0.038,0.111,1,47.3
919,1,118.24,35.92,1.511,1.0,0.0,-0.038,0.003,1,12.5
919,2,38.86,89.45,0.832,0.997,0.0,0.117,1.495,0,
919,3,72.21,101.81,1.659,0.887,0.0,0.685,0.96,0,
920,0,12.27,94.97,1.227,1.0,0.0,-0.038,0.111,1,47.2
920,1,118.24,35.92,1.523,0.0,0.0,1.0,0.0,0,25.2
920,2,39.87,90.56,0.839,0.999,0.0,0.048,1.499,0,
920,3,72.13,102.79,1.799,0.659,0.0,1.0,0.989,0,
921,0,12.27,95.08,1.221,1.0,0.0,-0.038,0.111,1,47.2
921,1,118.24,35.92,1.552,0.0,0.0,1.0,0.0,0,25.2
921,2,40.87,91.67,0.838,1.0,0.0,-0.004,1.5,0,
921,3,71.88,103.87,1.956,0.74,0.0,1.0,1.109,0,
922,0,12.26,95.19,1.215,1.0,0.0,-0.038,0.111,2,47.1
922,1,118.24,35.92,1.598,0.0,0.0,1.0,0.0,0,25.2
922,2,41.87,92.79,0.832,1.0,0.0,-0.041,1.499,0,
922,3,71.42,105.01,2.095,0.822,0.0,0.867,1.229,0,
923,0,12.26,95.3,1.209,1.0,0.0,-0.038,0.111,1,47.1
923,1,118.24,35.92,1.663,0.0,0.0,1.0,0.0,0,25.2
923,2,42.88,93.89,0.822,0.999,0.0,-0.066,1.498,0,
923,3,70.75,106.15,2.217,0.881,0.0,0.704,1.321,0,
924,0,12.26,95.41,1.203,1.0,0.0,-0.038,0.112,2,47.1
924,1,118.24,35.92,1.744,0.0,0.0,1.0,0.0,0,25.2
924,2,43.9,94.99,0.809,0.998,0.0,-0.08,1.498,0,
924,3,69.92,107.26,2.322,0.923,0.0,0.564,1.384,0,
925,0,12.26,95.53,1.197,1.0,0.0,-0.039,0.112,2,47.0
925,1,118.24,35.92,1.843,0.0,0.0,1.0,0.0,0,25.2
925,2,44.94,96.08,0.796,0.998,0.0,-0.085,1.497,0,
925,3,68.95,108.3,2.409,0.952,0.0,0.446,1.428,0,
926,0,12.26,95.64,1.191,1.0,0.0,-0.039,0.112,1,47.0
926,1,118.24,35.92,1.96,0.0,0.0,1.0,0.0,0,25.2
926,2,45.98,97.15,0.783,0.998,0.0,-0.083,1.497,0,
926,3,67.86,109.28,2.478,0.97,0.0,0.348,1.456,0,
927,0,12.26,95.75,1.185,1.0,0.0,-0.039,0.112,1,46.9
927,1,118.24,35.92,2.094,0.0,0.0,1.0,0.0,0,25.2
927,2,47.05,98.2,0.771,0.999,0.0,-0.074,1.498,0,
927,3,66.7,110.18,2.531,0.982,0.0,0.272,1.473,0,
928,0,12.26,95.86,1.179,1.0,0.0,-0.039,0.112,1,46.9
928,1,118.19,35.92,2.245,0.065,0.0,1.0,0.055,1,25.2
928,2,48.12,99.25,0.762,0.999,0.0,-0.06,1.499,0,
928,3,65.49,111.03,2.565,0.988,0.0,0.217,1.483,0,
929,0,12.26,95.97,1.173,1.0,0.0,-0.039,0.112,1,46.8
929,1,118.1,35.93,2.402,0.213,0.0,1.0,0.083,8,25.1
929,2,49.21,100.28,0.755,1.0,0.0,-0.041,1.499,0,
929,3,64.24,111.84,2.594,0.992,0.0,0.184,1.488,0,
930,0,12.26,96.09,1.166,1.0,0.0,-0.039,0.112,1,46.8
930,1,118.01,35.94,2.56,0.362,0.0,1.0,0.096,1,25.0
930,2,50.3,101.31,0.752,1.0,0.0,-0.018,1.5,0,
930,3,62.97,112.62,2.619,0.994,0.0,0.159,1.491,0,
931,0,12.27,96.2,1.16,1.0,0.0,-0.04,0.112,1,46.7
931,1,117.9,35.95,2.717,0.502,0.0,1.0,0.107,1,24.9
931,2,51.39,102.33,0.753,1.0,0.0,0.008,1.5,0,
931,3,61.67,113.37,2.641,0.995,0.0,0.138,1.493,0,
932,0,12.27,96.31,1.154,1.0,0.0,-0.04,0.112,1,46.7
932,1,117.79,35.96,2.874,0.629,0.0,1.0,0.114,1,24.8
932,2,51.99,102.68,0.759,1.0,0.0,0.036,0.685,1,
932,3,60.86,114.77,2.66,0.996,0.0,0.121,1.618,1,
933,0,12.28,96.42,1.148,1.0,0.0,-0.04,0.113,1,46.7
933,1,117.67,35.98,3.031,0.741,0.0,1.0,0.119,1,24.7
933,2,52.03,102.7,0.769,0.999,0.0,0.062,0.055,1,
933,3,60.8,114.88,2.691,0.991,0.0,0.197,0.129,1,
934,0,12.29,96.54,1.141,1.0,0.0,-0.04,0.113,1,46.6
934,1,117.55,35.99,-3.113,0.836,0.0,0.831,0.12,0,24.6
934,2,52.08,102.73,0.777,0.999,0.0,0.051,0.054,1,
934,3,60.73,114.99,2.716,0.994,0.0,0.161,0.128,1,
935,0,12.3,96.65,1.135,1.0,0.0,-0.04,0.113,1,46.6
935,1,117.31,35.98,-2.991,0.903,0.0,0.635,0.24,0,24.4
935,2,52.13,102.76,0.784,1.0,0.0,0.043,0.053,1,
935,3,60.66,115.09,2.737,0.996,0.0,0.134,0.128,1,
936,0,12.31,96.76,1.129,1.0,0.0,-0.04,0.113,1,46.5
936,1,116.96,35.93,-2.886,0.947,0.0,0.467,0.36,0,24.1
936,2,52.17,102.78,0.789,1.0,0.0,0.036,0.052,1,
936,3,60.59,115.2,2.755,0.997,0.0,0.112,0.127,1,
937,0,12.32,96.87,1.122,1.0,0.0,-0.041,0.113,1,46.5
937,1,116.49,35.81,-2.799,0.974,0.0,0.324,0.48,0,23.6
937,2,52.22,102.81,0.794,1.0,0.0,0.031,0.052,1,
937,3,60.52,115.3,2.77,0.998,0.0,0.096,0.127,1,
938,0,12.33,96.99,1.116,1.0,0.0,-0.041,0.113,1,46.4
938,1,115.93,35.61,-2.73,0.99,0.0,0.207,0.6,0,23.0
938,2,52.26,102.84,0.798,1.0,0.0,0.026,0.052,1,
938,3,60.44,115.41,2.783,0.998,0.0,0.083,0.127,1,
939,0,12.34,97.1,1.11,1.0,0.0,-0.041,0.113,1,46.3
939,1,115.27,35.32,-2.677,0.997,0.0,0.112,0.72,0,22.3
939,2,52.31,102.86,0.802,1.0,0.0,0.023,0.052,1,
939,3,60.37,115.51,2.794,0.999,0.0,0.073,0.126,1,
940,0,12.36,97.21,1.103,1.0,0.0,-0.041,0.113,1,46.3
940,1,114.51,34.94,-2.643,1.0,0.0,0.042,0.84,0,21.5
940,2,52.36,102.89,0.805,1.0,0.0,0.021,0.059,1,
940,3,60.35,115.59,2.804,0.999,0.0,0.065,0.081,3,
941,0,12.37,97.32,1.097,1.0,0.0,-0.041,0.113,1,46.2
941,1,113.67,34.48,-2.626,1.0,0.0,-0.006,0.96,0,20.5
941,2,52.41,102.93,0.808,1.0,0.0,0.019,0.064,1,
941,3,60.36,115.65,2.813,0.999,0.0,0.058,0.061,2,
942,0,12.39,97.44,1.09,1.0,0.0,-0.041,0.114,2,46.2
942,1,112.73,33.95,-2.626,1.0,0.0,-0.031,1.08,0,19.4
942,2,52.46,102.97,0.811,1.0,0.0,0.018,0.064,1,
942,3,60.38,115.7,2.822,0.999,0.0,0.052,0.061,3,
943,0,12.41,97.55,1.084,1.0,0.0,-0.041,0.114,1,46.1
943,1,111.69,33.36,-2.631,1.0,0.0,-0.032,1.2,0,18.2
943,2,52.51,103.0,0.814,1.0,0.0,0.016,0.064,1,
943,3,60.4,115.76,2.829,0.999,0.0,0.047,0.061,2,
944,0,12.42,97.66,1.077,1.0,0.0,-0.042,0.114,2,46.1
944,1,110.54,32.71,-2.635,1.0,0.0,-0.027,1.32,0,16.9
944,2,52.56,103.04,0.816,1.0,0.0,0.016,0.063,1,
944,3,60.42,115.82,2.836,1.0,0.0,0.044,0.061,2,
945,0,12.44,97.77,1.071,1.0,0.0,-0.042,0.114,2,46.0
945,1,109.28,32.02,-2.639,1.0,0.0,-0.023,1.44,0,15.5
945,2,52.61,103.08,0.818,1.0,0.0,0.015,0.063,1,
945,3,60.43,115.88,2.842,1.0,0.0,0.041,0.061,2,
946,0,12.46,97.89,1.064,1.0,0.0,-0.042,0.114,1,46.0
946,1,107.96,31.29,-2.642,1.0,0.0,-0.02,1.5,0,14.0
946,2,52.67,103.11,0.821,1.0,0.0,0.014,0.063,1,
946,3,60.45,115.94,2.848,1.0,0.0,0.039,0.06,2,
947,0,12.48,98.0,1.057,1.0,0.0,-0.042,0.114,1,45.9
947,1,106.79,30.65,-2.628,0.0,0.0,1.0,1.34,0,14.4
947,2,52.72,103.15,0.823,1.0,0.0,0.014,0.063,1,
947,3,60.47,116.0,2.854,1.0,0.0,0.037,0.06,3,
948,0,12.51,98.11,1.051,1.0,0.0,-0.042,0.114,1,45.8
948,1,106.69,30.56,-2.596,0.0,0.0,1.0,0.131,8,14.4
948,2,52.77,103.19,0.825,1.0,0.0,0.014,0.063,1,
948,3,60.48,116.05,2.86,1.0,0.0,0.035,0.06,3,
949,0,12.53,98.22,1.044,1.0,0.0,-0.042,0.114,1,45.8
949,1,106.69,30.56,-2.546,0.0,0.0,1.0,0.0,8,14.4
949,2,52.82,103.23,0.827,1.0,0.0,0.013,0.063,1,
949,3,60.5,116.11,2.865,1.0,0.0,0.034,0.06,3,
950,0,12.55,98.33,1.038,1.0,0.0,-0.042,0.114,1,45.7
950,1,106.69,30.56,-2.48,0.0,0.0,1.0,0.0,8,14.4
950,2,52.87,103.26,0.829,1.0,0.0,0.013,0.063,1,
950,3,60.51,116.17,2.87,1.0,0.0,0.034,0.06,2,
951,0,12.58,98.44,1.031,1.0,0.0,-0.042,0.114,1,45.7
951,1,106.69,30.56,-2.395,0.0,0.0,1.0,0.0,8,14.4
951,2,52.92,103.3,0.831,1.0,0.0,0.013,0.063,1,
951,3,60.53,116.23,2.876,1.0,0.0,0.033,0.06,2,
952,0,12.61,98.56,1.024,1.0,0.0,-0.042,0.115,2,45.6
952,1,106.69,30.56,-2.293,0.0,0.0,1.0,0.0,8,14.4
952,2,52.97,103.34,0.833,1.0,0.0,0.013,0.063,1,
952,3,60.54,116.29,2.881,1.0,0.0,0.032,0.06,2,
953,0,12.63,98.67,1.018,1.0,0.0,-0.043,0.115,2,45.5
953,1,106.69,30.56,-2.174,0.0,0.0,1.0,0.0,8,14.4
953,2,53.02,103.37,0.835,1.0,0.0,0.013,0.063,1,
953,3,60.55,116.34,2.886,1.0,0.0,0.032,0.06,2,
954,0,12.66,98.78,1.011,1.0,0.0,-0.043,0.115,2,45.5
954,1,106.69,30.56,-2.037,0.0,0.0,1.0,0.0,8,14.4
954,2,53.07,103.41,0.837,1.0,0.0,0.013,0.063,1,
954,3,60.57,116.4,2.891,1.0,0.0,0.032,0.06,2,
955,0,12.69,98.89,1.004,1.0,0.0,-0.043,0.115,1,45.4
955,1,106.71,30.52,-1.883,0.052,0.0,1.0,0.045,8,14.4
955,2,53.12,103.45,0.839,1.0,0.0,0.013,0.063,1,
955,3,60.58,116.46,2.896,1.0,0.0,0.031,0.06,2,
956,0,12.72,99.0,0.997,1.0,0.0,-0.043,0.115,1,45.3
956,1,106.75,30.45,-1.726,0.203,0.0,1.0,0.085,1,14.3
956,2,53.17,103.49,0.841,1.0,0.0,0.013,0.063,1,
956,3,60.6,116.52,2.9,1.0,0.0,0.031,0.06,3,
957,0,12.75,99.11,0.991,1.0,0.0,-0.043,0.115,2,45.3
957,1,106.8,30.36,-1.569,0.351,0.0,1.0,0.098,8,14.3
957,2,53.22,103.52,0.843,1.0,0.0,0.013,0.063,1,
957,3,60.61,116.58,2.905,1.0,0.0,0.031,0.06,3,
958,0,12.79,99.22,0.984,1.0,0.0,-0.043,0.115,1,45.2
958,1,106.84,30.26,-1.411,0.49,0.0,1.0,0.108,8,14.2
958,2,53.27,103.56,0.845,1.0,0.0,0.013,0.063,1,
958,3,60.62,116.64,2.91,1.0,0.0,0.031,0.06,2,
959,0,12.82,99.33,0.977,1.0,0.0,-0.043,0.115,1,45.1
959,1,106.89,30.16,-1.254,0.617,0.0,1.0,0.115,8,14.1
959,2,53.32,103.6,0.847,1.0,0.0,0.013,0.063,1,
959,3,60.63,116.7,2.915,1.0,0.0,0.031,0.06,3,
960,0,12.85,99.44,0.97,1.0,0.0,-0.043,0.115,1,45.1
960,1,106.95,30.05,-1.115,0.94,0.0,-0.498,0.119,1,44.9
960,2,53.38,103.64,0.849,1.0,0.0,0.013,0.064,1,
960,3,60.66,116.75,2.937,0.0,0.0,1.0,0.059,1,
961,0,12.89,99.55,0.963,1.0,0.0,-0.043,0.115,3,45.0
961,1,107.0,29.94,-0.993,0.88,0.0,-0.706,0.12,0,44.8
961,2,53.43,103.67,0.851,1.0,0.0,0.013,0.064,1,
961,3,60.69,116.8,2.977,0.0,0.0,1.0,0.059,1,
962,0,12.93,99.66,0.957,1.0,0.0,-0.043,0.115,1,44.9
962,1,107.13,29.74,-0.888,0.812,0.0,-0.889,0.24,0,44.8
962,2,53.48,103.71,0.853,1.0,0.0,0.013,0.064,1,
962,3,60.72,116.85,3.035,0.0,0.0,1.0,0.059,1,
963,0,12.96,99.77,0.95,1.0,0.0,-0.043,0.115,1,44.9
963,1,107.36,29.46,-0.801,0.738,0.0,-1.0,0.36,0,44.8
963,2,53.53,103.75,0.855,1.0,0.0,0.013,0.064,1,
963,3,60.75,116.9,3.109,0.0,0.0,1.0,0.059,1,
964,0,13.0,99.88,0.943,1.0,0.0,-0.044,0.116,1,44.8
964,1,107.69,29.12,-0.731,0.66,0.0,-1.0,0.48,0,44.9
964,2,53.58,103.79,0.858,1.0,0.0,0.013,0.064,1,
964,3,60.78,116.95,-3.081,0.0,0.0,1.0,0.059,1,
965,0,13.04,99.99,0.936,1.0,0.0,-0.044,0.116,1,44.7
965,1,108.14,28.72,-0.679,0.582,0.0,-1.0,0.6,0,45.0
965,2,53.63,103.83,0.86,1.0,0.0,0.013,0.064,1,
965,3,60.8,117.0,-2.972,0.0,0.0,1.0,0.059,1,
966,0,13.08,100.09,0.929,1.0,0.0,-0.044,0.116,2,44.6
966,1,108.7,28.26,-0.645,0.505,0.0,-1.0,0.72,0,45.2
966,2,53.68,103.87,0.862,1.0,0.0,0.013,0.064,1,
966,3,60.83,117.06,-2.844,0.0,0.0,1.0,0.059,1,
967,0,13.13,100.2,0.922,1.0,0.0,-0.044,0.116,1,44.6
967,1,109.21,27.88,-0.628,0.43,0.0,-1.0,0.646,0,45.4
967,2,53.73,103.91,0.864,1.0,0.0,0.013,0.064,1,
967,3,60.86,117.11,-2.699,0.0,0.0,1.0,0.059,1,
968,0,13.17,100.31,0.916,1.0,0.0,-0.044,0.116,2,44.5
968,1,109.67,27.55,-0.628,0.373,0.0,-1.0,0.56,0,45.6
968,2,53.78,103.95,0.866,1.0,0.0,0.013,0.064,1,
968,3,60.89,117.16,-2.542,0.0,0.0,1.0,0.059,1,
969,0,13.21,100.42,0.909,1.0,0.0,-0.044,0.116,2,44.4
969,1,110.07,27.25,-0.646,0.336,0.0,-1.0,0.504,0,45.7
969,2,53.83,103.99,0.868,1.0,0.0,0.013,0.064,1,
969,3,60.91,117.21,-2.385,0.0,0.0,1.0,0.059,1,
970,0,13.26,100.52,0.902,1.0,0.0,-0.044,0.116,1,44.4
970,1,110.45,26.96,-0.682,0.318,0.0,-1.0,0.477,0,45.9
970,2,53.86,104.0,0.87,1.0,0.0,0.013,0.033,1,
970,3,60.9,117.24,-2.228,0.053,0.0,1.0,0.033,1,
971,0,13.3,100.63,0.895,1.0,0.0,-0.044,0.116,1,44.3
971,1,110.82,26.66,-0.734,0.318,0.0,-1.0,0.477,0,46.0
971,2,53.88,103.98,0.872,1.0,0.0,0.013,0.026,1,
971,3,60.88,117.25,-2.071,0.209,0.0,1.0,0.021,1,
972,0,13.35,100.74,0.888,1.0,0.0,-0.044,0.116,1,44.2
972,1,111.2,26.33,-0.805,0.334,0.0,-1.0,0.502,0,46.2
972,2,53.91,103.97,0.874,1.0,0.0,0.014,0.026,1,
972,3,60.88,117.25,-1.914,0.359,0.0,1.0,0.002,1,
973,0,13.4,100.84,0.881,1.0,0.0,-0.044,0.116,1,44.1
973,1,111.58,25.93,-0.893,0.365,0.0,-1.0,0.547,0,46.3
973,2,53.93,103.96,0.876,1.0,0.0,0.014,0.025,1,
973,3,60.9,117.24,-1.757,0.501,0.0,1.0,0.017,1,
974,0,13.45,100.95,0.874,1.0,0.0,-0.044,0.116,2,44.0
974,1,111.96,25.46,-0.998,0.407,0.0,-1.0,0.611,0,46.4
974,2,53.95,103.95,0.878,1.0,0.0,0.014,0.025,1,
974,3,60.93,117.23,-1.6,0.63,0.0,1.0,0.035,1,
975,0,13.5,101.05,0.867,1.0,0.0,-0.044,0.116,2,44.0
975,1,112.33,24.88,-1.121,0.46,0.0,-1.0,0.69,0,46.4
975,2,53.98,103.94,0.881,1.0,0.0,0.014,0.025,1,
975,3,60.98,117.21,-1.443,0.744,0.0,1.0,0.053,1,
976,0,13.55,101.16,0.86,1.0,0.0,-0.044,0.116,2,43.9
976,1,112.67,24.17,-1.262,0.521,0.0,-1.0,0.782,0,46.4
976,2,54.0,103.94,0.883,1.0,0.0,0.014,0.026,1,
976,3,61.04,117.18,-1.303,0.839,0.0,0.821,0.07,1,
977,0,13.6,101.26,0.853,1.0,0.0,-0.044,0.116,1,43.8
977,1,112.94,23.33,-1.419,0.589,0.0,-1.0,0.884,0,46.2
977,2,54.03,103.94,0.885,1.0,0.0,0.014,0.028,1,
977,3,61.12,117.16,-1.181,0.907,0.0,0.621,0.084,1,
978,0,13.65,101.37,0.847,1.0,0.0,-0.044,0.117,1,43.7
978,1,113.09,22.35,-1.576,0.661,0.0,-1.0,0.992,0,45.9
978,2,54.06,103.95,0.887,1.0,0.0,0.014,0.031,1,
978,3,61.21,117.13,-1.077,0.952,0.0,0.446,0.095,1,
979,0,13.71,101.47,0.84,1.0,0.0,-0.044,0.117,1,43.6
979,1,113.09,21.26,-1.733,0.725,0.0,-1.0,1.087,0,45.4
979,2,54.09,103.96,0.889,1.0,0.0,0.013,0.034,1,
979,3,61.32,117.11,-0.989,0.979,0.0,0.295,0.104,1,
980,0,13.76,101.57,0.833,1.0,0.0,-0.044,0.117,1,43.6
980,1,112.9,20.11,-1.884,0.781,0.0,-0.964,1.172,0,44.8
980,2,54.12,103.98,0.891,1.0,0.0,0.013,0.037,1,
980,3,61.42,117.08,-0.92,0.993,0.0,0.17,0.111,1,
981,0,13.82,101.67,0.826,1.0,0.0,-0.044,0.117,1,43.5
981,1,112.52,18.93,-2.018,0.829,0.0,-0.848,1.243,0,43.9
981,2,54.16,104.0,0.893,1.0,0.0,0.013,0.041,1,
981,3,61.54,117.06,-0.868,0.999,0.0,0.07,0.116,1,
982,0,13.88,101.78,0.819,1.0,0.0,-0.044,0.117,2,43.4
982,1,111.96,17.76,-2.137,0.864,0.0,-0.755,1.295,0,43.0
982,2,54.19,104.02,0.895,1.0,0.0,0.012,0.043,1,
982,3,61.65,117.04,-0.833,1.0,0.0,-0.006,0.119,1,
983,0,13.93,101.88,0.812,1.0,0.0,-0.044,0.117,2,43.3
983,1,111.24,16.63,-2.243,0.889,0.0,-0.679,1.334,0,41.9
983,2,54.23,104.05,0.897,1.0,0.0,0.012,0.045,1,
983,3,61.77,117.01,-0.816,0.999,0.0,-0.057,0.122,1,
984,0,13.99,101.98,0.805,1.0,0.0,-0.044,0.117,2,43.2
984,1,110.39,15.56,-2.34,0.909,0.0,-0.613,1.364,0,40.7
984,2,54.27,104.08,0.899,1.0,0.0,0.012,0.046,1,
984,3,61.89,116.99,-0.817,0.998,0.0,-0.082,0.123,1,
985,0,14.05,102.08,0.798,1.0,0.0,-0.044,0.117,3,43.1
985,1,109.43,14.57,-2.427,0.925,0.0,-0.557,1.388,0,39.5
985,2,54.3,104.11,0.901,1.0,0.0,0.011,0.046,1,
985,3,62.02,116.97,-0.83,0.998,0.0,-0.083,0.123,1,
986,0,14.11,102.18,0.791,1.0,0.0,-0.044,0.117,1,43.1
986,1,108.36,13.65,-2.506,0.938,0.0,-0.506,1.407,0,38.2
986,2,54.34,104.13,0.902,1.0,0.0,0.011,0.045,1,
986,3,62.14,116.95,-0.84,0.999,0.0,-0.066,0.123,1,
987,0,14.18,102.28,0.785,1.0,0.0,-0.044,0.117,1,43.0
987,1,107.22,12.8,-2.579,0.949,0.0,-0.46,1.423,0,36.9
987,2,54.37,104.16,0.904,1.0,0.0,0.011,0.045,1,
987,3,62.26,116.92,-0.848,0.999,0.0,-0.052,0.123,1,
988,0,14.24,102.38,0.778,1.0,0.0,-0.044,0.117,2,42.9
988,1,105.99,12.03,-2.638,0.966,0.0,-0.376,1.448,0,35.5
988,2,54.4,104.19,0.906,1.0,0.0,0.01,0.044,1,
988,3,62.38,116.9,-0.855,1.0,0.0,-0.042,0.123,1,
989,0,14.3,102.48,0.771,1.0,0.0,-0.043,0.117,2,42.8
989,1,104.71,11.32,-2.686,0.977,0.0,-0.307,1.466,0,34.0
989,2,54.44,104.22,0.907,1.0,0.0,0.01,0.044,1,
989,3,62.5,116.87,-0.86,1.0,0.0,-0.034,0.123,1,
990,0,14.37,102.57,0.764,1.0,0.0,-0.043,0.117,1,42.7
990,1,103.38,10.67,-2.725,0.985,0.0,-0.251,1.477,0,32.6
990,2,54.47,104.25,0.909,1.0,0.0,0.009,0.044,1,
990,3,62.62,116.85,-0.864,1.0,0.0,-0.027,0.123,1,
991,0,14.43,102.67,0.757,1.0,0.0,-0.043,0.117,1,42.6
991,1,102.03,10.07,-2.758,0.99,0.0,-0.206,1.484,0,31.1
991,2,54.5,104.28,0.91,1.0,0.0,0.009,0.044,1,
991,3,62.74,116.82,-0.868,1.0,0.0,-0.022,0.123,1,
992,0,14.5,102.77,0.751,1.0,0.0,-0.043,0.117,1,42.5
992,1,100.64,9.51,-2.784,0.993,0.0,-0.17,1.489,0,29.6
992,2,54.53,104.31,0.911,1.0,0.0,0.009,0.044,1,
992,3,62.86,116.79,-0.871,1.0,0.0,-0.019,0.123,1,
993,0,14.57,102.86,0.744,1.0,0.0,-0.043,0.118,1,42.4
993,1,99.25,8.99,-2.806,0.995,0.0,-0.14,1.493,0,28.1
993,2,54.56,104.35,0.913,1.0,0.0,0.008,0.044,1,
993,3,62.98,116.76,-0.873,1.0,0.0,-0.016,0.124,1,
994,0,14.64,102.96,0.737,1.0,0.0,-0.043,0.118,3,42.3
994,1,97.83,8.5,-2.825,0.997,0.0,-0.116,1.495,0,26.7
994,2,54.59,104.38,0.914,1.0,0.0,0.008,0.044,1,
994,3,63.1,116.73,-0.875,1.0,0.0,-0.013,0.124,1,
995,0,14.71,103.05,0.73,1.0,0.0,-0.043,0.118,1,42.3
995,1,96.41,8.03,-2.84,0.998,0.0,-0.097,1.497,0,25.2
995,2,54.62,104.41,0.915,1.0,0.0,0.007,0.044,1,
995,3,63.22,116.7,-0.877,1.0,0.0,-0.012,0.124,1,
996,0,14.78,103.15,0.724,1.0,0.0,-0.043,0.118,1,42.2
996,1,94.98,7.59,-2.853,0.998,0.0,-0.081,1.498,0,23.7
996,2,54.65,104.44,0.916,1.0,0.0,0.007,0.045,1,
996,3,63.34,116.67,-0.878,1.0,0.0,-0.01,0.124,1,
997,0,14.85,103.24,0.717,1.0,0.0,-0.043,0.118,3,42.1
997,1,93.55,7.5,-2.863,0.999,0.0,-0.068,1.439,1,22.3
997,2,54.68,104.48,0.917,1.0,0.0,0.007,0.045,1,
997,3,63.46,116.64,-0.88,1.0,0.0,-0.009,0.125,1,
998,0,14.92,103.34,0.71,1.0,0.0,-0.042,0.118,1,42.0
998,1,93.43,7.5,-2.869,1.0,0.0,-0.036,0.115,1,22.1
998,2,54.71,104.51,0.918,1.0,0.0,0.006,0.045,1,
998,3,63.58,116.61,-0.881,1.0,0.0,-0.008,0.125,1,
999,0,14.99,103.43,0.704,1.0,0.0,-0.042,0.118,1,41.9
999,1,93.32,7.5,-2.873,1.0,0.0,-0.026,0.116,1,22.0
999,2,54.74,104.55,0.919,1.0,0.0,0.006,0.045,1,
999,3,63.7,116.58,-0.882,1.0,0.0,-0.008,0.125,1,
1000,0,15.07,103.52,0.697,1.0,0.0,-0.042,0.118,8,41.8
1000,1,93.2,7.5,-2.876,1.0,0.0,-0.018,0.116,1,21.9
1000,2,54.74,104.55,0.903,0.0,0.0,-1.0,0.0,0,
1000,3,63.7,116.58,-0.866,0.0,0.0,1.0,0.0,0,
1001,0,15.14,103.61,0.69,1.0,0.0,-0.042,0.118,1,41.7
1001,1,93.08,7.5,-2.878,1.0,0.0,-0.012,0.116,1,21.8
1001,2,54.74,104.55,0.869,0.0,0.0,-1.0,0.0,0,
1001,3,63.7,116.58,-0.832,0.0,0.0,1.0,0.0,0,
1002,0,15.22,103.7,0.684,1.0,0.0,-0.042,0.118,4,41.6
1002,1,92.97,7.5,-2.879,1.0,0.0,-0.008,0.116,1,21.7
1002,2,54.74,104.55,0.817,0.0,0.0,-1.0,0.0,0,
1002,3,63.7,116.58,-0.781,0.0,0.0,1.0,0.0,0,
1003,0,15.3,103.79,0.677,1.0,0.0,-0.042,0.118,8,41.5
1003,1,92.85,7.5,-2.879,1.0,0.0,-0.004,0.116,1,21.6
1003,2,54.76,104.57,0.748,0.037,0.0,-1.0,0.028,1,
1003,3,63.72,116.6,-0.712,0.0,0.0,1.0,0.028,1,
1004,0,15.37,103.88,0.671,1.0,0.0,-0.041,0.118,1,41.4
1004,1,92.74,7.5,-2.88,1.0,0.0,-0.001,0.116,1,21.5
1004,2,54.81,104.6,0.662,0.106,0.0,-1.0,0.063,1,
1004,3,63.75,116.65,-0.626,0.0,0.0,1.0,0.059,1,
1005,0,15.45,103.97,0.664,1.0,0.0,-0.041,0.118,1,41.3
1005,1,92.62,7.5,-2.879,1.0,0.0,0.001,0.116,1,21.4
1005,2,54.87,104.63,0.557,0.191,0.0,-1.0,0.066,1,
1005,3,63.79,116.69,-0.522,0.0,0.0,1.0,0.058,1,
1006,0,15.53,104.06,0.658,1.0,0.0,-0.041,0.118,1,41.2
1006,1,92.5,7.5,-2.879,1.0,0.0,0.003,0.116,1,21.2
1006,2,54.94,104.65,0.436,0.291,0.0,-1.0,0.071,1,
1006,3,63.82,116.74,-0.401,0.0,0.0,1.0,0.056,1,
1007,0,15.61,104.14,0.651,1.0,0.0,-0.041,0.118,2,41.1
1007,1,92.39,7.5,-2.878,1.0,0.0,0.004,0.116,1,21.1
1007,2,55.02,104.66,0.297,0.404,0.0,-1.0,0.078,1,
1007,3,63.85,116.78,-0.262,0.0,0.0,1.0,0.053,1,
1008,0,15.69,104.23,0.645,1.0,0.0,-0.041,0.118,1,41.0
1008,1,92.27,7.5,-2.877,1.0,0.0,0.005,0.116,1,21.0
1008,2,55.11,104.65,0.14,0.526,0.0,-1.0,0.087,1,
1008,3,63.88,116.82,-0.106,0.0,0.0,1.0,0.048,1,
1009,0,15.77,104.32,0.639,1.0,0.0,-0.04,0.119,3,40.9
1009,1,92.16,7.5,-2.876,1.0,0.0,0.006,0.116,1,20.9
1009,2,55.2,104.63,-0.017,0.652,0.0,-1.0,0.096,1,
1009,3,63.9,116.85,0.052,0.0,0.0,1.0,0.041,1,
1010,0,15.86,104.4,0.632,1.0,0.0,-0.04,0.119,8,40.8
1010,1,92.04,7.5,-2.875,1.0,0.0,0.007,0.116,1,20.8
1010,2,55.3,104.61,-0.174,0.762,0.0,-1.0,0.105,1,
1010,3,63.92,116.88,0.209,0.0,0.0,1.0,0.034,1,
1011,0,15.94,104.48,0.626,1.0,0.0,-0.04,0.119,8,40.7
1011,1,91.93,7.5,-2.874,1.0,0.0,0.008,0.116,1,20.7
1011,2,55.4,104.56,-0.313,0.854,0.0,-0.782,0.112,1,
1011,3,63.94,116.9,0.366,0.0,0.0,1.0,0.025,1,
1012,0,16.03,104.57,0.62,1.0,0.0,-0.04,0.119,8,40.6
1012,1,91.81,7.5,-2.873,1.0,0.0,0.008,0.116,1,20.6
1012,2,55.52,104.52,-0.436,0.918,0.0,-0.583,0.119,1,
1012,3,63.97,116.91,0.523,0.02,0.0,1.0,0.034,1,
1013,0,16.11,104.65,0.614,1.0,0.0,-0.039,0.119,8,40.5
1013,1,91.69,7.5,-2.872,1.0,0.0,0.008,0.116,1,20.5
1013,2,55.63,104.47,-0.54,0.959,0.0,-0.409,0.12,0,
1013,3,64.07,116.97,0.68,0.173,0.0,1.0,0.12,0,
1014,0,16.2,104.73,0.608,1.0,0.0,-0.039,0.119,1,40.4
1014,1,91.58,7.5,-2.87,1.0,0.0,0.009,0.116,1,20.4
1014,2,55.83,104.35,-0.627,0.983,0.0,-0.26,0.24,0,
1014,3,64.26,117.13,0.837,0.315,0.0,1.0,0.24,0,
1015,0,16.28,104.81,0.601,1.0,0.0,-0.039,0.119,8,40.3
1015,1,91.46,7.5,-2.869,1.0,0.0,0.009,0.116,1,20.2
1015,2,56.12,104.14,-0.697,0.996,0.0,-0.135,0.36,0,
1015,3,64.5,117.39,0.994,0.439,0.0,1.0,0.36,0,
1016,0,16.37,104.89,0.595,1.0,0.0,-0.038,0.119,1,40.2
1016,1,91.35,7.5,-2.867,1.0,0.0,0.009,0.116,1,20.1
1016,2,56.49,103.83,-0.749,1.0,0.0,-0.035,0.48,0,
1016,3,64.76,117.8,1.151,0.548,0.0,1.0,0.48,0,
1017,0,16.46,104.97,0.589,1.0,0.0,-0.038,0.119,1,40.1
1017,1,91.23,7.5,-2.866,1.0,0.0,0.009,0.116,1,20.0
1017,2,56.93,103.42,-0.783,1.0,0.0,0.042,0.6,0,
1017,3,65.01,118.34,1.308,0.642,0.0,1.0,0.6,0,
1018,0,16.55,105.05,0.583,1.0,0.0,-0.038,0.119,8,40.0
1018,1,91.12,7.5,-2.864,1.0,0.0,0.01,0.115,1,19.9
1018,2,57.44,102.91,-0.8,0.998,0.0,0.095,0.72,0,
1018,3,65.19,119.04,1.465,0.723,0.0,1.0,0.72,0,
1019,0,16.64,105.13,0.578,1.0,0.0,-0.038,0.119,8,39.9
1019,1,91.0,7.5,-2.863,1.0,0.0,0.01,0.115,1,19.8
1019,2,58.03,102.31,-0.8,0.996,0.0,0.124,0.84,0,
1019,3,65.28,119.87,1.612,0.792,0.0,0.937,0.84,0,
1020,0,16.73,105.21,0.572,1.0,0.0,-0.037,0.119,1,39.8
1020,1,90.88,7.5,-2.861,1.0,0.0,0.01,0.115,1,19.7
1020,2,58.69,101.62,-0.782,0.996,0.0,0.13,0.96,0,
1020,3,65.24,120.83,1.742,0.847,0.0,0.801,0.96,0,
1021,0,16.82,105.28,0.566,1.0,0.0,-0.037,0.119,1,39.7
1021,1,90.77,7.5,-2.86,1.0,0.0,0.01,0.115,1,19.6
1021,2,59.46,100.86,-0.765,0.997,0.0,0.112,1.08,0,
1021,3,65.06,121.9,1.855,0.886,0.0,0.689,1.08,0,
1022,0,16.92,105.36,0.56,1.0,0.0,-0.037,0.119,8,39.6
1022,1,90.65,7.5,-2.858,1.0,0.0,0.01,0.115,1,19.5
1022,2,60.33,100.03,-0.75,0.998,0.0,0.095,1.2,0,
1022,3,64.72,123.05,1.949,0.913,0.0,0.601,1.2,0,
1023,0,17.01,105.43,0.554,1.0,0.0,-0.036,0.119,8,39.5
1023,1,90.54,7.5,-2.857,1.0,0.0,0.01,0.115,1,19.4
1023,2,61.29,99.13,-0.736,0.998,0.0,0.083,1.32,0,
1023,3,64.23,124.28,2.032,0.933,0.0,0.526,1.32,0,
1024,0,17.1,105.51,0.549,1.0,0.0,-0.036,0.119,1,39.4
1024,1,90.42,7.5,-2.855,1.0,0.0,0.01,0.115,1,19.3
1024,2,62.36,98.16,-0.725,0.999,0.0,0.074,1.44,0,
1024,3,63.6,125.56,2.101,0.953,0.0,0.438,1.43,0,
1025,0,17.2,105.58,0.543,1.0,0.0,-0.035,0.119,1,39.2
1025,1,90.31,7.5,-2.853,1.0,0.0,0.011,0.115,1,19.1
1025,2,63.48,97.17,-0.714,0.999,0.0,0.068,1.498,0,
1025,3,62.86,126.81,2.159,0.967,0.0,0.368,1.45,0,
1026,0,17.29,105.65,0.538,1.0,0.0,-0.035,0.119,1,39.1
1026,1,90.19,7.5,-2.852,1.0,0.0,0.011,0.115,1,19.0
1026,2,64.61,96.19,-0.704,0.999,0.0,0.062,1.499,0,
1026,3,62.05,128.03,2.208,0.976,0.0,0.312,1.464,0,
1027,0,17.39,105.72,0.532,1.0,0.0,-0.035,0.119,1,39.0
1027,1,90.08,7.5,-2.85,1.0,0.0,0.011,0.115,1,18.9
1027,2,65.76,95.22,-0.696,0.999,0.0,0.057,1.499,0,
1027,3,61.18,129.21,2.25,0.983,0.0,0.266,1.474,0,
1028,0,17.49,105.79,0.527,1.0,0.0,-0.034,0.12,1,38.9
1028,1,89.96,7.5,-2.848,1.0,0.0,0.011,0.115,1,18.8
1028,2,66.91,94.26,-0.688,0.999,0.0,0.051,1.499,0,
1028,3,60.25,130.36,2.286,0.987,0.0,0.229,1.481,0,
1029,0,17.58,105.86,0.522,1.0,0.0,-0.034,0.12,1,38.8
1029,1,89.85,7.5,-2.846,1.0,0.0,0.011,0.115,1,18.7
1029,2,68.06,93.31,-0.68,1.0,0.0,0.045,1.499,0,
1029,3,59.27,131.49,2.317,0.99,0.0,0.199,1.485,0,
1030,0,17.68,105.93,0.516,1.0,0.0,-0.033,0.12,1,38.7
1030,1,89.73,7.5,-2.845,1.0,0.0,0.011,0.115,1,18.6
1030,2,69.23,92.36,-0.674,1.0,0.0,0.038,1.499,0,
1030,3,58.26,132.58,2.344,0.992,0.0,0.175,1.489,0,
1031,0,17.78,106.0,0.511,1.0,0.0,-0.033,0.12,2,38.6
1031,1,89.62,7.5,-2.843,1.0,0.0,0.011,0.115,1,18.5
1031,2,70.4,91.43,-0.67,1.0,0.0,0.031,1.5,0,
1031,3,57.22,133.65,2.369,0.994,0.0,0.156,1.491,0,
1032,0,17.88,106.06,0.506,1.0,0.0,-0.032,0.12,1,38.5
1032,1,89.5,7.5,-2.841,1.0,0.0,0.011,0.115,1,18.4
1032,2,71.58,90.49,-0.666,1.0,0.0,0.024,1.5,0,
1032,3,56.15,134.69,2.391,0.995,0.0,0.142,1.493,0,
1033,0,17.98,106.13,0.501,1.0,0.0,-0.032,0.12,8,38.4
1033,1,89.39,7.5,-2.839,1.0,0.0,0.012,0.115,1,18.3
1033,2,72.76,89.57,-0.663,1.0,0.0,0.016,1.5,0,
1033,3,55.18,135.6,2.396,0.0,0.0,-1.0,1.333,0,
1034,0,18.08,106.19,0.496,1.0,0.0,-0.032,0.12,8,38.3
1034,1,89.28,7.5,-2.838,1.0,0.0,0.012,0.115,1,18.2
1034,2,73.94,88.64,-0.662,1.0,0.0,0.007,1.5,0,
1034,3,54.32,136.39,2.383,0.0,0.0,-1.0,1.173,0,
1035,0,18.18,106.25,0.491,1.0,0.0,-0.031,0.12,1,38.1
1035,1,89.16,7.5,-2.836,1.0,0.0,0.012,0.114,1,18.0
1035,2,75.12,87.72,-0.663,1.0,0.0,-0.002,1.5,0,
1035,3,53.58,136.5,2.353,0.0,0.0,-1.0,0.743,1,
1036,0,18.29,106.32,0.486,1.0,0.0,-0.031,0.12,8,38.0
1036,1,89.05,7.5,-2.834,1.0,0.0,0.012,0.114,1,17.9
1036,2,76.3,86.8,-0.664,1.0,0.0,-0.01,1.5,0,
1036,3,53.58,136.5,2.305,0.0,0.0,-1.0,0.0,0,
1037,0,18.39,106.38,0.482,1.0,0.0,-0.03,0.12,1,37.9
1037,1,88.93,7.5,-2.832,1.0,0.0,0.012,0.114,1,17.8
1037,2,77.49,85.88,-0.667,1.0,0.0,-0.019,1.5,0,
1037,3,53.58,136.5,2.24,0.0,0.0,-1.0,0.0,0,
1038,0,18.49,106.44,0.477,1.0,0.0,-0.03,0.12,1,37.8
1038,1,88.82,7.5,-2.83,1.0,0.0,0.012,0.114,1,17.7
1038,2,78.66,84.95,-0.671,1.0,0.0,-0.027,1.5,0,
1038,3,53.58,136.5,2.157,0.0,0.0,-1.0,0.0,0,
1039,0,18.6,106.5,0.473,1.0,0.0,-0.029,0.12,1,37.7
1039,1,88.7,7.5,-2.828,1.0,0.0,0.012,0.114,1,17.6
1039,2,79.84,84.01,-0.677,1.0,0.0,-0.034,1.5,0,
1039,3,53.58,136.5,2.057,0.0,0.0,-1.0,0.0,0,
1040,0,18.7,106.56,0.468,1.0,0.0,-0.029,0.12,1,37.6
1040,1,88.59,7.5,-2.826,1.0,0.0,0.013,0.114,1,17.5
1040,2,81.01,83.08,-0.683,1.0,0.0,-0.04,1.499,0,
1040,3,53.58,136.5,1.974,0.0,0.0,1.0,0.0,0,
1041,0,18.81,106.62,0.464,1.0,0.0,-0.028,0.12,1,37.5
1041,1,88.48,7.5,-2.824,1.0,0.0,0.013,0.114,1,17.4
1041,2,82.17,82.13,-0.69,1.0,0.0,-0.045,1.499,0,
1041,3,53.58,136.5,1.909,0.0,0.0,1.0,0.0,0,
1042,0,18.91,106.67,0.459,1.0,0.0,-0.027,0.12,1,37.3
1042,1,88.36,7.5,-2.822,1.0,0.0,0.013,0.114,1,17.3
1042,2,83.33,81.18,-0.701,0.999,0.0,-0.069,1.498,0,
1042,3,53.58,136.5,1.861,0.0,0.0,1.0,0.0,0,
1043,0,19.02,106.73,0.455,1.0,0.0,-0.027,0.12,1,37.2
1043,1,88.25,7.5,-2.82,1.0,0.0,0.013,0.114,1,17.2
1043,2,84.47,80.21,-0.71,0.999,0.0,-0.056,1.499,0,
1043,3,53.58,136.5,1.831,0.0,0.0,1.0,0.0,0,
1044,0,19.12,106.78,0.451,1.0,0.0,-0.026,0.12,1,37.1
1044,1,88.13,7.5,-2.818,1.0,0.0,0.013,0.114,1,17.1
1044,2,85.61,79.23,-0.717,1.0,0.0,-0.045,1.499,0,
1044,3,53.58,136.5,1.818,0.0,0.0,1.0,0.0,0,
1045,0,19.23,106.84,0.447,1.0,0.0,-0.026,0.12,8,37.0
1045,1,88.02,7.5,-2.816,1.0,0.0,0.013,0.114,1,17.0
1045,2,86.74,78.25,-0.722,1.0,0.0,-0.037,1.5,0,
1045,3,53.58,136.5,1.823,0.0,0.0,1.0,0.0,0,
1046,0,19.34,106.89,0.443,1.0,0.0,-0.025,0.12,1,36.9
1046,1,87.91,7.5,-2.814,1.0,0.0,0.013,0.114,1,16.9
1046,2,87.86,77.26,-0.727,1.0,0.0,-0.03,1.5,0,
1046,3,53.58,136.5,1.846,0.0,0.0,1.0,0.0,0,
1047,0,19.45,106.94,0.439,1.0,0.0,-0.025,0.12,8,36.8
1047,1,87.79,7.5,-2.812,1.0,0.0,0.014,0.114,1,16.7
1047,2,88.98,76.26,-0.731,1.0,0.0,-0.024,1.5,0,
1047,3,53.58,136.5,1.885,0.0,0.0,1.0,0.0,0,
1048,0,19.56,106.99,0.435,1.0,0.0,-0.024,0.12,0,36.7
1048,1,87.68,7.5,-2.809,1.0,0.0,0.014,0.114,1,16.6
1048,2,90.1,75.26,-0.734,1.0,0.0,-0.019,1.5,0,
1048,3,53.58,136.5,1.943,0.0,0.0,1.0,0.0,0,
1049,0,19.77,107.09,0.432,1.0,0.0,-0.023,0.24,0,36.4
1049,1,87.57,7.5,-2.807,1.0,0.0,0.014,0.113,1,16.5
1049,2,91.21,74.25,-0.736,1.0,0.0,-0.016,1.5,0,
1049,3,53.58,136.5,2.017,0.0,0.0,1.0,0.0,0,
1050,0,20.1,107.24,0.427,1.0,0.0,-0.028,0.36,0,36.1
1050,1,87.45,7.5,-2.805,1.0,0.0,0.014,0.113,1,16.4
1050,2,92.33,73.25,-0.738,1.0,0.0,-0.013,1.5,0,
1050,3,53.58,136.5,2.11,0.0,0.0,1.0,0.0,0,
1051,0,20.54,107.44,0.422,1.0,0.0,-0.036,0.48,0,35.6
1051,1,87.34,7.5,-2.803,1.0,0.0,0.014,0.113,1,16.3
1051,2,93.44,72.24,-0.74,1.0,0.0,-0.011,1.5,0,
1051,3,53.58,136.5,2.219,0.0,0.0,1.0,0.0,0,
1052,0,21.09,107.69,0.414,0.999,0.0,-0.048,0.6,0,35.0
1052,1,87.23,7.5,-2.801,1.0,0.0,0.014,0.113,1,16.2
1052,2,94.54,71.22,-0.741,1.0,0.0,-0.009,1.5,0,
1052,3,53.58,136.5,2.347,0.0,0.0,1.0,0.0,0,
1053,0,21.75,107.98,0.404,0.999,0.0,-0.063,0.72,0,34.3
1053,1,87.11,7.5,-2.798,1.0,0.0,0.015,0.113,1,16.1
1053,2,95.65,70.21,-0.743,1.0,0.0,-0.007,1.5,0,
1053,3,53.58,136.5,2.491,0.0,0.0,1.0,0.0,0,
1054,0,22.52,108.31,0.392,0.998,0.0,-0.079,0.84,0,33.5
1054,1,87.0,7.5,-2.796,1.0,0.0,0.015,0.113,1,16.0
1054,2,96.75,69.2,-0.743,1.0,0.0,-0.006,1.5,0,
1054,3,53.58,136.5,2.649,0.0,0.0,1.0,0.0,0,
1055,0,23.4,108.67,0.376,0.998,0.0,-0.098,0.96,0,32.6
1055,1,86.89,7.5,-2.794,1.0,0.0,0.015,0.113,1,15.9
1055,2,97.86,68.18,-0.744,1.0,0.0,-0.005,1.5,0,
1055,3,53.58,136.5,2.806,0.0,0.0,1.0,0.0,0,
1056,0,24.41,109.07,0.344,0.976,0.0,-0.311,1.08,0,31.5
1056,1,86.77,7.5,-2.791,1.0,0.0,0.015,0.113,1,15.8
1056,2,98.96,67.17,-0.745,1.0,0.0,-0.004,1.5,0,
1056,3,53.58,136.5,2.963,0.0,0.0,1.0,0.0,0,
1057,0,25.54,109.47,0.3,0.982,0.0,-0.274,1.2,0,30.3
1057,1,86.66,7.5,-2.789,1.0,0.0,0.015,0.113,1,15.7
1057,2,100.06,66.15,-0.745,1.0,0.0,-0.003,1.5,0,
1057,3,53.46,136.5,3.12,0.114,0.0,1.0,0.118,1,
1058,0,26.8,109.87,0.265,0.988,0.0,-0.224,1.32,0,29.0
1058,1,86.55,7.5,-2.786,1.0,0.0,0.016,0.113,1,15.6
1058,2,101.17,65.13,-0.746,1.0,0.0,-0.003,1.5,0,
1058,3,53.34,136.5,-3.006,0.262,0.0,1.0,0.12,1,
1059,0,28.19,110.24,0.236,0.992,0.0,-0.183,1.44,0,27.6
1059,1,86.44,7.5,-2.784,1.0,0.0,0.016,0.113,1,15.5
1059,2,102.27,64.11,-0.746,1.0,0.0,-0.002,1.5,0,
1059,3,53.22,136.48,-2.849,0.404,0.0,1.0,0.12,0,
1060,0,29.64,110.59,0.213,0.994,0.0,-0.152,1.492,0,26.1
1060,1,86.32,7.5,-2.781,1.0,0.0,0.016,0.112,1,15.4
1060,2,103.37,63.1,-0.746,1.0,0.0,-0.002,1.5,0,
1060,3,52.99,136.41,-2.692,0.537,0.0,1.0,0.24,0,
1061,0,31.1,110.91,0.193,0.996,0.0,-0.126,1.494,0,24.6
1061,1,86.21,7.5,-2.779,1.0,0.0,0.016,0.112,1,15.3
1061,2,104.47,62.08,-0.747,1.0,0.0,-0.002,1.5,0,
1061,3,52.67,136.26,-2.535,0.653,0.0,1.0,0.36,0,
1062,0,32.57,111.19,0.176,0.997,0.0,-0.106,1.496,0,23.1
1062,1,86.1,7.5,-2.776,1.0,0.0,0.016,0.112,1,15.2
1062,2,105.57,61.06,-0.747,1.0,0.0,-0.001,1.5,0,
1062,3,52.28,135.98,-2.378,0.754,0.0,1.0,0.48,0,
1063,0,34.04,111.46,0.162,0.998,0.0,-0.089,1.497,0,21.7
1063,1,85.99,7.5,-2.774,1.0,0.0,0.016,0.112,1,15.1
1063,2,106.67,60.04,-0.747,1.0,0.0,-0.001,1.5,0,
1063,3,51.84,135.57,-2.238,0.837,0.0,0.826,0.6,0,
1064,0,35.52,111.7,0.15,0.999,0.0,-0.075,1.498,0,20.2
1064,1,85.88,7.5,-2.771,1.0,0.0,0.017,0.112,1,15.0
1064,2,107.77,59.02,-0.747,1.0,0.0,-0.001,1.5,0,
1064,3,51.4,135.0,-2.116,0.897,0.0,0.655,0.72,0,
1065,0,37.0,111.92,0.14,0.999,0.0,-0.064,1.499,0,18.7
1065,1,85.76,7.5,-2.768,1.0,0.0,0.017,0.112,1,14.9
1065,2,108.87,58.0,-0.747,1.0,0.0,-0.001,1.5,0,
1065,3,50.96,134.29,-2.012,0.937,0.0,0.509,0.84,0,
1066,0,38.23,111.95,0.132,0.999,0.0,-0.055,1.227,1,17.4
1066,1,85.65,7.5,-2.766,1.0,0.0,0.017,0.112,1,14.7
1066,2,109.97,56.98,-0.748,1.0,0.0,-0.001,1.5,0,
1066,3,50.55,133.42,-1.925,0.964,0.0,0.387,0.96,0,
1067,0,38.26,111.9,0.127,1.0,0.0,-0.034,0.057,1,17.4
1067,1,85.54,7.5,-2.763,1.0,0.0,0.017,0.112,1,14.6
1067,2,110.08,56.88,-0.748,1.0,0.0,-0.001,0.147,1,
1067,3,50.18,132.41,-1.855,0.98,0.0,0.288,1.08,0,
1068,0,38.3,111.85,0.123,1.0,0.0,-0.022,0.058,1,17.4
1068,1,85.43,7.5,-2.76,1.0,0.0,0.018,0.112,1,14.5
1068,2,110.08,56.88,-0.748,1.0,0.0,-0.001,0.0,1,
1068,3,49.89,131.65,-1.803,0.989,0.0,0.212,0.806,1,
1069,0,38.33,111.81,0.121,1.0,0.0,-0.013,0.059,8,17.4
1069,1,85.32,7.5,-2.758,1.0,0.0,0.018,0.111,1,14.4
1069,2,110.08,56.88,-0.748,1.0,0.0,-0.001,0.0,1,
1069,3,49.87,131.65,-1.768,0.994,0.0,0.159,0.013,1,
1070,0,38.37,111.76,0.12,1.0,0.0,-0.006,0.06,1,17.3
1070,1,85.21,7.5,-2.755,1.0,0.0,0.018,0.111,1,14.3
1070,2,110.08,56.88,-0.748,1.0,0.0,-0.0,0.0,1,
1070,3,49.87,131.66,-1.751,0.997,0.0,0.111,0.009,1,
1071,0,38.4,111.71,0.12,1.0,0.0,-0.0,0.06,1,17.3
1071,1,85.09,7.5,-2.752,1.0,0.0,0.018,0.111,1,14.2
1071,2,110.08,56.88,-0.748,1.0,0.0,-0.0,0.0,8,
1071,3,49.86,131.66,-1.737,0.998,0.0,0.087,0.007,1,
1072,0,38.44,111.66,0.121,1.0,0.0,0.004,0.061,1,17.3
1072,1,84.98,7.5,-2.749,1.0,0.0,0.019,0.111,1,14.1
1072,2,110.08,56.88,-0.748,1.0,0.0,-0.0,0.0,8,
1072,3,49.85,131.66,-1.727,0.999,0.0,0.068,0.006,1,
1073,0,38.48,111.61,0.122,1.0,0.0,0.007,0.061,8,17.2
1073,1,84.87,7.5,-2.746,1.0,0.0,0.019,0.111,1,14.0
1073,2,110.08,56.88,-0.748,1.0,0.0,-0.0,0.0,1,
1073,3,49.85,131.66,-1.718,0.999,0.0,0.054,0.005,8,
1074,0,38.52,111.56,0.123,1.0,0.0,0.01,0.062,8,17.2
1074,1,84.76,7.5,-2.743,1.0,0.0,0.019,0.111,1,13.9
1074,2,110.08,56.88,-0.748,1.0,0.0,-0.0,0.0,1,
1074,3,49.84,131.66,-1.712,1.0,0.0,0.042,0.004,1,
1075,0,38.55,111.52,0.125,1.0,0.0,0.012,0.062,1,17.2
1075,1,84.65,7.5,-2.74,1.0,0.0,0.019,0.111,1,13.8
1075,2,110.08,56.88,-0.748,1.0,0.0,-0.0,0.0,8,
1075,3,49.84,131.66,-1.706,1.0,0.0,0.033,0.003,1,
1076,0,38.59,111.47,0.127,1.0,0.0,0.014,0.062,8,17.1
1076,1,84.54,7.5,-2.737,1.0,0.0,0.02,0.11,1,13.7
1076,2,110.08,56.88,-0.748,1.0,0.0,-0.0,0.0,8,
1076,3,49.84,131.66,-1.702,1.0,0.0,0.026,0.002,8,
1077,0,38.63,111.42,0.13,1.0,0.0,0.015,0.063,8,17.1
1077,1,84.43,7.5,-2.734,1.0,0.0,0.02,0.11,1,13.6
1077,2,110.08,56.88,-0.748,1.0,0.0,-0.0,0.0,8,
1077,3,49.84,131.66,-1.699,1.0,0.0,0.02,0.002,8,
1078,0,38.67,111.37,0.132,1.0,0.0,0.016,0.063,8,17.1
1078,1,84.32,7.5,-2.731,1.0,0.0,0.02,0.11,1,13.5
1078,2,110.08,56.88,-0.748,1.0,0.0,-0.0,0.0,8,
1078,3,49.84,131.66,-1.697,1.0,0.0,0.016,0.001,8,
1079,0,38.71,111.32,0.135,1.0,0.0,0.017,0.063,1,17.0
1079,1,84.21,7.5,-2.727,1.0,0.0,0.02,0.11,1,13.4
1079,2,110.08,56.88,-0.748,1.0,0.0,-0.0,0.0,1,
1079,3,49.83,131.66,-1.695,1.0,0.0,0.013,0.001,1,
1080,0,38.75,111.27,0.138,1.0,0.0,0.018,0.063,1,17.0
1080,1,84.1,7.5,-2.724,1.0,0.0,0.021,0.11,1,13.3
1080,2,110.08,56.88,-0.731,0.0,0.0,1.0,0.0,0,
1080,3,49.83,131.66,-1.675,0.253,0.0,1.0,0.001,1,
1081,0,38.79,111.22,0.141,1.0,0.0,0.018,0.064,1,17.0
1081,1,83.99,7.5,-2.721,1.0,0.0,0.021,0.11,1,13.2
1081,2,110.08,56.88,-0.696,0.0,0.0,1.0,0.0,0,
1081,3,49.84,131.66,-1.638,0.272,0.0,1.0,0.002,1,
1082,0,38.83,111.17,0.144,1.0,0.0,0.019,0.064,1,16.9
1082,1,83.88,7.5,-2.718,1.0,0.0,0.021,0.11,1,13.1
1082,2,110.08,56.88,-0.643,0.0,0.0,1.0,0.0,0,
1082,3,49.84,131.66,-1.584,0.307,0.0,1.0,0.006,8,
1083,0,38.87,111.12,0.147,1.0,0.0,0.019,0.064,1,16.9
1083,1,83.77,7.5,-2.714,1.0,0.0,0.021,0.109,1,13.0
1083,2,110.08,56.88,-0.573,0.026,0.0,1.0,0.004,8,
1083,3,49.85,131.66,-1.512,0.359,0.0,1.0,0.013,1,
1084,0,38.92,111.08,0.15,1.0,0.0,0.02,0.064,8,16.9
1084,1,83.66,7.5,-2.711,1.0,0.0,0.022,0.109,1,12.9
1084,2,110.1,56.9,-0.486,0.096,0.0,1.0,0.021,1,
1084,3,49.88,131.65,-1.422,0.426,0.0,1.0,0.021,1,
1085,0,38.96,111.03,0.153,1.0,0.0,0.02,0.064,1,16.8
1085,1,83.55,7.5,-2.707,1.0,0.0,0.022,0.109,1,12.8
1085,2,110.12,56.92,-0.381,0.182,0.0,1.0,0.032,8,
1085,3,49.91,131.65,-1.315,0.506,0.0,1.0,0.032,1,
1086,0,39.0,110.98,0.156,1.0,0.0,0.02,0.065,1,16.8
1086,1,83.45,7.5,-2.704,1.0,0.0,0.022,0.109,1,12.7
1086,2,110.15,56.95,-0.258,0.284,0.0,1.0,0.044,1,
1086,3,49.95,131.64,-1.191,0.596,0.0,1.0,0.045,8,
1087,0,39.04,110.93,0.159,1.0,0.0,0.02,0.065,1,16.8
1087,1,83.34,7.5,-2.7,1.0,0.0,0.023,0.109,1,12.6
1087,2,110.19,57.0,-0.118,0.399,0.0,1.0,0.058,1,
1087,3,50.01,131.64,-1.049,0.693,0.0,1.0,0.059,1,
1088,0,39.09,110.88,0.163,1.0,0.0,0.02,0.065,8,16.7
1088,1,83.23,7.5,-2.697,1.0,0.0,0.023,0.109,1,12.5
1088,2,110.24,57.05,0.039,0.523,0.0,1.0,0.072,8,
1088,3,50.08,131.63,-0.901,0.79,0.0,0.942,0.073,1,
1089,0,39.13,110.83,0.166,1.0,0.0,0.021,0.065,1,16.7
1089,1,83.12,7.5,-2.693,1.0,0.0,0.023,0.108,1,12.4
1089,2,110.3,57.11,0.196,0.65,0.0,1.0,0.087,1,
1089,3,50.17,131.62,-0.77,0.874,0.0,0.725,0.087,1,
1090,0,39.18,110.78,0.169,1.0,0.0,0.021,0.066,1,16.7
1090,1,83.01,7.5,-2.689,1.0,0.0,0.024,0.108,1,12.3
1090,2,110.37,57.18,0.353,0.761,0.0,1.0,0.099,1,
1090,3,50.27,131.6,-0.657,0.931,0.0,0.532,0.098,8,
1091,0,39.22,110.74,0.172,1.0,0.0,0.021,0.066,1,16.6
1091,1,82.9,7.5,-2.686,1.0,0.0,0.024,0.108,1,12.2
1091,2,110.45,57.26,0.493,0.853,0.0,0.785,0.109,1,
1091,3,50.37,131.58,-0.562,0.968,0.0,0.363,0.105,8,
1092,0,39.26,110.69,0.176,1.0,0.0,0.021,0.066,1,16.6
1092,1,82.8,7.5,-2.682,1.0,0.0,0.024,0.108,1,12.2
1092,2,110.53,57.34,0.615,0.917,0.0,0.586,0.115,1,
1092,3,50.48,131.57,-0.484,0.988,0.0,0.218,0.111,8,
1093,0,39.31,110.64,0.179,1.0,0.0,0.021,0.066,8,16.6
1093,1,82.69,7.5,-2.678,1.0,0.0,0.025,0.108,1,12.1
1093,2,110.62,57.42,0.719,0.959,0.0,0.412,0.119,8,
1093,3,50.59,131.55,-0.423,0.998,0.0,0.098,0.114,8,
1094,0,39.36,110.59,0.182,1.0,0.0,0.021,0.066,1,16.5
1094,1,82.58,7.5,-2.674,1.0,0.0,0.025,0.107,1,12.0
1094,2,110.7,57.51,0.806,0.983,0.0,0.263,0.12,8,
1094,3,50.71,131.53,-0.38,1.0,0.0,0.003,0.117,8,
1095,0,39.4,110.54,0.185,1.0,0.0,0.021,0.067,1,16.5
1095,1,82.47,7.5,-2.67,1.0,0.0,0.025,0.107,1,11.9
1095,2,110.79,57.59,0.876,0.995,0.0,0.139,0.12,0,
1095,3,50.82,131.5,-0.355,0.999,0.0,-0.068,0.118,8,
1096,0,39.45,110.5,0.189,1.0,0.0,0.021,0.067,1,16.5
1096,1,82.37,7.5,-2.666,1.0,0.0,0.026,0.107,1,11.8
1096,2,110.94,57.78,0.928,1.0,0.0,0.04,0.24,0,
1096,3,50.94,131.48,-0.346,0.997,0.0,-0.113,0.119,8,
1097,0,39.5,110.45,0.192,1.0,0.0,0.021,0.067,1,16.4
1097,1,82.26,7.5,-2.662,1.0,0.0,0.026,0.107,1,11.7
1097,2,111.16,58.06,0.963,1.0,0.0,-0.034,0.36,0,
1097,3,51.06,131.45,-0.356,0.996,0.0,-0.134,0.119,8,
1098,0,39.54,110.4,0.196,1.0,0.0,0.021,0.067,1,16.4
1098,1,82.15,7.5,-2.658,1.0,0.0,0.026,0.106,1,11.6
1098,2,111.43,58.46,0.98,0.998,0.0,-0.083,0.48,0,
1098,3,51.17,131.43,-0.376,0.996,0.0,-0.129,0.119,1,
1099,0,39.59,110.35,0.199,1.0,0.0,0.022,0.067,1,16.3
1099,1,82.05,7.5,-2.654,1.0,0.0,0.027,0.106,1,11.5
1099,2,111.76,58.96,0.979,0.997,0.0,-0.109,0.6,0,
1099,3,51.29,131.4,-0.393,0.997,0.0,-0.109,0.119,1,
1100,0,39.64,110.31,0.202,1.0,0.0,0.022,0.068,8,16.3
1100,1,81.94,7.5,-2.649,1.0,0.0,0.027,0.106,1,11.4
1100,2,112.17,59.55,0.962,0.997,0.0,-0.109,0.72,0,
1100,3,51.4,131.37,-0.408,0.998,0.0,-0.094,0.119,8,
1101,0,39.69,110.26,0.206,1.0,0.0,0.022,0.068,8,16.3
1101,1,81.84,7.5,-2.645,1.0,0.0,0.027,0.106,1,11.3
1101,2,112.65,60.24,0.948,0.998,0.0,-0.087,0.84,0,
1101,3,51.52,131.34,-0.421,0.998,0.0,-0.081,0.119,8,
1102,0,39.74,110.21,0.209,1.0,0.0,0.022,0.068,8,16.2
1102,1,81.73,7.5,-2.641,1.0,0.0,0.028,0.106,1,11.2
1102,2,113.21,61.02,0.938,0.999,0.0,-0.069,0.96,0,
1102,3,51.63,131.31,-0.432,0.999,0.0,-0.072,0.119,1,
1103,0,39.79,110.17,0.213,1.0,0.0,0.022,0.068,1,16.2
1103,1,81.63,7.5,-2.636,1.0,0.0,0.028,0.105,1,11.1
1103,2,113.85,61.89,0.929,0.999,0.0,-0.055,1.08,0,
1103,3,51.75,131.28,-0.442,0.999,0.0,-0.064,0.118,8,
1104,0,39.84,110.12,0.216,1.0,0.0,0.022,0.068,8,16.2
1104,1,81.52,7.5,-2.632,1.0,0.0,0.029,0.105,1,11.0
1104,2,114.56,62.86,0.922,1.0,0.0,-0.044,1.2,0,
1104,3,51.86,131.25,-0.451,0.999,0.0,-0.059,0.118,1,
1105,0,39.89,110.07,0.22,1.0,0.0,0.022,0.069,1,16.1
1105,1,81.42,7.5,-2.627,1.0,0.0,0.029,0.105,1,10.9
1105,2,115.36,63.91,0.917,1.0,0.0,-0.035,1.32,0,
1105,3,51.97,131.22,-0.46,0.999,0.0,-0.054,0.118,8,
1106,0,39.94,110.03,0.223,1.0,0.0,0.022,0.069,1,16.1
1106,1,81.31,7.5,-2.623,1.0,0.0,0.029,0.104,1,10.9
1106,2,116.24,65.05,0.912,1.0,0.0,-0.029,1.44,0,
1106,3,52.09,131.18,-0.468,0.999,0.0,-0.05,0.118,8,
1107,0,39.99,109.98,0.227,1.0,0.0,0.022,0.069,8,16.0
1107,1,81.21,7.5,-2.618,1.0,0.0,0.03,0.104,1,10.8
1107,2,117.15,66.24,0.909,1.0,0.0,-0.023,1.5,0,
1107,3,52.2,131.15,-0.475,0.999,0.0,-0.047,0.119,8,
1108,0,40.04,109.93,0.23,1.0,0.0,0.022,0.069,1,16.0
1108,1,81.1,7.5,-2.613,1.0,0.0,0.03,0.104,1,10.7
1108,2,118.08,67.42,0.906,1.0,0.0,-0.019,1.5,0,
1108,3,52.31,131.11,-0.482,1.0,0.0,-0.045,0.119,8,
1109,0,40.09,109.89,0.234,1.0,0.0,0.022,0.069,8,16.0
1109,1,81.0,7.5,-2.608,1.0,0.0,0.031,0.104,1,10.6
1109,2,119.0,68.6,0.903,1.0,0.0,-0.015,1.5,0,
1109,3,52.42,131.07,-0.489,1.0,0.0,-0.043,0.119,1,
1110,0,40.14,109.84,0.237,1.0,0.0,0.023,0.07,1,15.9
1110,1,80.9,7.5,-2.604,1.0,0.0,0.031,0.103,1,10.5
1110,2,119.93,69.78,0.901,1.0,0.0,-0.013,1.5,0,
1110,3,52.54,131.03,-0.496,1.0,0.0,-0.042,0.119,1,
1111,0,40.2,109.79,0.241,1.0,0.0,0.023,0.07,1,15.9
1111,1,80.79,7.5,-2.599,1.0,0.0,0.032,0.103,1,10.4
1111,2,120.86,70.95,0.9,1.0,0.0,-0.01,1.5,0,
1111,3,52.65,130.99,-0.502,1.0,0.0,-0.041,0.119,8,
1112,0,40.25,109.75,0.244,1.0,0.0,0.023,0.07,1,15.9
1112,1,80.69,7.5,-2.594,1.0,0.0,0.032,0.103,1,10.3
1112,2,121.8,72.13,0.898,1.0,0.0,-0.009,1.5,0,
1112,3,52.76,130.95,-0.508,1.0,0.0,-0.04,0.119,1,
1113,0,40.3,109.7,0.248,1.0,0.0,0.023,0.07,1,15.8
1113,1,80.59,7.5,-2.588,1.0,0.0,0.032,0.102,1,10.2
1113,2,122.73,73.3,0.897,1.0,0.0,-0.007,1.5,0,
1113,3,52.87,130.91,-0.514,1.0,0.0,-0.039,0.119,8,
1114,0,40.36,109.66,0.251,1.0,0.0,0.023,0.07,8,15.8
1114,1,80.49,7.5,-2.583,1.0,0.0,0.033,0.102,1,10.2
1114,2,123.67,74.47,0.896,1.0,0.0,-0.006,1.5,0,
1114,3,52.98,130.87,-0.52,1.0,0.0,-0.038,0.119,8,
1115,0,40.41,109.61,0.255,1.0,0.0,0.023,0.071,8,15.7
1115,1,80.38,7.5,-2.578,1.0,0.0,0.033,0.102,1,10.1
1115,2,124.6,75.64,0.895,1.0,0.0,-0.005,1.5,0,
1115,3,53.09,130.82,-0.526,1.0,0.0,-0.037,0.119,8,
1116,0,40.46,109.57,0.259,1.0,0.0,0.023,0.071,1,15.7
1116,1,80.28,7.5,-2.573,1.0,0.0,0.034,0.101,1,10.0
1116,2,125.54,76.81,0.895,1.0,0.0,-0.004,1.5,0,
1116,3,53.2,130.78,-0.532,1.0,0.0,-0.037,0.119,1,
1117,0,40.52,109.52,0.262,1.0,0.0,0.023,0.071,1,15.6
1117,1,80.18,7.5,-2.567,0.998,0.0,0.034,0.101,1,9.9
1117,2,126.48,77.99,0.894,1.0,0.0,-0.003,1.5,0,
1117,3,53.31,130.73,-0.538,1.0,0.0,-0.036,0.119,8,
1118,0,40.57,109.48,0.266,1.0,0.0,0.023,0.071,8,15.6
1118,1,80.08,7.5,-2.562,0.99,0.0,0.035,0.101,1,9.8
1118,2,127.42,79.15,0.894,1.0,0.0,-0.003,1.5,0,
1118,3,53.42,130.68,-0.543,1.0,0.0,-0.035,0.119,8,
1119,0,40.63,109.43,0.27,1.0,0.0,0.023,0.071,8,15.6
1119,1,79.98,7.5,-2.556,0.982,0.0,0.035,0.1,1,9.7
1119,2,128.36,80.32,0.893,1.0,0.0,-0.002,1.5,0,
1119,3,53.53,130.63,-0.549,1.0,0.0,-0.035,0.119,1,
1120,0,40.69,109.39,0.273,1.0,0.0,0.023,0.072,1,15.5
1120,1,79.88,7.5,-2.551,0.973,0.0,0.036,0.1,1,9.7
1120,2,129.3,81.49,0.893,1.0,0.0,-0.002,1.5,0,
1120,3,53.64,130.58,-0.554,1.0,0.0,-0.034,0.119,1,
1121,0,40.74,109.35,0.277,1.0,0.0,0.024,0.072,1,15.5
1121,1,79.78,7.5,-2.545,0.965,0.0,0.036,0.1,1,9.6
1121,2,130.24,82.66,0.893,1.0,0.0,-0.002,1.5,0,
1121,3,53.75,130.53,-0.559,1.0,0.0,-0.034,0.119,1,
1122,0,40.8,109.3,0.281,1.0,0.0,0.024,0.072,1,15.4
1122,1,79.68,7.5,-2.539,0.957,0.0,0.037,0.099,1,9.5
1122,2,131.18,83.83,0.893,1.0,0.0,-0.002,1.5,0,
1122,3,53.85,130.48,-0.565,1.0,0.0,-0.033,0.119,8,
1123,0,40.86,109.26,0.284,1.0,0.0,0.024,0.072,2,15.4
1123,1,79.58,7.5,-2.534,0.949,0.0,0.037,0.099,1,9.4
1123,2,132.12,85.0,0.892,1.0,0.0,-0.001,1.5,0,
1123,3,53.96,130.43,-0.57,1.0,0.0,-0.033,0.119,1,
1124,0,40.92,109.22,0.288,1.0,0.0,0.024,0.072,1,15.4
1124,1,79.48,7.5,-2.528,0.941,0.0,0.038,0.098,1,9.3
1124,2,133.06,86.17,0.892,1.0,0.0,-0.001,1.5,0,
1124,3,54.07,130.37,-0.575,1.0,0.0,-0.033,0.119,8,
1125,0,40.97,109.17,0.292,1.0,0.0,0.024,0.072,1,15.3
1125,1,79.39,7.5,-2.522,0.933,0.0,0.038,0.098,1,9.3
1125,2,134.0,87.33,0.892,1.0,0.0,-0.001,1.5,0,
1125,3,54.17,130.32,-0.58,1.0,0.0,-0.032,0.119,8,
1126,0,41.03,109.13,0.296,1.0,0.0,0.024,0.073,1,15.3
1126,1,79.29,7.5,-2.516,0.925,0.0,0.039,0.098,1,9.2
1126,2,134.95,88.5,0.892,1.0,0.0,-0.001,1.5,0,
1126,3,54.28,130.26,-0.585,1.0,0.0,-0.032,0.12,8,
1127,0,41.09,109.09,0.3,1.0,0.0,0.024,0.073,1,15.2
1127,1,79.19,7.5,-2.509,0.917,0.0,0.039,0.097,1,9.1
1127,2,135.79,89.54,0.909,0.653,0.0,1.0,1.34,0,
1127,3,54.38,130.21,-0.59,1.0,0.0,-0.031,0.12,8,
1128,0,41.15,109.04,0.303,1.0,0.0,0.024,0.073,1,15.2
1128,1,79.09,7.5,-2.503,0.91,0.0,0.04,0.097,1,9.0
1128,2,136.5,90.47,0.944,0.591,0.0,1.0,1.172,1,
1128,3,54.49,130.15,-0.595,1.0,0.0,-0.031,0.12,1,
1129,0,41.21,109.0,0.307,1.0,0.0,0.024,0.073,1,15.1
1129,1,79.0,7.5,-2.497,0.902,0.0,0.04,0.096,1,8.9
1129,2,136.5,90.57,0.996,0.55,0.0,1.0,0.097,1,
1129,3,54.59,130.09,-0.599,1.0,0.0,-0.03,0.12,8,
1130,0,41.27,108.96,0.311,1.0,0.0,0.024,0.073,8,15.1
1130,1,78.9,7.5,-2.491,0.895,0.0,0.041,0.096,1,8.9
1130,2,136.5,90.67,1.066,0.59,0.0,1.0,0.101,1,
1130,3,54.7,130.03,-0.604,1.0,0.0,-0.03,0.12,1,
1131,0,41.33,108.92,0.315,1.0,0.0,0.025,0.074,1,15.1
1131,1,78.81,7.5,-2.484,0.887,0.0,0.041,0.095,1,8.8
1131,2,136.5,90.78,1.154,0.642,0.0,1.0,0.105,1,
1131,3,54.8,129.97,-0.609,1.0,0.0,-0.029,0.12,8,
1132,0,41.39,108.88,0.319,1.0,0.0,0.025,0.074,1,15.0
1132,1,78.71,7.5,-2.478,0.88,0.0,0.042,0.095,1,8.7
1132,2,136.5,90.89,1.258,0.704,0.0,1.0,0.11,1,
1132,3,54.9,129.91,-0.613,1.0,0.0,-0.029,0.12,1,
1133,0,41.46,108.84,0.323,1.0,0.0,0.025,0.074,1,15.0
1133,1,78.62,7.5,-2.471,0.872,0.0,0.042,0.095,1,8.7
1133,2,136.5,91.0,1.381,0.772,0.0,0.985,0.114,1,
1133,3,55.0,129.84,-0.618,1.0,0.0,-0.028,0.12,1,
1134,0,41.52,108.8,0.327,1.0,0.0,0.025,0.074,8,14.9
1134,1,78.52,7.5,-2.464,0.865,0.0,0.043,0.094,1,8.6
1134,2,136.5,91.12,1.509,0.841,0.0,0.816,0.118,1,
1134,3,55.11,129.78,-0.622,1.0,0.0,-0.028,0.12,1,
1135,0,41.58,108.75,0.33,1.0,0.0,0.025,0.074,8,14.9
1135,1,78.43,7.5,-2.457,0.858,0.0,0.043,0.094,1,8.5
1135,2,136.5,91.24,1.62,0.901,0.0,0.639,0.12,1,
1135,3,55.21,129.71,-0.626,1.0,0.0,-0.027,0.12,8,
1136,0,41.64,108.71,0.334,1.0,0.0,0.025,0.075,1,14.8
1136,1,78.34,7.5,-2.451,0.851,0.0,0.044,0.093,1,8.4
1136,2,136.49,91.36,1.713,0.942,0.0,0.488,0.12,0,
1136,3,55.31,129.65,-0.63,1.0,0.0,-0.026,0.12,8,
1137,0,41.71,108.67,0.338,1.0,0.0,0.025,0.075,1,14.8
1137,1,78.24,7.5,-2.444,0.844,0.0,0.044,0.092,1,8.4
1137,2,136.46,91.6,1.789,0.968,0.0,0.361,0.24,0,
1137,3,55.41,129.58,-0.634,1.0,0.0,-0.026,0.12,1,
1138,0,41.77,108.63,0.342,1.0,0.0,0.025,0.075,8,14.7
1138,1,78.15,7.5,-2.437,0.837,0.0,0.045,0.092,1,8.3
1138,2,136.38,91.95,1.847,0.983,0.0,0.263,0.36,0,
1138,3,55.5,129.51,-0.638,1.0,0.0,-0.025,0.12,1,
1139,0,41.83,108.59,0.346,1.0,0.0,0.025,0.075,1,14.7
1139,1,78.06,7.5,-2.43,0.83,0.0,0.045,0.091,1,8.2
1139,2,136.25,92.41,1.887,0.991,0.0,0.192,0.48,0,
1139,3,55.6,129.44,-0.642,1.0,0.0,-0.025,0.12,1,
1140,0,41.9,108.56,0.35,1.0,0.0,0.025,0.075,8,14.6
1140,1,77.97,7.5,-2.422,0.823,0.0,0.046,0.091,1,8.2
1140,2,136.06,92.98,1.911,0.995,0.0,0.147,0.6,0,
1140,3,55.7,129.37,-0.646,1.0,0.0,-0.024,0.12,3,
1141,0,41.96,108.52,0.354,1.0,0.0,0.026,0.076,8,14.6
1141,1,77.88,7.5,-2.415,0.817,0.0,0.046,0.09,1,8.1
1141,2,135.82,93.66,1.931,0.996,0.0,0.129,0.72,0,
1141,3,55.8,129.3,-0.65,1.0,0.0,-0.024,0.12,1,
1142,0,42.03,108.48,0.358,1.0,0.0,0.026,0.076,1,14.6
1142,1,77.79,7.5,-2.408,0.81,0.0,0.047,0.09,1,8.0
1142,2,135.53,94.44,1.95,0.997,0.0,0.118,0.84,0,
1142,3,55.89,129.23,-0.653,1.0,0.0,-0.023,0.12,8,
1143,0,42.09,108.44,0.362,1.0,0.0,0.026,0.076,8,14.5
1143,1,77.7,7.5,-2.4,0.804,0.0,0.047,0.089,1,8.0
1143,2,135.17,95.34,1.967,0.997,0.0,0.113,0.96,0,
1143,3,55.99,129.16,-0.657,1.0,0.0,-0.022,0.12,1,
1144,0,42.16,108.4,0.366,1.0,0.0,0.026,0.076,8,14.5
1144,1,77.61,7.5,-2.393,0.797,0.0,0.048,0.089,1,7.9
1144,2,134.76,96.33,1.985,0.997,0.0,0.112,1.08,0,
1144,3,56.08,129.09,-0.66,1.0,0.0,-0.022,0.12,0,
1145,0,42.22,108.36,0.37,1.0,0.0,0.026,0.076,1,14.4
1145,1,77.52,7.5,-2.385,0.791,0.0,0.048,0.088,1,7.9
1145,2,134.27,97.43,2.003,0.997,0.0,0.115,1.2,0,
1145,3,56.27,128.94,-0.664,1.0,0.0,-0.021,0.24,0,
1146,0,42.29,108.33,0.375,1.0,0.0,0.026,0.077,1,14.4
1146,1,77.44,7.5,-2.378,0.785,0.0,0.049,0.087,1,7.8
1146,2,133.72,98.63,2.022,0.996,0.0,0.122,1.32,0,
1146,3,56.56,128.72,-0.667,1.0,0.0,-0.025,0.36,0,
1147,0,42.36,108.29,0.379,1.0,0.0,0.026,0.077,1,14.3
1147,1,77.35,7.5,-2.37,0.779,0.0,0.049,0.087,1,7.7
1147,2,133.09,99.93,2.043,0.996,0.0,0.132,1.44,0,
1147,3,56.93,128.42,-0.673,1.0,0.0,-0.032,0.48,0,
1148,0,42.43,108.25,0.383,1.0,0.0,0.026,0.077,8,14.3
1148,1,77.26,7.5,-2.362,0.772,0.0,0.05,0.086,1,7.7
1148,2,132.42,101.26,2.066,0.995,0.0,0.146,1.492,0,
1148,3,57.4,128.05,-0.679,1.0,0.0,-0.042,0.6,0,
1149,0,42.49,108.22,0.387,1.0,0.0,0.026,0.077,1,14.2
1149,1,77.18,7.5,-2.354,0.767,0.0,0.05,0.085,1,7.6
1149,2,131.71,102.57,2.091,0.994,0.0,0.161,1.491,0,
1149,3,57.96,127.59,-0.688,0.999,0.0,-0.054,0.72,0,
1150,0,42.56,108.18,0.391,1.0,0.0,0.027,0.077,8,14.2
1150,1,77.09,7.5,-2.346,0.761,0.0,0.05,0.085,1,7.6
1150,2,130.97,103.86,2.118,0.993,0.0,0.173,1.489,0,
1150,3,58.61,127.06,-0.698,0.999,0.0,-0.068,0.84,0,
1151,0,42.63,108.14,0.395,1.0,0.0,0.027,0.077,1,14.1
1151,1,77.01,7.5,-2.338,0.755,0.0,0.051,0.084,1,7.5
1151,2,130.19,105.13,2.147,0.992,0.0,0.183,1.488,0,
1151,3,59.35,126.44,-0.727,0.977,0.0,-0.308,0.96,0,
1152,0,42.7,108.11,0.4,1.0,0.0,0.027,0.078,8,14.1
1152,1,76.93,7.5,-2.33,0.749,0.0,0.051,0.083,1,7.4
1152,2,129.38,106.38,2.177,0.991,0.0,0.19,1.487,0,
1152,3,60.16,125.73,-0.769,0.982,0.0,-0.271,1.08,0,
1153,0,42.77,108.07,0.404,1.0,0.0,0.027,0.078,1,14.0
1153,1,76.84,7.5,-2.322,0.744,0.0,0.052,0.083,1,7.4
1153,2,128.54,107.6,2.203,0.993,0.0,0.166,1.49,0,
1153,3,61.02,124.89,-0.803,0.989,0.0,-0.213,1.2,0,
1154,0,42.84,108.04,0.408,1.0,0.0,0.027,0.078,1,14.0
1154,1,76.76,7.5,-2.314,0.738,0.0,0.052,0.082,1,7.3
1154,2,127.65,108.8,2.226,0.995,0.0,0.146,1.492,0,
1154,3,61.93,123.94,-0.829,0.993,0.0,-0.168,1.32,0,
1155,0,42.91,108.0,0.412,1.0,0.0,0.027,0.078,8,13.9
1155,1,76.68,7.5,-2.306,0.733,0.0,0.052,0.081,1,7.3
1155,2,126.74,109.99,2.246,0.996,0.0,0.131,1.494,0,
1155,3,62.91,122.88,-0.85,0.996,0.0,-0.133,1.44,0,
1156,0,42.98,107.97,0.417,1.0,0.0,0.027,0.078,1,13.9
1156,1,76.6,7.5,-2.298,0.728,0.0,0.053,0.08,1,7.2
1156,2,125.81,111.16,2.265,0.997,0.0,0.12,1.495,0,
1156,3,63.89,121.76,-0.866,0.997,0.0,-0.105,1.496,0,
1157,0,43.05,107.94,0.421,1.0,0.0,0.027,0.079,8,13.8
1157,1,76.52,7.5,-2.289,0.723,0.0,0.053,0.08,1,7.2
1157,2,124.91,112.24,2.283,0.938,0.0,0.112,1.407,0,
1157,3,64.86,120.62,-0.879,0.998,0.0,-0.083,1.497,0,
1158,0,43.12,107.9,0.425,1.0,0.0,0.027,0.079,8,13.8
1158,1,76.44,7.5,-2.281,0.718,0.0,0.053,0.079,1,7.1
1158,2,124.09,113.18,2.299,0.798,0.0,0.106,1.247,0,
1158,3,65.82,119.46,-0.89,0.999,0.0,-0.066,1.498,0,
1159,0,43.19,107.87,0.429,1.0,0.0,0.028,0.079,1,13.7
1159,1,76.36,7.5,-2.272,0.713,0.0,0.054,0.078,1,7.1
1159,2,123.37,113.99,2.315,0.675,0.0,0.102,1.087,0,
1159,3,66.76,118.3,-0.898,0.999,0.0,-0.052,1.499,0,
1160,0,43.27,107.84,0.434,1.0,0.0,0.028,0.079,1,13.7
1160,1,76.36,7.5,-2.246,0.0,0.0,1.0,0.0,0,19.7
1160,2,122.74,114.67,2.349,0.0,0.0,1.0,0.927,0,
1160,3,67.6,117.25,-0.889,0.0,0.0,1.0,1.339,0,
1161,0,43.34,107.8,0.438,1.0,0.0,0.028,0.079,1,13.6
1161,1,76.36,7.5,-2.203,0.0,0.0,1.0,0.0,0,19.7
1161,2,122.21,115.22,2.4,0.0,0.0,1.0,0.767,0,
1161,3,68.34,116.33,-0.862,0.0,0.0,1.0,1.179,0,
1162,0,43.41,107.77,0.443,1.0,0.0,0.028,0.079,1,13.6
1162,1,76.36,7.5,-2.142,0.0,0.0,1.0,0.0,0,19.7
1162,2,121.76,115.63,2.468,0.0,0.0,1.0,0.607,0,
1162,3,69.0,115.56,-0.818,0.0,0.0,1.0,1.019,0,
1163,0,43.49,107.74,0.447,1.0,0.0,0.028,0.08,8,13.5
1163,1,76.36,7.5,-2.064,0.0,0.0,1.0,0.0,0,19.7
1163,2,121.41,115.91,2.554,0.0,0.0,1.0,0.447,0,
1163,3,69.59,114.93,-0.756,0.0,0.0,1.0,0.859,0,
1164,0,43.56,107.71,0.451,1.0,0.0,0.028,0.08,1,13.5
1164,1,76.36,7.5,-1.968,0.0,0.0,1.0,0.0,0,19.7
1164,2,121.17,116.07,2.658,0.0,0.0,1.0,0.287,0,
1164,3,70.1,114.45,-0.676,0.0,0.0,1.0,0.699,0,
1165,0,43.63,107.68,0.456,1.0,0.0,0.028,0.08,1,13.4
1165,1,76.36,7.5,-1.854,0.0,0.0,1.0,0.0,0,19.7
1165,2,121.06,116.13,2.779,0.0,0.0,1.0,0.127,0,
1165,3,70.52,114.12,-0.58,0.0,0.0,1.0,0.539,0,
1166,0,43.71,107.65,0.46,1.0,0.0,0.028,0.08,8,13.4
1166,1,76.36,7.5,-1.723,0.0,0.0,1.0,0.0,0,19.7
1166,2,121.06,116.13,2.917,0.0,0.0,1.0,0.0,0,
1166,3,70.84,113.91,-0.465,0.0,0.0,1.0,0.379,0,
1167,0,43.78,107.62,0.465,1.0,0.0,0.029,0.08,1,13.3
1167,1,76.35,7.5,-1.575,0.062,0.0,1.0,0.014,1,19.7
1167,2,121.06,116.13,3.073,0.0,0.0,1.0,0.0,0,
1167,3,71.03,113.81,-0.334,0.0,0.0,1.0,0.219,0,
1168,0,43.86,107.59,0.469,1.0,0.0,0.029,0.081,1,13.3
1168,1,76.35,7.5,-1.418,0.209,0.0,1.0,0.0,1,19.7
1168,2,121.03,116.13,-3.053,0.02,0.0,1.0,0.03,0,
1168,3,71.09,113.79,-0.184,0.0,0.0,1.0,0.059,0,
1169,0,43.93,107.56,0.474,1.0,0.0,0.029,0.081,1,13.2
1169,1,76.37,7.5,-1.261,0.359,0.0,1.0,0.018,1,19.7
1169,2,120.88,116.12,-2.896,0.175,0.0,1.0,0.15,0,
1169,3,71.09,113.79,-0.027,0.0,0.0,1.0,0.0,0,
1170,0,44.01,107.53,0.478,1.0,0.0,0.029,0.081,8,13.2
1170,1,76.4,7.5,-1.104,0.501,0.0,1.0,0.037,1,19.7
1170,2,120.62,116.05,-2.739,0.32,0.0,1.0,0.27,0,
1170,3,71.1,113.79,0.13,0.005,0.0,1.0,0.008,0,
1171,0,44.08,107.5,0.483,1.0,0.0,0.029,0.081,8,13.1
1171,1,76.46,7.5,-0.947,0.631,0.0,1.0,0.054,1,19.6
1171,2,120.26,115.9,-2.581,0.453,0.0,1.0,0.39,0,
1171,3,71.22,113.81,0.287,0.161,0.0,1.0,0.128,0,
1172,0,44.16,107.48,0.488,1.0,0.0,0.029,0.081,8,13.1
1172,1,76.53,7.5,-0.789,0.745,0.0,1.0,0.07,1,19.6
1172,2,119.83,115.63,-2.424,0.573,0.0,1.0,0.51,0,
1172,3,71.46,113.88,0.444,0.309,0.0,1.0,0.248,0,
1173,0,44.24,107.45,0.492,1.0,0.0,0.029,0.081,1,13.0
1173,1,76.61,7.5,-0.65,0.84,0.0,0.818,0.085,1,19.5
1173,2,119.35,115.21,-2.267,0.679,0.0,1.0,0.63,0,
1173,3,71.79,114.04,0.601,0.447,0.0,1.0,0.368,0,
1174,0,44.31,107.42,0.497,1.0,0.0,0.029,0.082,1,12.9
1174,1,76.71,7.5,-0.528,0.908,0.0,0.618,0.096,1,19.4
1174,2,118.87,114.64,-2.112,0.771,0.0,0.987,0.75,0,
1174,3,72.2,114.31,0.758,0.572,0.0,1.0,0.488,0,
1175,0,44.39,107.4,0.501,1.0,0.0,0.03,0.082,8,12.9
1175,1,76.81,7.5,-0.423,0.953,0.0,0.442,0.104,1,19.3
1175,2,118.42,113.89,-1.975,0.847,0.0,0.802,0.87,0,
1175,3,72.64,114.73,0.915,0.683,0.0,1.0,0.608,0,
1176,0,44.47,107.37,0.506,1.0,0.0,0.03,0.082,1,12.8
1176,1,76.92,7.5,-0.336,0.979,0.0,0.291,0.109,1,19.2
1176,2,118.03,112.98,-1.855,0.901,0.0,0.641,0.99,0,
1176,3,73.08,115.31,1.068,0.778,0.0,0.97,0.728,0,
1177,0,44.55,107.35,0.511,1.0,0.0,0.03,0.082,1,12.8
1177,1,77.03,7.5,-0.267,0.993,0.0,0.165,0.113,1,19.1
1177,2,117.72,111.91,-1.752,0.938,0.0,0.505,1.11,0,
1177,3,73.49,116.05,1.202,0.856,0.0,0.776,0.848,0,
1178,0,44.63,107.32,0.515,1.0,0.0,0.03,0.082,8,12.7
1178,1,77.15,7.5,-0.214,0.999,0.0,0.063,0.116,1,18.9
1178,2,117.5,110.7,-1.667,0.963,0.0,0.392,1.23,0,
1178,3,73.84,116.95,1.32,0.911,0.0,0.608,0.968,0,
1179,0,44.7,107.3,0.52,1.0,0.0,0.03,0.082,8,12.7
1179,1,77.27,7.5,-0.18,1.0,0.0,-0.013,0.117,1,18.8
1179,2,117.37,109.36,-1.599,0.978,0.0,0.302,1.35,0,
1179,3,74.11,118.01,1.42,0.948,0.0,0.463,1.088,0,
1180,0,44.78,107.27,0.525,1.0,0.0,0.03,0.083,8,12.6
1180,1,77.39,7.5,-0.163,0.999,0.0,-0.064,0.118,1,18.7
1180,2,117.32,107.97,-1.549,0.987,0.0,0.234,1.39,8,
1180,3,74.29,119.2,1.502,0.972,0.0,0.341,1.208,0,
1181,0,44.86,107.25,0.53,1.0,0.0,0.03,0.083,1,12.6
1181,1,77.5,7.5,-0.163,0.998,0.0,-0.091,0.118,1,18.6
1181,2,117.3,107.97,-1.517,0.991,0.0,0.191,0.016,1,
1181,3,74.38,120.52,1.567,0.986,0.0,0.241,1.328,0,
1182,0,44.94,107.23,0.535,1.0,0.0,0.031,0.083,1,12.5
1182,1,77.62,7.5,-0.178,0.998,0.0,-0.092,0.118,1,18.5
1182,2,117.29,107.97,-1.494,0.995,0.0,0.146,0.012,1,
1182,3,74.39,121.97,1.614,0.993,0.0,0.163,1.448,0,
1183,0,45.02,107.2,0.539,1.0,0.0,0.031,0.083,8,12.5
1183,1,77.74,7.5,-0.189,0.999,0.0,-0.074,0.118,1,18.4
1183,2,117.28,107.97,-1.476,0.997,0.0,0.115,0.01,1,
1183,3,74.32,123.47,1.644,0.997,0.0,0.107,1.496,0,
1184,0,45.1,107.18,0.544,1.0,0.0,0.031,0.083,1,12.4
1184,1,77.86,7.5,-0.199,0.999,0.0,-0.059,0.118,1,18.3
1184,2,117.27,107.97,-1.462,0.998,0.0,0.09,0.008,8,
1184,3,74.21,124.96,1.656,0.999,0.0,0.073,1.498,0,
1185,0,45.18,107.16,0.549,1.0,0.0,0.031,0.083,1,12.3
1185,1,77.98,7.5,-0.206,0.999,0.0,-0.048,0.118,1,18.1
1185,2,117.26,107.96,-1.451,0.999,0.0,0.071,0.006,1,
1185,3,74.09,126.45,1.666,0.999,0.0,0.062,1.499,0,
1186,0,45.26,107.14,0.554,1.0,0.0,0.031,0.084,1,12.3
1186,1,78.09,7.5,-0.212,1.0,0.0,-0.039,0.117,1,18.0
1186,2,117.26,107.96,-1.442,0.999,0.0,0.055,0.005,8,
1186,3,73.94,127.94,1.674,0.999,0.0,0.054,1.499,0,
1187,0,45.34,107.12,0.559,1.0,0.0,0.031,0.084,1,12.2
1187,1,78.21,7.5,-0.217,1.0,0.0,-0.033,0.117,1,17.9
1187,2,117.26,107.96,-1.435,1.0,0.0,0.044,0.004,1,
1187,3,73.79,129.44,1.682,0.999,0.0,0.047,1.499,0,
1188,0,45.43,107.1,0.564,1.0,0.0,0.031,0.084,1,12.2
1188,1,78.33,7.5,-0.222,1.0,0.0,-0.028,0.117,1,17.8
1188,2,117.25,107.96,-1.43,1.0,0.0,0.034,0.003,1,
1188,3,73.62,130.93,1.688,1.0,0.0,0.042,1.499,0,
1189,0,45.51,107.08,0.569,1.0,0.0,0.032,0.084,8,12.1
1189,1,78.44,7.5,-0.225,1.0,0.0,-0.024,0.117,1,17.7
1189,2,117.25,107.96,-1.425,1.0,0.0,0.027,0.002,1,
1189,3,73.45,132.42,1.694,1.0,0.0,0.038,1.499,0,
1190,0,45.59,107.06,0.574,1.0,0.0,0.032,0.084,1,12.1
1190,1,78.56,7.5,-0.229,1.0,0.0,-0.021,0.117,1,17.6
1190,2,117.25,107.96,-1.422,1.0,0.0,0.021,0.002,1,
1190,3,73.27,133.87,1.7,0.977,0.0,0.036,1.465,0,
1191,0,45.67,107.04,0.579,1.0,0.0,0.032,0.084,8,12.0
1191,1,78.68,7.5,-0.232,1.0,0.0,-0.018,0.117,1,17.5
1191,2,117.25,107.96,-1.419,1.0,0.0,0.017,0.001,2,
1191,3,73.1,135.16,1.705,0.83,0.0,0.034,1.305,0,
1192,0,45.75,107.02,0.584,1.0,0.0,0.032,0.084,1,11.9
1192,1,78.8,7.5,-0.234,1.0,0.0,-0.016,0.117,1,17.3
1192,2,117.25,107.96,-1.417,1.0,0.0,0.013,0.001,8,
1192,3,72.94,136.3,1.71,0.7,0.0,0.033,1.145,0,
1193,0,45.84,107.0,0.589,1.0,0.0,0.032,0.085,8,11.9
1193,1,78.91,7.5,-0.236,1.0,0.0,-0.015,0.117,1,17.2
1193,2,117.25,107.96,-1.416,1.0,0.0,0.01,0.001,1,
1193,3,72.81,136.5,1.715,0.586,0.0,0.032,0.244,1,
1194,0,45.92,106.99,0.594,1.0,0.0,0.032,0.085,1,11.8
1194,1,79.03,7.5,-0.239,1.0,0.0,-0.014,0.117,1,17.1
1194,2,117.24,107.96,-1.415,1.0,0.0,0.008,0.001,8,
1194,3,72.79,136.5,1.715,0.564,0.0,-0.001,0.017,1,
1195,0,46.0,106.97,0.599,1.0,0.0,0.033,0.085,2,11.8
1195,1,79.15,7.5,-0.241,1.0,0.0,-0.013,0.117,1,17.0
1195,2,117.24,107.96,-1.414,1.0,0.0,0.006,0.001,1,
1195,3,72.77,136.5,1.714,0.563,0.0,-0.005,0.017,1,
1196,0,46.09,106.96,0.604,1.0,0.0,0.033,0.085,8,11.7
1196,1,79.26,7.5,-0.243,1.0,0.0,-0.013,0.117,1,16.9
1196,2,117.24,107.96,-1.413,1.0,0.0,0.005,0.0,8,
1196,3,72.76,136.5,1.713,0.563,0.0,-0.009,0.017,1,
1197,0,46.17,106.94,0.609,1.0,0.0,0.033,0.085,1,11.6
1197,1,79.38,7.5,-0.245,1.0,0.0,-0.012,0.116,1,16.8
1197,2,117.24,107.96,-1.412,1.0,0.0,0.004,0.0,1,
1197,3,72.74,136.5,1.711,0.563,0.0,-0.011,0.017,1,
1198,0,46.26,106.93,0.615,1.0,0.0,0.033,0.085,8,11.6
1198,1,79.49,7.5,-0.247,1.0,0.0,-0.012,0.116,1,16.7
1198,2,117.24,107.96,-1.412,1.0,0.0,0.003,0.0,1,
1198,3,72.72,136.5,1.709,0.563,0.0,-0.013,0.017,1,
1199,0,46.34,106.91,0.62,1.0,0.0,0.033,0.085,1,11.5
1199,1,79.61,7.5,-0.248,1.0,0.0,-0.012,0.116,1,16.6
1199,2,117.24,107.96,-1.411,1.0,0.0,0.002,0.0,8,
1199,3,72.7,136.5,1.707,0.562,0.0,-0.014,0.017,1,
1200,0,46.42,106.9,0.625,1.0,0.0,0.033,0.086,8,11.5
1200,1,79.61,7.5,-0.233,0.0,0.0,1.0,0.0,0,35.7
1200,2,117.24,107.96,-1.428,0.509,0.0,-1.0,0.0,2,
1200,3,72.69,136.5,1.705,0.562,0.0,-0.015,0.016,1,
1201,0,46.51,106.88,0.63,1.0,0.0,0.034,0.086,1,11.4
1201,1,79.61,7.5,-0.2,0.0,0.0,1.0,0.0,0,35.7
1201,2,117.24,107.96,-1.463,0.524,0.0,-1.0,0.002,1,
1201,3,72.67,136.5,1.702,0.562,0.0,-0.016,0.016,1,
1202,0,46.59,106.87,0.636,1.0,0.0,0.034,0.086,8,11.4
1202,1,79.61,7.5,-0.149,0.0,0.0,1.0,0.0,0,35.7
1202,2,117.23,107.96,-1.515,0.553,0.0,-1.0,0.006,8,
1202,3,72.66,136.5,1.7,0.562,0.0,-0.016,0.016,1,
1203,0,46.68,106.86,0.641,1.0,0.0,0.034,0.086,1,11.3
1203,1,79.61,7.5,-0.081,0.0,0.0,1.0,0.0,0,35.7
1203,2,117.22,107.96,-1.585,0.596,0.0,-1.0,0.013,1,
1203,3,72.64,136.5,1.697,0.562,0.0,-0.017,0.015,1,
1204,0,46.76,106.85,0.646,1.0,0.0,0.034,0.086,8,11.2
1204,1,79.61,7.5,0.005,0.0,0.0,1.0,0.0,0,35.7
1204,2,117.2,107.95,-1.672,0.651,0.0,-1.0,0.021,8,
1204,3,72.63,136.5,1.694,0.562,0.0,-0.017,0.015,1,
1205,0,46.85,106.84,0.652,1.0,0.0,0.034,0.086,8,11.2
1205,1,79.61,7.5,0.108,0.0,0.0,1.0,0.0,0,35.7
1205,2,117.17,107.95,-1.777,0.715,0.0,-1.0,0.032,1,
1205,3,72.61,136.5,1.692,0.561,0.0,-0.017,0.015,1,
1206,0,46.94,106.83,0.657,1.0,0.0,0.034,0.086,1,11.1
1206,1,79.61,7.5,0.229,0.0,0.0,1.0,0.0,0,35.7
1206,2,117.13,107.94,-1.899,0.785,0.0,-0.954,0.044,1,
1206,3,72.6,136.5,1.689,0.561,0.0,-0.017,0.014,1,
1207,0,47.02,106.82,0.663,1.0,0.0,0.035,0.086,1,11.1
1207,1,79.61,7.5,0.367,0.0,0.0,1.0,0.0,0,35.7
1207,2,117.07,107.93,-2.021,0.856,0.0,-0.777,0.058,1,
1207,3,72.58,136.5,1.686,0.561,0.0,-0.017,0.014,1,
1208,0,47.11,106.81,0.668,1.0,0.0,0.035,0.087,1,11.0
1208,1,79.61,7.5,0.522,0.0,0.0,1.0,0.0,0,35.7
1208,2,117.0,107.92,-2.125,0.913,0.0,-0.599,0.071,1,
1208,3,72.57,136.5,1.684,0.561,0.0,-0.017,0.014,1,
1209,0,47.19,106.8,0.674,1.0,0.0,0.035,0.087,1,10.9
1209,1,79.61,7.5,0.68,0.0,0.0,1.0,0.0,0,35.7
1209,2,116.92,107.9,-2.212,0.952,0.0,-0.445,0.081,1,
1209,3,72.57,136.5,1.664,0.0,0.0,-1.0,0.0,0,
1210,0,47.28,106.79,0.679,1.0,0.0,0.035,0.087,8,10.9
1210,1,79.61,7.5,0.837,0.0,0.0,1.0,0.0,0,35.7
1210,2,116.83,107.89,-2.282,0.976,0.0,-0.315,0.089,1,
1210,3,72.57,136.5,1.626,0.0,0.0,-1.0,0.0,0,
1211,0,47.37,106.79,0.685,1.0,0.0,0.035,0.087,8,10.8
1211,1,79.61,7.5,0.994,0.0,0.0,1.0,0.0,0,35.7
1211,2,116.74,107.87,-2.334,0.989,0.0,-0.21,0.095,1,
1211,3,72.57,136.5,1.571,0.0,0.0,-1.0,0.0,0,
1212,0,47.45,106.78,0.69,1.0,0.0,0.036,0.087,1,10.7
1212,1,79.61,7.5,1.151,0.0,0.0,1.0,0.0,0,35.7
1212,2,116.64,107.85,-2.368,0.996,0.0,-0.129,0.099,8,
1212,3,72.57,136.5,1.498,0.0,0.0,-1.0,0.0,0,
1213,0,47.54,106.77,0.696,1.0,0.0,0.036,0.087,8,10.7
1213,1,79.66,7.61,1.308,0.085,0.0,1.0,0.12,0,35.7
1213,2,116.54,107.83,-2.385,0.999,0.0,-0.073,0.102,8,
1213,3,72.57,136.5,1.408,0.0,0.0,-1.0,0.0,0,
1214,0,47.63,106.77,0.702,1.0,0.0,0.036,0.087,8,10.6
1214,1,79.72,7.84,1.465,0.236,0.0,1.0,0.24,0,35.6
1214,2,116.44,107.8,-2.392,1.0,0.0,-0.042,0.104,1,
1214,3,72.57,136.5,1.301,0.0,0.0,-1.0,0.0,0,
1215,0,47.72,106.76,0.707,1.0,0.0,0.036,0.087,1,10.6
1215,1,79.76,8.2,1.622,0.379,0.0,1.0,0.36,0,35.5
1215,2,116.34,107.78,-2.396,1.0,0.0,-0.025,0.104,1,
1215,3,72.57,136.5,1.176,0.0,0.0,-1.0,0.0,0,
1216,0,47.8,106.76,0.713,1.0,0.0,0.036,0.088,1,10.5
1216,1,79.74,8.68,1.779,0.511,0.0,1.0,0.48,0,35.2
1216,2,116.24,107.76,-2.398,1.0,0.0,-0.013,0.105,1,
1216,3,72.57,136.5,1.033,0.0,0.0,-1.0,0.0,0,
1217,0,47.89,106.75,0.719,1.0,0.0,0.037,0.088,1,10.4
1217,1,79.61,9.27,1.936,0.63,0.0,1.0,0.6,0,34.9
1217,2,116.14,107.73,-2.398,1.0,0.0,-0.002,0.106,8,
1217,3,72.57,136.5,0.876,0.0,0.0,-1.0,0.0,0,
1218,0,47.98,106.75,0.725,1.0,0.0,0.037,0.088,1,10.4
1218,1,79.35,9.94,2.093,0.735,0.0,1.0,0.72,0,34.3
1218,2,116.03,107.7,-2.397,1.0,0.0,0.005,0.106,8,
1218,3,72.57,136.5,0.719,0.0,0.0,-1.0,0.0,0,
1219,0,48.07,106.75,0.73,1.0,0.0,0.037,0.088,8,10.3
1219,1,78.94,10.67,2.233,0.824,0.0,0.86,0.84,0,33.6
1219,2,115.93,107.67,-2.396,1.0,0.0,0.011,0.107,1,
1219,3,72.57,136.5,0.562,0.0,0.0,-1.0,0.0,0,
1220,0,48.15,106.75,0.736,1.0,0.0,0.037,0.088,1,10.3
1220,1,78.35,11.42,2.355,0.888,0.0,0.681,0.96,0,32.8
1220,2,115.83,107.65,-2.393,1.0,0.0,0.016,0.107,2,
1220,3,72.57,136.5,0.405,0.0,0.0,-1.0,0.0,0,
1221,0,48.24,106.74,0.742,1.0,0.0,0.038,0.088,8,10.2
1221,1,77.58,12.19,2.459,0.933,0.0,0.526,1.08,0,31.8
1221,2,115.72,107.62,-2.39,1.0,0.0,0.02,0.107,8,
1221,3,72.66,136.5,0.248,0.066,0.0,-1.0,0.091,1,
1222,0,48.33,106.74,0.748,1.0,0.0,0.038,0.088,8,10.1
1222,1,76.65,12.94,2.547,0.962,0.0,0.394,1.2,0,30.6
1222,2,115.62,107.59,-2.386,1.0,0.0,0.023,0.108,8,
1222,3,72.78,136.5,0.091,0.216,0.0,-1.0,0.116,1,
1223,0,48.42,106.74,0.754,1.0,0.0,0.038,0.088,8,10.1
1223,1,75.56,13.68,2.616,0.98,0.0,0.285,1.32,0,29.3
1223,2,115.52,107.55,-2.382,1.0,0.0,0.026,0.108,8,
1223,3,72.9,136.5,-0.066,0.361,0.0,-1.0,0.12,1,
1224,0,48.51,106.74,0.76,1.0,0.0,0.038,0.088,8,10.0
1224,1,74.31,14.41,2.668,0.99,0.0,0.198,1.44,0,27.9
1224,2,115.41,107.52,-2.378,1.0,0.0,0.027,0.108,1,
1224,3,73.02,136.49,-0.224,0.496,0.0,-1.0,0.12,0,
1225,0,48.51,106.74,0.784,0.0,0.0,1.0,0.0,8,26.2
1225,1,72.98,15.09,2.703,0.996,0.0,0.134,1.493,0,26.4
1225,2,115.31,107.49,-2.373,1.0,0.0,0.029,0.108,1,
1225,3,73.25,136.44,-0.381,0.621,0.0,-1.0,0.24,0,
1226,0,48.51,106.74,0.825,0.0,0.0,1.0,0.0,8,26.2
1226,1,71.63,15.72,2.72,0.998,0.0,0.092,1.497,0,24.9
1226,2,115.21,107.45,-2.369,1.0,0.0,0.03,0.109,1,
1226,3,73.58,136.31,-0.538,0.727,0.0,-1.0,0.36,0,
1227,0,48.51,106.74,0.883,0.0,0.0,1.0,0.0,8,26.2
1227,1,70.26,16.34,2.731,0.999,0.0,0.073,1.498,0,23.4
1227,2,115.11,107.42,-2.364,1.0,0.0,0.031,0.109,1,
1227,3,74.0,136.06,-0.677,0.815,0.0,-0.883,0.48,0,
1228,0,48.51,106.74,0.959,0.0,0.0,1.0,0.0,8,26.2
1228,1,68.89,16.93,2.741,0.999,0.0,0.061,1.499,0,21.9
1228,2,115.0,107.38,-2.359,1.0,0.0,0.032,0.109,8,
1228,3,74.46,135.68,-0.799,0.877,0.0,-0.717,0.6,0,
1229,0,48.51,106.74,1.053,0.0,0.0,1.0,0.0,8,26.2
1229,1,67.51,17.52,2.749,0.999,0.0,0.052,1.499,0,20.5
1229,2,114.9,107.34,-2.354,1.0,0.0,0.033,0.109,1,
1229,3,74.97,135.17,-0.904,0.919,0.0,-0.58,0.72,0,
1230,0,48.51,106.74,1.164,0.0,0.0,1.0,0.0,8,26.2
1230,1,66.12,18.09,2.756,1.0,0.0,0.044,1.499,0,19.0
1230,2,114.8,107.3,-2.348,1.0,0.0,0.033,0.109,1,
1230,3,75.49,134.51,-0.991,0.947,0.0,-0.469,0.84,0,
1231,0,48.51,106.74,1.292,0.0,0.0,1.0,0.0,8,26.2
1231,1,64.73,18.66,2.762,1.0,0.0,0.038,1.499,0,17.5
1231,2,114.7,107.26,-2.343,1.0,0.0,0.034,0.11,1,
1231,3,76.01,133.7,-1.061,0.964,0.0,-0.383,0.96,0,
1232,0,48.51,106.74,1.438,0.0,0.0,1.0,0.0,8,26.2
1232,1,63.34,19.21,2.767,1.0,0.0,0.032,1.5,0,16.0
1232,2,114.59,107.22,-2.338,1.0,0.0,0.034,0.11,1,
1232,3,76.54,132.76,-1.113,0.975,0.0,-0.319,1.08,0,
1233,0,48.51,106.74,1.595,0.0,0.0,1.0,0.0,8,26.2
1233,1,61.94,19.76,2.771,1.0,0.0,0.028,1.5,0,14.5
1233,2,114.49,107.18,-2.332,1.0,0.0,0.035,0.11,1,
1233,3,77.07,131.69,-1.156,0.982,0.0,-0.275,1.2,0,
1234,0,48.51,106.74,1.752,0.0,0.0,1.0,0.0,8,26.2
1234,1,60.55,20.3,2.775,1.0,0.0,0.025,1.5,0,13.0
1234,2,114.39,107.14,-2.327,1.0,0.0,0.035,0.11,1,
1234,3,77.6,130.48,-1.193,0.986,0.0,-0.238,1.32,0,
1235,0,48.51,106.74,1.909,0.0,0.0,1.0,0.0,8,26.2
1235,1,60.13,20.48,2.779,1.0,0.0,0.022,0.457,1,12.5
1235,2,114.29,107.1,-2.321,1.0,0.0,0.035,0.11,8,
1235,3,78.13,129.14,-1.225,0.99,0.0,-0.201,1.44,0,
1236,0,48.51,106.74,2.066,0.0,0.0,1.0,0.0,8,26.2
1236,1,60.13,20.49,2.782,1.0,0.0,0.02,0.002,1,12.5
1236,2,114.19,107.05,-2.316,1.0,0.0,0.035,0.11,1,
1236,3,78.64,127.74,-1.25,0.994,0.0,-0.162,1.49,0,
1237,0,48.47,106.74,2.224,0.058,0.0,1.0,0.041,1,26.2
1237,1,60.13,20.49,2.784,1.0,0.0,0.016,0.001,1,12.5
1237,2,114.09,107.01,-2.31,1.0,0.0,0.036,0.111,2,
1237,3,79.11,126.32,-1.269,0.996,0.0,-0.12,1.495,0,
1238,0,48.39,106.74,2.381,0.213,0.0,1.0,0.073,2,26.1
1238,1,60.13,20.49,2.786,1.0,0.0,0.012,0.001,1,12.5
1238,2,113.99,106.96,-2.304,1.0,0.0,0.036,0.111,1,
1238,3,79.55,124.89,-1.281,0.999,0.0,-0.075,1.498,0,
1239,0,48.31,106.74,2.538,0.362,0.0,1.0,0.087,1,26.0
1239,1,60.13,20.49,2.788,1.0,0.0,0.01,0.001,8,12.5
1239,2,113.89,106.92,-2.299,1.0,0.0,0.036,0.111,8,
1239,3,79.98,123.45,-1.285,1.0,0.0,-0.029,1.5,0,
1240,0,48.21,106.75,2.677,0.563,0.0,-1.0,0.1,2,12.5
1240,1,60.13,20.49,2.789,1.0,0.0,0.008,0.001,8,12.5
1240,2,113.89,106.92,-2.276,0.0,0.0,1.0,0.0,8,
1240,3,80.4,122.01,-1.29,1.0,0.0,-0.027,1.5,0,
1241,0,48.21,106.75,2.834,0.0,0.0,1.0,0.0,0,58.4
1241,1,60.13,20.49,2.79,1.0,0.0,0.006,0.001,1,12.5
1241,2,113.89,106.92,-2.235,0.0,0.0,1.0,0.0,8,
1241,3,80.78,120.72,-1.311,0.0,0.0,-1.0,1.34,0,
1242,0,48.21,106.75,2.991,0.0,0.0,1.0,0.0,0,58.4
1242,1,60.13,20.49,2.791,1.0,0.0,0.005,0.0,1,12.5
1242,2,113.89,106.92,-2.177,0.0,0.0,1.0,0.0,8,
1242,3,81.08,119.58,-1.351,0.0,0.0,-1.0,1.18,0,
1243,0,48.21,106.75,-3.135,0.0,0.0,1.0,0.0,0,58.4
1243,1,60.13,20.49,2.791,1.0,0.0,0.004,0.0,8,12.5
1243,2,113.89,106.92,-2.101,0.0,0.0,1.0,0.0,8,
1243,3,81.3,118.59,-1.407,0.0,0.0,-1.0,1.02,0,
1244,0,48.2,106.75,-2.978,0.004,0.0,1.0,0.006,0,58.4
1244,1,60.13,20.49,2.792,1.0,0.0,0.003,0.0,1,12.5
1244,2,113.89,106.92,-2.008,0.0,0.0,1.0,0.0,8,
1244,3,81.44,117.74,-1.482,0.0,0.0,-1.0,0.86,0,
1245,0,48.08,106.72,-2.82,0.16,0.0,1.0,0.126,0,58.3
1245,1,60.13,20.49,2.792,1.0,0.0,0.002,0.0,1,12.5
1245,2,113.89,106.92,-1.897,0.0,0.0,1.0,0.0,8,
1245,3,81.5,117.04,-1.573,0.0,0.0,-1.0,0.7,0,
1246,0,47.84,106.65,-2.663,0.311,0.0,1.0,0.246,0,58.3
1246,1,60.13,20.49,2.792,1.0,0.0,0.002,0.0,8,12.5
1246,2,113.89,106.92,-1.769,0.0,0.0,1.0,0.0,8,
1246,3,81.5,116.5,-1.682,0.0,0.0,-1.0,0.54,0,
1247,0,47.52,106.48,-2.506,0.452,0.0,1.0,0.366,0,58.1
1247,1,60.13,20.49,2.793,1.0,0.0,0.001,0.0,8,12.5
1247,2,113.89,106.92,-1.623,0.0,0.0,1.0,0.0,8,
1247,3,81.46,116.13,-1.809,0.029,0.0,-1.0,0.38,0,
1248,0,47.13,106.19,-2.349,0.581,0.0,1.0,0.486,0,57.8
1248,1,60.13,20.49,2.793,1.0,0.0,0.001,0.0,1,12.5
1248,2,113.89,106.92,-1.466,0.0,0.0,1.0,0.0,8,
1248,3,81.41,115.91,-1.953,0.144,0.0,-1.0,0.22,0,
1249,0,46.7,105.76,-2.192,0.697,0.0,1.0,0.606,0,57.4
1249,1,60.13,20.49,2.793,1.0,0.0,0.001,0.0,8,12.5
1249,2,113.85,106.9,-1.309,0.139,0.0,1.0,0.04,1,
1249,3,81.28,115.6,-2.111,0.278,0.0,-1.0,0.34,0,
1250,0,46.28,105.17,-2.046,0.796,0.0,0.929,0.726,0,56.8
1250,1,60.13,20.49,2.793,1.0,0.0,0.001,0.0,1,12.5
1250,2,113.83,106.89,-1.152,0.29,0.0,1.0,0.022,8,
1250,3,81.05,115.2,-2.268,0.416,0.0,-1.0,0.46,0,
1251,0,45.89,104.42,-1.918,0.872,0.0,0.732,0.846,0,56.1
1251,1,60.13,20.49,2.793,1.0,0.0,0.001,0.0,1,12.5
1251,2,113.83,106.89,-0.995,0.435,0.0,1.0,0.004,1,
1251,3,80.67,114.76,-2.425,0.543,0.0,-1.0,0.58,0,
1252,0,45.56,103.51,-1.807,0.924,0.0,0.559,0.966,0,55.2
1252,1,60.13,20.49,2.793,1.0,0.0,0.0,0.0,8,12.5
1252,2,113.84,106.89,-0.838,0.57,0.0,1.0,0.015,8,
1252,3,80.15,114.3,-2.582,0.656,0.0,-1.0,0.7,0,
1253,0,45.31,102.45,-1.713,0.959,0.0,0.41,1.086,0,54.2
1253,1,60.13,20.49,2.793,1.0,0.0,0.0,0.0,1,12.5
1253,2,113.87,106.91,-0.681,0.692,0.0,1.0,0.034,8,
1253,3,79.45,113.86,-2.739,0.756,0.0,-1.0,0.82,0,
1254,0,45.14,101.26,-1.637,0.98,0.0,0.284,1.206,0,53.0
1254,1,60.13,20.49,2.793,1.0,0.0,0.0,0.0,8,12.5
1254,2,113.92,106.93,-0.536,0.798,0.0,0.925,0.052,8,
1254,3,78.59,113.5,-2.878,0.84,0.0,-0.82,0.94,0,
1255,0,45.05,99.93,-1.579,0.992,0.0,0.182,1.326,0,51.7
1255,1,60.13,20.49,2.793,1.0,0.0,0.0,0.0,1,12.5
1255,2,113.98,106.96,-0.408,0.878,0.0,0.713,0.068,1,
1255,3,77.56,113.22,-3.001,0.9,0.0,-0.645,1.06,0,
1256,0,45.04,98.49,-1.538,0.997,0.0,0.103,1.446,0,50.2
1256,1,60.13,20.49,2.793,1.0,0.0,0.0,0.0,1,12.5
1256,2,114.05,106.99,-0.298,0.933,0.0,0.526,0.08,2,
1256,3,76.4,113.05,-3.105,0.941,0.0,-0.492,1.18,0,
1257,0,45.09,96.99,-1.514,0.999,0.0,0.048,1.499,0,48.7
1257,1,60.13,20.49,2.793,1.0,0.0,0.0,0.0,1,12.5
1257,2,114.13,107.03,-0.205,0.968,0.0,0.362,0.09,8,
1257,3,75.1,113.01,3.091,0.968,0.0,-0.363,1.3,0,
1258,0,45.17,95.49,-1.508,1.0,0.0,0.016,1.5,0,47.2
1258,1,60.13,20.49,2.793,1.0,0.0,0.0,0.0,1,12.5
1258,2,114.22,107.07,-0.13,0.988,0.0,0.223,0.098,1,
1258,3,73.68,113.08,3.021,0.984,0.0,-0.255,1.42,0,
1259,0,45.27,94.0,-1.507,1.0,0.0,0.008,1.5,0,45.7
1259,1,60.13,20.49,2.793,1.0,0.0,0.0,0.0,1,12.5
1259,2,114.32,107.11,-0.072,0.997,0.0,0.108,0.103,1,
1259,3,72.2,113.26,2.969,0.993,0.0,-0.17,1.489,0,
1260,0,45.36,92.5,-1.506,1.0,0.0,0.006,1.5,0,44.2
1260,1,60.13,20.49,2.793,1.0,0.0,0.0,0.0,1,12.5
1260,2,114.42,107.15,-0.032,1.0,0.0,0.018,0.107,1,
1260,3,70.73,113.51,2.935,0.997,0.0,-0.106,1.496,0,
1261,0,45.46,91.0,-1.505,1.0,0.0,0.005,1.5,0,42.7
1261,1,60.13,20.49,2.793,1.0,0.0,0.0,0.0,1,12.5
1261,2,114.52,107.19,-0.009,0.999,0.0,-0.048,0.11,1,
1261,3,69.26,113.82,2.918,0.999,0.0,-0.063,1.499,0,
1262,0,45.56,89.51,-1.505,1.0,0.0,0.004,1.5,0,41.2
1262,1,60.13,20.49,2.793,1.0,0.0,0.0,0.0,1,12.5
1262,2,114.62,107.24,-0.004,0.998,0.0,-0.088,0.111,1,
1262,3,67.8,114.15,2.911,1.0,0.0,-0.043,1.499,0,
1263,0,45.66,88.01,-1.504,1.0,0.0,0.003,1.5,0,39.7
1263,1,60.13,20.49,2.793,1.0,0.0,0.0,0.0,1,12.5
1263,2,114.73,107.28,-0.016,0.997,0.0,-0.104,0.112,8,
1263,3,66.34,114.5,2.905,1.0,0.0,-0.037,1.5,0,
1264,0,45.76,86.51,-1.504,1.0,0.0,0.003,1.5,0,38.2
1264,1,60.13,20.49,2.793,1.0,0.0,0.0,0.0,1,12.5
1264,2,114.83,107.32,-0.031,0.998,0.0,-0.095,0.112,1,
1264,3,64.88,114.85,2.9,1.0,0.0,-0.031,1.5,0,
1265,0,45.86,85.02,-1.503,1.0,0.0,0.002,1.5,0,36.7
1265,1,60.13,20.49,2.793,1.0,0.0,0.0,0.0,8,12.5
1265,2,114.93,107.36,-0.044,0.998,0.0,-0.082,0.111,8,
1265,3,63.42,115.21,2.896,1.0,0.0,-0.027,1.5,0,
1266,0,45.96,83.52,-1.503,1.0,0.0,0.002,1.5,0,35.2
1266,1,60.13,20.49,2.793,1.0,0.0,0.0,0.0,1,12.5
1266,2,115.04,107.39,-0.055,0.999,0.0,-0.072,0.111,8,
1266,3,61.97,115.57,2.892,1.0,0.0,-0.024,1.5,0,
1267,0,46.05,82.18,-1.485,0.0,0.0,1.0,1.34,0,37.1
1267,1,60.13,20.49,2.793,1.0,0.0,0.0,0.0,1,12.5
1267,2,115.14,107.43,-0.065,0.999,0.0,-0.065,0.111,1,
1267,3,60.52,115.94,2.889,1.0,0.0,-0.021,1.5,0,
1268,0,46.15,81.01,-1.45,0.0,0.0,1.0,1.18,0,38.3
1268,1,60.13,20.49,2.793,1.0,0.0,0.0,0.0,1,12.5
1268,2,115.25,107.47,-0.075,0.999,0.0,-0.059,0.111,8,
1268,3,60.43,115.94,2.886,1.0,0.0,-0.019,0.082,1,
1269,0,46.27,79.99,-1.397,0.0,0.0,1.0,1.02,0,39.3
1269,1,60.13,20.49,2.793,1.0,0.0,0.0,0.0,1,12.5
1269,2,115.35,107.5,-0.083,0.999,0.0,-0.054,0.111,1,
1269,3,60.43,115.94,2.883,1.0,0.0,-0.017,0.001,1,
1270,0,46.42,79.15,-1.327,0.0,0.0,1.0,0.86,0,40.1
1270,1,60.13,20.49,2.793,1.0,0.0,0.0,0.0,8,12.5
1270,2,115.46,107.54,-0.091,0.999,0.0,-0.051,0.111,8,
1270,3,60.43,115.94,2.881,1.0,0.0,-0.013,0.001,1,
1271,0,46.59,78.47,-1.239,0.0,0.0,1.0,0.7,0,40.8
1271,1,60.13,20.49,2.793,1.0,0.0,0.0,0.0,1,12.5
1271,2,115.57,107.57,-0.099,0.999,0.0,-0.048,0.111,1,
1271,3,60.43,115.94,2.88,1.0,0.0,-0.01,0.001,1,
1272,0,46.77,77.96,-1.134,0.0,0.0,1.0,0.54,0,41.3
1272,1,60.13,20.49,2.793,1.0,0.0,0.0,0.0,8,12.5
1272,2,115.67,107.6,-0.106,0.999,0.0,-0.046,0.111,1,
1272,3,60.43,115.94,2.878,1.0,0.0,-0.008,0.001,2,
1273,0,46.93,77.61,-1.011,0.0,0.0,1.0,0.38,0,41.7
1273,1,60.13,20.49,2.793,1.0,0.0,0.0,0.0,8,12.5
1273,2,115.78,107.63,-0.113,1.0,0.0,-0.044,0.111,1,
1273,3,60.43,115.94,2.877,1.0,0.0,-0.006,0.001,8,
1274,0,47.04,77.43,-0.871,0.0,0.0,1.0,0.22,0,41.8
1274,1,60.13,20.49,2.793,1.0,0.0,0.0,0.0,8,12.5
1274,2,115.89,107.66,-0.12,1.0,0.0,-0.043,0.111,1,
1274,3,60.43,115.94,2.877,1.0,0.0,-0.005,0.0,1,
1275,0,47.08,77.38,-0.714,0.0,0.0,1.0,0.06,0,41.9
1275,1,60.13,20.49,2.793,1.0,0.0,0.0,0.0,1,12.5
1275,2,115.99,107.69,-0.126,1.0,0.0,-0.042,0.111,1,
1275,3,60.43,115.94,2.876,1.0,0.0,-0.004,0.0,1,
1276,0,47.08,77.38,-0.557,0.0,0.0,1.0,0.0,0,41.9
1276,1,60.13,20.49,2.793,1.0,0.0,0.0,0.0,1,12.5
1276,2,116.1,107.72,-0.133,1.0,0.0,-0.042,0.111,8,
1276,3,60.43,115.94,2.875,1.0,0.0,-0.003,0.0,1,
1277,0,47.08,77.38,-0.4,0.0,0.0,1.0,0.0,0,41.9
1277,1,60.13,20.49,2.793,1.0,0.0,0.0,0.0,1,12.5
1277,2,116.21,107.75,-0.139,1.0,0.0,-0.041,0.112,1,
1277,3,60.43,115.94,2.875,1.0,0.0,-0.002,0.0,8,
1278,0,47.08,77.38,-0.242,0.0,0.0,1.0,0.0,0,41.9
1278,1,60.13,20.49,2.793,1.0,0.0,0.0,0.0,1,12.5
1278,2,116.32,107.77,-0.146,1.0,0.0,-0.041,0.112,8,
1278,3,60.43,115.94,2.875,1.0,0.0,-0.002,0.0,1,
1279,0,47.08,77.38,-0.085,0.0,0.0,1.0,0.0,0,41.9
1279,1,60.13,20.49,2.793,1.0,0.0,0.0,0.0,1,12.5
1279,2,116.43,107.8,-0.152,1.0,0.0,-0.04,0.112,1,
1279,3,60.43,115.94,2.875,1.0,0.0,-0.002,0.0,8,
1280,0,47.08,77.38,0.072,0.0,0.0,1.0,0.0,0,28.8
1280,1,60.13,20.49,2.793,1.0,0.0,0.0,0.0,1,12.5
1280,2,116.53,107.82,-0.158,1.0,0.0,-0.04,0.112,8,
1280,3,60.43,115.93,2.874,1.0,0.0,-0.001,0.0,8,
1281,0,47.08,77.38,0.229,0.0,0.0,1.0,0.0,0,28.8
1281,1,60.13,20.49,2.793,1.0,0.0,0.0,0.0,1,12.5
1281,2,116.64,107.85,-0.165,1.0,0.0,-0.04,0.112,1,
1281,3,60.43,115.93,2.874,1.0,0.0,-0.001,0.0,1,
1282,0,47.08,77.38,0.386,0.0,0.0,1.0,0.0,0,28.8
1282,1,60.13,20.49,2.793,1.0,0.0,0.0,0.0,1,12.5
1282,2,116.75,107.87,-0.171,1.0,0.0,-0.04,0.112,8,
1282,3,60.43,115.93,2.874,1.0,0.0,-0.001,0.0,2,
1283,0,47.08,77.38,0.543,0.0,0.0,1.0,0.0,0,28.8
1283,1,60.13,20.49,2.793,1.0,0.0,0.0,0.0,1,12.5
1283,2,116.86,107.89,-0.177,1.0,0.0,-0.04,0.112,1,
1283,3,60.43,115.93,2.874,1.0,0.0,-0.001,0.0,1,
1284,0,47.08,77.38,0.7,0.0,0.0,1.0,0.0,0,28.8
1284,1,60.13,20.49,2.793,1.0,0.0,0.0,0.0,1,12.5
1284,2,116.97,107.91,-0.184,1.0,0.0,-0.04,0.112,1,
1284,3,60.43,115.93,2.874,1.0,0.0,-0.0,0.0,8,
1285,0,47.08,77.38,0.857,0.0,0.0,1.0,0.0,0,28.8
1285,1,60.13,20.49,2.793,1.0,0.0,0.0,0.0,1,12.5
1285,2,117.08,107.93,-0.19,1.0,0.0,-0.04,0.112,1,
1285,3,60.43,115.93,2.874,1.0,0.0,-0.0,0.0,1,
1286,0,47.08,77.38,1.014,0.0,0.0,1.0,0.0,0,28.8
1286,1,60.13,20.49,2.793,1.0,0.0,0.0,0.0,8,12.5
1286,2,117.2,107.95,-0.196,1.0,0.0,-0.04,0.113,8,
1286,3,60.43,115.93,2.874,1.0,0.0,-0.0,0.0,1,
1287,0,47.15,77.48,1.171,0.128,0.0,1.0,0.12,0,28.8
1287,1,60.13,20.49,2.793,1.0,0.0,0.0,0.0,1,12.5
1287,2,117.31,107.97,-0.203,1.0,0.0,-0.041,0.113,1,
1287,3,60.43,115.93,2.874,1.0,0.0,-0.0,0.0,1,
1288,0,47.24,77.7,1.328,0.278,0.0,1.0,0.24,0,28.7
1288,1,60.13,20.49,2.793,1.0,0.0,0.0,0.0,8,12.5
1288,2,117.42,107.99,-0.209,1.0,0.0,-0.041,0.113,1,
1288,3,60.43,115.93,2.874,1.0,0.0,-0.0,0.0,1,
1289,0,47.32,78.05,1.485,0.417,0.0,1.0,0.36,0,28.6
1289,1,60.13,20.49,2.793,1.0,0.0,0.0,0.0,1,12.5
1289,2,117.53,108.0,-0.215,1.0,0.0,-0.041,0.113,1,
1289,3,60.43,115.93,2.874,1.0,0.0,-0.0,0.0,8,
1290,0,47.37,78.53,1.642,0.545,0.0,1.0,0.48,0,28.3
1290,1,60.13,20.49,2.793,1.0,0.0,0.0,0.0,1,12.5
1290,2,117.64,108.02,-0.222,1.0,0.0,-0.041,0.113,1,
1290,3,60.43,115.93,2.874,1.0,0.0,-0.0,0.0,1,
1291,0,47.32,79.13,1.8,0.659,0.0,1.0,0.6,0,28.0
1291,1,60.13,20.49,2.793,1.0,0.0,0.0,0.0,1,12.5
1291,2,117.75,108.03,-0.228,1.0,0.0,-0.041,0.113,8,
1291,3,60.43,115.93,2.874,1.0,0.0,-0.0,0.0,8,
1292,0,47.16,79.83,1.957,0.758,0.0,1.0,0.72,0,27.4
1292,1,60.13,20.49,2.793,1.0,0.0,0.0,0.0,1,12.5
1292,2,117.87,108.05,-0.235,1.0,0.0,-0.041,0.113,1,
1292,3,60.43,115.93,2.874,1.0,0.0,-0.0,0.0,8,
1293,0,46.84,80.61,2.096,0.841,0.0,0.816,0.84,0,26.7
1293,1,60.13,20.49,2.793,1.0,0.0,0.0,0.0,1,12.5
1293,2,117.98,108.06,-0.241,1.0,0.0,-0.041,0.113,1,
1293,3,60.43,115.93,2.874,1.0,0.0,-0.0,0.0,1,
1294,0,46.36,81.44,2.218,0.901,0.0,0.641,0.96,0,25.8
1294,1,60.13,20.49,2.793,1.0,0.0,0.0,0.0,1,12.5
1294,2,118.09,108.07,-0.248,1.0,0.0,-0.041,0.113,1,
1294,3,60.43,115.93,2.874,1.0,0.0,-0.0,0.0,1,
1295,0,45.71,82.3,2.323,0.942,0.0,0.489,1.08,0,24.8
1295,1,60.13,20.49,2.793,1.0,0.0,0.0,0.0,1,12.5
1295,2,118.21,108.08,-0.254,1.0,0.0,-0.042,0.113,1,
1295,3,60.43,115.93,2.874,1.0,0.0,-0.0,0.0,1,
1296,0,44.89,83.18,2.41,0.968,0.0,0.361,1.2,0,23.7
1296,1,60.13,20.49,2.793,1.0,0.0,0.0,0.0,8,12.5
1296,2,118.32,108.09,-0.261,1.0,0.0,-0.042,0.114,1,
1296,3,60.43,115.93,2.891,0.0,0.0,1.0,0.0,0,
1297,0,43.91,84.06,2.48,0.984,0.0,0.254,1.32,0,22.4
1297,1,60.13,20.49,2.793,1.0,0.0,0.0,0.0,8,12.5
1297,2,118.43,108.1,-0.267,1.0,0.0,-0.042,0.114,8,
1297,3,60.43,115.93,2.926,0.0,0.0,1.0,0.0,0,
1298,0,42.77,84.94,2.532,0.993,0.0,0.17,1.44,0,20.9
1298,1,60.13,20.49,2.793,1.0,0.0,0.0,0.0,8,12.5
1298,2,118.55,108.1,-0.274,1.0,0.0,-0.042,0.114,1,
1298,3,60.43,115.93,2.979,0.0,0.0,1.0,0.0,0,
1299,0,41.55,85.8,2.566,0.997,0.0,0.107,1.496,0,19.5
1299,1,60.13,20.49,2.793,1.0,0.0,0.0,0.0,8,12.5
1299,2,118.66,108.11,-0.28,1.0,0.0,-0.042,0.114,1,
1299,3,60.43,115.93,3.049,0.0,0.0,1.0,0.0,0,
1300,0,40.29,86.62,2.583,0.999,0.0,0.066,1.498,0,18.0
1300,1,60.13,20.49,2.793,1.0,0.0,0.0,0.0,1,12.5
1300,2,118.77,108.11,-0.287,1.0,0.0,-0.042,0.114,8,
1300,3,60.43,115.93,3.136,0.0,0.0,1.0,0.0,0,
1301,0,39.02,87.41,2.591,0.999,0.0,0.047,1.499,0,16.5
1301,1,60.13,20.49,2.793,1.0,0.0,0.0,0.0,8,12.5
1301,2,118.89,108.12,-0.294,1.0,0.0,-0.042,0.114,1,
1301,3,60.43,115.93,-3.042,0.0,0.0,1.0,0.0,0,
1302,0,37.74,88.2,2.597,1.0,0.0,0.041,1.499,0,15.0
1302,1,60.13,20.49,2.793,1.0,0.0,0.0,0.0,1,12.5
1302,2,119.0,108.12,-0.3,1.0,0.0,-0.042,0.114,8,
1302,3,60.43,115.93,-2.92,0.0,0.0,1.0,0.0,0,
1303,0,36.59,88.89,2.621,0.0,0.0,1.0,1.339,0,42.2
1303,1,60.13,20.49,2.793,1.0,0.0,0.0,0.0,8,12.5
1303,2,119.12,108.12,-0.307,1.0,0.0,-0.042,0.114,8,
1303,3,60.43,115.93,-2.78,0.0,0.0,1.0,0.0,0,
1304,0,35.62,89.45,2.627,0.089,0.0,-1.0,1.119,8,41.2
1304,1,60.13,20.49,2.793,1.0,0.0,0.0,0.0,1,12.5
1304,2,119.23,108.12,-0.314,1.0,0.0,-0.043,0.114,8,
1304,3,60.43,115.93,-2.622,0.0,0.0,1.0,0.0,0,
1305,0,35.62,89.45,2.616,0.0,0.0,-1.0,0.0,8,41.2
1305,1,60.13,20.49,2.793,1.0,0.0,0.0,0.0,1,12.5
1305,2,119.34,108.12,-0.32,1.0,0.0,-0.043,0.114,1,
1305,3,60.43,115.93,-2.465,0.0,0.0,1.0,0.0,0,
1306,0,35.62,89.45,2.588,0.0,0.0,-1.0,0.0,8,41.2
1306,1,60.13,20.49,2.793,1.0,0.0,0.0,0.0,8,12.5
1306,2,119.46,108.12,-0.327,1.0,0.0,-0.043,0.115,8,
1306,3,60.43,115.93,-2.308,0.0,0.0,1.0,0.0,0,
1307,0,35.62,89.45,2.542,0.0,0.0,-1.0,0.0,8,41.2
1307,1,60.13,20.49,2.793,1.0,0.0,0.0,0.0,1,12.5
1307,2,119.57,108.12,-0.334,1.0,0.0,-0.043,0.115,1,
1307,3,60.4,115.83,-2.151,0.117,0.0,1.0,0.107,1,
1308,0,35.63,89.45,2.478,0.036,0.0,-1.0,0.005,8,41.2
1308,1,60.13,20.49,2.793,1.0,0.0,0.0,0.0,1,12.5
1308,2,119.69,108.11,-0.341,1.0,0.0,-0.043,0.115,8,
1308,3,60.37,115.72,-1.994,0.27,0.0,1.0,0.115,1,
1309,0,35.63,89.47,2.397,0.099,0.0,-1.0,0.018,1,41.2
1309,1,60.13,20.49,2.793,1.0,0.0,0.0,0.0,8,12.5
1309,2,119.8,108.11,-0.347,1.0,0.0,-0.043,0.115,8,
1309,3,60.34,115.61,-1.837,0.416,0.0,1.0,0.119,1,
1310,0,35.65,89.49,2.298,0.18,0.0,-1.0,0.028,1,41.1
1310,1,60.13,20.49,2.793,1.0,0.0,0.0,0.0,8,12.5
1310,2,119.92,108.1,-0.354,1.0,0.0,-0.043,0.115,1,
1310,3,60.31,115.49,-1.68,0.552,0.0,1.0,0.12,0,
1311,0,35.67,89.52,2.182,0.277,0.0,-1.0,0.039,8,41.1
1311,1,60.13,20.49,2.793,1.0,0.0,0.0,0.0,8,12.5
1311,2,120.03,108.1,-0.361,1.0,0.0,-0.043,0.115,1,
1311,3,60.28,115.25,-1.523,0.675,0.0,1.0,0.24,0,
1312,0,35.69,89.57,2.049,0.387,0.0,-1.0,0.053,1,41.1
1312,1,60.13,20.49,2.793,1.0,0.0,0.0,0.0,8,12.5
1312,2,120.15,108.09,-0.368,1.0,0.0,-0.043,0.115,1,
1312,3,60.3,114.89,-1.372,0.781,0.0,0.964,0.36,0,
1313,0,35.73,89.63,1.898,0.507,0.0,-1.0,0.067,1,41.0
1313,1,60.13,20.49,2.793,1.0,0.0,0.0,0.0,1,12.5
1313,2,120.26,108.08,-0.375,1.0,0.0,-0.043,0.115,1,
1313,3,60.39,114.42,-1.238,0.865,0.0,0.751,0.48,0,
1314,0,35.76,89.7,1.74,0.632,0.0,-1.0,0.082,1,40.9
1314,1,60.13,20.49,2.793,1.0,0.0,0.0,0.0,1,12.5
1314,2,120.38,108.07,-0.382,1.0,0.0,-0.044,0.115,8,
1314,3,60.59,113.86,-1.121,0.923,0.0,0.564,0.6,0,
1315,0,35.81,89.78,1.583,0.746,0.0,-1.0,0.095,8,40.8
1315,1,60.13,20.49,2.793,1.0,0.0,0.0,0.0,1,12.5
1315,2,120.49,108.06,-0.388,1.0,0.0,-0.044,0.115,1,
1315,3,60.9,113.21,-1.022,0.961,0.0,0.401,0.72,0,
1316,0,35.86,89.88,1.444,0.842,0.0,-0.814,0.106,2,40.7
1316,1,60.13,20.49,2.793,1.0,0.0,0.0,0.0,1,12.5
1316,2,120.61,108.05,-0.395,1.0,0.0,-0.044,0.115,8,
1316,3,61.34,112.49,-0.941,0.983,0.0,0.263,0.84,0,
1317,0,35.91,89.98,1.322,0.91,0.0,-0.612,0.113,1,40.6
1317,1,60.13,20.49,2.793,1.0,0.0,0.0,0.0,8,12.5
1317,2,120.72,108.03,-0.402,1.0,0.0,-0.044,0.115,8,
1317,3,61.9,111.71,-0.877,0.995,0.0,0.149,0.96,0,
1318,0,35.96,90.08,1.217,0.954,0.0,-0.436,0.117,1,40.5
1318,1,60.13,20.49,2.793,1.0,0.0,0.0,0.0,1,12.5
1318,2,120.84,108.02,-0.409,1.0,0.0,-0.044,0.116,1,
1318,3,62.59,110.88,-0.831,0.999,0.0,0.06,1.08,0,
1319,0,36.01,90.19,1.13,0.98,0.0,-0.284,0.119,2,40.4
1319,1,60.13,20.49,2.793,1.0,0.0,0.0,0.0,1,12.5
1319,2,120.95,108.01,-0.416,1.0,0.0,-0.044,0.116,1,
1319,3,63.4,110.0,-0.802,1.0,0.0,-0.006,1.2,0,
1320,0,36.07,90.3,1.06,0.994,0.0,-0.158,0.12,8,40.2
1320,1,60.13,20.49,2.793,1.0,0.0,0.0,0.0,1,12.5
1320,2,121.06,107.99,-0.44,0.965,0.0,-0.377,0.116,8,
1320,3,64.13,109.25,-0.755,0.67,0.0,1.0,1.04,0,
1321,0,36.12,90.4,1.008,0.999,0.0,-0.056,0.12,0,40.1
1321,1,60.13,20.49,2.793,1.0,0.0,0.0,0.0,1,12.5
1321,2,121.18,107.97,-0.482,0.97,0.0,-0.35,0.115,8,
1321,3,64.9,108.53,-0.691,0.704,0.0,1.0,1.056,0,
1322,0,36.25,90.61,0.974,1.0,0.0,0.022,0.24,0,39.9
1322,1,60.13,20.49,2.793,1.0,0.0,0.0,0.0,1,12.5
1322,2,121.29,107.95,-0.529,0.978,0.0,-0.298,0.114,1,
1322,3,65.76,107.81,-0.61,0.748,0.0,1.0,1.121,0,
1323,0,36.46,90.91,0.957,0.998,0.0,0.08,0.36,0,39.5
1323,1,60.13,20.49,2.793,1.0,0.0,0.0,0.0,1,12.5
1323,2,121.4,107.93,-0.566,0.986,0.0,-0.238,0.112,8,
1323,3,66.74,107.13,-0.511,0.799,0.0,0.921,1.199,0,
1324,0,36.73,91.3,0.957,0.996,0.0,0.121,0.48,0,39.1
1324,1,60.13,20.49,2.793,1.0,0.0,0.0,0.0,1,12.5
1324,2,121.51,107.91,-0.597,0.991,0.0,-0.192,0.111,8,
1324,3,67.86,106.5,-0.395,0.855,0.0,0.778,1.283,0,
1325,0,37.08,91.79,0.975,0.995,0.0,0.144,0.6,0,38.5
1325,1,60.13,20.49,2.793,1.0,0.0,0.0,0.0,1,12.5
1325,2,121.62,107.89,-0.621,0.994,0.0,-0.157,0.11,1,
1325,3,69.12,105.97,-0.296,0.911,0.0,0.607,1.367,0,
1326,0,37.48,92.38,1.011,0.966,0.0,0.371,0.72,0,37.8
1326,1,60.13,20.49,2.793,1.0,0.0,0.0,0.0,8,12.5
1326,2,121.73,107.87,-0.641,0.996,0.0,-0.129,0.11,1,
1326,3,70.49,105.56,-0.214,0.949,0.0,0.456,1.424,0,
1327,0,37.93,93.1,1.062,0.974,0.0,0.327,0.84,0,37.0
1327,1,60.13,20.49,2.793,1.0,0.0,0.0,0.0,1,12.5
1327,2,121.83,107.85,-0.658,0.997,0.0,-0.107,0.109,1,
1327,3,71.91,105.25,-0.15,0.974,0.0,0.327,1.461,0,
1328,0,38.4,93.93,1.103,0.983,0.0,0.261,0.96,0,36.0
1328,1,60.13,20.49,2.793,1.0,0.0,0.0,0.0,1,12.5
1328,2,121.94,107.83,-0.672,0.998,0.0,-0.09,0.109,1,
1328,3,73.38,105.03,-0.104,0.988,0.0,0.222,1.482,0,
1329,0,38.88,94.9,1.136,0.989,0.0,0.21,1.08,0,35.0
1329,1,60.13,20.49,2.793,1.0,0.0,0.0,0.0,8,12.5
1329,2,122.05,107.8,-0.685,0.999,0.0,-0.078,0.108,1,
1329,3,74.86,104.87,-0.075,0.995,0.0,0.142,1.493,0,
1330,0,39.39,95.99,1.162,0.993,0.0,0.169,1.2,0,33.8
1330,1,60.13,20.49,2.793,1.0,0.0,0.0,0.0,8,12.5
1330,2,122.15,107.78,-0.695,0.999,0.0,-0.067,0.108,1,
1330,3,76.36,104.76,-0.061,0.998,0.0,0.089,1.497,0,
1331,0,39.91,97.2,1.184,0.995,0.0,0.137,1.32,0,32.5
1331,1,60.13,20.49,2.793,1.0,0.0,0.0,0.0,1,12.5
1331,2,122.26,107.75,-0.705,0.999,0.0,-0.06,0.108,8,
1331,3,77.85,104.67,-0.051,0.999,0.0,0.061,1.499,0,
1332,0,40.46,98.53,1.201,0.997,0.0,0.112,1.44,0,31.0
1332,1,60.13,20.49,2.793,1.0,0.0,0.0,0.0,1,12.5
1332,2,122.36,107.73,-0.713,0.999,0.0,-0.054,0.108,1,
1332,3,79.35,104.59,-0.044,1.0,0.0,0.045,1.499,0,
1333,0,41.0,99.93,1.216,0.998,0.0,0.092,1.497,0,29.5
1333,1,60.13,20.49,2.793,1.0,0.0,0.0,0.0,1,12.5
1333,2,122.46,107.7,-0.721,0.999,0.0,-0.049,0.108,1,
1333,3,80.85,104.52,-0.038,1.0,0.0,0.039,1.499,0,
1334,0,41.52,101.33,1.228,0.999,0.0,0.076,1.498,0,28.0
1334,1,60.13,20.49,2.793,1.0,0.0,0.0,0.0,1,12.5
1334,2,122.57,107.67,-0.728,0.999,0.0,-0.046,0.108,1,
1334,3,82.35,104.47,-0.032,1.0,0.0,0.041,1.499,0,
1335,0,42.02,102.74,1.238,0.999,0.0,0.063,1.499,0,26.5
1335,1,60.13,20.49,2.793,1.0,0.0,0.0,0.0,8,12.5
1335,2,122.67,107.64,-0.735,1.0,0.0,-0.043,0.108,1,
1335,3,83.84,104.42,-0.024,0.999,0.0,0.05,1.499,0,
1336,0,42.51,104.16,1.246,0.999,0.0,0.052,1.499,0,25.1
1336,1,60.13,20.49,2.793,1.0,0.0,0.0,0.0,1,12.5
1336,2,122.78,107.61,-0.741,1.0,0.0,-0.041,0.108,1,
1336,3,85.34,104.38,-0.014,0.999,0.0,0.065,1.498,0,
1337,0,42.99,105.58,1.253,1.0,0.0,0.044,1.499,0,23.6
1337,1,60.13,20.49,2.793,1.0,0.0,0.0,0.0,1,12.5
1337,2,122.88,107.58,-0.747,1.0,0.0,-0.039,0.108,8,
1337,3,86.84,104.36,-0.0,0.998,0.0,0.085,1.497,0,
1338,0,43.46,107.01,1.259,1.0,0.0,0.037,1.5,0,22.1
1338,1,60.13,20.49,2.793,1.0,0.0,0.0,0.0,1,12.5
1338,2,122.98,107.55,-0.753,1.0,0.0,-0.038,0.108,1,
1338,3,88.34,104.36,0.017,0.997,0.0,0.108,1.496,0,
1339,0,43.61,107.69,1.263,1.0,0.0,0.031,0.7,8,21.4
1339,1,60.13,20.49,2.793,1.0,0.0,0.0,0.0,1,12.5
1339,2,123.09,107.52,-0.759,1.0,0.0,-0.037,0.109,1,
1339,3,89.83,104.39,0.038,0.996,0.0,0.134,1.493,0,
1340,0,43.6,107.69,1.267,1.0,0.0,0.021,0.01,1,21.4
1340,1,60.13,20.49,2.793,1.0,0.0,0.0,0.0,1,12.5
1340,2,123.19,107.48,-0.765,1.0,0.0,-0.037,0.109,1,
1340,3,91.32,104.44,0.063,0.994,0.0,0.162,1.49,0,
1341,0,43.59,107.7,1.269,1.0,0.0,0.015,0.011,1,21.4
1341,1,60.13,20.49,2.793,1.0,0.0,0.0,0.0,8,12.5
1341,2,123.29,107.45,-0.77,1.0,0.0,-0.036,0.109,1,
1341,3,92.8,104.54,0.093,0.991,0.0,0.191,1.487,0,
1342,0,43.58,107.7,1.271,1.0,0.0,0.011,0.011,8,21.4
1342,1,60.13,20.49,2.793,1.0,0.0,0.0,0.0,8,12.5
1342,2,123.4,107.41,-0.776,1.0,0.0,-0.036,0.109,1,
1342,3,94.28,104.68,0.128,0.988,0.0,0.221,1.482,0,
1343,0,43.57,107.71,1.272,1.0,0.0,0.008,0.011,1,21.4
1343,1,60.13,20.49,2.793,1.0,0.0,0.0,0.0,1,12.5
1343,2,123.5,107.38,-0.782,1.0,0.0,-0.036,0.109,8,
1343,3,95.74,104.87,0.167,0.985,0.0,0.25,1.477,0,
1344,0,43.56,107.71,1.273,1.0,0.0,0.005,0.012,1,21.3
1344,1,60.13,20.49,2.793,1.0,0.0,0.0,0.0,1,12.5
1344,2,123.6,107.34,-0.787,1.0,0.0,-0.035,0.109,1,
1344,3,97.19,105.11,0.211,0.981,0.0,0.276,1.472,0,
1345,0,43.55,107.71,1.274,1.0,0.0,0.003,0.012,8,21.3
1345,1,60.13,20.49,2.793,1.0,0.0,0.0,0.0,1,12.5
1345,2,123.7,107.3,-0.793,1.0,0.0,-0.035,0.109,1,
1345,3,98.63,105.42,0.258,0.978,0.0,0.301,1.467,0,
1346,0,43.54,107.72,1.274,1.0,0.0,0.002,0.012,8,21.3
1346,1,60.13,20.49,2.793,1.0,0.0,0.0,0.0,8,12.5
1346,2,123.81,107.26,-0.798,1.0,0.0,-0.035,0.11,1,
1346,3,100.04,105.79,0.308,0.975,0.0,0.321,1.462,0,
1347,0,43.53,107.72,1.274,1.0,0.0,0.001,0.012,1,21.3
1347,1,60.13,20.49,2.793,1.0,0.0,0.0,0.0,8,12.5
1347,2,123.91,107.22,-0.804,1.0,0.0,-0.035,0.11,1,
1347,3,101.43,106.23,0.361,0.972,0.0,0.337,1.458,0,
1348,0,43.52,107.73,1.274,1.0,0.0,-0.0,0.012,1,21.3
1348,1,60.13,20.49,2.793,1.0,0.0,0.0,0.0,8,12.5
1348,2,124.01,107.18,-0.809,1.0,0.0,-0.036,0.11,1,
1348,3,102.79,106.75,0.416,0.97,0.0,0.348,1.456,0,
1349,0,43.5,107.73,1.274,1.0,0.0,-0.001,0.012,8,21.3
1349,1,60.13,20.49,2.793,1.0,0.0,0.0,0.0,8,12.5
1349,2,124.11,107.14,-0.815,1.0,0.0,-0.036,0.11,2,
1349,3,104.12,107.34,0.472,0.969,0.0,0.354,1.454,0,
1350,0,43.49,107.74,1.274,1.0,0.0,-0.002,0.013,8,21.3
1350,1,60.13,20.49,2.793,1.0,0.0,0.0,0.0,8,12.5
1350,2,124.21,107.09,-0.821,1.0,0.0,-0.036,0.11,8,
1350,3,105.42,108.0,0.526,0.971,0.0,0.345,1.457,0,
1351,0,43.48,107.74,1.273,1.0,0.0,-0.002,0.013,1,21.3
1351,1,60.13,20.49,2.793,1.0,0.0,0.0,0.0,8,12.5
1351,2,124.31,107.05,-0.826,1.0,0.0,-0.036,0.11,1,
1351,3,106.69,108.73,0.572,0.978,0.0,0.297,1.468,0,
1352,0,43.47,107.75,1.273,1.0,0.0,-0.002,0.013,1,21.3
1352,1,60.13,20.49,2.793,1.0,0.0,0.0,0.0,8,12.5
1352,2,124.42,107.0,-0.832,1.0,0.0,-0.036,0.111,1,
1352,3,107.93,109.53,0.613,0.984,0.0,0.259,1.475,0,
1353,0,43.46,107.75,1.272,1.0,0.0,-0.003,0.013,1,21.3
1353,1,60.13,20.49,2.793,1.0,0.0,0.0,0.0,8,12.5
1353,2,124.52,106.96,-0.838,1.0,0.0,-0.036,0.111,1,
1353,3,109.14,110.38,0.649,0.987,0.0,0.228,1.481,0,
1354,0,43.45,107.76,1.272,1.0,0.0,-0.003,0.013,8,21.3
1354,1,60.13,20.49,2.793,1.0,0.0,0.0,0.0,8,12.5
1354,2,124.64,106.9,-0.843,1.0,0.0,-0.036,0.138,2,
1354,3,110.3,111.29,0.681,0.99,0.0,0.204,1.469,1,
1355,0,43.43,107.76,1.271,1.0,0.0,-0.003,0.013,8,21.3
1355,1,60.13,20.49,2.793,1.0,0.0,0.0,0.0,8,12.5
1355,2,124.74,106.85,-0.85,1.0,0.0,-0.039,0.111,1,
1355,3,110.39,111.37,0.713,0.99,0.0,0.204,0.12,0,
1356,0,43.42,107.77,1.271,1.0,0.0,-0.003,0.013,8,21.3
1356,1,60.13,20.49,2.793,1.0,0.0,0.0,0.0,8,12.5
1356,2,124.84,106.8,-0.856,1.0,0.0,-0.038,0.111,1,
1356,3,110.57,111.52,0.739,0.993,0.0,0.165,0.24,0,
1357,0,43.41,107.77,1.27,1.0,0.0,-0.003,0.013,8,21.3
1357,1,60.13,20.49,2.793,1.0,0.0,0.0,0.0,8,12.5
1357,2,124.96,106.74,-0.862,1.0,0.0,-0.038,0.129,2,
1357,3,110.82,111.77,0.761,0.995,0.0,0.139,0.352,1,
1358,0,43.4,107.78,1.27,1.0,0.0,-0.004,0.013,1,21.3
1358,1,60.13,20.49,2.793,1.0,0.0,0.0,0.0,8,12.5
1358,2,125.05,106.69,-0.868,1.0,0.0,-0.04,0.112,1,
1358,3,110.91,111.85,0.78,0.996,0.0,0.121,0.12,0,
1359,0,43.39,107.78,1.269,1.0,0.0,-0.004,0.013,1,21.3
1359,1,60.13,20.49,2.793,1.0,0.0,0.0,0.0,8,12.5
1359,2,125.15,106.64,-0.874,1.0,0.0,-0.039,0.112,8,
1359,3,111.08,112.02,0.795,0.998,0.0,0.099,0.24,0,
1360,0,43.37,107.79,1.269,1.0,0.0,-0.004,0.013,8,21.3
1360,1,60.13,20.49,2.793,1.0,0.0,0.0,0.0,8,12.5
1360,2,125.25,106.58,-0.88,1.0,0.0,-0.039,0.112,8,
1360,3,111.14,112.08,0.793,0.0,0.0,-1.0,0.08,0,
1361,0,43.36,107.79,1.268,1.0,0.0,-0.004,0.013,1,21.3
1361,1,60.13,20.49,2.793,1.0,0.0,0.0,0.0,8,12.5
1361,2,125.35,106.53,-0.886,1.0,0.0,-0.039,0.112,1,
1361,3,111.14,112.08,0.774,0.0,0.0,-1.0,0.0,0,
1362,0,43.35,107.8,1.267,1.0,0.0,-0.004,0.013,8,21.3
1362,1,60.13,20.49,2.793,1.0,0.0,0.0,0.0,8,12.5
1362,2,125.45,106.48,-0.892,1.0,0.0,-0.039,0.112,1,
1362,3,111.14,112.08,0.737,0.0,0.0,-1.0,0.0,0,
1363,0,43.34,107.81,1.267,1.0,0.0,-0.004,0.013,1,21.3
1363,1,60.13,20.49,2.793,1.0,0.0,0.0,0.0,8,12.5
1363,2,125.54,106.42,-0.898,1.0,0.0,-0.039,0.112,1,
1363,3,111.14,112.08,0.682,0.0,0.0,-1.0,0.0,0,
1364,0,43.33,107.81,1.266,1.0,0.0,-0.004,0.013,8,21.3
1364,1,60.13,20.49,2.793,1.0,0.0,0.0,0.0,8,12.5
1364,2,125.64,106.36,-0.904,1.0,0.0,-0.039,0.112,1,
1364,3,111.14,112.08,0.61,0.0,0.0,-1.0,0.0,0,
1365,0,43.31,107.82,1.266,1.0,0.0,-0.004,0.013,1,21.3
1365,1,60.13,20.49,2.793,1.0,0.0,0.0,0.0,8,12.5
1365,2,125.74,106.3,-0.91,1.0,0.0,-0.039,0.112,8,
1365,3,111.14,112.08,0.521,0.0,0.0,-1.0,0.0,0,
1366,0,43.3,107.82,1.265,1.0,0.0,-0.004,0.014,8,21.3
1366,1,60.13,20.49,2.793,1.0,0.0,0.0,0.0,8,12.5
1366,2,125.83,106.25,-0.917,1.0,0.0,-0.039,0.113,1,
1366,3,111.14,112.08,0.414,0.0,0.0,-1.0,0.0,0,
1367,0,43.29,107.83,1.264,1.0,0.0,-0.004,0.014,1,21.3
1367,1,60.13,20.49,2.793,1.0,0.0,0.0,0.0,8,12.5
1367,2,125.93,106.19,-0.923,1.0,0.0,-0.039,0.113,1,
1367,3,111.2,112.11,0.29,0.044,0.0,-1.0,0.066,0,
1368,0,43.28,107.83,1.264,1.0,0.0,-0.004,0.014,1,21.3
1368,1,60.13,20.49,2.793,1.0,0.0,0.0,0.0,8,12.5
1368,2,126.02,106.12,-0.929,1.0,0.0,-0.039,0.113,1,
1368,3,111.37,112.16,0.148,0.164,0.0,-1.0,0.186,0,
1369,0,43.26,107.84,1.263,1.0,0.0,-0.004,0.014,8,21.3
1369,1,60.13,20.49,2.793,1.0,0.0,0.0,0.0,8,12.5
1369,2,126.12,106.06,-0.935,1.0,0.0,-0.039,0.113,8,
1369,3,111.68,112.2,-0.01,0.292,0.0,-1.0,0.306,0,
1370,0,43.25,107.84,1.263,1.0,0.0,-0.004,0.014,1,21.3
1370,1,60.13,20.49,2.793,1.0,0.0,0.0,0.0,8,12.5
1370,2,126.21,106.0,-0.941,1.0,0.0,-0.039,0.113,1,
1370,3,112.1,112.2,-0.167,0.424,0.0,-1.0,0.426,0,
1371,0,43.24,107.85,1.262,1.0,0.0,-0.004,0.014,8,21.3
1371,1,60.13,20.49,2.793,1.0,0.0,0.0,0.0,8,12.5
1371,2,126.31,105.94,-0.947,1.0,0.0,-0.04,0.116,2,
1371,3,112.64,112.11,-0.324,0.542,0.0,-1.0,0.542,1,
1372,0,43.23,107.86,1.261,1.0,0.0,-0.004,0.014,8,21.3
1372,1,60.13,20.49,2.793,1.0,0.0,0.0,0.0,8,12.5
1372,2,126.4,105.87,-0.954,1.0,0.0,-0.04,0.117,3,
1372,3,112.75,112.07,-0.481,0.648,0.0,-1.0,0.116,1,
1373,0,43.21,107.86,1.261,1.0,0.0,-0.004,0.014,1,21.3
1373,1,60.13,20.49,2.793,1.0,0.0,0.0,0.0,8,12.5
1373,2,126.5,105.8,-0.96,1.0,0.0,-0.04,0.118,3,
1373,3,112.85,112.02,-0.638,0.756,0.0,-1.0,0.116,1,
1374,0,43.2,107.87,1.26,1.0,0.0,-0.004,0.014,1,21.3
1374,1,60.13,20.49,2.793,1.0,0.0,0.0,0.0,8,12.5
1374,2,126.59,105.73,-0.967,1.0,0.0,-0.041,0.117,3,
1374,3,112.94,111.95,-0.777,0.847,0.0,-0.802,0.117,1,
1375,0,43.19,107.87,1.259,1.0,0.0,-0.004,0.014,8,21.3
1375,1,60.13,20.49,2.793,1.0,0.0,0.0,0.0,8,12.5
1375,2,126.69,105.67,-0.973,1.0,0.0,-0.041,0.114,2,
1375,3,113.03,111.87,-0.9,0.911,0.0,-0.607,0.119,1,
1376,0,43.17,107.88,1.259,1.0,0.0,-0.004,0.014,8,21.3
1376,1,60.13,20.49,2.793,1.0,0.0,0.0,0.0,8,12.5
1376,2,126.78,105.6,-0.979,1.0,0.0,-0.041,0.114,1,
1376,3,113.1,111.77,-1.004,0.954,0.0,-0.437,0.12,0,
1377,0,43.16,107.88,1.258,1.0,0.0,-0.004,0.014,1,21.3
1377,1,60.13,20.49,2.793,1.0,0.0,0.0,0.0,8,12.5
1377,2,126.91,105.51,-0.986,1.0,0.0,-0.041,0.156,2,
1377,3,113.19,111.59,-1.091,0.979,0.0,-0.29,0.206,1,
1378,0,43.15,107.89,1.257,1.0,0.0,-0.004,0.014,8,21.3
1378,1,60.13,20.49,2.793,1.0,0.0,0.0,0.0,8,12.5
1378,2,126.99,105.43,-0.993,1.0,0.0,-0.045,0.114,1,
1378,3,113.25,111.48,-1.161,0.993,0.0,-0.168,0.12,0,
1379,0,43.14,107.9,1.257,1.0,0.0,-0.004,0.014,8,21.3
1379,1,60.13,20.49,2.793,1.0,0.0,0.0,0.0,8,12.5
1379,2,127.1,105.35,-1.0,1.0,0.0,-0.044,0.139,3,
1379,3,113.32,111.27,-1.213,0.999,0.0,-0.069,0.222,1,
1380,0,43.12,107.9,1.256,1.0,0.0,-0.004,0.014,8,21.3
1380,1,60.13,20.49,2.793,1.0,0.0,0.0,0.0,8,12.5
1380,2,127.19,105.27,-1.007,0.999,0.0,-0.046,0.114,1,
1380,3,113.36,111.16,-1.247,1.0,0.0,0.006,0.12,0,
1381,0,43.11,107.91,1.255,1.0,0.0,-0.004,0.014,8,21.3
1381,1,60.13,20.49,2.793,1.0,0.0,0.0,0.0,8,12.5
1381,2,127.29,105.2,-1.014,1.0,0.0,-0.044,0.126,2,
1381,3,113.43,110.94,-1.264,0.999,0.0,0.055,0.232,1,
1382,0,43.1,107.91,1.255,1.0,0.0,-0.004,0.014,1,21.3
1382,1,60.13,20.49,2.793,1.0,0.0,0.0,0.0,8,12.5
1382,2,127.37,105.12,-1.021,1.0,0.0,-0.045,0.114,8,
1382,3,113.46,110.82,-1.264,0.998,0.0,0.081,0.12,0,
1383,0,43.08,107.92,1.254,1.0,0.0,-0.004,0.015,1,21.3
1383,1,60.13,20.49,2.793,1.0,0.0,0.0,0.0,8,12.5
1383,2,127.46,105.04,-1.028,1.0,0.0,-0.044,0.121,2,
1383,3,113.53,110.59,-1.251,0.998,0.0,0.081,0.236,1,
1384,0,43.07,107.93,1.253,1.0,0.0,-0.004,0.015,8,21.3
1384,1,60.13,20.49,2.793,1.0,0.0,0.0,0.0,8,12.5
1384,2,127.55,104.96,-1.035,1.0,0.0,-0.044,0.115,1,
1384,3,113.57,110.48,-1.241,0.999,0.0,0.064,0.12,0,
1385,0,43.06,107.93,1.253,1.0,0.0,-0.004,0.015,1,21.3
1385,1,60.13,20.49,2.793,1.0,0.0,0.0,0.0,8,12.5
1385,2,127.64,104.88,-1.042,1.0,0.0,-0.044,0.123,2,
1385,3,113.64,110.26,-1.233,0.999,0.0,0.05,0.235,1,
1386,0,43.04,107.94,1.252,1.0,0.0,-0.004,0.015,8,21.3
1386,1,60.13,20.49,2.793,1.0,0.0,0.0,0.0,8,12.5
1386,2,127.72,104.8,-1.049,1.0,0.0,-0.044,0.115,1,
1386,3,113.68,110.14,-1.227,1.0,0.0,0.041,0.12,0,
1387,0,43.03,107.95,1.251,1.0,0.0,-0.004,0.015,8,21.3
1387,1,60.13,20.49,2.793,1.0,0.0,0.0,0.0,8,12.5
1387,2,127.82,104.72,-1.055,1.0,0.0,-0.043,0.125,2,
1387,3,113.75,109.92,-1.222,1.0,0.0,0.032,0.233,1,
1388,0,43.02,107.95,1.251,1.0,0.0,-0.004,0.015,8,21.3
1388,1,60.13,20.49,2.793,1.0,0.0,0.0,0.0,8,12.5
1388,2,127.9,104.64,-1.062,1.0,0.0,-0.044,0.115,1,
1388,3,113.79,109.81,-1.218,1.0,0.0,0.026,0.12,0,
1389,0,43.0,107.96,1.25,1.0,0.0,-0.004,0.015,1,21.3
1389,1,60.13,20.49,2.793,1.0,0.0,0.0,0.0,8,12.5
1389,2,127.99,104.56,-1.069,1.0,0.0,-0.044,0.126,2,
1389,3,113.86,109.59,-1.215,1.0,0.0,0.02,0.233,1,
1390,0,42.99,107.96,1.249,1.0,0.0,-0.004,0.015,1,21.3
1390,1,60.13,20.49,2.793,1.0,0.0,0.0,0.0,8,12.5
1390,2,128.07,104.47,-1.076,1.0,0.0,-0.045,0.115,8,
1390,3,113.9,109.47,-1.212,1.0,0.0,0.017,0.12,0,
1391,0,42.98,107.97,1.249,1.0,0.0,-0.004,0.015,1,21.3
1391,1,60.13,20.49,2.793,1.0,0.0,0.0,0.0,8,12.5
1391,2,128.16,104.39,-1.083,1.0,0.0,-0.044,0.126,2,
1391,3,113.98,109.25,-1.21,1.0,0.0,0.013,0.232,1,
1392,0,42.96,107.98,1.248,1.0,0.0,-0.004,0.015,1,21.3
1392,1,60.13,20.49,2.793,1.0,0.0,0.0,0.0,8,12.5
1392,2,128.24,104.3,-1.09,1.0,0.0,-0.045,0.115,1,
1392,3,114.02,109.14,-1.208,1.0,0.0,0.011,0.12,0,
1393,0,42.95,107.98,1.247,1.0,0.0,-0.004,0.015,8,21.3
1393,1,60.13,20.49,2.793,1.0,0.0,0.0,0.0,8,12.5
1393,2,128.33,104.21,-1.097,1.0,0.0,-0.044,0.127,3,
1393,3,114.09,108.92,-1.207,1.0,0.0,0.009,0.232,1,
1394,0,42.94,107.99,1.247,1.0,0.0,-0.004,0.015,1,21.3
1394,1,60.13,20.49,2.793,1.0,0.0,0.0,0.0,8,12.5
1394,2,128.41,104.12,-1.104,0.999,0.0,-0.045,0.116,8,
1394,3,114.13,108.81,-1.206,1.0,0.0,0.008,0.12,0,
1395,0,42.92,108.0,1.246,1.0,0.0,-0.004,0.015,1,21.3
1395,1,60.13,20.49,2.793,1.0,0.0,0.0,0.0,8,12.5
1395,2,128.5,104.04,-1.111,1.0,0.0,-0.044,0.128,3,
1395,3,114.21,108.59,-1.205,1.0,0.0,0.006,0.232,1,
1396,0,42.91,108.0,1.245,1.0,0.0,-0.004,0.015,8,21.3
1396,1,60.13,20.49,2.793,1.0,0.0,0.0,0.0,8,12.5
1396,2,128.57,103.94,-1.118,0.999,0.0,-0.045,0.116,8,
1396,3,114.25,108.48,-1.204,1.0,0.0,0.006,0.12,0,
1397,0,42.89,108.01,1.245,1.0,0.0,-0.004,0.015,1,21.3
1397,1,60.13,20.49,2.793,1.0,0.0,0.0,0.0,8,12.5
1397,2,128.66,103.85,-1.125,1.0,0.0,-0.044,0.128,3,
1397,3,114.32,108.26,-1.203,1.0,0.0,0.005,0.231,1,
1398,0,42.88,108.02,1.244,1.0,0.0,-0.005,0.015,8,21.3
1398,1,60.13,20.49,2.793,1.0,0.0,0.0,0.0,8,12.5
1398,2,128.73,103.76,-1.132,0.999,0.0,-0.046,0.116,8,
1398,3,114.37,108.15,-1.202,1.0,0.0,0.005,0.12,0,
1399,0,42.87,108.02,1.243,1.0,0.0,-0.005,0.016,8,21.3
1399,1,60.13,20.49,2.793,1.0,0.0,0.0,0.0,8,12.5
1399,2,128.82,103.67,-1.139,1.0,0.0,-0.044,0.129,3,
1399,3,114.44,107.93,-1.201,1.0,0.0,0.004,0.231,1,
1400,0,42.85,108.03,1.242,1.0,0.0,-0.005,0.016,1,21.3
1400,1,60.13,20.49,2.793,1.0,0.0,0.0,0.0,8,12.5
1400,2,128.86,103.66,-1.164,0.0,0.0,-1.0,0.037,1,
1400,3,114.45,107.82,-1.218,0.461,0.0,-1.0,0.102,1,
1401,0,42.84,108.04,1.242,1.0,0.0,-0.005,0.016,8,21.3
1401,1,60.13,20.49,2.793,1.0,0.0,0.0,0.0,8,12.5
1401,2,128.89,103.65,-1.206,0.0,0.0,-1.0,0.035,1,
1401,3,114.45,107.72,-1.253,0.474,0.0,-1.0,0.103,1,
1402,0,42.82,108.05,1.241,1.0,0.0,-0.005,0.016,1,21.3
1402,1,60.13,20.49,2.793,1.0,0.0,0.0,0.0,8,12.5
1402,2,128.92,103.64,-1.265,0.0,0.0,-1.0,0.033,1,
1402,3,114.46,107.62,-1.305,0.502,0.0,-1.0,0.105,1,
1403,0,42.81,108.05,1.24,1.0,0.0,-0.005,0.016,8,21.3
1403,1,60.13,20.49,2.793,1.0,0.0,0.0,0.0,8,12.5
1403,2,128.95,103.63,-1.342,0.0,0.0,-1.0,0.03,1,
1403,3,114.46,107.51,-1.374,0.545,0.0,-1.0,0.108,1,
1404,0,42.8,108.06,1.24,1.0,0.0,-0.005,0.016,8,21.3
1404,1,60.13,20.49,2.793,1.0,0.0,0.0,0.0,8,12.5
1404,2,128.98,103.63,-1.437,0.0,0.0,-1.0,0.026,1,
1404,3,114.46,107.4,-1.461,0.6,0.0,-1.0,0.111,1,
1405,0,42.78,108.07,1.239,1.0,0.0,-0.005,0.016,8,21.3
1405,1,60.13,20.49,2.793,1.0,0.0,0.0,0.0,8,12.5
1405,2,129.0,103.62,-1.549,0.0,0.0,-1.0,0.021,1,
1405,3,114.45,107.28,-1.565,0.666,0.0,-1.0,0.114,1,
1406,0,42.77,108.07,1.238,1.0,0.0,-0.005,0.016,1,21.2
1406,1,60.13,20.49,2.793,1.0,0.0,0.0,0.0,8,12.5
1406,2,129.01,103.62,-1.678,0.0,0.0,-1.0,0.014,1,
1406,3,114.44,107.17,-1.687,0.739,0.0,-1.0,0.114,2,
1407,0,42.75,108.08,1.237,1.0,0.0,-0.005,0.016,1,21.2
1407,1,60.13,20.49,2.793,1.0,0.0,0.0,0.0,8,12.5
1407,2,129.01,103.62,-1.825,0.0,0.0,-1.0,0.0,0,
1407,3,114.39,107.14,-1.826,0.815,0.0,-0.882,0.06,1,
1408,0,42.74,108.09,1.237,1.0,0.0,-0.005,0.016,1,21.2
1408,1,60.13,20.49,2.793,1.0,0.0,0.0,0.0,8,12.5
1408,2,129.01,103.62,-1.982,0.0,0.0,-1.0,0.0,0,
1408,3,114.32,107.11,-1.947,0.889,0.0,-0.68,0.074,1,
1409,0,42.72,108.1,1.236,1.0,0.0,-0.005,0.016,1,21.2
1409,1,60.13,20.49,2.793,1.0,0.0,0.0,0.0,8,12.5
1409,2,129.01,103.62,-2.139,0.0,0.0,-1.0,0.0,0,
1409,3,114.24,107.08,-2.05,0.939,0.0,-0.502,0.085,1,
1410,0,42.71,108.1,1.235,1.0,0.0,-0.005,0.016,8,21.2
1410,1,60.13,20.49,2.793,1.0,0.0,0.0,0.0,8,12.5
1410,2,129.01,103.62,-2.296,0.0,0.0,-1.0,0.0,0,
1410,3,114.15,107.04,-2.136,0.971,0.0,-0.348,0.094,1,
1411,0,42.7,108.11,1.234,1.0,0.0,-0.005,0.016,1,21.2
1411,1,60.13,20.49,2.793,1.0,0.0,0.0,0.0,8,12.5
1411,2,129.01,103.62,-2.454,0.0,0.0,-1.0,0.0,0,
1411,3,114.06,107.0,-2.205,0.988,0.0,-0.218,0.101,1,
1412,0,42.68,108.12,1.234,1.0,0.0,-0.005,0.016,1,21.2
1412,1,60.13,20.49,2.793,1.0,0.0,0.0,0.0,8,12.5
1412,2,129.01,103.62,-2.611,0.0,0.0,-1.0,0.0,0,
1412,3,113.97,106.95,-2.256,0.997,0.0,-0.112,0.105,1,
1413,0,42.67,108.13,1.233,1.0,0.0,-0.005,0.016,1,21.2
1413,1,60.13,20.49,2.793,1.0,0.0,0.0,0.0,8,12.5
1413,2,128.92,103.56,-2.768,0.069,0.0,-1.0,0.103,0,
1413,3,113.87,106.91,-2.29,1.0,0.0,-0.031,0.109,1,
1414,0,42.65,108.13,1.232,1.0,0.0,-0.005,0.016,1,21.2
1414,1,60.13,20.49,2.793,1.0,0.0,0.0,0.0,8,12.5
1414,2,128.86,103.61,-2.925,0.218,0.0,-1.0,0.073,8,
1414,3,113.77,106.86,-2.306,1.0,0.0,0.025,0.111,8,
1415,0,42.64,108.14,1.231,1.0,0.0,-0.005,0.017,8,21.2
1415,1,60.13,20.49,2.793,1.0,0.0,0.0,0.0,8,12.5
1415,2,128.83,103.65,-3.082,0.367,0.0,-1.0,0.055,1,
1415,3,113.67,106.81,-2.304,0.999,0.0,0.056,0.112,1,
1416,0,42.62,108.15,1.231,1.0,0.0,-0.005,0.017,1,21.2
1416,1,60.13,20.49,2.793,1.0,0.0,0.0,0.0,8,12.5
1416,2,128.78,103.7,3.044,0.508,0.0,-1.0,0.072,1,
1416,3,113.57,106.76,-2.295,0.999,0.0,0.063,0.112,8,
1417,0,42.61,108.16,1.23,1.0,0.0,-0.005,0.017,1,21.2
1417,1,60.13,20.49,2.793,1.0,0.0,0.0,0.0,8,12.5
1417,2,128.72,103.77,2.887,0.636,0.0,-1.0,0.087,1,
1417,3,113.47,106.71,-2.286,0.999,0.0,0.057,0.112,1,
1418,0,42.59,108.16,1.229,1.0,0.0,-0.005,0.017,1,21.2
1418,1,60.13,20.49,2.793,1.0,0.0,0.0,0.0,8,12.5
1418,2,128.66,103.85,2.73,0.748,0.0,-1.0,0.099,1,
1418,3,113.37,106.66,-2.277,0.999,0.0,0.053,0.112,8,
1419,0,42.58,108.17,1.228,1.0,0.0,-0.005,0.017,8,21.2
1419,1,60.13,20.49,2.793,1.0,0.0,0.0,0.0,8,12.5
1419,2,128.59,103.93,2.591,0.842,0.0,-0.813,0.109,1,
1419,3,113.27,106.6,-2.269,0.999,0.0,0.05,0.112,1,
1420,0,42.56,108.18,1.227,1.0,0.0,-0.005,0.017,1,21.2
1420,1,60.13,20.49,2.793,1.0,0.0,0.0,0.0,8,12.5
1420,2,128.51,104.01,2.468,0.909,0.0,-0.615,0.115,1,
1420,3,113.17,106.55,-2.262,0.999,0.0,0.047,0.112,1,
1421,0,42.55,108.19,1.227,1.0,0.0,-0.005,0.017,8,21.2
1421,1,60.13,20.49,2.793,1.0,0.0,0.0,0.0,8,12.5
1421,2,128.43,104.1,2.364,0.953,0.0,-0.442,0.119,8,
1421,3,113.08,106.49,-2.255,0.999,0.0,0.045,0.112,1,
1422,0,42.53,108.2,1.226,1.0,0.0,-0.005,0.017,8,21.2
1422,1,60.13,20.49,2.793,1.0,0.0,0.0,0.0,8,12.5
1422,2,128.35,104.19,2.277,0.979,0.0,-0.294,0.12,8,
1422,3,112.98,106.44,-2.248,1.0,0.0,0.044,0.112,8,
1423,0,42.52,108.2,1.225,1.0,0.0,-0.005,0.017,1,21.2
1423,1,60.13,20.49,2.793,1.0,0.0,0.0,0.0,8,12.5
1423,2,128.27,104.28,2.207,0.993,0.0,-0.171,0.12,0,
1423,3,112.88,106.38,-2.241,1.0,0.0,0.043,0.112,1,
1424,0,42.5,108.21,1.224,1.0,0.0,-0.005,0.017,8,21.2
1424,1,60.13,20.49,2.793,1.0,0.0,0.0,0.0,8,12.5
1424,2,128.13,104.47,2.155,0.999,0.0,-0.073,0.24,0,
1424,3,112.78,106.32,-2.235,1.0,0.0,0.042,0.112,8,
1425,0,42.49,108.22,1.224,1.0,0.0,-0.005,0.017,1,21.2
1425,1,60.13,20.49,2.793,1.0,0.0,0.0,0.0,8,12.5
1425,2,127.93,104.77,2.121,1.0,0.0,0.0,0.36,0,
1425,3,112.69,106.26,-2.228,1.0,0.0,0.041,0.113,8,
1426,0,42.47,108.23,1.223,1.0,0.0,-0.005,0.017,1,21.2
1426,1,60.13,20.49,2.793,1.0,0.0,0.0,0.0,8,12.5
1426,2,127.68,105.18,2.103,0.999,0.0,0.05,0.48,0,
1426,3,112.59,106.21,-2.222,1.0,0.0,0.041,0.113,8,
1427,0,42.46,108.24,1.222,1.0,0.0,-0.005,0.017,1,21.2
1427,1,60.13,20.49,2.793,1.0,0.0,0.0,0.0,8,12.5
1427,2,127.43,105.7,2.104,0.999,0.0,0.076,0.571,1,
1427,3,112.44,106.15,-2.216,1.0,0.0,0.041,0.165,3,
1428,0,42.44,108.24,1.221,1.0,0.0,-0.005,0.017,1,21.2
1428,1,60.13,20.49,2.793,1.0,0.0,0.0,0.0,8,12.5
1428,2,127.37,105.8,2.117,0.998,0.0,0.083,0.12,0,
1428,3,112.36,106.06,-2.208,0.999,0.0,0.046,0.118,1,
1429,0,42.43,108.25,1.22,1.0,0.0,-0.005,0.018,1,21.2
1429,1,60.13,20.49,2.793,1.0,0.0,0.0,0.0,8,12.5
1429,2,127.26,106.01,2.127,0.999,0.0,0.065,0.234,1,
1429,3,112.26,105.99,-2.202,1.0,0.0,0.043,0.122,2,
1430,0,42.41,108.26,1.22,1.0,0.0,-0.005,0.018,1,21.2
1430,1,60.13,20.49,2.793,1.0,0.0,0.0,0.0,8,12.5
1430,2,127.19,106.11,2.135,0.999,0.0,0.052,0.12,0,
1430,3,112.17,105.93,-2.195,1.0,0.0,0.043,0.113,8,
1431,0,42.39,108.27,1.219,1.0,0.0,-0.005,0.018,1,21.2
1431,1,60.13,20.49,2.793,1.0,0.0,0.0,0.0,8,12.5
1431,2,127.07,106.31,2.142,1.0,0.0,0.041,0.24,1,
1431,3,112.07,105.86,-2.188,1.0,0.0,0.042,0.114,2,
1432,0,42.38,108.28,1.218,1.0,0.0,-0.005,0.018,8,21.2
1432,1,60.13,20.49,2.793,1.0,0.0,0.0,0.0,8,12.5
1432,2,127.0,106.41,2.147,1.0,0.0,0.033,0.12,0,
1432,3,111.98,105.8,-2.181,1.0,0.0,0.042,0.113,8,
1433,0,42.36,108.29,1.217,1.0,0.0,-0.005,0.018,8,21.2
1433,1,60.13,20.49,2.793,1.0,0.0,0.0,0.0,8,12.5
1433,2,126.87,106.61,2.151,1.0,0.0,0.026,0.24,0,
1433,3,111.89,105.73,-2.175,1.0,0.0,0.042,0.113,8,
1434,0,42.35,108.29,1.216,1.0,0.0,-0.005,0.018,8,21.2
1434,1,60.13,20.49,2.793,1.0,0.0,0.0,0.0,8,12.5
1434,2,126.71,106.92,2.154,1.0,0.0,0.02,0.344,1,
1434,3,111.76,105.66,-2.168,1.0,0.0,0.041,0.145,2,
1435,0,42.33,108.3,1.215,1.0,0.0,-0.005,0.018,1,21.2
1435,1,60.13,20.49,2.793,1.0,0.0,0.0,0.0,8,12.5
1435,2,126.64,107.02,2.157,1.0,0.0,0.02,0.12,0,
1435,3,111.68,105.58,-2.161,1.0,0.0,0.045,0.115,8,
1436,0,42.32,108.31,1.215,1.0,0.0,-0.005,0.018,1,21.2
1436,1,60.13,20.49,2.793,1.0,0.0,0.0,0.0,8,12.5
1436,2,126.51,107.22,2.16,1.0,0.0,0.015,0.24,0,
1436,3,111.59,105.51,-2.155,1.0,0.0,0.043,0.114,8,
1437,0,42.3,108.32,1.214,1.0,0.0,-0.005,0.018,1,21.2
1437,1,60.13,20.49,2.793,1.0,0.0,0.0,0.0,8,12.5
1437,2,126.33,107.52,2.162,1.0,0.0,0.012,0.35,1,
1437,3,111.48,105.43,-2.148,1.0,0.0,0.042,0.135,2,
1438,0,42.28,108.33,1.213,1.0,0.0,-0.005,0.018,1,21.2
1438,1,60.13,20.49,2.793,1.0,0.0,0.0,0.0,8,12.5
1438,2,126.27,107.62,2.164,1.0,0.0,0.012,0.12,0,
1438,3,111.4,105.35,-2.141,1.0,0.0,0.045,0.115,1,
1439,0,42.27,108.34,1.212,1.0,0.0,-0.005,0.018,1,21.2
1439,1,60.13,20.49,2.793,1.0,0.0,0.0,0.0,8,12.5
1439,2,126.13,107.82,2.165,1.0,0.0,0.01,0.24,0,
1439,3,111.31,105.28,-2.134,1.0,0.0,0.043,0.114,1,
1440,0,42.25,108.35,1.211,1.0,0.0,-0.005,0.018,1,21.2
1440,1,60.13,20.49,2.793,1.0,0.0,0.0,0.0,8,12.5
1440,2,125.93,108.12,2.166,1.0,0.0,0.008,0.359,1,
1440,3,111.22,105.21,-2.127,1.0,0.0,0.043,0.117,3,
1441,0,42.24,108.36,1.21,1.0,0.0,-0.005,0.018,1,21.2
1441,1,60.13,20.49,2.793,1.0,0.0,0.0,0.0,8,12.5
1441,2,125.87,108.22,2.167,1.0,0.0,0.006,0.12,0,
1441,3,111.13,105.13,-2.121,1.0,0.0,0.043,0.114,1,
1442,0,42.22,108.37,1.21,1.0,0.0,-0.005,0.018,1,21.2
1442,1,60.13,20.49,2.793,1.0,0.0,0.0,0.0,8,12.5
1442,2,125.73,108.41,2.168,1.0,0.0,0.005,0.24,0,
1442,3,111.04,105.06,-2.114,1.0,0.0,0.042,0.114,8,
1443,0,42.2,108.38,1.209,1.0,0.0,-0.005,0.019,8,21.2
1443,1,60.13,20.49,2.793,1.0,0.0,0.0,0.0,8,12.5
1443,2,125.53,108.71,2.169,1.0,0.0,0.004,0.36,0,
1443,3,110.96,104.98,-2.107,1.0,0.0,0.042,0.115,1,
1444,0,42.19,108.38,1.208,1.0,0.0,-0.005,0.019,1,21.2
1444,1,60.13,20.49,2.793,1.0,0.0,0.0,0.0,8,12.5
1444,2,125.26,109.11,2.169,1.0,0.0,0.003,0.478,1,
1444,3,110.87,104.9,-2.101,1.0,0.0,0.042,0.121,2,
1445,0,42.17,108.39,1.207,1.0,0.0,-0.005,0.019,8,21.2
1445,1,60.13,20.49,2.793,1.0,0.0,0.0,0.0,8,12.5
1445,2,125.2,109.21,2.17,1.0,0.0,0.004,0.12,0,
1445,3,110.78,104.82,-2.094,1.0,0.0,0.043,0.115,1,
1446,0,42.16,108.4,1.206,1.0,0.0,-0.005,0.019,1,21.2
1446,1,60.13,20.49,2.793,1.0,0.0,0.0,0.0,8,12.5
1446,2,125.06,109.41,2.17,1.0,0.0,0.003,0.24,0,
1446,3,110.7,104.75,-2.087,1.0,0.0,0.043,0.115,8,
1447,0,42.14,108.41,1.205,1.0,0.0,-0.006,0.019,1,21.1
1447,1,60.13,20.49,2.793,1.0,0.0,0.0,0.0,8,12.5
1447,2,124.86,109.71,2.171,1.0,0.0,0.002,0.36,0,
1447,3,110.62,104.67,-2.081,1.0,0.0,0.043,0.115,1,
1448,0,42.12,108.42,1.204,1.0,0.0,-0.006,0.019,8,21.1
1448,1,60.13,20.49,2.793,1.0,0.0,0.0,0.0,8,12.5
1448,2,124.59,110.1,2.153,0.984,0.0,-0.256,0.48,0,
1448,3,110.53,104.59,-2.074,1.0,0.0,0.043,0.115,8,
1449,0,42.11,108.43,1.204,1.0,0.0,-0.006,0.019,1,21.1
1449,1,60.13,20.49,2.793,1.0,0.0,0.0,0.0,8,12.5
1449,2,124.26,110.6,2.119,0.983,0.0,-0.244,0.6,0,
1449,3,110.45,104.51,-2.067,1.0,0.0,0.043,0.115,1,
1450,0,42.09,108.44,1.203,1.0,0.0,-0.006,0.019,1,21.1
1450,1,60.13,20.49,2.793,1.0,0.0,0.0,0.0,8,12.5
1450,2,123.88,111.22,2.086,0.929,0.0,-0.21,0.72,0,
1450,3,110.37,104.43,-2.061,1.0,0.0,0.043,0.115,1,
1451,0,42.07,108.45,1.202,1.0,0.0,-0.006,0.019,1,21.1
1451,1,60.13,20.49,2.793,1.0,0.0,0.0,0.0,8,12.5
1451,2,123.47,111.95,2.057,0.861,0.0,-0.18,0.84,0,
1451,3,110.29,104.34,-2.054,1.0,0.0,0.043,0.115,1,
1452,0,42.06,108.46,1.201,1.0,0.0,-0.006,0.019,1,21.1
1452,1,60.13,20.49,2.793,1.0,0.0,0.0,0.0,8,12.5
1452,2,123.02,112.8,2.032,0.779,0.0,-0.159,0.96,0,
1452,3,110.21,104.26,-2.047,1.0,0.0,0.043,0.115,8,
1453,0,42.04,108.47,1.2,1.0,0.0,-0.006,0.019,1,21.1
1453,1,60.13,20.49,2.793,1.0,0.0,0.0,0.0,8,12.5
1453,2,122.56,113.72,2.01,0.685,0.0,-0.145,1.028,0,
1453,3,110.13,104.18,-2.041,1.0,0.0,0.043,0.115,8,
1454,0,42.02,108.48,1.199,1.0,0.0,-0.006,0.019,1,21.1
1454,1,60.13,20.49,2.793,1.0,0.0,0.0,0.0,8,12.5
1454,2,122.19,114.51,1.988,0.584,0.0,-0.138,0.876,0,
1454,3,110.05,104.09,-2.034,1.0,0.0,0.043,0.116,1,
1455,0,42.01,108.49,1.198,1.0,0.0,-0.006,0.02,1,21.1
1455,1,60.13,20.49,2.793,1.0,0.0,0.0,0.0,8,12.5
1455,2,121.89,115.19,1.967,0.497,0.0,-0.131,0.746,0,
1455,3,109.97,104.01,-2.027,1.0,0.0,0.043,0.116,8,
1456,0,41.99,108.5,1.197,1.0,0.0,-0.006,0.02,8,21.1
1456,1,60.13,20.49,2.793,1.0,0.0,0.0,0.0,8,12.5
1456,2,121.64,115.78,1.948,0.424,0.0,-0.125,0.636,0,
1456,3,109.9,103.92,-2.02,1.0,0.0,0.043,0.116,1,
1457,0,41.97,108.51,1.196,1.0,0.0,-0.006,0.02,8,21.1
1457,1,60.13,20.49,2.793,1.0,0.0,0.0,0.0,8,12.5
1457,2,121.44,116.28,1.929,0.361,0.0,-0.119,0.541,0,
1457,3,109.82,103.83,-2.014,1.0,0.0,0.043,0.116,1,
1458,0,41.96,108.52,1.196,1.0,0.0,-0.006,0.02,1,21.1
1458,1,60.13,20.49,2.793,1.0,0.0,0.0,0.0,8,12.5
1458,2,121.28,116.71,1.911,0.307,0.0,-0.113,0.461,0,
1458,3,109.74,103.75,-2.007,1.0,0.0,0.043,0.116,1,
1459,0,41.94,108.53,1.195,1.0,0.0,-0.006,0.02,1,21.1
1459,1,60.13,20.49,2.793,1.0,0.0,0.0,0.0,8,12.5
1459,2,121.15,117.08,1.894,0.262,0.0,-0.108,0.392,0,
1459,3,109.67,103.66,-2.0,1.0,0.0,0.043,0.116,8,
1460,0,41.92,108.54,1.194,1.0,0.0,-0.006,0.02,1,21.1
1460,1,60.13,20.49,2.793,1.0,0.0,0.0,0.0,8,12.5
1460,2,121.04,117.4,1.878,0.223,0.0,-0.102,0.334,0,
1460,3,109.59,103.57,-1.993,1.0,0.0,0.043,0.116,1,
1461,0,41.9,108.55,1.193,1.0,0.0,-0.006,0.02,8,21.1
1461,1,60.13,20.49,2.793,1.0,0.0,0.0,0.0,8,12.5
1461,2,120.96,117.67,1.863,0.189,0.0,-0.097,0.284,0,
1461,3,109.52,103.48,-1.987,1.0,0.0,0.043,0.116,1,
1462,0,41.89,108.56,1.192,1.0,0.0,-0.006,0.02,1,21.1
1462,1,60.13,20.49,2.793,1.0,0.0,0.0,0.0,8,12.5
1462,2,120.89,117.9,1.848,0.161,0.0,-0.093,0.242,0,
1462,3,109.45,103.39,-1.98,1.0,0.0,0.043,0.116,8,
1463,0,41.87,108.57,1.191,1.0,0.0,-0.006,0.02,8,21.1
1463,1,60.13,20.49,2.793,1.0,0.0,0.0,0.0,8,12.5
1463,2,120.83,118.1,1.835,0.137,0.0,-0.088,0.206,0,
1463,3,109.38,103.3,-1.973,1.0,0.0,0.043,0.116,1,
1464,0,41.85,108.58,1.19,1.0,0.0,-0.006,0.02,1,21.1
1464,1,60.13,20.49,2.793,1.0,0.0,0.0,0.0,8,12.5
1464,2,120.79,118.27,1.821,0.117,0.0,-0.084,0.175,0,
1464,3,109.31,103.2,-1.966,1.0,0.0,0.043,0.116,8,
1465,0,41.84,108.59,1.189,1.0,0.0,-0.006,0.02,8,21.1
1465,1,60.13,20.49,2.793,1.0,0.0,0.0,0.0,8,12.5
1465,2,120.75,118.41,1.809,0.099,0.0,-0.08,0.149,0,
1465,3,109.24,103.11,-1.96,1.0,0.0,0.043,0.116,8,
1466,0,41.82,108.6,1.188,1.0,0.0,-0.006,0.02,1,21.1
1466,1,60.13,20.49,2.793,1.0,0.0,0.0,0.0,8,12.5
1466,2,120.72,118.54,1.797,0.084,0.0,-0.076,0.127,0,
1466,3,109.17,103.02,-1.953,1.0,0.0,0.043,0.116,8,
1467,0,41.8,108.61,1.187,1.0,0.0,-0.006,0.02,8,21.1
1467,1,60.13,20.49,2.793,1.0,0.0,0.0,0.0,8,12.5
1467,2,120.7,118.64,1.786,0.072,0.0,-0.072,0.108,0,
1467,3,109.1,102.92,-1.946,1.0,0.0,0.043,0.117,1,
1468,0,41.78,108.63,1.186,1.0,0.0,-0.006,0.021,1,21.1
1468,1,60.13,20.49,2.793,1.0,0.0,0.0,0.0,8,12.5
1468,2,120.68,118.73,1.775,0.061,0.0,-0.069,0.092,0,
1468,3,109.03,102.83,-1.939,1.0,0.0,0.043,0.117,8,
1469,0,41.77,108.64,1.185,1.0,0.0,-0.006,0.021,8,21.1
1469,1,60.13,20.49,2.793,1.0,0.0,0.0,0.0,8,12.5
1469,2,120.66,118.81,1.765,0.052,0.0,-0.065,0.078,0,
1469,3,108.96,102.73,-1.933,1.0,0.0,0.043,0.117,8,
1470,0,41.75,108.65,1.184,1.0,0.0,-0.006,0.021,1,21.1
1470,1,60.13,20.49,2.793,1.0,0.0,0.0,0.0,8,12.5
1470,2,120.66,118.81,1.765,0.0,0.0,0.0,0.0,0,
1470,3,108.9,102.64,-1.926,1.0,0.0,0.043,0.117,8,
1471,0,41.73,108.66,1.183,1.0,0.0,-0.006,0.021,1,21.1
1471,1,60.13,20.49,2.793,1.0,0.0,0.0,0.0,8,12.5
1471,2,120.66,118.81,1.765,0.0,0.0,0.0,0.0,0,
1471,3,108.83,102.54,-1.919,1.0,0.0,0.043,0.117,1,
1472,0,41.71,108.67,1.182,1.0,0.0,-0.006,0.021,8,21.1
1472,1,60.13,20.49,2.793,1.0,0.0,0.0,0.0,8,12.5
1472,2,120.66,118.81,1.765,0.0,0.0,0.0,0.0,0,
1472,3,108.77,102.44,-1.912,1.0,0.0,0.043,0.117,1,
1473,0,41.69,108.68,1.181,1.0,0.0,-0.006,0.021,1,21.1
1473,1,60.13,20.49,2.793,1.0,0.0,0.0,0.0,8,12.5
1473,2,120.66,118.81,1.765,0.0,0.0,0.0,0.0,0,
1473,3,108.7,102.34,-1.906,1.0,0.0,0.043,0.117,8,
1474,0,41.68,108.69,1.181,1.0,0.0,-0.006,0.021,1,21.1
1474,1,60.13,20.49,2.793,1.0,0.0,0.0,0.0,8,12.5
1474,2,120.66,118.81,1.765,0.0,0.0,0.0,0.0,0,
1474,3,108.64,102.24,-1.899,1.0,0.0,0.043,0.117,1,
1475,0,41.66,108.7,1.18,1.0,0.0,-0.006,0.021,8,21.1
1475,1,60.13,20.49,2.793,1.0,0.0,0.0,0.0,8,12.5
1475,2,120.66,118.81,1.765,0.0,0.0,0.0,0.0,0,
1475,3,108.58,102.14,-1.892,1.0,0.0,0.043,0.117,1,
1476,0,41.64,108.71,1.179,1.0,0.0,-0.006,0.021,1,21.1
1476,1,60.13,20.49,2.793,1.0,0.0,0.0,0.0,8,12.5
1476,2,120.66,118.81,1.765,0.0,0.0,0.0,0.0,0,
1476,3,108.52,102.04,-1.885,1.0,0.0,0.043,0.117,8,
1477,0,41.62,108.73,1.178,1.0,0.0,-0.006,0.021,1,21.1
1477,1,60.13,20.49,2.793,1.0,0.0,0.0,0.0,8,12.5
1477,2,120.66,118.81,1.765,0.0,0.0,0.0,0.0,0,
1477,3,108.46,101.94,-1.879,1.0,0.0,0.043,0.117,1,
1478,0,41.61,108.74,1.177,1.0,0.0,-0.006,0.021,8,21.0
1478,1,60.13,20.49,2.793,1.0,0.0,0.0,0.0,8,12.5
1478,2,120.66,118.81,1.765,0.0,0.0,0.0,0.0,0,
1478,3,108.4,101.84,-1.872,1.0,0.0,0.043,0.117,1,
1479,0,41.59,108.75,1.176,1.0,0.0,-0.006,0.021,1,21.0
1479,1,60.13,20.49,2.793,1.0,0.0,0.0,0.0,8,12.5
1479,2,120.66,118.81,1.765,0.0,0.0,0.0,0.0,0,
1479,3,108.34,101.74,-1.865,1.0,0.0,0.043,0.117,1,
1480,0,41.57,108.76,1.175,1.0,0.0,-0.006,0.022,1,21.0
1480,1,60.13,20.49,2.793,1.0,0.0,0.0,0.0,8,12.5
1480,2,120.66,118.81,1.782,0.0,0.0,1.0,0.0,0,
1480,3,108.29,101.64,-1.841,0.963,0.0,0.39,0.117,1,
1481,0,41.55,108.77,1.174,1.0,0.0,-0.006,0.022,8,21.0
1481,1,60.13,20.49,2.793,1.0,0.0,0.0,0.0,8,12.5
1481,2,120.66,118.81,1.817,0.0,0.0,1.0,0.0,0,
1481,3,108.23,101.53,-1.799,0.968,0.0,0.364,0.117,1,
1482,0,41.53,108.78,1.173,1.0,0.0,-0.006,0.022,1,21.0
1482,1,60.13,20.49,2.793,1.0,0.0,0.0,0.0,8,12.5
1482,2,120.66,118.81,1.87,0.0,0.0,1.0,0.0,0,
1482,3,108.18,101.43,-1.75,0.976,0.0,0.313,0.116,1,
1483,0,41.51,108.8,1.172,1.0,0.0,-0.006,0.022,1,21.0
1483,1,60.13,20.49,2.793,1.0,0.0,0.0,0.0,8,12.5
1483,2,120.66,118.81,1.94,0.0,0.0,1.0,0.0,0,
1483,3,108.12,101.33,-1.711,0.985,0.0,0.251,0.115,8,
1484,0,41.5,108.81,1.171,1.0,0.0,-0.006,0.022,8,21.0
1484,1,60.13,20.49,2.793,1.0,0.0,0.0,0.0,8,12.5
1484,2,120.66,118.81,2.027,0.0,0.0,1.0,0.0,0,
1484,3,108.07,101.23,-1.679,0.99,0.0,0.203,0.114,8,
1485,0,41.48,108.82,1.17,1.0,0.0,-0.006,0.022,8,21.0
1485,1,60.13,20.49,2.793,1.0,0.0,0.0,0.0,8,12.5
1485,2,120.66,118.81,2.132,0.0,0.0,1.0,0.0,0,
1485,3,108.02,101.13,-1.653,0.993,0.0,0.166,0.113,1,
1486,0,41.46,108.83,1.169,1.0,0.0,-0.006,0.022,8,21.0
1486,1,60.13,20.49,2.793,1.0,0.0,0.0,0.0,8,12.5
1486,2,120.66,118.81,2.255,0.0,0.0,1.0,0.0,0,
1486,3,107.97,101.03,-1.631,0.995,0.0,0.137,0.112,8,
1487,0,41.44,108.85,1.168,1.0,0.0,-0.006,0.022,1,21.0
1487,1,60.13,20.49,2.793,1.0,0.0,0.0,0.0,8,12.5
1487,2,120.66,118.81,2.395,0.0,0.0,1.0,0.0,0,
1487,3,107.93,100.93,-1.613,0.997,0.0,0.115,0.112,8,
1488,0,41.42,108.86,1.167,1.0,0.0,-0.007,0.022,1,21.0
1488,1,60.13,20.49,2.793,1.0,0.0,0.0,0.0,8,12.5
1488,2,120.66,118.81,2.552,0.0,0.0,1.0,0.0,0,
1488,3,107.88,100.83,-1.598,0.998,0.0,0.098,0.111,8,
1489,0,41.4,108.87,1.166,1.0,0.0,-0.007,0.022,8,21.0
1489,1,60.13,20.49,2.793,1.0,0.0,0.0,0.0,8,12.5
1489,2,120.66,118.81,2.709,0.0,0.0,1.0,0.0,0,
1489,3,107.83,100.72,-1.585,0.998,0.0,0.084,0.111,1,
1490,0,41.39,108.88,1.164,1.0,0.0,-0.007,0.022,1,21.0
1490,1,60.13,20.49,2.793,1.0,0.0,0.0,0.0,8,12.5
1490,2,120.66,118.81,2.866,0.0,0.0,1.0,0.0,0,
1490,3,107.79,100.62,-1.573,0.999,0.0,0.074,0.111,1,
1491,0,41.37,108.9,1.163,1.0,0.0,-0.007,0.023,1,21.0
1491,1,60.13,20.49,2.793,1.0,0.0,0.0,0.0,8,12.5
1491,2,120.66,118.81,3.023,0.0,0.0,1.0,0.0,0,
1491,3,107.74,100.52,-1.563,0.999,0.0,0.065,0.111,8,
1492,0,41.35,108.91,1.162,1.0,0.0,-0.007,0.023,8,21.0
1492,1,60.13,20.49,2.793,1.0,0.0,0.0,0.0,8,12.5
1492,2,120.66,118.81,-3.103,0.0,0.0,1.0,0.0,0,
1492,3,107.7,100.42,-1.554,0.999,0.0,0.059,0.11,1,
1493,0,41.33,108.92,1.161,1.0,0.0,-0.007,0.023,1,21.0
1493,1,60.13,20.49,2.793,1.0,0.0,0.0,0.0,8,12.5
1493,2,120.54,118.8,-2.946,0.099,0.0,1.0,0.12,0,
1493,3,107.66,100.32,-1.545,0.999,0.0,0.054,0.11,8,
1494,0,41.31,108.93,1.16,1.0,0.0,-0.007,0.023,8,21.0
1494,1,60.13,20.49,2.793,1.0,0.0,0.0,0.0,8,12.5
1494,2,120.3,118.76,-2.789,0.249,0.0,1.0,0.24,0,
1494,3,107.62,100.22,-1.537,0.999,0.0,0.051,0.11,8,
1495,0,41.29,108.95,1.159,1.0,0.0,-0.007,0.023,1,21.0
1495,1,60.13,20.49,2.793,1.0,0.0,0.0,0.0,8,12.5
1495,2,119.97,118.63,-2.632,0.388,0.0,1.0,0.36,0,
1495,3,107.58,100.11,-1.53,0.999,0.0,0.048,0.11,8,
1496,0,41.27,108.96,1.158,1.0,0.0,-0.007,0.023,8,21.0
1496,1,60.13,20.49,2.793,1.0,0.0,0.0,0.0,8,12.5
1496,2,119.55,118.4,-2.475,0.515,0.0,1.0,0.48,0,
1496,3,107.54,100.01,-1.522,0.999,0.0,0.046,0.111,1,
1497,0,41.25,108.97,1.157,1.0,0.0,-0.007,0.023,1,21.0
1497,1,60.13,20.49,2.793,1.0,0.0,0.0,0.0,8,12.5
1497,2,119.08,118.03,-2.318,0.629,0.0,1.0,0.6,0,
1497,3,107.5,99.91,-1.515,1.0,0.0,0.044,0.111,8,
1498,0,41.23,108.99,1.156,1.0,0.0,-0.007,0.023,1,21.0
1498,1,60.13,20.49,2.793,1.0,0.0,0.0,0.0,8,12.5
1498,2,118.59,117.5,-2.161,0.729,0.0,1.0,0.72,0,
1498,3,107.46,99.8,-1.509,1.0,0.0,0.043,0.111,8,
1499,0,41.22,109.0,1.155,1.0,0.0,-0.007,0.023,1,21.0
1499,1,60.13,20.49,2.793,1.0,0.0,0.0,0.0,8,12.5
1499,2,118.12,116.8,-2.021,0.814,0.0,0.886,0.84,0,
1499,3,107.43,99.7,-1.502,1.0,0.0,0.042,0.111,8,
1500,0,41.2,109.01,1.154,1.0,0.0,-0.007,0.023,1,21.0
1500,1,60.13,20.49,2.793,1.0,0.0,0.0,0.0,8,12.5
1500,2,117.7,115.94,-1.899,0.876,0.0,0.719,0.96,0,
1500,3,107.39,99.59,-1.496,1.0,0.0,0.041,0.111,1,
1501,0,41.18,109.03,1.153,1.0,0.0,-0.007,0.023,1,21.0
1501,1,60.13,20.49,2.793,1.0,0.0,0.0,0.0,8,12.5
1501,2,117.35,114.91,-1.794,0.919,0.0,0.577,1.08,0,
1501,3,107.36,99.49,-1.489,1.0,0.0,0.041,0.111,8,
1502,0,41.16,109.04,1.152,1.0,0.0,-0.007,0.024,8,20.9
1502,1,60.13,20.49,2.793,1.0,0.0,0.0,0.0,8,12.5
1502,2,117.09,113.74,-1.707,0.949,0.0,0.459,1.2,0,
1502,3,107.32,99.38,-1.483,1.0,0.0,0.04,0.111,1,
1503,0,41.14,109.05,1.151,1.0,0.0,-0.007,0.024,1,20.9
1503,1,60.13,20.49,2.793,1.0,0.0,0.0,0.0,8,12.5
1503,2,116.91,112.44,-1.638,0.968,0.0,0.364,1.32,0,
1503,3,107.29,99.27,-1.477,1.0,0.0,0.04,0.111,1,
1504,0,41.12,109.07,1.15,1.0,0.0,-0.007,0.024,8,20.9
1504,1,60.13,20.49,2.793,1.0,0.0,0.0,0.0,8,12.5
1504,2,116.81,111.0,-1.586,0.979,0.0,0.293,1.44,0,
1504,3,107.26,99.17,-1.471,1.0,0.0,0.04,0.111,1,
1505,0,41.1,109.08,1.148,1.0,0.0,-0.007,0.024,1,20.9
1505,1,60.13,20.49,2.793,1.0,0.0,0.0,0.0,8,12.5
1505,2,117.07,109.83,-1.547,0.985,0.0,0.245,1.2,1,
1505,3,106.95,98.76,-1.464,1.0,0.0,0.04,0.516,3,
1506,0,41.08,109.1,1.147,1.0,0.0,-0.007,0.024,8,20.9
1506,1,60.13,20.49,2.793,1.0,0.0,0.0,0.0,8,12.5
1506,2,117.07,109.71,-1.518,0.992,0.0,0.183,0.117,1,
1506,3,106.96,98.63,-1.452,0.998,0.0,0.081,0.122,1,
1507,0,41.06,109.11,1.146,1.0,0.0,-0.007,0.024,1,20.9
1507,1,60.13,20.49,2.793,1.0,0.0,0.0,0.0,8,12.5
1507,2,117.08,109.59,-1.496,0.995,0.0,0.143,0.118,1,
1507,3,106.97,98.51,-1.441,0.999,0.0,0.07,0.122,1,
1508,0,41.04,109.12,1.145,1.0,0.0,-0.007,0.024,1,20.9
1508,1,60.13,20.49,2.793,1.0,0.0,0.0,0.0,8,12.5
1508,2,117.09,109.47,-1.478,0.997,0.0,0.112,0.118,1,
1508,3,106.98,98.39,-1.431,0.999,0.0,0.061,0.122,1,
1509,0,41.02,109.14,1.144,1.0,0.0,-0.007,0.024,2,20.9
1509,1,60.13,20.49,2.793,1.0,0.0,0.0,0.0,8,12.5
1509,2,117.11,109.36,-1.464,0.998,0.0,0.088,0.119,1,
1509,3,107.0,98.27,-1.423,0.999,0.0,0.054,0.121,1,
1510,0,41.0,109.15,1.143,1.0,0.0,-0.007,0.024,1,20.9
1510,1,60.13,20.49,2.793,1.0,0.0,0.0,0.0,8,12.5
1510,2,117.12,109.24,-1.454,0.999,0.0,0.069,0.12,0,
1510,3,107.0,98.15,-1.415,0.999,0.0,0.048,0.116,1,
1511,0,40.98,109.17,1.142,1.0,0.0,-0.007,0.024,1,20.9
1511,1,60.13,20.49,2.793,1.0,0.0,0.0,0.0,8,12.5
1511,2,117.17,109.02,-1.445,0.999,0.0,0.054,0.223,1,
1511,3,106.96,98.02,-1.408,1.0,0.0,0.045,0.138,2,
1512,0,40.96,109.18,1.141,1.0,0.0,-0.007,0.025,8,20.9
1512,1,60.13,20.49,2.793,1.0,0.0,0.0,0.0,8,12.5
1512,2,117.18,108.9,-1.439,1.0,0.0,0.04,0.12,0,
1512,3,106.96,97.91,-1.401,0.999,0.0,0.047,0.114,8,
1513,0,40.94,109.2,1.14,1.0,0.0,-0.007,0.025,1,20.9
1513,1,60.13,20.49,2.793,1.0,0.0,0.0,0.0,8,12.5
1513,2,117.23,108.68,-1.434,1.0,0.0,0.032,0.226,1,
1513,3,106.92,97.78,-1.394,1.0,0.0,0.044,0.133,3,
1514,0,40.92,109.21,1.138,1.0,0.0,-0.007,0.025,1,20.9
1514,1,60.13,20.49,2.793,1.0,0.0,0.0,0.0,8,12.5
1514,2,117.24,108.56,-1.43,1.0,0.0,0.023,0.12,0,
1514,3,106.91,97.67,-1.387,0.999,0.0,0.046,0.114,8,
1515,0,40.9,109.23,1.137,1.0,0.0,-0.007,0.025,8,20.9
1515,1,60.13,20.49,2.793,1.0,0.0,0.0,0.0,8,12.5
1515,2,117.29,108.34,-1.427,1.0,0.0,0.018,0.227,1,
1515,3,106.88,97.54,-1.38,1.0,0.0,0.044,0.132,3,
1516,0,40.88,109.24,1.136,1.0,0.0,-0.007,0.025,8,20.9
1516,1,60.13,20.49,2.793,1.0,0.0,0.0,0.0,8,12.5
1516,2,117.31,108.22,-1.425,1.0,0.0,0.013,0.12,0,
1516,3,106.88,97.43,-1.372,0.999,0.0,0.046,0.114,1,
1517,0,40.86,109.26,1.135,1.0,0.0,-0.007,0.025,8,20.9
1517,1,60.13,20.49,2.793,1.0,0.0,0.0,0.0,8,12.5
1517,2,117.36,108.0,-1.424,1.0,0.0,0.01,0.228,1,
1517,3,106.84,97.3,-1.366,1.0,0.0,0.044,0.131,3,
1518,0,40.84,109.27,1.134,1.0,0.0,-0.007,0.025,8,20.9
1518,1,60.13,20.49,2.793,1.0,0.0,0.0,0.0,8,12.5
1518,2,117.36,107.98,-1.423,1.0,0.0,0.006,0.017,8,
1518,3,106.84,97.19,-1.358,0.999,0.0,0.046,0.114,1,
1519,0,40.82,109.29,1.133,1.0,0.0,-0.007,0.025,8,20.9
1519,1,60.13,20.49,2.793,1.0,0.0,0.0,0.0,8,12.5
1519,2,117.36,107.98,-1.422,1.0,0.0,0.005,0.0,1,
1519,3,106.83,97.07,-1.351,1.0,0.0,0.044,0.114,8,
1520,0,40.8,109.3,1.131,1.0,0.0,-0.007,0.025,1,20.9
1520,1,60.13,20.49,2.793,1.0,0.0,0.0,0.0,8,12.5
1520,2,117.36,107.98,-1.439,0.514,0.0,-1.0,0.0,8,
1520,3,106.82,96.96,-1.344,1.0,0.0,0.044,0.114,1,
1521,0,40.78,109.32,1.13,1.0,0.0,-0.007,0.025,1,20.9
1521,1,60.13,20.49,2.793,1.0,0.0,0.0,0.0,8,12.5
1521,2,117.36,107.98,-1.473,0.528,0.0,-1.0,0.002,8,
1521,3,106.8,96.85,-1.338,1.0,0.0,0.043,0.114,1,
1522,0,40.76,109.33,1.129,1.0,0.0,-0.007,0.026,1,20.9
1522,1,60.13,20.49,2.793,1.0,0.0,0.0,0.0,8,12.5
1522,2,117.35,107.98,-1.525,0.557,0.0,-1.0,0.007,2,
1522,3,106.79,96.73,-1.331,1.0,0.0,0.043,0.114,1,
1523,0,40.74,109.35,1.128,1.0,0.0,-0.008,0.026,1,20.8
1523,1,60.13,20.49,2.793,1.0,0.0,0.0,0.0,8,12.5
1523,2,117.34,107.98,-1.594,0.599,0.0,-1.0,0.013,1,
1523,3,106.78,96.62,-1.324,1.0,0.0,0.043,0.114,8,
1524,0,40.72,109.36,1.127,1.0,0.0,-0.008,0.026,8,20.8
1524,1,60.13,20.49,2.793,1.0,0.0,0.0,0.0,8,12.5
1524,2,117.32,107.97,-1.681,0.654,0.0,-1.0,0.021,1,
1524,3,106.78,96.51,-1.317,1.0,0.0,0.043,0.114,1,
1525,0,40.7,109.38,1.126,1.0,0.0,-0.008,0.026,1,20.8
1525,1,60.13,20.49,2.793,1.0,0.0,0.0,0.0,8,12.5
1525,2,117.29,107.97,-1.785,0.718,0.0,-1.0,0.032,8,
1525,3,106.77,96.39,-1.311,1.0,0.0,0.043,0.114,8,
1526,0,40.68,109.4,1.124,1.0,0.0,-0.008,0.026,1,20.8
1526,1,60.13,20.49,2.793,1.0,0.0,0.0,0.0,8,12.5
1526,2,117.24,107.96,-1.907,0.787,0.0,-0.95,0.044,8,
1526,3,106.76,96.28,-1.304,1.0,0.0,0.043,0.114,1,
1527,0,40.66,109.41,1.123,1.0,0.0,-0.008,0.026,1,20.8
1527,1,60.13,20.49,2.793,1.0,0.0,0.0,0.0,8,12.5
1527,2,117.19,107.95,-2.028,0.857,0.0,-0.773,0.058,1,
1527,3,106.76,96.16,-1.297,1.0,0.0,0.043,0.114,1,
1528,0,40.64,109.43,1.122,1.0,0.0,-0.008,0.026,8,20.8
1528,1,60.13,20.49,2.793,1.0,0.0,0.0,0.0,8,12.5
1528,2,117.12,107.94,-2.132,0.914,0.0,-0.596,0.071,1,
1528,3,106.75,96.05,-1.29,1.0,0.0,0.043,0.114,1,
1529,0,40.62,109.44,1.121,1.0,0.0,-0.008,0.026,1,20.8
1529,1,60.13,20.49,2.793,1.0,0.0,0.0,0.0,8,12.5
1529,2,117.04,107.93,-2.219,0.952,0.0,-0.442,0.081,1,
1529,3,106.75,95.94,-1.284,1.0,0.0,0.043,0.114,8,
1530,0,40.6,109.46,1.119,1.0,0.0,-0.008,0.026,8,20.8
1530,1,60.13,20.49,2.793,1.0,0.0,0.0,0.0,8,12.5
1530,2,116.95,107.91,-2.288,0.976,0.0,-0.314,0.089,8,
1530,3,106.75,95.82,-1.277,1.0,0.0,0.043,0.115,1,
1531,0,40.58,109.48,1.118,1.0,0.0,-0.008,0.027,8,20.8
1531,1,60.13,20.49,2.793,1.0,0.0,0.0,0.0,8,12.5
1531,2,116.86,107.89,-2.339,0.989,0.0,-0.209,0.095,8,
1531,3,106.74,95.71,-1.27,1.0,0.0,0.043,0.115,1,
1532,0,40.56,109.49,1.117,1.0,0.0,-0.008,0.027,1,20.8
1532,1,60.13,20.49,2.793,1.0,0.0,0.0,0.0,8,12.5
1532,2,116.76,107.87,-2.373,0.996,0.0,-0.13,0.099,1,
1532,3,106.74,95.59,-1.263,1.0,0.0,0.043,0.115,1,
1533,0,40.54,109.51,1.116,1.0,0.0,-0.008,0.027,1,20.8
1533,1,60.13,20.49,2.793,1.0,0.0,0.0,0.0,8,12.5
1533,2,116.66,107.85,-2.389,0.999,0.0,-0.075,0.102,1,
1533,3,106.74,95.48,-1.257,1.0,0.0,0.043,0.115,8,
1534,0,40.51,109.53,1.115,1.0,0.0,-0.008,0.027,1,20.8
1534,1,60.13,20.49,2.793,1.0,0.0,0.0,0.0,8,12.5
1534,2,116.56,107.83,-2.396,1.0,0.0,-0.044,0.103,1,
1534,3,106.75,95.36,-1.25,1.0,0.0,0.043,0.115,8,
1535,0,40.49,109.54,1.113,1.0,0.0,-0.008,0.027,8,20.8
1535,1,60.13,20.49,2.793,1.0,0.0,0.0,0.0,8,12.5
1535,2,116.46,107.81,-2.401,1.0,0.0,-0.027,0.104,8,
1535,3,106.75,95.25,-1.243,1.0,0.0,0.043,0.115,1,
1536,0,40.47,109.56,1.112,1.0,0.0,-0.008,0.027,8,20.8
1536,1,60.13,20.49,2.793,1.0,0.0,0.0,0.0,8,12.5
1536,2,116.36,107.78,-2.403,1.0,0.0,-0.014,0.105,1,
1536,3,106.75,95.13,-1.236,1.0,0.0,0.043,0.115,8,
1537,0,40.45,109.58,1.111,1.0,0.0,-0.008,0.027,1,20.8
1537,1,60.13,20.49,2.793,1.0,0.0,0.0,0.0,8,12.5
1537,2,116.25,107.76,-2.403,1.0,0.0,-0.004,0.105,8,
1537,3,106.76,95.02,-1.229,1.0,0.0,0.044,0.115,8,
1538,0,40.43,109.6,1.11,1.0,0.0,-0.008,0.027,1,20.8
1538,1,60.13,20.49,2.793,1.0,0.0,0.0,0.0,8,12.5
1538,2,116.15,107.73,-2.403,1.0,0.0,0.004,0.106,8,
1538,3,106.76,94.9,-1.223,1.0,0.0,0.044,0.115,1,
1539,0,40.41,109.61,1.108,1.0,0.0,-0.008,0.027,1,20.8
1539,1,60.13,20.49,2.793,1.0,0.0,0.0,0.0,8,12.5
1539,2,116.05,107.71,-2.401,1.0,0.0,0.011,0.106,8,
1539,3,106.77,94.79,-1.216,1.0,0.0,0.044,0.115,1,
1540,0,40.39,109.63,1.107,1.0,0.0,-0.008,0.027,1,20.7
1540,1,60.13,20.49,2.793,1.0,0.0,0.0,0.0,8,12.5
1540,2,115.95,107.68,-2.399,1.0,0.0,0.016,0.107,1,
1540,3,106.78,94.67,-1.209,1.0,0.0,0.044,0.115,8,
1541,0,40.37,109.65,1.106,1.0,0.0,-0.008,0.028,8,20.7
1541,1,60.13,20.49,2.793,1.0,0.0,0.0,0.0,8,12.5
1541,2,115.84,107.65,-2.396,1.0,0.0,0.019,0.107,1,
1541,3,106.79,94.56,-1.202,1.0,0.0,0.044,0.115,8,
1542,0,40.35,109.67,1.104,1.0,0.0,-0.008,0.028,1,20.7
1542,1,60.13,20.49,2.793,1.0,0.0,0.0,0.0,8,12.5
1542,2,115.74,107.62,-2.392,1.0,0.0,0.023,0.107,1,
1542,3,106.8,94.44,-1.195,1.0,0.0,0.044,0.116,1,
1543,0,40.32,109.68,1.103,1.0,0.0,-0.008,0.028,1,20.7
1543,1,60.13,20.49,2.793,1.0,0.0,0.0,0.0,8,12.5
1543,2,115.64,107.59,-2.388,1.0,0.0,0.025,0.108,1,
1543,3,106.81,94.33,-1.188,1.0,0.0,0.044,0.116,1,
1544,0,40.3,109.7,1.102,1.0,0.0,-0.008,0.028,8,20.7
1544,1,60.13,20.49,2.793,1.0,0.0,0.0,0.0,8,12.5
1544,2,115.53,107.56,-2.384,1.0,0.0,0.027,0.108,1,
1544,3,106.82,94.21,-1.181,1.0,0.0,0.044,0.116,8,
1545,0,40.28,109.72,1.101,1.0,0.0,-0.008,0.028,8,20.7
1545,1,60.13,20.49,2.793,1.0,0.0,0.0,0.0,8,12.5
1545,2,115.43,107.53,-2.379,1.0,0.0,0.029,0.108,8,
1545,3,106.84,94.1,-1.174,1.0,0.0,0.044,0.116,1,
1546,0,40.26,109.74,1.099,1.0,0.0,-0.008,0.028,8,20.7
1546,1,60.13,20.49,2.793,1.0,0.0,0.0,0.0,8,12.5
1546,2,115.33,107.49,-2.375,1.0,0.0,0.03,0.108,8,
1546,3,106.85,93.98,-1.167,1.0,0.0,0.044,0.116,1,
1547,0,40.24,109.76,1.098,1.0,0.0,-0.008,0.028,1,20.7
1547,1,60.13,20.49,2.793,1.0,0.0,0.0,0.0,8,12.5
1547,2,115.22,107.46,-2.37,1.0,0.0,0.031,0.109,1,
1547,3,106.87,93.87,-1.161,1.0,0.0,0.044,0.116,8,
1548,0,40.22,109.78,1.097,1.0,0.0,-0.008,0.028,1,20.7
1548,1,60.13,20.49,2.793,1.0,0.0,0.0,0.0,8,12.5
1548,2,115.12,107.42,-2.365,1.0,0.0,0.032,0.109,1,
1548,3,106.88,93.75,-1.154,1.0,0.0,0.044,0.116,1,
1549,0,40.2,109.79,1.095,1.0,0.0,-0.008,0.028,1,20.7
1549,1,60.13,20.49,2.793,1.0,0.0,0.0,0.0,8,12.5
1549,2,115.02,107.39,-2.36,1.0,0.0,0.032,0.109,8,
1549,3,106.9,93.64,-1.147,1.0,0.0,0.044,0.116,1,
1550,0,40.17,109.81,1.094,1.0,0.0,-0.008,0.029,8,20.7
1550,1,60.13,20.49,2.793,1.0,0.0,0.0,0.0,8,12.5
1550,2,114.92,107.35,-2.355,1.0,0.0,0.033,0.109,1,
1550,3,106.92,93.52,-1.14,1.0,0.0,0.044,0.116,1,
1551,0,40.15,109.83,1.093,1.0,0.0,-0.008,0.029,1,20.7
1551,1,60.13,20.49,2.793,1.0,0.0,0.0,0.0,8,12.5
1551,2,114.81,107.31,-2.349,1.0,0.0,0.033,0.109,1,
1551,3,106.94,93.41,-1.133,1.0,0.0,0.044,0.116,1,
1552,0,40.13,109.85,1.091,1.0,0.0,-0.008,0.029,8,20.7
1552,1,60.13,20.49,2.793,1.0,0.0,0.0,0.0,8,12.5
1552,2,114.71,107.27,-2.344,1.0,0.0,0.034,0.11,8,
1552,3,106.96,93.29,-1.126,1.0,0.0,0.044,0.116,1,
1553,0,40.11,109.87,1.09,1.0,0.0,-0.009,0.029,1,20.7
1553,1,60.13,20.49,2.793,1.0,0.0,0.0,0.0,8,12.5
1553,2,114.61,107.23,-2.339,1.0,0.0,0.034,0.11,8,
1553,3,106.98,93.18,-1.119,1.0,0.0,0.044,0.116,8,
1554,0,40.09,109.89,1.089,1.0,0.0,-0.009,0.029,8,20.7
1554,1,60.13,20.49,2.793,1.0,0.0,0.0,0.0,8,12.5
1554,2,114.51,107.19,-2.333,1.0,0.0,0.035,0.11,1,
1554,3,107.01,93.07,-1.112,1.0,0.0,0.044,0.116,8,
1555,0,40.07,109.91,1.087,1.0,0.0,-0.009,0.029,1,20.7
1555,1,60.13,20.49,2.793,1.0,0.0,0.0,0.0,8,12.5
1555,2,114.4,107.15,-2.328,1.0,0.0,0.035,0.11,1,
1555,3,107.03,92.95,-1.105,1.0,0.0,0.044,0.116,1,
1556,0,40.04,109.93,1.086,1.0,0.0,-0.009,0.029,1,20.6
1556,1,60.13,20.49,2.793,1.0,0.0,0.0,0.0,8,12.5
1556,2,114.3,107.1,-2.322,1.0,0.0,0.035,0.11,8,
1556,3,107.06,92.84,-1.098,1.0,0.0,0.044,0.117,8,
1557,0,40.02,109.95,1.085,1.0,0.0,-0.009,0.029,1,20.6
1557,1,60.13,20.49,2.793,1.0,0.0,0.0,0.0,8,12.5
1557,2,114.2,107.06,-2.317,1.0,0.0,0.035,0.11,1,
1557,3,107.08,92.73,-1.091,1.0,0.0,0.044,0.117,8,
1558,0,40.0,109.97,1.083,1.0,0.0,-0.009,0.03,1,20.6
1558,1,60.13,20.49,2.793,1.0,0.0,0.0,0.0,8,12.5
1558,2,114.1,107.02,-2.311,1.0,0.0,0.036,0.11,1,
1558,3,107.11,92.61,-1.084,1.0,0.0,0.044,0.117,8,
1559,0,39.98,109.99,1.082,1.0,0.0,-0.009,0.03,1,20.6
1559,1,60.13,20.49,2.793,1.0,0.0,0.0,0.0,8,12.5
1559,2,114.0,106.97,-2.305,1.0,0.0,0.036,0.111,1,
1559,3,107.14,92.5,-1.077,1.0,0.0,0.044,0.117,1,
1560,0,39.96,110.01,1.081,1.0,0.0,-0.009,0.03,1,20.6
1560,1,60.13,20.49,2.793,1.0,0.0,0.0,0.0,8,12.5
1560,2,114.0,106.97,-2.317,0.0,0.0,-1.0,0.0,0,
1560,3,107.17,92.39,-1.088,0.912,0.0,-0.604,0.117,8,
1561,0,39.93,110.03,1.079,1.0,0.0,-0.009,0.03,8,20.6
1561,1,60.13,20.49,2.793,1.0,0.0,0.0,0.0,8,12.5
1561,2,114.0,106.97,-2.347,0.0,0.0,-1.0,0.0,0,
1561,3,107.2,92.27,-1.116,0.916,0.0,-0.589,0.117,1,
1562,0,39.91,110.05,1.078,1.0,0.0,-0.009,0.03,1,20.6
1562,1,60.13,20.49,2.793,1.0,0.0,0.0,0.0,8,12.5
1562,2,114.0,106.97,-2.393,0.0,0.0,-1.0,0.0,0,
1562,3,107.23,92.16,-1.158,0.983,0.0,-0.268,0.118,1,
1563,0,39.89,110.07,1.076,1.0,0.0,-0.009,0.03,8,20.6
1563,1,60.13,20.49,2.793,1.0,0.0,0.0,0.0,8,12.5
1563,2,114.0,106.97,-2.458,0.0,0.0,-1.0,0.0,0,
1563,3,107.27,92.04,-1.19,0.989,0.0,-0.208,0.119,1,
1564,0,39.87,110.09,1.075,1.0,0.0,-0.009,0.03,1,20.6
1564,1,60.13,20.49,2.793,1.0,0.0,0.0,0.0,8,12.5
1564,2,114.0,106.97,-2.54,0.0,0.0,-1.0,0.0,0,
1564,3,107.3,91.93,-1.216,0.994,0.0,-0.161,0.12,1,
1565,0,39.85,110.11,1.074,1.0,0.0,-0.009,0.03,8,20.6
1565,1,60.13,20.49,2.793,1.0,0.0,0.0,0.0,8,12.5
1565,2,114.0,106.97,-2.639,0.0,0.0,-1.0,0.0,0,
1565,3,107.34,91.82,-1.235,0.996,0.0,-0.125,0.12,8,
1566,0,39.82,110.13,1.072,1.0,0.0,-0.009,0.03,8,20.6
1566,1,60.13,20.49,2.793,1.0,0.0,0.0,0.0,8,12.5
1566,2,114.0,106.97,-2.756,0.0,0.0,-1.0,0.0,0,
1566,3,107.37,91.7,-1.251,0.998,0.0,-0.097,0.12,1,
1567,0,39.8,110.15,1.071,1.0,0.0,-0.009,0.031,1,20.6
1567,1,60.13,20.49,2.793,1.0,0.0,0.0,0.0,8,12.5
1567,2,114.0,106.97,-2.89,0.0,0.0,-1.0,0.0,0,
1567,3,107.41,91.59,-1.262,0.999,0.0,-0.075,0.12,0,
1568,0,39.78,110.17,1.069,1.0,0.0,-0.009,0.031,1,20.6
1568,1,60.13,20.49,2.793,1.0,0.0,0.0,0.0,8,12.5
1568,2,114.0,106.97,-3.042,0.0,0.0,-1.0,0.0,0,
1568,3,107.49,91.36,-1.272,0.999,0.0,-0.059,0.24,0,
1569,0,39.76,110.19,1.068,1.0,0.0,-0.009,0.031,8,20.5
1569,1,60.13,20.49,2.793,1.0,0.0,0.0,0.0,8,12.5
1569,2,114.0,106.97,3.084,0.0,0.0,-1.0,0.0,0,
1569,3,107.59,91.02,-1.279,0.999,0.0,-0.046,0.36,0,
1570,0,39.73,110.21,1.067,1.0,0.0,-0.009,0.031,1,20.5
1570,1,60.13,20.49,2.793,1.0,0.0,0.0,0.0,8,12.5
1570,2,114.0,106.97,2.927,0.0,0.0,-1.0,0.0,0,
1570,3,107.73,90.56,-1.284,1.0,0.0,-0.036,0.48,0,
1571,0,39.71,110.24,1.065,1.0,0.0,-0.009,0.031,8,20.5
1571,1,60.13,20.49,2.793,1.0,0.0,0.0,0.0,8,12.5
1571,2,114.0,106.97,2.77,0.0,0.0,-1.0,0.0,0,
1571,3,107.9,89.98,-1.289,1.0,0.0,-0.028,0.6,0,
1572,0,39.69,110.26,1.064,1.0,0.0,-0.009,0.031,2,20.5
1572,1,60.13,20.49,2.793,1.0,0.0,0.0,0.0,8,12.5
1572,2,114.0,106.97,2.613,0.0,0.0,-1.0,0.0,0,
1572,3,108.1,89.29,-1.292,1.0,0.0,-0.022,0.72,0,
1573,0,39.67,110.28,1.062,1.0,0.0,-0.009,0.031,8,20.5
1573,1,60.13,20.49,2.793,1.0,0.0,0.0,0.0,8,12.5
1573,2,113.94,107.0,2.456,0.045,0.0,-1.0,0.068,0,
1573,3,108.33,88.48,-1.295,1.0,0.0,-0.018,0.84,0,
1574,0,39.64,110.3,1.061,1.0,0.0,-0.009,0.031,1,20.5
1574,1,60.13,20.49,2.793,1.0,0.0,0.0,0.0,8,12.5
1574,2,113.8,107.12,2.299,0.196,0.0,-1.0,0.188,0,
1574,3,108.59,87.56,-1.297,1.0,0.0,-0.014,0.96,0,
1575,0,39.62,110.32,1.059,1.0,0.0,-0.009,0.032,1,20.5
1575,1,60.13,20.49,2.793,1.0,0.0,0.0,0.0,8,12.5
1575,2,113.59,107.35,2.142,0.335,0.0,-1.0,0.308,0,
1575,3,108.88,86.52,-1.299,1.0,0.0,-0.011,1.08,0,
1576,0,39.6,110.35,1.058,1.0,0.0,-0.009,0.032,1,20.5
1576,1,60.13,20.49,2.793,1.0,0.0,0.0,0.0,8,12.5
1576,2,113.36,107.71,1.985,0.461,0.0,-1.0,0.428,0,
1576,3,109.2,85.36,-1.301,1.0,0.0,-0.009,1.2,0,
1577,0,39.58,110.37,1.056,1.0,0.0,-0.009,0.032,1,20.5
1577,1,60.13,20.49,2.793,1.0,0.0,0.0,0.0,8,12.5
1577,2,113.14,108.21,1.827,0.574,0.0,-1.0,0.548,0,
1577,3,109.56,84.09,-1.302,1.0,0.0,-0.007,1.32,0,
1578,0,39.55,110.39,1.055,1.0,0.0,-0.009,0.032,8,20.5
1578,1,60.13,20.49,2.793,1.0,0.0,0.0,0.0,8,12.5
1578,2,112.97,108.86,1.67,0.674,0.0,-1.0,0.668,0,
1578,3,109.94,82.7,-1.303,1.0,0.0,-0.006,1.44,0,
1579,0,39.53,110.41,1.053,1.0,0.0,-0.009,0.032,1,20.5
1579,1,60.13,20.49,2.793,1.0,0.0,0.0,0.0,8,12.5
1579,2,112.89,109.64,1.513,0.763,0.0,-1.0,0.788,0,
1579,3,110.34,81.25,-1.303,1.0,0.0,-0.005,1.5,0,
1580,0,39.51,110.44,1.052,1.0,0.0,-0.009,0.032,1,20.5
1580,1,60.13,20.49,2.793,1.0,0.0,0.0,0.0,8,12.5
1580,2,112.95,110.55,1.374,0.84,0.0,-0.818,0.908,0,
1580,3,110.73,79.81,-1.304,1.0,0.0,-0.004,1.5,0,
1581,0,39.49,110.46,1.05,1.0,0.0,-0.01,0.032,1,20.5
1581,1,60.13,20.49,2.793,1.0,0.0,0.0,0.0,8,12.5
1581,2,113.15,111.56,1.252,0.899,0.0,-0.649,1.028,0,
1581,3,111.13,78.36,-1.305,1.0,0.0,-0.003,1.5,0,
1582,0,39.46,110.48,1.049,1.0,0.0,-0.01,0.032,1,20.4
1582,1,60.13,20.49,2.793,1.0,0.0,0.0,0.0,8,12.5
1582,2,113.51,112.65,1.147,0.941,0.0,-0.493,1.148,0,
1582,3,111.52,76.91,-1.305,1.0,0.0,-0.003,1.5,0,
1583,0,39.44,110.51,1.047,1.0,0.0,-0.01,0.033,1,20.4
1583,1,60.13,20.49,2.793,1.0,0.0,0.0,0.0,8,12.5
1583,2,114.03,113.8,1.06,0.969,0.0,-0.212,1.268,0,
1583,3,111.92,75.47,-1.305,1.0,0.0,-0.002,1.5,0,
1584,0,39.42,110.53,1.046,1.0,0.0,-0.01,0.033,1,20.4
1584,1,60.13,20.49,2.793,1.0,0.0,0.0,0.0,8,12.5
1584,2,114.65,114.92,0.99,0.855,0.0,-0.092,1.282,0,
1584,3,112.31,74.02,-1.306,1.0,0.0,-0.002,1.5,0,
1585,0,39.39,110.55,1.044,1.0,0.0,-0.01,0.033,1,20.4
1585,1,60.13,20.49,2.793,1.0,0.0,0.0,0.0,8,12.5
1585,2,115.27,115.86,0.938,0.73,0.0,0.016,1.122,0,
1585,3,112.7,72.57,-1.306,1.0,0.0,-0.002,1.5,0,
1586,0,39.37,110.58,1.043,1.0,0.0,-0.01,0.033,1,20.4
1586,1,60.13,20.49,2.793,1.0,0.0,0.0,0.0,8,12.5
1586,2,115.84,116.63,0.904,0.616,0.0,0.106,0.962,0,
1586,3,113.1,71.12,-1.306,1.0,0.0,-0.001,1.5,0,
1587,0,39.35,110.6,1.041,1.0,0.0,-0.01,0.033,1,20.4
1587,1,60.13,20.49,2.793,1.0,0.0,0.0,0.0,8,12.5
1587,2,116.33,117.26,0.887,0.518,0.0,0.175,0.802,0,
1587,3,113.49,69.68,-1.306,1.0,0.0,-0.001,1.5,0,
1588,0,39.33,110.62,1.04,1.0,0.0,-0.01,0.033,1,20.4
1588,1,60.13,20.49,2.793,1.0,0.0,0.0,0.0,8,12.5
1588,2,116.75,117.77,0.887,0.437,0.0,0.218,0.656,0,
1588,3,113.88,68.23,-1.306,1.0,0.0,-0.001,1.5,0,
1589,0,39.3,110.65,1.038,1.0,0.0,-0.01,0.033,1,20.4
1589,1,60.13,20.49,2.793,1.0,0.0,0.0,0.0,8,12.5
1589,2,117.1,118.2,0.905,0.372,0.0,0.233,0.557,0,
1589,3,114.27,66.78,-1.307,1.0,0.0,-0.001,1.5,0,
1590,0,39.28,110.67,1.037,1.0,0.0,-0.01,0.033,8,20.4
1590,1,60.13,20.49,2.793,1.0,0.0,0.0,0.0,8,12.5
1590,2,117.39,118.58,0.94,0.317,0.0,0.221,0.476,0,
1590,3,114.67,65.33,-1.307,1.0,0.0,-0.001,1.5,0,
1591,0,39.26,110.7,1.035,1.0,0.0,-0.01,0.034,1,20.4
1591,1,60.13,20.49,2.793,1.0,0.0,0.0,0.0,8,12.5
1591,2,117.63,118.91,0.969,0.271,0.0,0.183,0.407,0,
1591,3,115.06,63.88,-1.307,1.0,0.0,-0.001,1.5,0,
1592,0,39.23,110.72,1.033,1.0,0.0,-0.01,0.034,8,20.4
1592,1,60.13,20.49,2.793,1.0,0.0,0.0,0.0,8,12.5
1592,2,117.83,119.19,0.992,0.232,0.0,0.151,0.348,0,
1592,3,115.45,62.44,-1.307,1.0,0.0,-0.0,1.5,0,
1593,0,39.21,110.75,1.032,1.0,0.0,-0.01,0.034,2,20.3
1593,1,60.13,20.49,2.793,1.0,0.0,0.0,0.0,8,12.5
1593,2,117.99,119.44,1.012,0.198,0.0,0.125,0.297,0,
1593,3,115.84,60.99,-1.307,1.0,0.0,-0.0,1.5,0,
1594,0,39.19,110.77,1.03,1.0,0.0,-0.01,0.034,8,20.3
1594,1,60.13,20.49,2.793,1.0,0.0,0.0,0.0,8,12.5
1594,2,118.13,119.66,1.028,0.169,0.0,0.104,0.254,0,
1594,3,115.99,60.45,-1.307,1.0,0.0,-0.0,0.561,2,
1595,0,39.16,110.8,1.029,1.0,0.0,-0.01,0.034,8,20.3
1595,1,60.13,20.49,2.793,1.0,0.0,0.0,0.0,8,12.5
1595,2,118.24,119.85,1.042,0.145,0.0,0.085,0.218,0,
1595,3,115.99,60.45,-1.307,1.0,0.0,-0.0,0.0,8,
1596,0,39.14,110.82,1.027,1.0,0.0,-0.01,0.034,1,20.3
1596,1,60.13,20.49,2.793,1.0,0.0,0.0,0.0,8,12.5
1596,2,118.34,120.01,1.052,0.125,0.0,0.069,0.188,0,
1596,3,115.99,60.45,-1.307,1.0,0.0,-0.0,0.0,1,
1597,0,39.12,110.85,1.026,1.0,0.0,-0.01,0.034,1,20.3
1597,1,60.13,20.49,2.793,1.0,0.0,0.0,0.0,8,12.5
1597,2,118.42,120.15,1.06,0.108,0.0,0.051,0.162,0,
1597,3,115.99,60.45,-1.307,1.0,0.0,-0.0,0.0,8,
1598,0,39.1,110.87,1.024,1.0,0.0,-0.01,0.035,8,20.3
1598,1,60.13,20.49,2.793,1.0,0.0,0.0,0.0,8,12.5
1598,2,118.49,120.27,1.065,0.094,0.0,0.029,0.141,0,
1598,3,115.99,60.45,-1.307,1.0,0.0,-0.0,0.0,1,
1599,0,39.07,110.9,1.022,1.0,0.0,-0.01,0.035,8,20.3
1599,1,60.13,20.49,2.793,1.0,0.0,0.0,0.0,8,12.5
1599,2,118.5,120.3,1.052,0.025,0.0,-1.0,0.037,0,
1599,3,115.99,60.45,-1.307,1.0,0.0,-0.0,0.0,2,
1600,0,39.05,110.92,1.021,1.0,0.0,-0.01,0.035,1,20.3
1600,1,60.13,20.49,2.793,1.0,0.0,0.0,0.0,8,12.5
1600,2,118.5,120.3,1.022,0.0,0.0,-1.0,0.0,0,
1600,3,115.99,60.45,-1.307,1.0,0.0,-0.0,0.0,1,
1601,0,39.03,110.95,1.019,1.0,0.0,-0.01,0.035,1,20.3
1601,1,60.13,20.49,2.793,1.0,0.0,0.0,0.0,8,12.5
1601,2,118.5,120.3,0.974,0.0,0.0,-1.0,0.0,0,
1601,3,115.99,60.45,-1.307,1.0,0.0,-0.0,0.0,1,
1602,0,39.0,110.98,1.017,1.0,0.0,-0.01,0.035,8,20.3
1602,1,60.13,20.49,2.793,1.0,0.0,0.0,0.0,8,12.5
1602,2,118.5,120.3,0.908,0.0,0.0,-1.0,0.0,0,
1602,3,115.99,60.45,-1.307,1.0,0.0,-0.0,0.0,2,
1603,0,38.98,111.0,1.016,1.0,0.0,-0.01,0.035,1,20.2
1603,1,60.13,20.49,2.793,1.0,0.0,0.0,0.0,8,12.5
1603,2,118.5,120.3,0.825,0.0,0.0,-1.0,0.0,0,
1603,3,115.99,60.45,-1.307,1.0,0.0,-0.0,0.0,1,
1604,0,38.96,111.03,1.014,1.0,0.0,-0.01,0.035,1,20.2
1604,1,60.13,20.49,2.793,1.0,0.0,0.0,0.0,8,12.5
1604,2,118.5,120.3,0.725,0.0,0.0,-1.0,0.0,0,
1604,3,115.99,60.45,-1.307,1.0,0.0,-0.0,0.0,1,
1605,0,38.93,111.06,1.013,1.0,0.0,-0.011,0.035,1,20.2
1605,1,60.13,20.49,2.793,1.0,0.0,0.0,0.0,8,12.5
1605,2,118.5,120.3,0.607,0.0,0.0,-1.0,0.0,0,
1605,3,115.99,60.45,-1.307,1.0,0.0,-0.0,0.0,1,
1606,0,38.91,111.08,1.011,1.0,0.0,-0.011,0.036,1,20.2
1606,1,60.13,20.49,2.793,1.0,0.0,0.0,0.0,8,12.5
1606,2,118.5,120.3,0.471,0.0,0.0,-1.0,0.0,0,
1606,3,115.99,60.45,-1.307,1.0,0.0,-0.0,0.0,1,
1607,0,38.89,111.11,1.009,1.0,0.0,-0.011,0.036,1,20.2
1607,1,60.13,20.49,2.793,1.0,0.0,0.0,0.0,8,12.5
1607,2,118.5,120.3,0.319,0.0,0.0,-1.0,0.0,0,
1607,3,115.99,60.45,-1.307,1.0,0.0,-0.0,0.0,8,
1608,0,38.86,111.14,1.008,1.0,0.0,-0.011,0.036,1,20.2
1608,1,60.13,20.49,2.793,1.0,0.0,0.0,0.0,8,12.5
1608,2,118.5,120.3,0.161,0.0,0.0,-1.0,0.0,0,
1608,3,115.99,60.45,-1.307,1.0,0.0,-0.0,0.0,1,
1609,0,38.84,111.17,1.006,1.0,0.0,-0.011,0.036,8,20.2
1609,1,60.13,20.49,2.793,1.0,0.0,0.0,0.0,8,12.5
1609,2,118.5,120.3,0.004,0.0,0.0,-1.0,0.0,0,
1609,3,115.99,60.45,-1.307,1.0,0.0,-0.0,0.0,1,
1610,0,38.82,111.19,1.004,1.0,0.0,-0.011,0.036,8,20.2
1610,1,60.13,20.49,2.793,1.0,0.0,0.0,0.0,8,12.5
1610,2,118.54,120.3,-0.153,0.026,0.0,-1.0,0.038,0,
1610,3,115.99,60.45,-1.307,1.0,0.0,-0.0,0.0,8,
1611,0,38.79,111.22,1.003,1.0,0.0,-0.011,0.036,8,20.2
1611,1,60.13,20.49,2.793,1.0,0.0,0.0,0.0,8,12.5
1611,2,118.7,120.28,-0.31,0.18,0.0,-1.0,0.158,0,
1611,3,115.99,60.45,-1.307,1.0,0.0,-0.0,0.0,1,
1612,0,38.77,111.25,1.001,1.0,0.0,-0.011,0.036,8,20.2
1612,1,60.13,20.49,2.793,1.0,0.0,0.0,0.0,8,12.5
1612,2,118.96,120.19,-0.467,0.326,0.0,-1.0,0.278,0,
1612,3,115.99,60.45,-1.307,1.0,0.0,-0.0,0.0,1,
1613,0,38.75,111.28,0.999,1.0,0.0,-0.011,0.037,8,20.1
1613,1,60.13,20.49,2.793,1.0,0.0,0.0,0.0,8,12.5
1613,2,119.32,120.02,-0.624,0.46,0.0,-1.0,0.398,0,
1613,3,115.99,60.45,-1.307,1.0,0.0,-0.0,0.0,1,
1614,0,38.72,111.31,0.997,1.0,0.0,-0.011,0.037,8,20.1
1614,1,60.13,20.49,2.793,1.0,0.0,0.0,0.0,8,12.5
1614,2,119.74,119.71,-0.781,0.582,0.0,-1.0,0.518,0,
1614,3,115.99,60.45,-1.307,1.0,0.0,-0.0,0.0,1,
1615,0,38.7,111.33,0.996,1.0,0.0,-0.011,0.037,1,20.1
1615,1,60.13,20.49,2.793,1.0,0.0,0.0,0.0,8,12.5
1615,2,120.19,119.26,-0.938,0.689,0.0,-1.0,0.638,0,
1615,3,115.99,60.45,-1.307,1.0,0.0,-0.0,0.0,1,
1616,0,38.68,111.36,0.994,1.0,0.0,-0.011,0.037,1,20.1
1616,1,60.13,20.49,2.793,1.0,0.0,0.0,0.0,8,12.5
1616,2,120.64,118.65,-1.089,0.782,0.0,-0.961,0.758,0,
1616,3,115.99,60.45,-1.307,1.0,0.0,-0.0,0.0,1,
1617,0,38.65,111.39,0.992,1.0,0.0,-0.011,0.037,2,20.1
1617,1,60.13,20.49,2.793,1.0,0.0,0.0,0.0,8,12.5
1617,2,121.05,117.87,-1.223,0.857,0.0,-0.775,0.878,0,
1617,3,115.99,60.45,-1.307,1.0,0.0,-0.0,0.0,1,
1618,0,38.63,111.42,0.99,1.0,0.0,-0.011,0.037,8,20.1
1618,1,60.13,20.49,2.793,1.0,0.0,0.0,0.0,8,12.5
1618,2,121.39,116.93,-1.339,0.909,0.0,-0.613,0.998,0,
1618,3,115.99,60.45,-1.307,1.0,0.0,-0.0,0.0,1,
1619,0,38.61,111.45,0.989,1.0,0.0,-0.011,0.037,1,20.1
1619,1,60.13,20.49,2.793,1.0,0.0,0.0,0.0,8,12.5
1619,2,121.65,115.85,-1.437,0.945,0.0,-0.475,1.118,0,
1619,3,115.99,60.45,-1.307,1.0,0.0,-0.0,0.0,8,
1620,0,38.58,111.48,0.987,1.0,0.0,-0.011,0.038,8,20.1
1620,1,60.13,20.49,2.793,1.0,0.0,0.0,0.0,8,12.5
1620,2,121.81,114.62,-1.518,0.968,0.0,-0.36,1.238,0,
1620,3,115.99,60.45,-1.307,1.0,0.0,-0.0,0.0,8,
1621,0,38.56,111.51,0.985,1.0,0.0,-0.011,0.038,8,20.1
1621,1,60.13,20.49,2.793,1.0,0.0,0.0,0.0,8,12.5
1621,2,121.88,113.26,-1.582,0.983,0.0,-0.267,1.358,0,
1621,3,115.99,60.45,-1.307,1.0,0.0,-0.0,0.0,8,
1622,0,38.54,111.54,0.983,1.0,0.0,-0.011,0.038,1,20.0
1622,1,60.13,20.49,2.793,1.0,0.0,0.0,0.0,8,12.5
1622,2,121.87,111.78,-1.627,0.991,0.0,-0.197,1.478,0,
1622,3,115.99,60.45,-1.307,1.0,0.0,-0.0,0.0,8,
1623,0,38.51,111.57,0.982,1.0,0.0,-0.011,0.038,1,20.0
1623,1,60.13,20.49,2.793,1.0,0.0,0.0,0.0,8,12.5
1623,2,121.78,110.29,-1.656,0.995,0.0,-0.149,1.492,0,
1623,3,115.99,60.45,-1.307,1.0,0.0,-0.0,0.0,8,
1624,0,38.49,111.6,0.98,1.0,0.0,-0.011,0.038,8,20.0
1624,1,60.13,20.49,2.793,1.0,0.0,0.0,0.0,8,12.5
1624,2,121.66,108.81,-1.675,0.996,0.0,-0.123,1.494,0,
1624,3,115.99,60.45,-1.307,1.0,0.0,-0.0,0.0,2,
1625,0,38.47,111.63,0.978,1.0,0.0,-0.011,0.038,1,20.0
1625,1,60.13,20.49,2.793,1.0,0.0,0.0,0.0,8,12.5
1625,2,121.61,107.9,-1.692,0.997,0.0,-0.109,0.911,1,
1625,3,115.99,60.45,-1.307,1.0,0.0,-0.0,0.0,8,
1626,0,38.44,111.66,0.976,1.0,0.0,-0.011,0.038,2,20.0
1626,1,60.13,20.49,2.793,1.0,0.0,0.0,0.0,8,12.5
1626,2,121.62,107.89,-1.708,0.998,0.0,-0.098,0.008,1,
1626,3,115.99,60.45,-1.307,1.0,0.0,-0.0,0.0,8,
1627,0,38.42,111.69,0.975,1.0,0.0,-0.011,0.039,1,20.0
1627,1,60.13,20.49,2.793,1.0,0.0,0.0,0.0,8,12.5
1627,2,121.63,107.89,-1.72,0.999,0.0,-0.077,0.007,1,
1627,3,115.99,60.45,-1.307,1.0,0.0,-0.0,0.0,1,
1628,0,38.4,111.72,0.973,1.0,0.0,-0.012,0.039,1,20.0
1628,1,60.13,20.49,2.793,1.0,0.0,0.0,0.0,8,12.5
1628,2,121.63,107.89,-1.73,0.999,0.0,-0.061,0.005,8,
1628,3,115.99,60.45,-1.307,1.0,0.0,-0.0,0.0,1,
1629,0,38.37,111.75,0.971,1.0,0.0,-0.012,0.039,8,20.0
1629,1,60.13,20.49,2.793,1.0,0.0,0.0,0.0,8,12.5
1629,2,121.64,107.89,-1.737,0.999,0.0,-0.048,0.004,8,
1629,3,115.99,60.45,-1.307,1.0,0.0,-0.0,0.0,8,
1630,0,38.35,111.78,0.969,1.0,0.0,-0.012,0.039,1,19.9
1630,1,60.13,20.49,2.793,1.0,0.0,0.0,0.0,8,12.5
1630,2,121.64,107.89,-1.743,1.0,0.0,-0.037,0.003,1,
1630,3,115.99,60.45,-1.307,1.0,0.0,-0.0,0.0,8,
1631,0,38.33,111.81,0.967,1.0,0.0,-0.012,0.039,1,19.9
1631,1,60.13,20.49,2.793,1.0,0.0,0.0,0.0,8,12.5
1631,2,121.64,107.89,-1.748,1.0,0.0,-0.029,0.002,8,
1631,3,115.99,60.45,-1.307,1.0,0.0,-0.0,0.0,1,
1632,0,38.3,111.85,0.965,1.0,0.0,-0.012,0.039,8,19.9
1632,1,60.13,20.49,2.793,1.0,0.0,0.0,0.0,8,12.5
1632,2,121.64,107.89,-1.751,1.0,0.0,-0.023,0.002,1,
1632,3,115.99,60.45,-1.307,1.0,0.0,-0.0,0.0,8,
1633,0,38.28,111.88,0.964,1.0,0.0,-0.012,0.039,2,19.9
1633,1,60.13,20.49,2.793,1.0,0.0,0.0,0.0,8,12.5
1633,2,121.64,107.89,-1.754,1.0,0.0,-0.018,0.002,2,
1633,3,115.99,60.45,-1.307,1.0,0.0,-0.0,0.0,1,
1634,0,38.26,111.91,0.962,1.0,0.0,-0.012,0.04,1,19.9
1634,1,60.13,20.49,2.793,1.0,0.0,0.0,0.0,8,12.5
1634,2,121.65,107.89,-1.756,1.0,0.0,-0.014,0.001,8,
1634,3,115.99,60.45,-1.307,1.0,0.0,-0.0,0.0,8,
1635,0,38.23,111.94,0.96,1.0,0.0,-0.012,0.04,8,19.9
1635,1,60.13,20.49,2.793,1.0,0.0,0.0,0.0,8,12.5
1635,2,121.65,107.89,-1.758,1.0,0.0,-0.011,0.001,1,
1635,3,115.99,60.45,-1.307,1.0,0.0,-0.0,0.0,1,
1636,0,38.21,111.98,0.958,1.0,0.0,-0.012,0.04,8,19.9
1636,1,60.13,20.49,2.793,1.0,0.0,0.0,0.0,8,12.5
1636,2,121.65,107.89,-1.759,1.0,0.0,-0.009,0.001,1,
1636,3,115.99,60.45,-1.307,1.0,0.0,-0.0,0.0,8,
1637,0,38.19,112.01,0.956,1.0,0.0,-0.012,0.04,2,19.9
1637,1,60.13,20.49,2.793,1.0,0.0,0.0,0.0,8,12.5
1637,2,121.65,107.89,-1.761,1.0,0.0,-0.007,0.001,1,
1637,3,115.99,60.45,-1.307,1.0,0.0,-0.0,0.0,1,
1638,0,38.16,112.04,0.954,1.0,0.0,-0.012,0.04,1,19.8
1638,1,60.13,20.49,2.793,1.0,0.0,0.0,0.0,8,12.5
1638,2,121.65,107.89,-1.761,1.0,0.0,-0.005,0.0,1,
1638,3,115.99,60.45,-1.307,1.0,0.0,-0.0,0.0,8,
1639,0,38.14,112.07,0.952,1.0,0.0,-0.012,0.04,8,19.8
1639,1,60.13,20.49,2.793,1.0,0.0,0.0,0.0,8,12.5
1639,2,121.65,107.89,-1.762,1.0,0.0,-0.004,0.0,8,
1639,3,115.99,60.45,-1.307,1.0,0.0,-0.0,0.0,1,
1640,0,38.12,112.11,0.95,1.0,0.0,-0.012,0.041,1,19.8
1640,1,60.13,20.49,2.793,1.0,0.0,0.0,0.0,8,12.5
1640,2,121.65,107.89,-1.745,0.498,0.0,1.0,0.0,8,
1640,3,115.99,60.45,-1.29,0.0,0.0,1.0,0.0,0,
1641,0,38.09,112.14,0.949,1.0,0.0,-0.012,0.041,1,19.8
1641,1,60.13,20.49,2.793,1.0,0.0,0.0,0.0,8,12.5
1641,2,121.65,107.89,-1.711,0.513,0.0,1.0,0.002,1,
1641,3,115.99,60.45,-1.255,0.0,0.0,1.0,0.0,0,
1642,0,38.07,112.17,0.947,1.0,0.0,-0.012,0.041,1,19.8
1642,1,60.13,20.49,2.793,1.0,0.0,0.0,0.0,8,12.5
1642,2,121.66,107.89,-1.659,0.542,0.0,1.0,0.007,8,
1642,3,115.99,60.45,-1.202,0.0,0.0,1.0,0.0,0,
1643,0,38.05,112.21,0.945,1.0,0.0,-0.012,0.041,1,19.8
1643,1,60.13,20.49,2.793,1.0,0.0,0.0,0.0,8,12.5
1643,2,121.67,107.88,-1.59,0.585,0.0,1.0,0.013,8,
1643,3,115.99,60.45,-1.132,0.0,0.0,1.0,0.0,0,
1644,0,38.02,112.24,0.943,1.0,0.0,-0.012,0.041,1,19.8
1644,1,60.13,20.49,2.793,1.0,0.0,0.0,0.0,8,12.5
1644,2,121.69,107.88,-1.503,0.64,0.0,1.0,0.021,1,
1644,3,115.99,60.45,-1.045,0.0,0.0,1.0,0.0,0,
1645,0,38.0,112.28,0.941,1.0,0.0,-0.012,0.041,2,19.8
1645,1,60.13,20.49,2.793,1.0,0.0,0.0,0.0,8,12.5
1645,2,121.72,107.87,-1.399,0.705,0.0,1.0,0.032,1,
1645,3,115.99,60.45,-0.94,0.0,0.0,1.0,0.0,0,
1646,0,37.98,112.31,0.939,1.0,0.0,-0.012,0.041,1,19.7
1646,1,60.13,20.49,2.793,1.0,0.0,0.0,0.0,8,12.5
1646,2,121.77,107.87,-1.277,0.776,0.0,0.975,0.044,1,
1646,3,115.99,60.45,-0.817,0.0,0.0,1.0,0.0,0,
1647,0,37.95,112.35,0.937,1.0,0.0,-0.012,0.042,1,19.7
1647,1,60.13,20.49,2.793,1.0,0.0,0.0,0.0,8,12.5
1647,2,121.82,107.85,-1.151,0.848,0.0,0.798,0.058,8,
1647,3,115.99,60.45,-0.677,0.0,0.0,1.0,0.0,0,
1648,0,37.93,112.38,0.935,1.0,0.0,-0.012,0.042,8,19.7
1648,1,60.13,20.49,2.793,1.0,0.0,0.0,0.0,8,12.5
1648,2,121.89,107.84,-1.044,0.909,0.0,0.615,0.071,1,
1648,3,115.99,60.45,-0.52,0.0,0.0,1.0,0.0,0,
1649,0,37.91,112.42,0.933,1.0,0.0,-0.013,0.042,2,19.7
1649,1,60.13,20.49,2.793,1.0,0.0,0.0,0.0,8,12.5
1649,2,121.97,107.82,-0.953,0.949,0.0,0.456,0.082,8,
1649,3,115.99,60.45,-0.363,0.0,0.0,1.0,0.0,0,
1650,0,37.89,112.45,0.931,1.0,0.0,-0.013,0.042,1,19.7
1650,1,60.13,20.49,2.793,1.0,0.0,0.0,0.0,8,12.5
1650,2,122.06,107.8,-0.88,0.975,0.0,0.321,0.09,1,
1650,3,115.99,60.45,-0.206,0.0,0.0,1.0,0.0,0,
1651,0,37.86,112.49,0.929,1.0,0.0,-0.013,0.042,8,19.7
1651,1,60.13,20.49,2.793,1.0,0.0,0.0,0.0,8,12.5
1651,2,122.15,107.78,-0.825,0.989,0.0,0.211,0.096,1,
1651,3,115.99,60.45,-0.049,0.0,0.0,1.0,0.0,0,
1652,0,37.84,112.52,0.927,1.0,0.0,-0.013,0.042,1,19.7
1652,1,60.13,20.49,2.793,1.0,0.0,0.0,0.0,8,12.5
1652,2,122.15,107.78,-0.787,0.0,0.0,-1.0,0.0,0,
1652,3,115.99,60.45,0.108,0.0,0.0,1.0,0.0,0,
1653,0,37.82,112.56,0.925,1.0,0.0,-0.013,0.043,1,19.6
1653,1,60.13,20.49,2.793,1.0,0.0,0.0,0.0,8,12.5
1653,2,122.15,107.78,-0.767,0.0,0.0,-1.0,0.0,0,
1653,3,116.1,60.48,0.265,0.098,0.0,1.0,0.119,1,
1654,0,37.79,112.59,0.923,1.0,0.0,-0.013,0.043,1,19.6
1654,1,60.13,20.49,2.793,1.0,0.0,0.0,0.0,8,12.5
1654,2,122.15,107.78,-0.764,0.0,0.0,-1.0,0.0,0,
1654,3,116.22,60.51,0.422,0.248,0.0,1.0,0.12,0,
1655,0,37.77,112.63,0.921,1.0,0.0,-0.013,0.043,1,19.6
1655,1,60.13,20.49,2.793,1.0,0.0,0.0,0.0,8,12.5
1655,2,122.15,107.78,-0.779,0.0,0.0,-1.0,0.0,0,
1655,3,116.44,60.61,0.579,0.393,0.0,1.0,0.24,0,
1656,0,37.75,112.67,0.919,1.0,0.0,-0.013,0.043,1,19.6
1656,1,60.13,20.49,2.793,1.0,0.0,0.0,0.0,8,12.5
1656,2,122.15,107.78,-0.811,0.0,0.0,-1.0,0.0,0,
1656,3,116.74,60.8,0.737,0.523,0.0,1.0,0.36,0,
1657,0,37.73,112.7,0.917,1.0,0.0,-0.013,0.043,8,19.6
1657,1,60.13,20.49,2.793,1.0,0.0,0.0,0.0,8,12.5
1657,2,122.15,107.78,-0.861,0.0,0.0,-1.0,0.0,0,
1657,3,117.09,61.13,0.894,0.636,0.0,1.0,0.48,0,
1658,0,37.7,112.74,0.915,1.0,0.0,-0.013,0.043,1,19.6
1658,1,60.13,20.49,2.793,1.0,0.0,0.0,0.0,8,12.5
1658,2,122.15,107.78,-0.928,0.0,0.0,-1.0,0.0,0,
1658,3,117.47,61.59,1.051,0.732,0.0,1.0,0.6,0,
1659,0,37.68,112.78,0.913,1.0,0.0,-0.013,0.044,1,19.5
1659,1,60.13,20.49,2.793,1.0,0.0,0.0,0.0,8,12.5
1659,2,122.15,107.78,-1.013,0.0,0.0,-1.0,0.0,0,
1659,3,117.83,62.22,1.192,0.809,0.0,0.897,0.72,0,
1660,0,37.66,112.82,0.911,1.0,0.0,-0.013,0.044,2,19.5
1660,1,60.13,20.49,2.793,1.0,0.0,0.0,0.0,8,12.5
1660,2,122.15,107.78,-1.115,0.0,0.0,-1.0,0.0,0,
1660,3,118.14,63.0,1.315,0.863,0.0,0.757,0.84,0,
1661,0,37.64,112.85,0.909,1.0,0.0,-0.013,0.044,8,19.5
1661,1,60.13,20.49,2.793,1.0,0.0,0.0,0.0,8,12.5
1661,2,122.15,107.78,-1.235,0.0,0.0,-1.0,0.0,0,
1661,3,118.38,63.93,1.421,0.897,0.0,0.654,0.96,0,
1662,0,37.61,112.89,0.907,1.0,0.0,-0.013,0.044,8,19.5
1662,1,60.13,20.49,2.793,1.0,0.0,0.0,0.0,8,12.5
1662,2,122.15,107.78,-1.372,0.0,0.0,-1.0,0.0,0,
1662,3,118.54,65.0,1.513,0.918,0.0,0.584,1.08,0,
1663,0,37.59,112.93,0.905,1.0,0.0,-0.013,0.044,8,19.5
1663,1,60.13,20.49,2.793,1.0,0.0,0.0,0.0,8,12.5
1663,2,122.2,107.77,-1.526,0.127,0.0,-1.0,0.051,8,
1663,3,118.61,66.19,1.598,0.929,0.0,0.541,1.2,0,
1664,0,37.57,112.97,0.903,1.0,0.0,-0.013,0.044,2,19.5
1664,1,60.13,20.49,2.793,1.0,0.0,0.0,0.0,8,12.5
1664,2,122.23,107.76,-1.683,0.277,0.0,-1.0,0.034,1,
1664,3,118.58,67.51,1.678,0.937,0.0,0.51,1.32,0,
1665,0,37.55,113.01,0.9,1.0,0.0,-0.013,0.045,8,19.5
1665,1,60.13,20.49,2.793,1.0,0.0,0.0,0.0,8,12.5
1665,2,122.25,107.76,-1.841,0.422,0.0,-1.0,0.016,1,
1665,3,118.43,68.92,1.754,0.943,0.0,0.485,1.414,0,
1666,0,37.52,113.04,0.898,1.0,0.0,-0.013,0.045,1,19.4
1666,1,60.13,20.49,2.793,1.0,0.0,0.0,0.0,8,12.5
1666,2,122.25,107.76,-1.998,0.558,0.0,-1.0,0.003,8,
1666,3,118.17,70.32,1.826,0.949,0.0,0.46,1.423,0,
1667,0,37.5,113.08,0.896,1.0,0.0,-0.013,0.045,1,19.4
1667,1,60.13,20.49,2.793,1.0,0.0,0.0,0.0,8,12.5
1667,2,122.22,107.76,-2.155,0.681,0.0,-1.0,0.022,1,
1667,3,117.8,71.71,1.893,0.956,0.0,0.427,1.434,0,
1668,0,37.48,113.12,0.894,1.0,0.0,-0.014,0.045,8,19.4
1668,1,60.13,20.49,2.793,1.0,0.0,0.0,0.0,8,12.5
1668,2,122.18,107.77,-2.303,0.788,0.0,-0.947,0.041,1,
1668,3,117.35,73.08,1.954,0.964,0.0,0.387,1.445,0,
1669,0,37.46,113.16,0.892,1.0,0.0,-0.014,0.045,1,19.4
1669,1,60.13,20.49,2.793,1.0,0.0,0.0,0.0,8,12.5
1669,2,122.13,107.78,-2.435,0.871,0.0,-0.732,0.058,1,
1669,3,116.8,74.43,2.007,0.972,0.0,0.341,1.457,0,
1670,0,37.44,113.2,0.89,1.0,0.0,-0.014,0.045,1,19.4
1670,1,60.13,20.49,2.793,1.0,0.0,0.0,0.0,8,12.5
1670,2,122.06,107.8,-2.549,0.929,0.0,-0.541,0.071,1,
1670,3,116.18,75.76,2.053,0.979,0.0,0.291,1.469,0,
1671,0,37.41,113.24,0.888,1.0,0.0,-0.014,0.046,1,19.4
1671,1,60.13,20.49,2.793,1.0,0.0,0.0,0.0,8,12.5
1671,2,121.98,107.82,-2.645,0.966,0.0,-0.374,0.082,8,
1671,3,115.49,77.07,2.091,0.986,0.0,0.238,1.479,0,
1672,0,37.39,113.28,0.886,1.0,0.0,-0.014,0.046,1,19.3
1672,1,60.13,20.49,2.793,1.0,0.0,0.0,0.0,8,12.5
1672,2,121.89,107.84,-2.724,0.987,0.0,-0.232,0.091,1,
1672,3,114.76,78.36,2.119,0.992,0.0,0.184,1.488,0,
1673,0,37.37,113.32,0.883,1.0,0.0,-0.014,0.046,1,19.3
1673,1,60.13,20.49,2.793,1.0,0.0,0.0,0.0,8,12.5
1673,2,121.79,107.86,-2.785,0.997,0.0,-0.114,0.097,8,
1673,3,113.98,79.64,2.14,0.996,0.0,0.128,1.494,0,
1674,0,37.35,113.36,0.881,1.0,0.0,-0.014,0.046,1,19.3
1674,1,60.13,20.49,2.793,1.0,0.0,0.0,0.0,8,12.5
1674,2,121.69,107.88,-2.829,1.0,0.0,-0.021,0.102,8,
1674,3,113.17,80.9,2.151,0.999,0.0,0.071,1.498,0,
1675,0,37.33,113.4,0.879,1.0,0.0,-0.014,0.046,1,19.3
1675,1,60.13,20.49,2.793,1.0,0.0,0.0,0.0,8,12.5
1675,2,121.59,107.9,-2.855,0.999,0.0,0.048,0.105,1,
1675,3,112.35,82.15,2.153,1.0,0.0,0.015,1.5,0,
1676,0,37.3,113.44,0.877,1.0,0.0,-0.014,0.046,1,19.3
1676,1,60.13,20.49,2.793,1.0,0.0,0.0,0.0,8,12.5
1676,2,121.49,107.92,-2.864,0.998,0.0,0.092,0.107,8,
1676,3,111.52,83.4,2.147,1.0,0.0,-0.041,1.499,0,
1677,0,37.28,113.49,0.875,1.0,0.0,-0.014,0.047,1,19.3
1677,1,60.13,20.49,2.793,1.0,0.0,0.0,0.0,8,12.5
1677,2,121.38,107.94,-2.855,0.997,0.0,0.111,0.108,1,
1677,3,110.71,84.66,2.131,0.998,0.0,-0.097,1.497,0,
1678,0,37.26,113.53,0.872,1.0,0.0,-0.014,0.047,8,19.2
1678,1,60.13,20.49,2.793,1.0,0.0,0.0,0.0,8,12.5
1678,2,121.27,107.96,-2.839,0.997,0.0,0.106,0.108,8,
1678,3,109.92,85.92,2.107,0.994,0.0,-0.152,1.491,0,
1679,0,37.24,113.57,0.87,1.0,0.0,-0.014,0.047,8,19.2
1679,1,60.13,20.49,2.793,1.0,0.0,0.0,0.0,8,12.5
1679,2,121.17,107.97,-2.825,0.998,0.0,0.089,0.108,1,
1679,3,109.16,87.2,2.075,0.99,0.0,-0.207,1.484,0,
1680,0,37.22,113.61,0.868,1.0,0.0,-0.014,0.047,1,19.2
1680,1,60.13,20.49,2.776,0.256,0.0,-1.0,0.0,8,30.3
1680,2,121.06,107.99,-2.813,0.999,0.0,0.075,0.107,1,
1680,3,108.44,88.49,2.034,0.983,0.0,-0.26,1.475,0,
1681,0,37.2,113.65,0.866,1.0,0.0,-0.014,0.047,8,19.2
1681,1,60.13,20.49,2.741,0.272,0.0,-1.0,0.002,1,30.3
1681,2,120.95,108.0,-2.802,0.999,0.0,0.065,0.107,1,
1681,3,107.79,89.8,1.985,0.976,0.0,-0.312,1.464,0,
1682,0,37.18,113.7,0.863,1.0,0.0,-0.014,0.047,8,19.2
1682,1,60.13,20.5,2.688,0.306,0.0,-1.0,0.006,8,30.3
1682,2,120.85,108.02,-2.793,0.999,0.0,0.057,0.107,1,
1682,3,107.21,91.13,1.928,0.968,0.0,-0.361,1.452,0,
1683,0,37.16,113.74,0.861,1.0,0.0,-0.014,0.048,1,19.1
1683,1,60.14,20.51,2.618,0.356,0.0,-1.0,0.013,1,30.2
1683,2,120.74,108.03,-2.785,0.999,0.0,0.051,0.107,2,
1683,3,106.7,92.48,1.865,0.96,0.0,-0.406,1.44,0,
1684,0,37.14,113.78,0.859,1.0,0.0,-0.014,0.048,1,19.1
1684,1,60.14,20.53,2.531,0.421,0.0,-1.0,0.021,8,30.2
1684,2,120.64,108.04,-2.778,0.999,0.0,0.047,0.107,1,
1684,3,106.29,93.85,1.794,0.952,0.0,-0.446,1.427,0,
1685,0,37.11,113.82,0.857,1.0,0.0,-0.014,0.048,1,19.1
1685,1,60.15,20.56,2.426,0.5,0.0,-1.0,0.032,8,30.2
1685,2,120.53,108.06,-2.771,1.0,0.0,0.043,0.107,2,
1685,3,105.97,95.23,1.719,0.944,0.0,-0.48,1.416,0,
1686,0,37.09,113.87,0.854,1.0,0.0,-0.015,0.048,1,19.1
1686,1,60.17,20.6,2.303,0.589,0.0,-1.0,0.044,1,30.2
1686,2,120.42,108.07,-2.765,1.0,0.0,0.04,0.107,8,
1686,3,105.77,96.62,1.639,0.938,0.0,-0.507,1.407,0,
1687,0,37.07,113.91,0.852,1.0,0.0,-0.015,0.048,8,19.1
1687,1,60.19,20.66,2.163,0.686,0.0,-1.0,0.058,1,30.1
1687,2,120.32,108.08,-2.759,1.0,0.0,0.038,0.107,1,
1687,3,105.67,98.01,1.557,0.933,0.0,-0.525,1.4,0,
1688,0,37.05,113.95,0.85,1.0,0.0,-0.015,0.048,1,19.1
1688,1,60.21,20.73,2.013,0.783,0.0,-0.96,0.073,8,30.1
1688,2,120.21,108.08,-2.753,1.0,0.0,0.037,0.108,8,
1688,3,105.69,99.41,1.473,0.931,0.0,-0.534,1.396,0,
1689,0,37.03,114.0,0.848,1.0,0.0,-0.015,0.049,1,19.0
1689,1,60.24,20.81,1.879,0.869,0.0,-0.738,0.087,1,30.0
1689,2,120.1,108.09,-2.748,1.0,0.0,0.035,0.108,1,
1689,3,105.83,100.8,1.389,0.931,0.0,-0.535,1.396,0,
1690,0,37.01,114.04,0.845,1.0,0.0,-0.015,0.049,1,19.0
1690,1,60.27,20.9,1.764,0.929,0.0,-0.54,0.098,1,29.9
1690,2,119.99,108.1,-2.742,1.0,0.0,0.035,0.108,8,
1690,3,106.08,102.18,1.306,0.933,0.0,-0.527,1.399,0,
1691,0,36.99,114.09,0.843,1.0,0.0,-0.015,0.049,2,19.0
1691,1,60.3,21.0,1.665,0.967,0.0,-0.367,0.105,8,29.9
1691,2,120.27,108.24,-2.737,1.0,0.0,0.034,0.305,2,
1691,3,106.07,103.4,1.226,0.937,0.0,-0.508,1.227,1,
1692,0,36.97,114.13,0.841,1.0,0.0,-0.015,0.049,8,19.0
1692,1,60.33,21.11,1.585,0.988,0.0,-0.217,0.111,8,29.8
1692,2,120.25,108.22,-2.734,1.0,0.0,0.016,0.025,1,
1692,3,106.02,103.49,1.157,0.953,0.0,-0.442,0.097,1,
1693,0,36.95,114.18,0.838,1.0,0.0,-0.015,0.049,8,19.0
1693,1,60.37,21.22,1.522,0.998,0.0,-0.092,0.115,1,29.7
1693,2,120.23,108.2,-2.732,1.0,0.0,0.013,0.023,1,
1693,3,105.97,103.56,1.102,0.97,0.0,-0.349,0.092,1,
1694,0,36.93,114.22,0.836,1.0,0.0,-0.015,0.049,1,18.9
1694,1,60.4,21.33,1.476,1.0,0.0,0.008,0.117,1,29.6
1694,2,120.22,108.19,-2.731,1.0,0.0,0.01,0.021,1,
1694,3,105.93,103.64,1.059,0.981,0.0,-0.276,0.087,1,
1695,0,36.91,114.27,0.833,1.0,0.0,-0.015,0.05,8,18.9
1695,1,60.43,21.44,1.448,0.998,0.0,0.083,0.118,1,29.5
1695,2,120.21,108.17,-2.73,1.0,0.0,0.008,0.021,1,
1695,3,105.89,103.71,1.024,0.988,0.0,-0.22,0.084,1,
1696,0,36.89,114.31,0.831,1.0,0.0,-0.015,0.05,1,18.9
1696,1,60.46,21.56,1.437,0.996,0.0,0.133,0.119,1,29.4
1696,2,120.2,108.15,-2.729,1.0,0.0,0.006,0.02,1,
1696,3,105.85,103.79,0.997,0.992,0.0,-0.175,0.081,1,
1697,0,36.87,114.36,0.829,1.0,0.0,-0.015,0.05,8,18.9
1697,1,60.49,21.67,1.444,0.994,0.0,0.159,0.119,1,29.3
1697,2,120.19,108.13,-2.728,1.0,0.0,0.004,0.02,1,
1697,3,105.81,103.86,0.974,0.995,0.0,-0.141,0.079,1,
1698,0,36.85,114.41,0.826,1.0,0.0,-0.015,0.05,8,18.9
1698,1,60.52,21.79,1.468,0.994,0.0,0.159,0.119,1,29.2
1698,2,120.18,108.12,-2.728,1.0,0.0,0.003,0.013,2,
1698,3,105.78,103.93,0.956,0.997,0.0,-0.114,0.077,1,
1699,0,36.83,114.45,0.824,1.0,0.0,-0.015,0.05,8,18.8
1699,1,60.55,21.91,1.489,0.996,0.0,0.134,0.119,1,29.1
1699,2,120.17,108.12,-2.727,1.0,0.0,0.002,0.01,2,
1699,3,105.75,104.0,0.942,0.998,0.0,-0.093,0.076,1,
1700,0,36.81,114.5,0.822,1.0,0.0,-0.015,0.051,1,18.8
1700,1,60.58,22.02,1.507,0.997,0.0,0.114,0.119,1,29.0
1700,2,120.16,108.12,-2.727,1.0,0.0,0.003,0.009,2,
1700,3,105.72,104.07,0.93,0.999,0.0,-0.077,0.075,1,
1701,0,36.79,114.55,0.819,1.0,0.0,-0.015,0.051,1,18.8
1701,1,60.6,22.14,1.522,0.998,0.0,0.098,0.119,1,28.9
1701,2,120.15,108.12,-2.726,1.0,0.0,0.003,0.009,2,
1701,3,105.69,104.13,0.92,0.999,0.0,-0.064,0.074,1,
1702,0,36.78,114.59,0.817,1.0,0.0,-0.015,0.051,1,18.8
1702,1,60.62,22.25,1.536,0.998,0.0,0.086,0.119,8,28.9
1702,2,120.14,108.12,-2.726,1.0,0.0,0.003,0.009,2,
1702,3,105.67,104.2,0.911,0.999,0.0,-0.054,0.074,1,
1703,0,36.76,114.64,0.814,1.0,0.0,-0.016,0.051,1,18.7
1703,1,60.65,22.37,1.548,0.999,0.0,0.077,0.119,1,28.8
1703,2,120.14,108.12,-2.726,1.0,0.0,0.002,0.008,2,
1703,3,105.64,104.27,0.904,0.999,0.0,-0.046,0.073,1,
1704,0,36.74,114.69,0.812,1.0,0.0,-0.016,0.051,8,18.7
1704,1,60.67,22.49,1.559,0.999,0.0,0.069,0.118,1,28.7
1704,2,120.13,108.12,-2.725,1.0,0.0,0.002,0.008,2,
1704,3,105.61,104.34,0.898,1.0,0.0,-0.04,0.073,1,
1705,0,36.72,114.74,0.809,1.0,0.0,-0.016,0.051,1,18.7
1705,1,60.69,22.6,1.569,0.999,0.0,0.063,0.118,1,28.6
1705,2,120.12,108.12,-2.725,1.0,0.0,0.002,0.008,2,
1705,3,105.59,104.41,0.892,1.0,0.0,-0.035,0.073,1,
1706,0,36.7,114.78,0.807,1.0,0.0,-0.016,0.052,1,18.7
1706,1,60.71,22.72,1.578,0.999,0.0,0.059,0.118,1,28.5
1706,2,120.11,108.12,-2.725,1.0,0.0,0.002,0.008,3,
1706,3,105.56,104.48,0.887,1.0,0.0,-0.032,0.073,1,
1707,0,36.68,114.83,0.804,1.0,0.0,-0.016,0.052,1,18.7
1707,1,60.73,22.84,1.587,0.999,0.0,0.055,0.118,1,28.4
1707,2,120.1,108.12,-2.724,1.0,0.0,0.002,0.008,2,
1707,3,105.54,104.54,0.883,1.0,0.0,-0.029,0.073,1,
1708,0,36.66,114.88,0.802,1.0,0.0,-0.016,0.052,8,18.6
1708,1,60.75,22.95,1.595,0.999,0.0,0.052,0.118,1,28.3
1708,2,120.1,108.12,-2.724,1.0,0.0,0.002,0.008,3,
1708,3,105.51,104.61,0.878,1.0,0.0,-0.027,0.073,1,
1709,0,36.65,114.93,0.799,1.0,0.0,-0.016,0.052,1,18.6
1709,1,60.76,23.07,1.603,0.999,0.0,0.05,0.118,1,28.2
1709,2,120.09,108.12,-2.723,1.0,0.0,0.002,0.008,3,
1709,3,105.49,104.68,0.875,1.0,0.0,-0.025,0.073,1,
1710,0,36.63,114.98,0.797,1.0,0.0,-0.016,0.052,2,18.6
1710,1,60.78,23.19,1.61,0.999,0.0,0.048,0.119,1,28.1
1710,2,120.08,108.12,-2.723,1.0,0.0,0.002,0.008,3,
1710,3,105.47,104.75,0.871,1.0,0.0,-0.024,0.073,1,
1711,0,36.61,115.03,0.794,1.0,0.0,-0.016,0.053,1,18.6
1711,1,60.79,23.31,1.617,0.999,0.0,0.047,0.119,2,28.0
1711,2,120.07,108.12,-2.723,1.0,0.0,0.002,0.008,2,
1711,3,105.44,104.82,0.867,1.0,0.0,-0.023,0.073,1,
1712,0,36.59,115.08,0.792,1.0,0.0,-0.016,0.053,1,18.6
1712,1,60.81,23.42,1.625,0.999,0.0,0.046,0.119,8,27.9
1712,2,120.07,108.12,-2.722,1.0,0.0,0.002,0.007,2,
1712,3,105.42,104.89,0.864,1.0,0.0,-0.022,0.073,1,
1713,0,36.57,115.13,0.789,1.0,0.0,-0.016,0.053,1,18.5
1713,1,60.82,23.54,1.632,1.0,0.0,0.045,0.119,1,27.8
1713,2,120.06,108.12,-2.722,1.0,0.0,0.002,0.007,2,
1713,3,105.4,104.96,0.861,1.0,0.0,-0.021,0.073,1,
1714,0,36.56,115.18,0.787,1.0,0.0,-0.016,0.053,8,18.5
1714,1,60.83,23.66,1.639,1.0,0.0,0.044,0.119,1,27.7
1714,2,120.05,108.12,-2.722,1.0,0.0,0.002,0.007,3,
1714,3,105.37,105.03,0.857,1.0,0.0,-0.021,0.073,1,
1715,0,36.54,115.23,0.784,1.0,0.0,-0.016,0.053,1,18.5
1715,1,60.84,23.78,1.645,1.0,0.0,0.043,0.119,1,27.6
1715,2,120.04,108.12,-2.721,1.0,0.0,0.002,0.007,3,
1715,3,105.35,105.1,0.854,1.0,0.0,-0.02,0.073,1,
1716,0,36.52,115.28,0.782,1.0,0.0,-0.016,0.053,1,18.5
1716,1,60.85,23.9,1.652,1.0,0.0,0.043,0.119,1,27.5
1716,2,120.04,108.12,-2.721,1.0,0.0,0.002,0.007,3,
1716,3,105.33,105.17,0.851,1.0,0.0,-0.02,0.074,1,
1717,0,36.51,115.33,0.779,1.0,0.0,-0.016,0.054,2,18.4
1717,1,60.86,24.02,1.659,1.0,0.0,0.042,0.119,1,27.4
1717,2,120.03,108.12,-2.721,1.0,0.0,0.002,0.007,3,
1717,3,105.31,105.24,0.848,1.0,0.0,-0.02,0.074,1,
1718,0,36.49,115.38,0.777,1.0,0.0,-0.016,0.054,8,18.4
1718,1,60.86,24.13,1.665,1.0,0.0,0.042,0.119,8,27.3
1718,2,120.02,108.12,-2.72,1.0,0.0,0.002,0.007,2,
1718,3,105.29,105.31,0.845,1.0,0.0,-0.02,0.074,1,
1719,0,36.47,115.43,0.774,1.0,0.0,-0.017,0.054,1,18.4
1719,1,60.87,24.25,1.672,1.0,0.0,0.041,0.119,1,27.2
1719,2,120.01,108.12,-2.72,1.0,0.0,0.002,0.007,3,
1719,3,105.27,105.38,0.842,1.0,0.0,-0.02,0.074,1,
1720,0,36.46,115.48,0.771,1.0,0.0,-0.017,0.054,1,18.4
1720,1,60.87,24.37,1.678,1.0,0.0,0.041,0.119,8,27.1
1720,2,120.01,108.12,-2.737,0.0,0.0,-1.0,0.0,0,
1720,3,105.27,105.38,0.821,0.0,0.0,-1.0,0.0,0,
1721,0,36.44,115.54,0.769,1.0,0.0,-0.017,0.054,8,18.3
1721,1,60.88,24.49,1.684,1.0,0.0,0.04,0.119,1,27.0
1721,2,120.01,108.12,-2.772,0.0,0.0,-1.0,0.0,0,
1721,3,105.27,105.38,0.783,0.0,0.0,-1.0,0.0,0,
1722,0,36.42,115.59,0.766,1.0,0.0,-0.017,0.055,8,18.3
1722,1,60.88,24.61,1.691,1.0,0.0,0.04,0.119,1,26.9
1722,2,120.01,108.12,-2.824,0.0,0.0,-1.0,0.0,0,
1722,3,105.27,105.38,0.727,0.0,0.0,-1.0,0.0,0,
1723,0,36.41,115.64,0.763,1.0,0.0,-0.017,0.055,1,18.3
1723,1,60.88,24.73,1.697,1.0,0.0,0.04,0.119,1,26.7
1723,2,120.01,108.12,-2.894,0.0,0.0,-1.0,0.0,0,
1723,3,105.27,105.38,0.654,0.0,0.0,-1.0,0.0,0,
1724,0,36.39,115.69,0.761,1.0,0.0,-0.017,0.055,1,18.3
1724,1,60.88,24.85,1.703,1.0,0.0,0.039,0.119,8,26.6
1724,2,120.01,108.12,-2.981,0.0,0.0,-1.0,0.0,0,
1724,3,105.27,105.38,0.564,0.0,0.0,-1.0,0.0,0,
1725,0,36.38,115.75,0.758,1.0,0.0,-0.017,0.055,8,18.2
1725,1,60.88,24.97,1.709,1.0,0.0,0.039,0.119,8,26.5
1725,2,120.01,108.12,-3.086,0.0,0.0,-1.0,0.0,0,
1725,3,105.27,105.38,0.455,0.0,0.0,-1.0,0.0,0,
1726,0,36.36,115.8,0.756,1.0,0.0,-0.017,0.055,1,18.2
1726,1,60.87,25.09,1.715,1.0,0.0,0.039,0.119,1,26.4
1726,2,120.01,108.12,3.075,0.006,0.0,-1.0,0.004,1,
1726,3,105.26,105.38,0.33,0.0,0.0,-1.0,0.004,1,
1727,0,36.35,115.85,0.753,1.0,0.0,-0.017,0.055,1,18.2
1727,1,60.87,25.21,1.721,1.0,0.0,0.038,0.119,1,26.3
1727,2,119.95,108.14,2.936,0.127,0.0,-1.0,0.065,1,
1727,3,105.21,105.37,0.187,0.0,0.0,-1.0,0.058,1,
1728,0,36.33,115.91,0.75,1.0,0.0,-0.017,0.056,1,18.2
1728,1,60.87,25.32,1.727,1.0,0.0,0.038,0.119,1,26.2
1728,2,119.88,108.18,2.779,0.259,0.0,-1.0,0.072,1,
1728,3,105.15,105.36,0.03,0.0,0.0,-1.0,0.055,1,
1729,0,36.32,115.96,0.747,1.0,0.0,-0.017,0.056,1,18.1
1729,1,60.86,25.44,1.733,1.0,0.0,0.038,0.119,1,26.1
1729,2,119.82,108.23,2.622,0.403,0.0,-1.0,0.081,1,
1729,3,105.1,105.35,-0.127,0.0,0.0,-1.0,0.051,1,
1730,0,36.3,116.02,0.745,1.0,0.0,-0.017,0.056,1,18.1
1730,1,60.85,25.56,1.739,1.0,0.0,0.037,0.119,1,26.0
1730,2,119.77,108.3,2.465,0.537,0.0,-1.0,0.088,1,
1730,3,105.07,105.34,-0.285,0.01,0.0,-1.0,0.038,1,
1731,0,36.29,116.07,0.742,1.0,0.0,-0.017,0.056,1,18.1
1731,1,60.84,25.68,1.745,1.0,0.0,0.037,0.119,1,25.9
1731,2,119.77,108.39,2.307,0.659,0.0,-1.0,0.094,1,
1731,3,105.09,105.28,-0.442,0.167,0.0,-1.0,0.059,1,
1732,0,36.27,116.12,0.739,1.0,0.0,-0.017,0.056,8,18.1
1732,1,60.83,25.8,1.751,1.0,0.0,0.037,0.12,8,25.8
1732,2,119.76,108.5,2.152,0.769,0.0,-0.991,0.106,1,
1732,3,105.12,105.22,-0.599,0.319,0.0,-1.0,0.076,1,
1733,0,36.26,116.18,0.737,1.0,0.0,-0.017,0.057,8,18.0
1733,1,60.82,25.92,1.756,1.0,0.0,0.036,0.12,1,25.7
1733,2,119.75,108.61,2.014,0.859,0.0,-0.769,0.115,1,
1733,3,105.16,105.13,-0.756,0.463,0.0,-1.0,0.091,1,
1734,0,36.25,116.23,0.734,1.0,0.0,-0.018,0.057,8,18.0
1734,1,60.81,26.04,1.762,1.0,0.0,0.036,0.12,8,25.6
1734,2,119.75,108.73,1.893,0.921,0.0,-0.572,0.12,1,
1734,3,105.21,105.04,-0.913,0.595,0.0,-1.0,0.103,1,
1735,0,36.23,116.29,0.731,1.0,0.0,-0.018,0.057,1,18.0
1735,1,60.8,26.16,1.768,1.0,0.0,0.035,0.12,1,25.5
1735,2,119.74,108.85,1.79,0.961,0.0,-0.4,0.122,1,
1735,3,105.26,104.94,-1.07,0.713,0.0,-1.0,0.112,1,
1736,0,36.22,116.35,0.728,1.0,0.0,-0.018,0.057,2,18.0
1736,1,60.79,26.28,1.773,1.0,0.0,0.035,0.12,1,25.3
1736,2,119.72,108.97,1.704,0.984,0.0,-0.253,0.121,1,
1736,3,105.3,104.83,-1.209,0.814,0.0,-0.886,0.118,1,
1737,0,36.21,116.4,0.725,1.0,0.0,-0.018,0.057,8,17.9
1737,1,60.77,26.4,1.779,1.0,0.0,0.035,0.12,1,25.2
1737,2,119.7,109.09,1.636,0.996,0.0,-0.132,0.12,0,
1737,3,105.35,104.72,-1.332,0.886,0.0,-0.688,0.12,0,
1738,0,36.19,116.46,0.723,1.0,0.0,-0.018,0.058,1,17.9
1738,1,60.75,26.51,1.784,1.0,0.0,0.034,0.12,8,25.1
1738,2,119.69,109.33,1.585,1.0,0.0,-0.036,0.24,0,
1738,3,105.4,104.48,-1.436,0.936,0.0,-0.515,0.24,0,
1739,0,36.18,116.51,0.72,1.0,0.0,-0.018,0.058,1,17.9
1739,1,60.74,26.63,1.789,1.0,0.0,0.034,0.12,8,25.0
1739,2,119.68,109.69,1.552,1.0,0.0,0.036,0.36,0,
1739,3,105.45,104.13,-1.523,0.967,0.0,-0.367,0.36,0,
1740,0,36.17,116.57,0.717,1.0,0.0,-0.018,0.058,1,17.9
1740,1,60.72,26.75,1.794,1.0,0.0,0.033,0.12,1,24.9
1740,2,119.69,110.17,1.536,0.998,0.0,0.085,0.48,0,
1740,3,105.47,103.65,-1.593,0.985,0.0,-0.244,0.48,0,
1741,0,36.16,116.63,0.714,1.0,0.0,-0.018,0.058,1,17.8
1741,1,60.7,26.87,1.8,1.0,0.0,0.033,0.12,1,24.8
1741,2,119.71,110.77,1.538,0.997,0.0,0.111,0.6,0,
1741,3,105.46,103.05,-1.645,0.995,0.0,-0.146,0.6,0,
1742,0,36.14,116.68,0.711,1.0,0.0,-0.018,0.058,1,17.8
1742,1,60.68,26.99,1.805,1.0,0.0,0.032,0.12,1,24.7
1742,2,119.73,111.21,1.557,0.0,0.0,1.0,0.44,0,
1742,3,105.41,102.33,-1.679,0.999,0.0,-0.073,0.72,0,
1743,0,36.13,116.74,0.709,1.0,0.0,-0.018,0.059,1,17.8
1743,1,60.66,27.11,1.81,1.0,0.0,0.032,0.12,1,24.6
1743,2,119.73,111.49,1.594,0.0,0.0,1.0,0.28,0,
1743,3,105.32,101.5,-1.697,1.0,0.0,-0.024,0.84,0,
1744,0,36.12,116.8,0.706,1.0,0.0,-0.018,0.059,1,17.7
1744,1,60.63,27.22,1.815,1.0,0.0,0.032,0.12,8,24.4
1744,2,119.73,111.61,1.648,0.0,0.0,1.0,0.12,0,
1744,3,105.2,100.54,-1.697,1.0,0.0,0.0,0.96,0,
1745,0,36.11,116.86,0.703,1.0,0.0,-0.018,0.059,8,17.7
1745,1,60.61,27.34,1.82,1.0,0.0,0.031,0.12,1,24.3
1745,2,119.73,111.61,1.72,0.0,0.0,1.0,0.0,0,
1745,3,105.06,99.47,-1.697,1.0,0.0,0.0,1.08,0,
1746,0,36.1,116.91,0.7,1.0,0.0,-0.018,0.059,1,17.7
1746,1,60.58,27.46,1.824,1.0,0.0,0.031,0.12,1,24.2
1746,2,119.73,111.61,1.809,0.0,0.0,1.0,0.0,0,
1746,3,104.91,98.28,-1.696,1.0,0.0,0.0,1.2,0,
1747,0,36.09,116.97,0.697,1.0,0.0,-0.018,0.059,1,17.7
1747,1,60.56,27.57,1.829,1.0,0.0,0.03,0.12,2,24.1
1747,2,119.73,111.61,1.916,0.0,0.0,1.0,0.0,0,
1747,3,104.74,96.97,-1.696,1.0,0.0,0.0,1.32,0,
1748,0,36.08,117.03,0.694,1.0,0.0,-0.019,0.06,1,17.6
1748,1,60.53,27.69,1.834,1.0,0.0,0.03,0.12,8,24.0
1748,2,119.73,111.61,2.04,0.0,0.0,1.0,0.0,0,
1748,3,104.56,95.54,-1.696,1.0,0.0,0.0,1.44,0,
1749,0,36.06,117.09,0.691,1.0,0.0,-0.019,0.06,1,17.6
1749,1,60.5,27.81,1.838,1.0,0.0,0.029,0.12,8,23.9
1749,2,119.73,111.61,2.182,0.0,0.0,1.0,0.0,0,
1749,3,104.38,94.05,-1.696,1.0,0.0,0.0,1.5,0,
1750,0,36.05,117.15,0.688,1.0,0.0,-0.019,0.06,8,17.6
1750,1,60.47,27.92,1.843,1.0,0.0,0.028,0.12,1,23.8
1750,2,119.7,111.65,2.339,0.035,0.0,1.0,0.052,0,
1750,3,104.19,92.57,-1.696,1.0,0.0,0.0,1.5,0,
1751,0,36.04,117.21,0.685,1.0,0.0,-0.019,0.06,1,17.5
1751,1,60.44,28.04,1.847,1.0,0.0,0.028,0.12,1,23.6
1751,2,119.58,111.78,2.496,0.188,0.0,1.0,0.172,0,
1751,3,104.0,91.08,-1.696,1.0,0.0,0.0,1.5,0,
1752,0,36.04,117.27,0.682,1.0,0.0,-0.019,0.06,8,17.5
1752,1,60.41,28.16,1.851,1.0,0.0,0.027,0.12,1,23.5
1752,2,119.34,111.95,2.653,0.33,0.0,1.0,0.292,0,
1752,3,103.81,89.59,-1.696,1.0,0.0,0.0,1.5,0,
1753,0,36.03,117.33,0.679,1.0,0.0,-0.019,0.061,8,17.5
1753,1,60.37,28.27,1.856,1.0,0.0,0.027,0.12,8,23.4
1753,2,118.98,112.15,2.81,0.459,0.0,1.0,0.412,0,
1753,3,103.62,88.1,-1.696,1.0,0.0,0.0,1.5,0,
1754,0,36.02,117.39,0.676,1.0,0.0,-0.019,0.061,1,17.5
1754,1,60.34,28.39,1.86,1.0,0.0,0.026,0.12,0,23.3
1754,2,118.48,112.32,2.968,0.573,0.0,1.0,0.532,0,
1754,3,103.44,86.61,-1.696,1.0,0.0,0.0,1.5,0,
1755,0,36.01,117.45,0.673,1.0,0.0,-0.019,0.061,8,17.4
1755,1,60.27,28.62,1.864,1.0,0.0,0.026,0.24,0,23.1
1755,2,117.83,112.43,3.125,0.672,0.0,1.0,0.652,0,
1755,3,103.25,85.13,-1.696,1.0,0.0,0.0,1.5,0,
1756,0,36.0,117.51,0.67,1.0,0.0,-0.019,0.061,1,17.4
1756,1,60.17,28.96,1.869,1.0,0.0,0.031,0.36,0,22.7
1756,2,117.06,112.45,-3.001,0.756,0.0,1.0,0.772,0,
1756,3,103.06,83.64,-1.696,1.0,0.0,0.0,1.5,0,
1757,0,35.99,117.57,0.667,1.0,0.0,-0.019,0.061,1,17.4
1757,1,60.03,29.42,1.875,1.0,0.0,0.04,0.48,0,22.3
1757,2,116.18,112.32,-2.862,0.826,0.0,0.856,0.892,0,
1757,3,102.87,82.15,-1.696,1.0,0.0,0.0,1.5,0,
1758,0,35.98,117.63,0.664,1.0,0.0,-0.019,0.061,1,17.3
1758,1,59.85,29.99,1.883,0.999,0.0,0.054,0.6,0,21.7
1758,2,115.21,112.04,-2.74,0.874,0.0,0.724,1.012,0,
1758,3,102.68,80.66,-1.696,1.0,0.0,0.0,1.5,0,
1759,0,35.97,117.69,0.661,1.0,0.0,-0.019,0.062,1,17.3
1759,1,59.63,30.68,1.894,0.999,0.0,0.07,0.72,0,21.0
1759,2,114.16,111.6,-2.635,0.907,0.0,0.622,1.132,0,
1759,3,102.5,79.17,-1.696,1.0,0.0,0.0,1.5,0,
1760,0,35.97,117.75,0.658,1.0,0.0,-0.019,0.062,1,17.3
1760,1,59.45,31.21,1.923,0.0,0.0,1.0,0.56,0,12.8
1760,2,113.31,111.13,-2.513,0.197,0.0,1.0,0.972,0,
1760,3,102.31,77.68,-1.696,1.0,0.0,0.0,1.5,0,
1761,0,35.96,117.81,0.655,1.0,0.0,-0.019,0.062,1,17.2
1761,1,59.31,31.58,1.969,0.0,0.0,1.0,0.4,0,12.9
1761,2,112.66,110.65,-2.374,0.26,0.0,1.0,0.812,0,
1761,3,102.12,76.2,-1.696,1.0,0.0,0.0,1.5,0,
1762,0,35.95,117.88,0.652,1.0,0.0,-0.02,0.062,1,17.2
1762,1,59.22,31.81,2.033,0.0,0.0,1.0,0.24,0,12.9
1762,2,112.19,110.2,-2.216,0.348,0.0,1.0,0.652,0,
1762,3,101.93,74.71,-1.696,1.0,0.0,0.0,1.5,0,
1763,0,35.95,117.94,0.649,1.0,0.0,-0.02,0.062,1,17.2
1763,1,59.18,31.88,2.114,0.0,0.0,1.0,0.08,0,12.9
1763,2,111.78,109.65,-2.059,0.457,0.0,1.0,0.685,0,
1763,3,101.74,73.22,-1.696,1.0,0.0,0.0,1.5,0,
1764,0,35.94,118.0,0.646,1.0,0.0,-0.02,0.063,8,17.1
1764,1,59.18,31.88,2.212,0.0,0.0,1.0,0.0,0,12.9
1764,2,111.4,108.94,-1.902,0.559,0.0,1.0,0.805,0,
1764,3,101.56,71.73,-1.696,1.0,0.0,0.0,1.5,0,
1765,0,35.93,118.06,0.643,1.0,0.0,-0.02,0.063,1,17.1
1765,1,59.13,31.95,2.328,0.059,0.0,1.0,0.088,0,12.9
1765,2,111.1,108.07,-1.745,0.649,0.0,1.0,0.925,0,
1765,3,101.37,70.24,-1.696,1.0,0.0,0.0,1.5,0,
1766,0,35.93,118.13,0.64,1.0,0.0,-0.02,0.063,8,17.1
1766,1,58.99,32.1,2.462,0.167,0.0,1.0,0.208,0,12.9
1766,2,110.92,107.04,-1.606,0.949,0.0,-0.457,1.045,0,
1766,3,101.18,68.76,-1.696,1.0,0.0,0.0,1.5,0,
1767,0,35.92,118.19,0.637,1.0,0.0,-0.02,0.063,1,17.1
1767,1,58.73,32.3,2.613,0.282,0.0,1.0,0.328,0,12.8
1767,2,110.87,105.87,-1.484,0.898,0.0,-0.65,1.165,0,
1767,3,100.99,67.27,-1.696,1.0,0.0,0.0,1.5,0,
1768,0,35.92,118.25,0.634,1.0,0.0,-0.02,0.063,1,17.0
1768,1,58.34,32.53,2.77,0.401,0.0,1.0,0.448,0,12.6
1768,2,110.79,104.83,-1.379,0.835,0.0,-0.832,1.043,8,
1768,3,100.8,65.78,-1.696,1.0,0.0,0.0,1.5,0,
1769,0,35.91,118.32,0.63,1.0,0.0,-0.02,0.064,1,17.0
1769,1,57.92,32.83,2.927,0.511,0.0,1.0,0.516,8,12.5
1769,2,110.75,104.79,-1.292,0.774,0.0,-0.98,0.063,1,
1769,3,100.62,64.29,-1.696,1.0,0.0,0.0,1.5,0,
1770,0,35.91,118.38,0.627,1.0,0.0,-0.02,0.064,1,17.0
1770,1,57.86,32.9,3.084,0.609,0.0,1.0,0.096,1,12.5
1770,2,110.71,104.75,-1.222,0.718,0.0,-1.0,0.055,8,
1770,3,100.43,62.8,-1.696,1.0,0.0,0.0,1.5,0,
1771,0,35.9,118.44,0.624,1.0,0.0,-0.02,0.064,8,16.9
1771,1,57.81,32.96,-3.042,0.72,0.0,1.0,0.084,1,12.5
1771,2,110.67,104.72,-1.17,0.671,0.0,-1.0,0.048,1,
1771,3,100.24,61.32,-1.696,1.0,0.0,0.0,1.5,0,
1772,0,35.9,118.51,0.621,1.0,0.0,-0.02,0.064,1,16.9
1772,1,57.76,33.02,-2.902,0.816,0.0,0.881,0.07,8,12.5
1772,2,110.64,104.69,-1.136,0.633,0.0,-1.0,0.042,8,
1772,3,100.05,59.83,-1.696,1.0,0.0,0.0,1.5,0,
1773,0,35.9,118.57,0.618,1.0,0.0,-0.02,0.064,1,16.9
1773,1,57.72,33.06,-2.78,0.886,0.0,0.69,0.056,1,12.5
1773,2,110.61,104.66,-1.119,0.608,0.0,-1.0,0.039,8,
1773,3,99.86,58.34,-1.696,1.0,0.0,0.0,1.5,0,
1774,0,35.89,118.64,0.614,1.0,0.0,-0.02,0.065,1,16.8
1774,1,57.69,33.09,-2.676,0.934,0.0,0.522,0.043,1,12.5
1774,2,110.59,104.64,-1.119,0.596,0.0,-1.0,0.037,8,
1774,3,99.68,56.85,-1.696,1.0,0.0,0.0,1.5,0,
1775,0,35.89,118.7,0.611,1.0,0.0,-0.021,0.065,1,16.8
1775,1,57.67,33.11,-2.589,0.965,0.0,0.377,0.032,1,12.5
1775,2,110.56,104.61,-1.137,0.598,0.0,-1.0,0.037,1,
1775,3,99.49,55.36,-1.696,1.0,0.0,0.0,1.5,0,
1776,0,35.89,118.77,0.608,1.0,0.0,-0.021,0.065,1,16.8
1776,1,57.66,33.13,-2.519,0.984,0.0,0.256,0.022,1,12.5
1776,2,110.53,104.58,-1.172,0.614,0.0,-1.0,0.04,1,
1776,3,99.3,53.87,-1.696,1.0,0.0,0.0,1.5,0,
1777,0,35.88,118.83,0.605,1.0,0.0,-0.021,0.065,8,16.7
1777,1,57.65,33.14,-2.467,0.994,0.0,0.159,0.013,1,12.5
1777,2,110.5,104.55,-1.225,0.644,0.0,-1.0,0.044,1,
1777,3,99.11,52.39,-1.696,1.0,0.0,0.0,1.5,0,
1778,0,35.88,118.9,0.601,1.0,0.0,-0.021,0.065,1,16.7
1778,1,57.64,33.15,-2.432,0.998,0.0,0.087,0.007,8,12.5
1778,2,110.46,104.52,-1.296,0.685,0.0,-1.0,0.05,1,
1778,3,98.92,50.9,-1.696,1.0,0.0,0.0,1.5,0,
1779,0,35.88,118.96,0.598,1.0,0.0,-0.021,0.066,8,16.6
1779,1,57.64,33.15,-2.415,1.0,0.0,0.038,0.003,1,12.5
1779,2,110.42,104.48,-1.384,0.737,0.0,-1.0,0.058,1,
1779,3,98.74,49.41,-1.696,1.0,0.0,0.0,1.5,0,
1780,0,35.88,119.03,0.595,1.0,0.0,-0.021,0.066,1,16.6
1780,1,57.64,33.15,-2.413,1.0,0.0,0.014,0.001,8,12.5
1780,2,110.37,104.43,-1.489,0.795,0.0,-0.931,0.068,8,
1780,3,98.55,47.92,-1.696,1.0,0.0,0.0,1.5,0,
1781,0,35.88,119.1,0.592,1.0,0.0,-0.021,0.066,8,16.6
1781,1,57.64,33.15,-2.411,1.0,0.0,0.011,0.001,8,12.5
1781,2,110.32,104.37,-1.611,0.857,0.0,-0.774,0.079,8,
1781,3,98.36,46.43,-1.696,1.0,0.0,0.0,1.5,0,
1782,0,35.88,119.16,0.588,1.0,0.0,-0.021,0.066,1,16.5
1782,1,57.64,33.15,-2.41,1.0,0.0,0.009,0.001,8,12.5
1782,2,110.26,104.31,-1.715,0.915,0.0,-0.594,0.09,8,
1782,3,98.17,44.95,-1.696,1.0,0.0,0.0,1.5,0,
1783,0,35.88,119.23,0.585,1.0,0.0,-0.021,0.066,1,16.5
1783,1,57.64,33.15,-2.409,1.0,0.0,0.007,0.001,1,12.5
1783,2,110.19,104.24,-1.801,0.953,0.0,-0.438,0.098,8,
1783,3,97.98,43.46,-1.696,1.0,0.0,0.0,1.5,0,
1784,0,35.88,119.29,0.582,1.0,0.0,-0.021,0.067,8,16.5
1784,1,57.64,33.15,-2.408,1.0,0.0,0.005,0.0,1,12.5
1784,2,110.12,104.16,-1.871,0.977,0.0,-0.306,0.104,1,
1784,3,97.8,41.97,-1.696,1.0,0.0,0.0,1.5,0,
1785,0,35.88,119.36,0.578,1.0,0.0,-0.021,0.067,1,16.4
1785,1,57.64,33.15,-2.407,1.0,0.0,0.004,0.0,1,12.5
1785,2,110.04,104.08,-1.922,0.99,0.0,-0.198,0.108,1,
1785,3,97.61,40.48,-1.696,1.0,0.0,0.0,1.5,0,
1786,0,35.88,119.43,0.575,1.0,0.0,-0.021,0.067,8,16.4
1786,1,57.64,33.15,-2.407,1.0,0.0,0.003,0.0,8,12.5
1786,2,109.97,104.0,-1.956,0.997,0.0,-0.116,0.111,8,
1786,3,97.42,38.99,-1.696,1.0,0.0,0.0,1.5,0,
1787,0,35.88,119.5,0.571,1.0,0.0,-0.022,0.067,1,16.4
1787,1,57.64,33.15,-2.406,1.0,0.0,0.003,0.0,1,12.5
1787,2,109.89,103.92,-1.973,0.999,0.0,-0.058,0.113,1,
1787,3,97.23,37.5,-1.696,1.0,0.0,0.0,1.5,0,
1788,0,35.88,119.56,0.568,1.0,0.0,-0.022,0.067,8,16.3
1788,1,57.64,33.15,-2.406,1.0,0.0,0.002,0.0,1,12.5
1788,2,109.82,103.83,-1.977,1.0,0.0,-0.024,0.114,1,
1788,3,97.19,37.16,-1.696,1.0,0.0,0.0,0.35,1,
1789,0,35.88,119.63,0.565,1.0,0.0,-0.022,0.068,2,16.3
1789,1,57.64,33.15,-2.406,1.0,0.0,0.002,0.0,8,12.5
1789,2,109.74,103.74,-1.978,1.0,0.0,-0.009,0.115,1,
1789,3,97.19,37.16,-1.696,1.0,0.0,0.0,0.0,1,
1790,0,35.89,119.7,0.561,1.0,0.0,-0.022,0.068,8,16.2
1790,1,57.64,33.15,-2.406,1.0,0.0,0.001,0.0,1,12.5
1790,2,109.67,103.66,-1.978,1.0,0.0,0.002,0.115,1,
1790,3,97.19,37.16,-1.696,1.0,0.0,0.0,0.0,1,
1791,0,35.89,119.77,0.558,1.0,0.0,-0.022,0.068,8,16.2
1791,1,57.64,33.15,-2.406,1.0,0.0,0.001,0.0,1,12.5
1791,2,109.59,103.57,-1.976,1.0,0.0,0.011,0.115,1,
1791,3,97.19,37.16,-1.696,1.0,0.0,0.0,0.0,1,
1792,0,35.89,119.83,0.554,1.0,0.0,-0.022,0.068,1,16.2
1792,1,57.64,33.15,-2.405,1.0,0.0,0.001,0.0,1,12.5
1792,2,109.52,103.48,-1.973,1.0,0.0,0.018,0.116,1,
1792,3,97.19,37.16,-1.696,1.0,0.0,0.0,0.0,8,
1793,0,35.9,119.9,0.551,1.0,0.0,-0.022,0.068,1,16.1
1793,1,57.64,33.15,-2.405,1.0,0.0,0.001,0.0,1,12.5
1793,2,109.45,103.39,-1.97,1.0,0.0,0.024,0.116,1,
1793,3,97.19,37.16,-1.696,1.0,0.0,0.0,0.0,8,
1794,0,35.9,119.97,0.547,1.0,0.0,-0.022,0.069,1,16.1
1794,1,57.64,33.15,-2.405,1.0,0.0,0.0,0.0,1,12.5
1794,2,109.38,103.3,-1.965,1.0,0.0,0.028,0.116,1,
1794,3,97.19,37.16,-1.696,1.0,0.0,0.0,0.0,1,
1795,0,35.9,120.04,0.544,1.0,0.0,-0.022,0.069,1,16.1
1795,1,57.64,33.15,-2.405,1.0,0.0,0.0,0.0,8,12.5
1795,2,109.31,103.2,-1.96,1.0,0.0,0.032,0.116,1,
1795,3,97.19,37.16,-1.696,1.0,0.0,0.0,0.0,8,
1796,0,35.91,120.11,0.54,1.0,0.0,-0.022,0.069,8,16.0
1796,1,57.64,33.15,-2.405,1.0,0.0,0.0,0.0,1,12.5
1796,2,109.24,103.11,-1.955,1.0,0.0,0.034,0.116,1,
1796,3,97.19,37.16,-1.696,1.0,0.0,0.0,0.0,8,
1797,0,35.91,120.18,0.537,1.0,0.0,-0.022,0.069,1,16.0
1797,1,57.64,33.15,-2.405,1.0,0.0,0.0,0.0,8,12.5
1797,2,109.17,103.02,-1.949,1.0,0.0,0.036,0.116,8,
1797,3,97.19,37.16,-1.696,1.0,0.0,0.0,0.0,8,
1798,0,35.92,120.25,0.533,1.0,0.0,-0.023,0.069,8,15.9
1798,1,57.64,33.15,-2.405,1.0,0.0,0.0,0.0,1,12.5
1798,2,109.1,102.92,-1.943,1.0,0.0,0.038,0.116,1,
1798,3,97.19,37.16,-1.696,1.0,0.0,0.0,0.0,8,
1799,0,35.92,120.32,0.53,1.0,0.0,-0.023,0.07,8,15.9
1799,1,57.64,33.15,-2.405,1.0,0.0,0.0,0.0,1,12.5
1799,2,109.03,102.83,-1.937,1.0,0.0,0.039,0.117,1,
1799,3,97.19,37.16,-1.696,1.0,0.0,0.0,0.0,1,
1800,0,35.93,120.39,0.526,1.0,0.0,-0.023,0.07,1,15.9
1800,1,57.64,33.15,-2.405,1.0,0.0,0.0,0.0,8,12.5
1800,2,108.96,102.73,-1.949,0.993,0.0,-0.163,0.117,1,
1800,3,97.19,37.16,-1.679,0.53,0.0,1.0,0.0,8,
1801,0,35.94,120.46,0.523,1.0,0.0,-0.023,0.07,1,15.8
1801,1,57.64,33.15,-2.405,1.0,0.0,0.0,0.0,1,12.5
1801,2,108.9,102.64,-1.97,0.995,0.0,-0.14,0.117,8,
1801,3,97.19,37.16,-1.644,0.545,0.0,1.0,0.002,1,
1802,0,35.94,120.53,0.519,1.0,0.0,-0.023,0.07,1,15.8
1802,1,57.64,33.15,-2.405,1.0,0.0,0.0,0.0,2,12.5
1802,2,108.83,102.54,-1.986,0.997,0.0,-0.102,0.118,8,
1802,3,97.2,37.16,-1.591,0.574,0.0,1.0,0.006,8,
1803,0,35.95,120.6,0.515,1.0,0.0,-0.023,0.07,1,15.7
1803,1,57.64,33.15,-2.405,1.0,0.0,0.0,0.0,1,12.5
1803,2,108.77,102.44,-1.998,0.999,0.0,-0.072,0.118,8,
1803,3,97.21,37.15,-1.521,0.617,0.0,1.0,0.013,1,
1804,0,35.96,120.67,0.512,1.0,0.0,-0.023,0.071,1,15.7
1804,1,57.64,33.15,-2.405,1.0,0.0,0.0,0.0,1,12.5
1804,2,108.7,102.34,-2.006,0.999,0.0,-0.049,0.119,1,
1804,3,97.23,37.15,-1.434,0.671,0.0,1.0,0.021,1,
1805,0,35.97,120.74,0.508,1.0,0.0,-0.023,0.071,8,15.7
1805,1,57.64,33.15,-2.405,1.0,0.0,0.0,0.0,1,12.5
1805,2,108.64,102.24,-2.01,1.0,0.0,-0.032,0.119,1,
1805,3,97.26,37.15,-1.329,0.734,0.0,1.0,0.032,1,
1806,0,35.98,120.81,0.505,1.0,0.0,-0.023,0.071,1,15.6
1806,1,57.64,33.15,-2.405,1.0,0.0,0.0,0.0,1,12.5
1806,2,108.58,102.14,-2.013,1.0,0.0,-0.018,0.119,8,
1806,3,97.31,37.14,-1.206,0.802,0.0,0.915,0.044,8,
1807,0,35.99,120.88,0.501,1.0,0.0,-0.023,0.071,8,15.6
1807,1,57.64,33.15,-2.405,1.0,0.0,0.0,0.0,8,12.5
1807,2,108.52,102.04,-2.014,1.0,0.0,-0.008,0.119,1,
1807,3,97.36,37.13,-1.091,0.87,0.0,0.737,0.058,1,
1808,0,35.99,120.95,0.497,1.0,0.0,-0.023,0.071,1,15.5
1808,1,57.64,33.15,-2.405,1.0,0.0,0.0,0.0,8,12.5
1808,2,108.45,101.93,-2.014,1.0,0.0,0.0,0.12,8,
1808,3,97.43,37.12,-0.993,0.922,0.0,0.567,0.07,1,
1809,0,36.0,121.02,0.493,1.0,0.0,-0.024,0.072,1,15.5
1809,1,57.64,33.15,-2.405,1.0,0.0,0.0,0.0,8,12.5
1809,2,108.39,101.83,-2.013,1.0,0.0,0.006,0.12,2,
1809,3,97.51,37.11,-0.912,0.957,0.0,0.422,0.08,8,
1810,0,36.02,121.09,0.49,1.0,0.0,-0.024,0.072,1,15.5
1810,1,57.64,33.15,-2.405,1.0,0.0,0.0,0.0,1,12.5
1810,2,108.34,101.73,-2.012,1.0,0.0,0.011,0.12,1,
1810,3,97.6,37.1,-0.849,0.978,0.0,0.3,0.088,1,
1811,0,36.03,121.16,0.486,1.0,0.0,-0.024,0.072,1,15.4
1811,1,57.64,33.15,-2.405,1.0,0.0,0.0,0.0,1,12.5
1811,2,108.28,101.62,-2.009,1.0,0.0,0.014,0.12,1,
1811,3,97.69,37.08,-0.803,0.99,0.0,0.203,0.093,1,
1812,0,36.04,121.23,0.482,1.0,0.0,-0.024,0.072,1,15.4
1812,1,57.64,33.15,-2.405,1.0,0.0,0.0,0.0,8,12.5
1812,2,108.22,101.52,-2.007,1.0,0.0,0.017,0.12,1,
1812,3,97.79,37.07,-0.775,0.996,0.0,0.131,0.097,8,
1813,0,36.05,121.3,0.479,1.0,0.0,-0.024,0.072,1,15.3
1813,1,57.64,33.15,-2.405,1.0,0.0,0.0,0.0,1,12.5
1813,2,108.16,101.41,-2.004,1.0,0.0,0.019,0.12,1,
1813,3,97.88,37.05,-0.761,0.998,0.0,0.084,0.1,1,
1814,0,36.06,121.38,0.475,1.0,0.0,-0.024,0.073,8,15.3
1814,1,57.64,33.15,-2.405,1.0,0.0,0.0,0.0,1,12.5
1814,2,108.11,101.3,-2.001,1.0,0.0,0.02,0.12,1,
1814,3,97.98,37.03,-0.752,0.999,0.0,0.057,0.101,1,
1815,0,36.07,121.45,0.471,1.0,0.0,-0.024,0.073,1,15.2
1815,1,57.64,33.15,-2.405,1.0,0.0,0.0,0.0,1,12.5
1815,2,108.06,101.2,-1.997,1.0,0.0,0.021,0.12,1,
1815,3,98.08,37.01,-0.747,1.0,0.0,0.037,0.102,1,
1816,0,36.09,121.52,0.467,1.0,0.0,-0.024,0.073,1,15.2
1816,1,57.64,33.15,-2.405,1.0,0.0,0.0,0.0,1,12.5
1816,2,108.06,101.2,-1.997,0.0,0.0,0.0,0.0,0,
1816,3,98.18,36.99,-0.743,1.0,0.0,0.021,0.103,1,
1817,0,36.1,121.59,0.463,1.0,0.0,-0.024,0.073,1,15.2
1817,1,57.64,33.15,-2.405,1.0,0.0,0.0,0.0,1,12.5
1817,2,108.06,101.2,-1.997,0.0,0.0,0.0,0.0,0,
1817,3,98.29,36.97,-0.742,1.0,0.0,0.008,0.104,8,
1818,0,36.11,121.66,0.46,1.0,0.0,-0.024,0.073,1,15.1
1818,1,57.64,33.15,-2.405,1.0,0.0,0.0,0.0,1,12.5
1818,2,108.06,101.2,-1.997,0.0,0.0,0.0,0.0,0,
1818,3,98.39,36.95,-0.742,1.0,0.0,-0.001,0.104,8,
1819,0,36.13,121.74,0.456,1.0,0.0,-0.024,0.074,1,15.1
1819,1,57.64,33.15,-2.405,1.0,0.0,0.0,0.0,8,12.5
1819,2,108.06,101.2,-1.997,0.0,0.0,0.0,0.0,0,
1819,3,98.49,36.92,-0.744,1.0,0.0,-0.009,0.105,1,
1820,0,36.14,121.81,0.452,1.0,0.0,-0.025,0.074,1,15.0
1820,1,57.64,33.15,-2.405,1.0,0.0,0.0,0.0,1,12.5
1820,2,108.06,101.2,-1.997,0.0,0.0,0.0,0.0,0,
1820,3,98.59,36.9,-0.746,1.0,0.0,-0.015,0.105,8,
1821,0,36.16,121.88,0.448,1.0,0.0,-0.025,0.074,8,15.0
1821,1,57.64,33.15,-2.405,1.0,0.0,0.0,0.0,1,12.5
1821,2,108.06,101.2,-1.997,0.0,0.0,0.0,0.0,0,
1821,3,98.69,36.87,-0.749,1.0,0.0,-0.02,0.105,8,
1822,0,36.18,121.95,0.444,1.0,0.0,-0.025,0.074,1,14.9
1822,1,57.64,33.15,-2.405,1.0,0.0,0.0,0.0,8,12.5
1822,2,108.06,101.2,-1.997,0.0,0.0,0.0,0.0,0,
1822,3,98.8,36.85,-0.753,1.0,0.0,-0.023,0.106,1,
1823,0,36.19,122.03,0.44,1.0,0.0,-0.025,0.074,1,14.9
1823,1,57.64,33.15,-2.405,1.0,0.0,0.0,0.0,1,12.5
1823,2,108.06,101.2,-1.997,0.0,0.0,0.0,0.0,0,
1823,3,98.9,36.82,-0.757,1.0,0.0,-0.026,0.106,1,
1824,0,36.21,122.1,0.436,1.0,0.0,-0.025,0.075,1,14.8
1824,1,57.64,33.15,-2.405,1.0,0.0,0.0,0.0,8,12.5
1824,2,108.06,101.2,-1.997,0.0,0.0,0.0,0.0,0,
1824,3,99.0,36.79,-0.761,1.0,0.0,-0.028,0.106,8,
1825,0,36.23,122.17,0.432,1.0,0.0,-0.025,0.075,2,14.8
1825,1,57.64,33.15,-2.405,1.0,0.0,0.0,0.0,1,12.5
1825,2,108.06,101.2,-1.997,0.0,0.0,0.0,0.0,0,
1825,3,99.1,36.76,-0.766,1.0,0.0,-0.03,0.106,1,
1826,0,36.24,122.24,0.428,1.0,0.0,-0.025,0.075,1,14.8
1826,1,57.64,33.15,-2.405,1.0,0.0,0.0,0.0,1,12.5
1826,2,108.06,101.2,-1.997,0.0,0.0,0.0,0.0,0,
1826,3,99.21,36.73,-0.771,1.0,0.0,-0.032,0.107,1,
1827,0,36.26,122.32,0.424,1.0,0.0,-0.025,0.075,8,14.7
1827,1,57.64,33.15,-2.405,1.0,0.0,0.0,0.0,1,12.5
1827,2,108.06,101.2,-1.997,0.0,0.0,0.0,0.0,0,
1827,3,99.31,36.7,-0.776,1.0,0.0,-0.033,0.107,1,
1828,0,36.28,122.39,0.42,1.0,0.0,-0.025,0.075,1,14.7
1828,1,57.64,33.15,-2.405,1.0,0.0,0.0,0.0,1,12.5
1828,2,108.06,101.2,-1.997,0.0,0.0,0.0,0.0,0,
1828,3,99.41,36.67,-0.782,1.0,0.0,-0.034,0.107,1,
1829,0,36.3,122.46,0.416,1.0,0.0,-0.026,0.076,1,14.6
1829,1,57.64,33.15,-2.405,1.0,0.0,0.0,0.0,8,12.5
1829,2,108.06,101.2,-1.997,0.0,0.0,0.0,0.0,0,
1829,3,99.51,36.64,-0.787,1.0,0.0,-0.035,0.107,1,
1830,0,36.32,122.54,0.412,1.0,0.0,-0.026,0.076,1,14.6
1830,1,57.64,33.15,-2.405,1.0,0.0,0.0,0.0,8,12.5
1830,2,108.06,101.2,-1.997,0.0,0.0,0.0,0.0,0,
1830,3,99.61,36.6,-0.792,1.0,0.0,-0.035,0.107,8,
1831,0,36.34,122.61,0.408,1.0,0.0,-0.026,0.076,8,14.5
1831,1,57.64,33.15,-2.405,1.0,0.0,0.0,0.0,1,12.5
1831,2,108.06,101.2,-1.997,0.0,0.0,0.0,0.0,0,
1831,3,99.72,36.57,-0.798,1.0,0.0,-0.036,0.108,1,
1832,0,36.36,122.68,0.404,1.0,0.0,-0.026,0.076,8,14.5
1832,1,57.64,33.15,-2.405,1.0,0.0,0.0,0.0,1,12.5
1832,2,108.06,101.2,-1.997,0.0,0.0,0.0,0.0,0,
1832,3,99.82,36.53,-0.804,1.0,0.0,-0.036,0.108,1,
1833,0,36.38,122.76,0.4,1.0,0.0,-0.026,0.076,1,14.4
1833,1,57.64,33.15,-2.405,1.0,0.0,0.0,0.0,1,12.5
1833,2,108.06,101.2,-1.997,0.0,0.0,0.0,0.0,0,
1833,3,99.92,36.49,-0.809,1.0,0.0,-0.036,0.108,2,
1834,0,36.4,122.83,0.396,1.0,0.0,-0.026,0.076,1,14.4
1834,1,57.64,33.15,-2.405,1.0,0.0,0.0,0.0,1,12.5
1834,2,108.06,101.2,-1.997,0.0,0.0,0.0,0.0,0,
1834,3,100.02,36.46,-0.815,1.0,0.0,-0.037,0.108,8,
1835,0,36.43,122.9,0.392,1.0,0.0,-0.026,0.077,1,14.3
1835,1,57.64,33.15,-2.405,1.0,0.0,0.0,0.0,8,12.5
1835,2,108.06,101.2,-1.997,0.0,0.0,0.0,0.0,0,
1835,3,100.12,36.42,-0.821,1.0,0.0,-0.037,0.108,2,
1836,0,36.45,122.98,0.388,1.0,0.0,-0.026,0.077,8,14.3
1836,1,57.64,33.15,-2.405,1.0,0.0,0.0,0.0,1,12.5
1836,2,108.06,101.2,-1.997,0.0,0.0,0.0,0.0,0,
1836,3,100.22,36.38,-0.827,1.0,0.0,-0.037,0.108,1,
1837,0,36.47,123.05,0.384,1.0,0.0,-0.026,0.077,2,14.2
1837,1,57.64,33.15,-2.405,1.0,0.0,0.0,0.0,8,12.5
1837,2,108.06,101.2,-1.997,0.0,0.0,0.0,0.0,0,
1837,3,100.32,36.34,-0.833,1.0,0.0,-0.038,0.109,8,
1838,0,36.49,123.12,0.38,1.0,0.0,-0.026,0.077,8,14.2
1838,1,57.64,33.15,-2.405,1.0,0.0,0.0,0.0,1,12.5
1838,2,108.06,101.2,-1.997,0.0,0.0,0.0,0.0,0,
1838,3,100.42,36.3,-0.839,1.0,0.0,-0.038,0.109,1,
1839,0,36.52,123.2,0.375,1.0,0.0,-0.027,0.077,2,14.1
1839,1,57.64,33.15,-2.405,1.0,0.0,0.0,0.0,1,12.5
1839,2,108.06,101.2,-1.997,0.0,0.0,0.0,0.0,0,
1839,3,100.52,36.25,-0.845,1.0,0.0,-0.038,0.109,1,
1840,0,36.54,123.27,0.371,1.0,0.0,-0.027,0.078,1,14.1
1840,1,57.64,33.15,-2.405,1.0,0.0,0.0,0.0,2,12.5
1840,2,108.0,101.09,-1.989,0.999,0.0,0.053,0.12,8,
1840,3,100.52,36.25,-0.868,0.0,0.0,-1.0,0.0,0,
1841,0,36.57,123.34,0.367,1.0,0.0,-0.027,0.078,1,14.0
1841,1,57.64,33.15,-2.405,1.0,0.0,0.0,0.0,1,12.5
1841,2,107.95,100.98,-1.982,0.999,0.0,0.047,0.12,8,
1841,3,100.52,36.25,-0.909,0.0,0.0,-1.0,0.0,0,
1842,0,36.6,123.42,0.363,1.0,0.0,-0.027,0.078,1,14.0
1842,1,57.64,33.15,-2.405,1.0,0.0,0.0,0.0,8,12.5
1842,2,107.9,100.87,-1.975,1.0,0.0,0.042,0.12,8,
1842,3,100.52,36.25,-0.968,0.0,0.0,-1.0,0.0,0,
1843,0,36.62,123.49,0.358,1.0,0.0,-0.027,0.078,1,13.9
1843,1,57.64,33.15,-2.405,1.0,0.0,0.0,0.0,1,12.5
1843,2,107.85,100.76,-1.969,1.0,0.0,0.038,0.12,8,
1843,3,100.52,36.25,-1.044,0.0,0.0,-1.0,0.0,0,
1844,0,36.65,123.56,0.354,1.0,0.0,-0.027,0.078,8,13.9
1844,1,57.64,33.15,-2.405,1.0,0.0,0.0,0.0,8,12.5
1844,2,107.8,100.65,-1.964,1.0,0.0,0.034,0.12,1,
1844,3,100.52,36.25,-1.137,0.0,0.0,-1.0,0.0,0,
1845,0,36.68,123.64,0.35,1.0,0.0,-0.027,0.079,1,13.8
1845,1,57.64,33.15,-2.405,1.0,0.0,0.0,0.0,1,12.5
1845,2,107.75,100.54,-1.959,1.0,0.0,0.032,0.12,8,
1845,3,100.52,36.25,-1.248,0.0,0.0,-1.0,0.0,0,
1846,0,36.7,123.71,0.346,1.0,0.0,-0.027,0.079,1,13.8
1846,1,57.64,33.15,-2.405,1.0,0.0,0.0,0.0,1,12.5
1846,2,107.71,100.43,-1.954,1.0,0.0,0.029,0.12,8,
1846,3,100.52,36.25,-1.376,0.0,0.0,-1.0,0.0,0,
1847,0,36.73,123.79,0.341,1.0,0.0,-0.028,0.079,1,13.7
1847,1,57.64,33.15,-2.405,1.0,0.0,0.0,0.0,1,12.5
1847,2,107.66,100.32,-1.95,1.0,0.0,0.027,0.12,8,
1847,3,100.52,36.25,-1.522,0.0,0.0,-1.0,0.0,0,
1848,0,36.76,123.86,0.337,1.0,0.0,-0.028,0.079,1,13.7
1848,1,57.64,33.15,-2.405,1.0,0.0,0.0,0.0,1,12.5
1848,2,107.62,100.21,-1.946,1.0,0.0,0.026,0.12,8,
1848,3,100.52,36.25,-1.679,0.001,0.0,-1.0,0.001,1,
1849,0,36.79,123.93,0.333,1.0,0.0,-0.028,0.079,2,13.6
1849,1,57.64,33.15,-2.405,1.0,0.0,0.0,0.0,1,12.5
1849,2,107.57,100.1,-1.942,1.0,0.0,0.025,0.12,0,
1849,3,100.56,36.24,-1.837,0.157,0.0,-1.0,0.035,1,
1850,0,36.82,124.01,0.328,1.0,0.0,-0.028,0.079,8,13.6
1850,1,57.64,33.15,-2.405,1.0,0.0,0.0,0.0,1,12.5
1850,2,107.49,99.87,-1.938,1.0,0.0,0.023,0.24,0,
1850,3,100.57,36.23,-1.994,0.308,0.0,-1.0,0.017,1,
1851,0,36.85,124.08,0.324,1.0,0.0,-0.028,0.08,1,13.5
1851,1,57.64,33.15,-2.405,1.0,0.0,0.0,0.0,1,12.5
1851,2,107.36,99.54,-1.934,1.0,0.0,0.027,0.36,0,
1851,3,100.57,36.23,-2.151,0.452,0.0,-1.0,0.002,1,
1852,0,36.88,124.15,0.319,1.0,0.0,-0.028,0.08,1,13.5
1852,1,57.64,33.15,-2.405,1.0,0.0,0.0,0.0,1,12.5
1852,2,107.19,99.09,-1.929,1.0,0.0,0.034,0.48,0,
1852,3,100.55,36.24,-2.308,0.586,0.0,-1.0,0.021,1,
1853,0,36.91,124.23,0.315,1.0,0.0,-0.028,0.08,1,13.4
1853,1,57.64,33.15,-2.405,1.0,0.0,0.0,0.0,1,12.5
1853,2,106.98,98.53,-1.922,1.0,0.0,0.044,0.6,0,
1853,3,100.52,36.26,-2.465,0.707,0.0,-1.0,0.039,1,
1854,0,36.95,124.3,0.31,1.0,0.0,-0.028,0.08,1,13.4
1854,1,57.64,33.15,-2.405,1.0,0.0,0.0,0.0,2,12.5
1854,2,106.73,97.85,-1.913,0.999,0.0,0.056,0.72,0,
1854,3,100.46,36.28,-2.606,0.81,0.0,-0.896,0.057,8,
1855,0,36.98,124.37,0.306,1.0,0.0,-0.029,0.08,1,13.3
1855,1,57.64,33.15,-2.405,1.0,0.0,0.0,0.0,8,12.5
1855,2,106.45,97.06,-1.902,0.999,0.0,0.069,0.84,0,
1855,3,100.4,36.31,-2.729,0.886,0.0,-0.69,0.072,8,
1856,0,37.01,124.45,0.302,1.0,0.0,-0.029,0.08,8,13.3
1856,1,57.64,33.15,-2.405,1.0,0.0,0.0,0.0,8,12.5
1856,2,106.13,96.15,-1.874,0.977,0.0,0.309,0.96,0,
1856,3,100.32,36.34,-2.834,0.937,0.0,-0.509,0.084,1,
1857,0,37.05,124.52,0.297,1.0,0.0,-0.029,0.081,1,13.2
1857,1,57.64,33.15,-2.405,1.0,0.0,0.0,0.0,1,12.5
1857,2,105.81,95.12,-1.831,0.982,0.0,0.272,1.08,0,
1857,3,100.23,36.37,-2.923,0.97,0.0,-0.351,0.093,8,
1858,0,37.08,124.59,0.292,1.0,0.0,-0.029,0.081,8,13.2
1858,1,57.64,33.15,-2.405,1.0,0.0,0.0,0.0,8,12.5
1858,2,105.5,93.96,-1.798,0.989,0.0,0.214,1.2,0,
1858,3,100.14,36.41,-2.993,0.988,0.0,-0.218,0.1,1,
1859,0,37.11,124.67,0.288,1.0,0.0,-0.029,0.081,1,13.1
1859,1,57.64,33.15,-2.405,1.0,0.0,0.0,0.0,1,12.5
1859,2,105.2,92.68,-1.771,0.993,0.0,0.169,1.32,0,
1859,3,100.04,36.45,-3.046,0.997,0.0,-0.11,0.105,1,
1860,0,37.15,124.74,0.283,1.0,0.0,-0.029,0.081,1,13.1
1860,1,57.64,33.15,-2.405,1.0,0.0,0.0,0.0,1,12.5
1860,2,104.92,91.27,-1.75,0.996,0.0,0.133,1.44,0,
1860,3,99.94,36.49,-3.082,1.0,0.0,-0.025,0.108,1,
1861,0,37.19,124.81,0.279,1.0,0.0,-0.029,0.081,1,13.0
1861,1,57.64,33.15,-2.405,1.0,0.0,0.0,0.0,8,12.5
1861,2,104.65,89.79,-1.733,0.997,0.0,0.106,1.496,0,
1861,3,99.84,36.52,-3.1,1.0,0.0,0.034,0.11,8,
1862,0,37.22,124.88,0.274,1.0,0.0,-0.029,0.082,1,13.0
1862,1,57.64,33.15,-2.405,1.0,0.0,0.0,0.0,1,12.5
1862,2,104.41,88.32,-1.72,0.998,0.0,0.084,1.497,0,
1862,3,99.73,36.56,-3.101,0.999,0.0,0.068,0.112,8,
1863,0,37.26,124.96,0.269,1.0,0.0,-0.03,0.082,1,12.9
1863,1,57.64,33.15,-2.405,1.0,0.0,0.0,0.0,8,12.5
1863,2,104.19,86.83,-1.71,0.999,0.0,0.066,1.498,0,
1863,3,99.63,36.6,-3.089,0.999,0.0,0.078,0.112,1,
1864,0,37.3,125.03,0.265,1.0,0.0,-0.03,0.082,8,12.9
1864,1,57.64,33.15,-2.405,1.0,0.0,0.0,0.0,8,12.5
1864,2,103.98,85.35,-1.702,0.999,0.0,0.053,1.499,0,
1864,3,99.52,36.63,-3.078,0.999,0.0,0.069,0.112,8,
1865,0,37.34,125.1,0.26,1.0,0.0,-0.03,0.082,8,12.8
1865,1,57.64,33.15,-2.405,1.0,0.0,0.0,0.0,1,12.5
1865,2,103.78,83.86,-1.695,1.0,0.0,0.042,1.499,0,
1865,3,99.41,36.67,-3.068,0.999,0.0,0.063,0.112,1,
1866,0,37.37,125.18,0.255,1.0,0.0,-0.03,0.082,8,12.7
1866,1,57.64,33.15,-2.405,1.0,0.0,0.0,0.0,1,12.5
1866,2,103.6,82.37,-1.69,1.0,0.0,0.033,1.5,0,
1866,3,99.31,36.7,-3.059,0.999,0.0,0.057,0.112,8,
1867,0,37.41,125.25,0.251,1.0,0.0,-0.03,0.082,1,12.7
1867,1,57.64,33.15,-2.405,1.0,0.0,0.0,0.0,8,12.5
1867,2,103.42,80.89,-1.686,1.0,0.0,0.026,1.5,0,
1867,3,99.2,36.73,-3.051,0.999,0.0,0.053,0.112,1,
1868,0,37.45,125.32,0.246,1.0,0.0,-0.03,0.083,1,12.6
1868,1,57.64,33.15,-2.405,1.0,0.0,0.0,0.0,8,12.5
1868,2,103.25,79.4,-1.682,1.0,0.0,0.021,1.5,0,
1868,3,99.09,36.76,-3.043,0.999,0.0,0.05,0.112,8,
1869,0,37.49,125.39,0.241,1.0,0.0,-0.03,0.083,8,12.6
1869,1,57.64,33.15,-2.405,1.0,0.0,0.0,0.0,8,12.5
1869,2,103.08,77.91,-1.68,1.0,0.0,0.017,1.5,0,
1869,3,98.98,36.8,-3.035,0.999,0.0,0.048,0.112,8,
1870,0,37.54,125.46,0.236,1.0,0.0,-0.031,0.083,1,12.5
1870,1,57.64,33.15,-2.405,1.0,0.0,0.0,0.0,8,12.5
1870,2,102.92,76.41,-1.678,1.0,0.0,0.013,1.5,0,
1870,3,98.88,36.82,-3.028,0.999,0.0,0.046,0.112,1,
1871,0,37.58,125.54,0.232,1.0,0.0,-0.031,0.083,1,12.5
1871,1,57.64,33.15,-2.405,1.0,0.0,0.0,0.0,1,12.5
1871,2,102.76,74.92,-1.676,1.0,0.0,0.011,1.5,0,
1871,3,98.77,36.85,-3.021,1.0,0.0,0.045,0.112,1,
1872,0,37.62,125.61,0.227,1.0,0.0,-0.031,0.083,2,12.4
1872,1,57.64,33.15,-2.405,1.0,0.0,0.0,0.0,8,12.5
1872,2,102.6,73.43,-1.675,1.0,0.0,0.008,1.5,0,
1872,3,98.66,36.88,-3.014,1.0,0.0,0.044,0.112,8,
1873,0,37.66,125.68,0.222,1.0,0.0,-0.031,0.083,1,12.4
1873,1,57.64,33.15,-2.405,1.0,0.0,0.0,0.0,8,12.5
1873,2,102.44,71.94,-1.674,1.0,0.0,0.007,1.5,0,
1873,3,98.55,36.91,-3.007,1.0,0.0,0.043,0.112,1,
1874,0,37.7,125.75,0.217,1.0,0.0,-0.031,0.083,1,12.3
1874,1,57.64,33.15,-2.405,1.0,0.0,0.0,0.0,1,12.5
1874,2,102.29,70.45,-1.673,1.0,0.0,0.005,1.5,0,
1874,3,98.44,36.93,-3.001,1.0,0.0,0.042,0.112,1,
1875,0,37.75,125.82,0.212,1.0,0.0,-0.031,0.084,8,12.2
1875,1,57.64,33.15,-2.405,1.0,0.0,0.0,0.0,1,12.5
1875,2,102.14,68.95,-1.672,1.0,0.0,0.004,1.5,0,
1875,3,98.33,36.96,-2.994,1.0,0.0,0.042,0.112,2,
1876,0,37.79,125.89,0.207,1.0,0.0,-0.031,0.084,2,12.2
1876,1,57.64,33.15,-2.405,1.0,0.0,0.0,0.0,1,12.5
1876,2,101.99,67.46,-1.672,1.0,0.0,0.003,1.5,0,
1876,3,98.22,36.98,-2.988,1.0,0.0,0.042,0.112,1,
1877,0,37.84,125.96,0.202,1.0,0.0,-0.032,0.084,1,12.1
1877,1,57.64,33.15,-2.405,1.0,0.0,0.0,0.0,1,12.5
1877,2,101.83,65.97,-1.671,1.0,0.0,0.003,1.5,0,
1877,3,98.11,37.01,-2.981,1.0,0.0,0.041,0.113,1,
1878,0,37.88,126.03,0.197,1.0,0.0,-0.032,0.084,1,12.1
1878,1,57.64,33.15,-2.405,1.0,0.0,0.0,0.0,1,12.5
1878,2,101.68,64.48,-1.671,1.0,0.0,0.002,1.5,0,
1878,3,98.0,37.03,-2.975,1.0,0.0,0.041,0.113,1,
1879,0,37.93,126.11,0.192,1.0,0.0,-0.032,0.084,1,12.0
1879,1,57.64,33.15,-2.405,1.0,0.0,0.0,0.0,1,12.5
1879,2,101.53,62.99,-1.671,1.0,0.0,0.002,1.5,0,
1879,3,97.89,37.05,-2.968,1.0,0.0,0.041,0.113,8,
1880,0,37.98,126.18,0.187,1.0,0.0,-0.032,0.084,8,12.0
1880,1,57.64,33.15,-2.423,0.0,0.0,-1.0,0.0,0,17.8
1880,2,101.39,61.49,-1.67,1.0,0.0,0.001,1.5,0,
1880,3,97.78,37.07,-2.962,1.0,0.0,0.041,0.113,1,
1881,0,38.02,126.25,0.182,1.0,0.0,-0.032,0.085,1,11.9
1881,1,57.64,33.15,-2.458,0.0,0.0,-1.0,0.0,0,17.8
1881,2,101.24,60.0,-1.67,1.0,0.0,0.001,1.5,0,
1881,3,97.67,37.09,-2.955,1.0,0.0,0.041,0.113,1,
1882,0,38.07,126.32,0.177,1.0,0.0,-0.032,0.085,8,11.8
1882,1,57.64,33.15,-2.51,0.0,0.0,-1.0,0.0,0,17.8
1882,2,101.09,58.51,-1.661,0.999,0.0,0.061,1.499,0,
1882,3,97.56,37.11,-2.949,1.0,0.0,0.041,0.113,1,
1883,0,38.12,126.39,0.172,1.0,0.0,-0.033,0.085,8,11.8
1883,1,57.64,33.15,-2.58,0.0,0.0,-1.0,0.0,0,17.8
1883,2,100.95,57.02,-1.636,0.994,0.0,0.156,1.491,0,
1883,3,97.44,37.12,-2.942,1.0,0.0,0.041,0.113,8,
1884,0,38.17,126.45,0.167,1.0,0.0,-0.033,0.085,1,11.7
1884,1,57.64,33.15,-2.668,0.0,0.0,-1.0,0.0,0,17.8
1884,2,100.86,55.55,-1.6,0.987,0.0,0.227,1.481,0,
1884,3,97.33,37.14,-2.936,1.0,0.0,0.041,0.113,1,
1885,0,38.22,126.52,0.162,1.0,0.0,-0.033,0.085,1,11.7
1885,1,57.62,33.17,-2.773,0.072,0.0,-1.0,0.028,8,17.8
1885,2,100.81,54.07,-1.557,0.981,0.0,0.277,1.472,0,
1885,3,97.22,37.15,-2.929,1.0,0.0,0.041,0.113,1,
1886,0,38.27,126.59,0.156,1.0,0.0,-0.033,0.085,1,11.6
1886,1,57.59,33.21,-2.895,0.176,0.0,-1.0,0.044,8,17.7
1886,2,100.83,52.61,-1.508,0.977,0.0,0.308,1.465,0,
1886,3,97.11,37.17,-2.923,1.0,0.0,0.042,0.113,8,
1887,0,38.32,126.66,0.151,1.0,0.0,-0.033,0.085,1,11.6
1887,1,57.55,33.25,-3.035,0.295,0.0,-1.0,0.058,8,17.7
1887,2,101.06,51.61,-1.458,0.975,0.0,0.323,1.021,1,
1887,3,96.95,37.18,-2.916,1.0,0.0,0.042,0.154,11,
1888,0,38.37,126.73,0.146,1.0,0.0,-0.033,0.086,1,11.5
1888,1,57.5,33.3,3.091,0.425,0.0,-1.0,0.072,1,17.6
1888,2,101.1,51.58,-1.412,0.979,0.0,0.292,0.052,1,
1888,3,96.83,37.2,-2.909,0.999,0.0,0.045,0.122,11,
1889,0,38.42,126.8,0.141,1.0,0.0,-0.034,0.086,2,11.4
1889,1,57.44,33.36,2.934,0.56,0.0,-1.0,0.087,1,17.5
1889,2,101.14,51.54,-1.376,0.988,0.0,0.226,0.058,1,
1889,3,96.71,37.21,-2.902,0.999,0.0,0.045,0.123,10,
1890,0,38.47,126.87,0.135,1.0,0.0,-0.034,0.086,1,11.4
1890,1,57.37,33.44,2.777,0.682,0.0,-1.0,0.099,8,17.4
1890,2,101.19,51.5,-1.349,0.993,0.0,0.174,0.064,1,
1890,3,96.59,37.22,-2.895,0.999,0.0,0.045,0.123,3,
1891,0,38.52,126.94,0.13,1.0,0.0,-0.034,0.086,8,11.3
1891,1,57.3,33.51,2.628,0.787,0.0,-0.949,0.109,1,17.3
1891,2,101.24,51.45,-1.328,0.996,0.0,0.135,0.069,1,
1891,3,96.46,37.23,-2.888,0.999,0.0,0.046,0.124,4,
1892,0,38.58,127.0,0.125,1.0,0.0,-0.034,0.086,1,11.3
1892,1,57.21,33.6,2.496,0.869,0.0,-0.738,0.116,1,17.2
1892,2,101.29,51.4,-1.312,0.997,0.0,0.104,0.073,1,
1892,3,96.34,37.24,-2.881,0.999,0.0,0.046,0.124,3,
1893,0,38.63,127.07,0.119,1.0,0.0,-0.034,0.086,8,11.2
1893,1,57.13,33.68,2.382,0.926,0.0,-0.552,0.119,1,17.1
1893,2,101.34,51.34,-1.299,0.998,0.0,0.08,0.077,1,
1893,3,96.22,37.24,-2.873,0.999,0.0,0.046,0.124,3,
1894,0,38.69,127.14,0.114,1.0,0.0,-0.034,0.086,1,11.1
1894,1,57.04,33.76,2.286,0.963,0.0,-0.392,0.12,8,17.0
1894,2,101.39,51.28,-1.289,0.999,0.0,0.062,0.08,1,
1894,3,96.09,37.25,-2.866,0.999,0.0,0.046,0.124,11,
1895,0,38.74,127.2,0.108,1.0,0.0,-0.035,0.086,1,11.1
1895,1,56.97,33.85,2.207,0.984,0.0,-0.257,0.12,0,16.9
1895,2,101.45,51.22,-1.282,0.999,0.0,0.048,0.084,1,
1895,3,95.97,37.25,-2.859,0.999,0.0,0.046,0.124,10,
1896,0,38.8,127.27,0.103,1.0,0.0,-0.035,0.087,1,11.0
1896,1,56.82,34.05,2.145,0.995,0.0,-0.145,0.24,0,16.6
1896,2,101.5,51.15,-1.276,1.0,0.0,0.037,0.086,1,
1896,3,95.84,37.25,-2.852,0.999,0.0,0.046,0.124,3,
1897,0,38.85,127.34,0.098,1.0,0.0,-0.035,0.087,1,11.0
1897,1,56.63,34.35,2.101,0.999,0.0,-0.06,0.36,0,16.3
1897,2,101.55,51.08,-1.271,1.0,0.0,0.029,0.089,1,
1897,3,95.72,37.26,-2.844,0.999,0.0,0.047,0.124,3,
1898,0,38.91,127.4,0.092,1.0,0.0,-0.035,0.087,8,10.9
1898,1,56.38,34.76,2.074,1.0,0.0,0.002,0.48,0,15.8
1898,2,101.6,51.0,-1.268,1.0,0.0,0.023,0.092,1,
1898,3,95.6,37.26,-2.837,0.999,0.0,0.047,0.124,11,
1899,0,38.97,127.47,0.086,1.0,0.0,-0.035,0.087,8,10.8
1899,1,56.1,35.29,2.065,1.0,0.0,0.04,0.6,0,15.2
1899,2,101.66,50.92,-1.265,1.0,0.0,0.018,0.095,1,
1899,3,95.47,37.26,-2.83,0.999,0.0,0.047,0.124,10,
1900,0,39.02,127.53,0.081,1.0,0.0,-0.036,0.087,8,10.8
1900,1,55.75,35.92,2.074,0.999,0.0,0.055,0.72,0,14.5
1900,2,101.71,50.84,-1.263,1.0,0.0,0.015,0.097,1,
1900,3,95.35,37.25,-2.822,0.999,0.0,0.047,0.124,4,
1901,0,39.08,127.6,0.075,1.0,0.0,-0.036,0.087,8,10.7
1901,1,55.35,36.66,2.081,0.999,0.0,0.045,0.84,0,13.6
1901,2,101.76,50.75,-1.261,1.0,0.0,0.012,0.099,1,
1901,3,95.22,37.25,-2.815,0.999,0.0,0.047,0.123,10,
1902,0,39.14,127.66,0.07,1.0,0.0,-0.036,0.087,1,10.6
1902,1,54.88,37.5,2.087,1.0,0.0,0.038,0.96,0,12.7
1902,2,101.81,50.66,-1.259,1.0,0.0,0.011,0.102,1,
1902,3,95.1,37.25,-2.808,0.999,0.0,0.047,0.123,4,
1903,0,39.2,127.73,0.064,1.0,0.0,-0.036,0.087,1,10.6
1903,1,54.35,38.44,2.092,1.0,0.0,0.032,1.08,0,11.6
1903,2,101.85,50.57,-1.258,1.0,0.0,0.009,0.104,1,
1903,3,94.98,37.24,-2.8,0.999,0.0,0.047,0.122,3,
1904,0,39.26,127.79,0.058,1.0,0.0,-0.036,0.087,1,10.5
1904,1,53.75,39.48,2.096,1.0,0.0,0.028,1.2,0,10.4
1904,2,101.9,50.48,-1.256,1.0,0.0,0.009,0.106,1,
1904,3,94.86,37.23,-2.793,0.999,0.0,0.047,0.122,3,
1905,0,39.32,127.86,0.052,1.0,0.0,-0.037,0.088,8,10.5
1905,1,53.09,40.62,2.1,1.0,0.0,0.025,1.32,0,9.1
1905,2,101.95,50.38,-1.255,1.0,0.0,0.008,0.108,1,
1905,3,94.74,37.22,-2.786,0.999,0.0,0.047,0.121,3,
1906,0,39.38,127.92,0.047,1.0,0.0,-0.037,0.088,1,10.4
1906,1,52.5,41.62,2.122,0.715,0.0,1.0,1.16,0,28.6
1906,2,101.99,50.28,-1.254,1.0,0.0,0.008,0.11,1,
1906,3,94.62,37.22,-2.778,0.999,0.0,0.047,0.12,3,
1907,0,39.44,127.98,0.041,1.0,0.0,-0.037,0.088,2,10.3
1907,1,51.94,42.53,2.161,0.71,0.0,1.0,1.065,0,27.8
1907,2,102.04,50.17,-1.252,1.0,0.0,0.008,0.112,1,
1907,3,94.5,37.21,-2.771,0.999,0.0,0.046,0.12,4,
1908,0,39.5,128.05,0.035,1.0,0.0,-0.037,0.088,1,10.3
1908,1,51.34,43.42,2.217,0.719,0.0,1.0,1.078,0,27.0
1908,2,102.08,50.07,-1.251,1.0,0.0,0.008,0.114,1,
1908,3,94.38,37.19,-2.764,0.999,0.0,0.046,0.119,3,
1909,0,39.56,128.11,0.029,1.0,0.0,-0.037,0.088,8,10.2
1909,1,50.68,44.31,2.291,0.738,0.0,1.0,1.107,0,26.2
1909,2,102.12,49.96,-1.25,1.0,0.0,0.009,0.116,1,
1909,3,94.26,37.18,-2.756,0.999,0.0,0.046,0.118,4,
1910,0,39.63,128.17,0.023,1.0,0.0,-0.038,0.088,1,10.1
1910,1,49.92,45.17,2.382,0.768,0.0,0.993,1.152,0,25.4
1910,2,102.16,49.85,-1.248,1.0,0.0,0.009,0.118,1,
1910,3,94.15,37.17,-2.749,0.999,0.0,0.046,0.117,4,
1911,0,39.69,128.23,0.017,1.0,0.0,-0.038,0.088,8,10.1
1911,1,49.04,46.01,2.491,0.806,0.0,0.904,1.21,0,24.4
1911,2,102.2,49.74,-1.247,1.0,0.0,0.009,0.119,1,
1911,3,94.03,37.15,-2.742,0.999,0.0,0.046,0.116,4,
1912,0,39.75,128.29,0.011,1.0,0.0,-0.038,0.088,1,10.0
1912,1,48.02,46.78,2.615,0.851,0.0,0.79,1.276,0,23.3
1912,2,102.24,49.62,-1.245,1.0,0.0,0.01,0.12,0,
1912,3,93.92,37.14,-2.735,0.999,0.0,0.045,0.116,8,
1913,0,39.82,128.35,0.005,1.0,0.0,-0.038,0.088,1,10.0
1913,1,46.86,47.46,2.722,0.897,0.0,0.654,1.346,0,22.1
1913,2,102.34,49.44,-1.244,1.0,0.0,0.01,0.214,1,
1913,3,93.78,37.12,-2.728,1.0,0.0,0.045,0.138,3,
1914,0,39.88,128.41,-0.018,0.681,0.0,-1.0,0.088,8,12.5
1914,1,45.59,48.02,2.811,0.929,0.0,0.54,1.394,0,20.8
1914,2,102.38,49.32,-1.242,1.0,0.0,0.009,0.12,0,
1914,3,93.66,37.1,-2.72,0.999,0.0,0.047,0.116,1,
1915,0,39.88,128.41,-0.059,0.0,0.0,-1.0,0.0,8,97.5
1915,1,44.24,48.49,2.883,0.951,0.0,0.448,1.427,0,19.5
1915,2,102.48,49.12,-1.241,1.0,0.0,0.009,0.222,1,
1915,3,93.53,37.08,-2.713,0.999,0.0,0.046,0.133,11,
1916,0,39.88,128.41,-0.118,0.0,0.0,-1.0,0.0,8,97.5
1916,1,42.84,48.86,2.942,0.965,0.0,0.378,1.448,0,18.1
1916,2,102.52,49.01,-1.24,1.0,0.0,0.009,0.12,0,
1916,3,93.42,37.06,-2.706,0.999,0.0,0.047,0.116,1,
1917,0,39.88,128.41,-0.194,0.0,0.0,-1.0,0.0,8,97.5
1917,1,41.41,49.15,2.993,0.975,0.0,0.323,1.462,0,16.7
1917,2,102.61,48.8,-1.238,1.0,0.0,0.009,0.23,1,
1917,3,93.29,37.04,-2.698,0.999,0.0,0.047,0.127,3,
1918,0,39.88,128.41,-0.287,0.0,0.0,-1.0,0.0,8,97.5
1918,1,39.95,49.37,3.036,0.981,0.0,0.279,1.472,0,15.2
1918,2,102.65,48.68,-1.236,1.0,0.0,0.01,0.12,0,
1918,3,93.18,37.01,-2.691,0.999,0.0,0.047,0.116,1,
1919,0,39.88,128.41,-0.398,0.0,0.0,-1.0,0.0,8,97.5
1919,1,38.48,49.52,3.075,0.986,0.0,0.243,1.478,0,13.8
1919,2,102.73,48.46,-1.235,1.0,0.0,0.01,0.237,1,
1919,3,93.06,36.99,-2.684,0.999,0.0,0.046,0.12,11,
1920,0,39.92,128.45,-0.527,0.101,0.0,-1.0,0.05,1,97.5
1920,1,37.19,49.61,3.095,0.0,0.0,0.0,1.289,1,
1920,2,102.77,48.36,-1.233,1.0,0.0,0.011,0.115,1,
1920,3,93.0,36.98,-2.694,0.04,0.0,-1.0,0.064,4,
1921,0,39.95,128.47,-0.673,0.226,0.0,-1.0,0.036,1,97.5
1921,1,37.19,49.61,3.098,0.0,0.0,0.0,0.0,0,
1921,2,102.81,48.24,-1.232,1.0,0.0,0.009,0.119,1,
1921,3,92.93,36.96,-2.722,0.049,0.0,-1.0,0.073,10,
1922,0,39.96,128.48,-0.83,0.364,0.0,-1.0,0.019,1,97.5
1922,1,37.19,49.61,3.098,0.0,0.0,0.0,0.0,0,
1922,2,102.85,48.13,-1.23,1.0,0.0,0.009,0.12,0,
1922,3,92.82,36.94,-2.767,0.076,0.0,-1.0,0.112,8,
1923,0,39.96,128.48,-0.987,0.504,0.0,-1.0,0.0,1,97.5
1923,1,37.19,49.61,3.098,0.0,0.0,0.0,0.0,0,
1923,2,102.93,47.9,-1.229,1.0,0.0,0.008,0.24,0,
1923,3,92.7,36.91,-2.83,0.12,0.0,-1.0,0.119,1,
1924,0,39.95,128.47,-1.144,0.633,0.0,-1.0,0.019,8,97.5
1924,1,37.19,49.61,3.098,0.0,0.0,0.0,0.0,0,
1924,2,103.07,47.58,-1.228,1.0,0.0,0.01,0.349,1,
1924,3,92.57,36.88,-2.91,0.181,0.0,-1.0,0.138,3,
1925,0,39.92,128.45,-1.301,0.747,0.0,-1.0,0.037,2,97.5
1925,1,37.19,49.61,3.098,0.0,0.0,0.0,0.0,0,
1925,2,103.12,47.47,-1.226,1.0,0.0,0.009,0.12,0,
1925,3,92.45,36.85,-3.008,0.258,0.0,-1.0,0.12,0,
1926,0,39.88,128.41,-1.441,0.843,0.0,-0.812,0.055,1,97.5
1926,1,37.19,49.61,3.098,0.0,0.0,0.0,0.0,0,
1926,2,103.2,47.24,-1.225,1.0,0.0,0.008,0.24,0,
1926,3,92.21,36.82,-3.123,0.35,0.0,-1.0,0.24,0,
1927,0,39.83,128.36,-1.563,0.91,0.0,-0.609,0.07,1,97.5
1927,1,37.19,49.61,3.098,0.0,0.0,0.0,0.0,0,
1927,2,103.32,46.91,-1.223,1.0,0.0,0.009,0.36,0,
1927,3,91.85,36.81,3.028,0.453,0.0,-1.0,0.36,0,
1928,0,39.77,128.3,-1.668,0.955,0.0,-0.431,0.082,1,97.5
1928,1,37.19,49.61,3.098,0.0,0.0,0.0,0.0,0,
1928,2,103.48,46.45,-1.222,1.0,0.0,0.01,0.48,0,
1928,3,91.38,36.87,2.877,0.564,0.0,-1.0,0.48,0,
1929,0,39.7,128.24,-1.755,0.981,0.0,-0.276,0.091,8,97.5
1929,1,37.19,49.61,3.098,0.0,0.0,0.0,0.0,0,
1929,2,103.69,45.89,-1.22,1.0,0.0,0.011,0.6,0,
1929,3,90.8,37.02,2.72,0.678,0.0,-1.0,0.6,0,
1930,0,39.63,128.17,-1.824,0.995,0.0,-0.146,0.098,1,97.5
1930,1,37.19,49.61,3.098,0.0,0.0,0.0,0.0,0,
1930,2,103.93,45.21,-1.219,1.0,0.0,0.011,0.72,0,
1930,3,90.14,37.32,2.569,0.782,0.0,-0.962,0.72,0,
1931,0,39.56,128.1,-1.876,1.0,0.0,-0.04,0.103,1,97.5
1931,1,37.19,49.61,3.098,0.0,0.0,0.0,0.0,0,
1931,2,104.22,44.43,-1.217,1.0,0.0,0.009,0.84,0,
1931,3,89.44,37.77,2.436,0.864,0.0,-0.753,0.84,0,
1932,0,39.48,128.02,-1.911,1.0,0.0,0.04,0.107,8,97.4
1932,1,37.19,49.61,3.098,0.0,0.0,0.0,0.0,0,
1932,2,104.56,43.53,-1.216,1.0,0.0,0.005,0.96,0,
1932,3,88.7,38.39,2.32,0.922,0.0,-0.569,0.96,0,
1933,0,39.41,127.95,-1.928,0.998,0.0,0.097,0.109,8,97.4
1933,1,37.19,49.61,3.098,0.0,0.0,0.0,0.0,0,
1933,2,104.93,42.51,-1.217,1.0,0.0,-0.002,1.08,0,
1933,3,87.97,39.19,2.221,0.959,0.0,-0.409,1.08,0,
1934,0,39.33,127.87,-1.928,0.996,0.0,0.128,0.11,1,97.4
1934,1,37.19,49.61,3.098,0.0,0.0,0.0,0.0,0,
1934,2,105.35,41.39,-1.219,1.0,0.0,-0.013,1.2,0,
1934,3,87.24,40.14,2.14,0.982,0.0,-0.272,1.2,0,
1935,0,39.25,127.79,-1.91,0.996,0.0,0.134,0.111,1,97.4
1935,1,37.19,49.61,3.098,0.0,0.0,0.0,0.0,0,
1935,2,105.8,40.15,-1.223,1.0,0.0,-0.028,1.32,0,
1935,3,86.53,41.25,2.076,0.999,0.0,-0.062,1.32,0,
1936,0,39.18,127.71,-1.891,0.997,0.0,0.116,0.11,2,97.4
1936,1,37.19,49.61,3.098,0.0,0.0,0.0,0.0,0,
1936,2,106.29,38.79,-1.231,0.999,0.0,-0.049,1.44,0,
1936,3,85.83,42.51,2.03,0.996,0.0,0.134,1.44,0,
1937,0,39.1,127.62,-1.876,0.998,0.0,0.097,0.11,8,97.3
1937,1,37.19,49.61,3.098,0.0,0.0,0.0,0.0,0,
1937,2,106.79,37.38,-1.243,0.999,0.0,-0.077,1.498,0,
1937,3,85.18,43.82,2.002,0.976,0.0,0.313,1.464,0,
1938,0,39.03,127.54,-1.863,0.998,0.0,0.082,0.11,8,97.3
1938,1,37.19,49.61,3.098,0.0,0.0,0.0,0.0,0,
1938,2,107.27,35.97,-1.26,0.997,0.0,-0.109,1.496,0,
1938,3,84.59,45.12,1.991,0.947,0.0,0.467,1.421,0,
1939,0,38.96,127.46,-1.852,0.999,0.0,0.071,0.109,1,97.3
1939,1,37.19,49.61,3.098,0.0,0.0,0.0,0.0,0,
1939,2,107.73,34.55,-1.283,0.995,0.0,-0.144,1.492,0,
1939,3,84.03,46.37,1.997,0.916,0.0,0.589,1.374,0,
1940,0,38.89,127.38,-1.842,0.999,0.0,0.062,0.109,1,97.3
1940,1,37.19,49.61,3.098,0.0,0.0,0.0,0.0,0,
1940,2,108.15,33.12,-1.311,0.992,0.0,-0.181,1.488,0,
1940,3,83.48,47.58,2.021,0.89,0.0,0.678,1.334,0,
1941,0,38.82,127.3,-1.834,0.999,0.0,0.056,0.109,8,97.2
1941,1,37.19,49.61,3.098,0.0,0.0,0.0,0.0,0,
1941,2,108.53,31.69,-1.346,0.988,0.0,-0.219,1.482,0,
1941,3,82.91,48.76,2.062,0.871,0.0,0.733,1.307,0,
1942,0,38.75,127.21,-1.826,0.999,0.0,0.05,0.109,8,97.2
1942,1,37.19,49.61,3.098,0.0,0.0,0.0,0.0,0,
1942,2,108.86,30.25,-1.386,0.984,0.0,-0.258,1.476,0,
1942,3,82.3,49.9,2.121,0.864,0.0,0.755,1.295,0,
1943,0,38.68,127.13,-1.818,0.999,0.0,0.046,0.109,8,97.2
1943,1,37.19,49.61,3.098,0.0,0.0,0.0,0.0,0,
1943,2,109.13,28.8,-1.433,0.979,0.0,-0.295,1.468,0,
1943,3,81.62,51.01,2.198,0.868,0.0,0.743,1.302,0,
1944,0,38.61,127.04,-1.812,1.0,0.0,0.043,0.109,1,97.2
1944,1,37.19,49.61,3.098,0.0,0.0,0.0,0.0,0,
1944,2,109.33,27.36,-1.485,0.973,0.0,-0.332,1.46,0,
1944,3,80.84,52.09,2.292,0.883,0.0,0.697,1.325,0,
1945,0,38.54,126.96,-1.805,1.0,0.0,0.041,0.109,1,97.1
1945,1,37.19,49.61,3.098,0.0,0.0,0.0,0.0,0,
1945,2,109.46,25.91,-1.542,0.967,0.0,-0.365,1.451,0,
1945,3,79.94,53.11,2.388,0.909,0.0,0.614,1.363,0,
1946,0,38.47,126.87,-1.799,1.0,0.0,0.039,0.109,1,97.1
1946,1,37.19,49.61,3.098,0.0,0.0,0.0,0.0,0,
1946,2,109.5,24.47,-1.604,0.962,0.0,-0.396,1.443,0,
1946,3,78.92,54.07,2.469,0.936,0.0,0.516,1.403,0,
1947,0,38.41,126.78,-1.793,1.0,0.0,0.038,0.11,1,97.1
1947,1,37.19,49.61,3.098,0.0,0.0,0.0,0.0,0,
1947,2,109.45,23.04,-1.67,0.957,0.0,-0.421,1.435,0,
1947,3,77.8,54.96,2.536,0.956,0.0,0.424,1.434,0,
1948,0,38.34,126.69,-1.787,1.0,0.0,0.037,0.11,8,97.0
1948,1,37.19,49.61,3.098,0.0,0.0,0.0,0.0,0,
1948,2,109.31,21.61,-1.74,0.953,0.0,-0.442,1.429,0,
1948,3,76.6,55.79,2.589,0.972,0.0,0.339,1.458,0,
1949,0,38.28,126.61,-1.782,1.0,0.0,0.036,0.11,1,97.0
1949,1,37.19,49.61,3.098,0.0,0.0,0.0,0.0,0,
1949,2,109.07,20.21,-1.811,0.949,0.0,-0.456,1.424,0,
1949,3,75.34,56.57,2.63,0.984,0.0,0.258,1.476,0,
1950,0,38.21,126.52,-1.776,1.0,0.0,0.036,0.11,1,97.0
1950,1,37.19,49.61,3.098,0.0,0.0,0.0,0.0,0,
1950,2,108.73,18.83,-1.884,0.948,0.0,-0.465,1.421,0,
1950,3,74.04,57.3,2.658,0.992,0.0,0.181,1.488,0,
1951,0,38.15,126.43,-1.77,1.0,0.0,0.035,0.11,1,96.9
1951,1,37.19,49.61,3.098,0.0,0.0,0.0,0.0,0,
1951,2,108.29,17.48,-1.958,0.947,0.0,-0.467,1.421,0,
1951,3,72.72,57.99,2.675,0.997,0.0,0.107,1.496,0,
1952,0,38.08,126.34,-1.765,1.0,0.0,0.035,0.11,8,96.9
1952,1,37.19,49.61,3.098,0.0,0.0,0.0,0.0,0,
1952,2,107.76,16.16,-2.03,0.948,0.0,-0.463,1.422,0,
1952,3,71.38,58.67,2.681,1.0,0.0,0.036,1.5,0,
1953,0,38.02,126.25,-1.759,1.0,0.0,0.035,0.111,1,96.9
1953,1,37.19,49.61,3.098,0.0,0.0,0.0,0.0,0,
1953,2,107.12,14.88,-2.097,0.956,0.0,-0.424,1.435,0,
1953,3,70.04,59.33,2.675,1.0,0.0,-0.033,1.5,0,
1954,0,37.96,126.15,-1.754,1.0,0.0,0.035,0.111,1,96.8
1954,1,37.19,49.61,3.098,0.0,0.0,0.0,0.0,0,
1954,2,106.39,13.62,-2.154,0.967,0.0,-0.365,1.451,0,
1954,3,68.68,59.95,2.66,0.998,0.0,-0.1,1.485,8,
1955,0,37.9,126.06,-1.748,1.0,0.0,0.035,0.111,2,96.8
1955,1,37.19,49.61,3.098,0.0,0.0,0.0,0.0,0,
1955,2,105.59,12.4,-2.204,0.975,0.0,-0.319,1.463,0,
1955,3,68.57,59.98,2.633,0.993,0.0,-0.17,0.118,1,
1956,0,37.84,125.97,-1.743,1.0,0.0,0.035,0.111,8,96.7
1956,1,37.19,49.61,3.098,0.0,0.0,0.0,0.0,0,
1956,2,104.71,11.22,-2.249,0.981,0.0,-0.281,1.471,0,
1956,3,68.46,60.01,2.611,0.995,0.0,-0.142,0.117,8,
1957,0,37.78,125.87,-1.737,1.0,0.0,0.035,0.111,8,96.7
1957,1,37.19,49.61,3.098,0.0,0.0,0.0,0.0,0,
1957,2,103.79,10.07,-2.288,0.984,0.0,-0.252,1.477,0,
1957,3,68.35,60.05,2.592,0.996,0.0,-0.12,0.117,1,
1958,0,37.72,125.78,-1.732,1.0,0.0,0.035,0.111,1,96.7
1958,1,37.19,49.61,3.098,0.0,0.0,0.0,0.0,0,
1958,2,102.81,8.95,-2.324,0.987,0.0,-0.231,1.48,0,
1958,3,68.24,60.08,2.576,0.997,0.0,-0.102,0.116,8,
1959,0,37.66,125.68,-1.726,1.0,0.0,0.036,0.111,1,96.6
1959,1,37.19,49.61,3.098,0.0,0.0,0.0,0.0,0,
1959,2,101.91,7.99,-2.378,0.0,0.0,-1.0,1.32,0,
1959,3,68.12,60.12,2.562,0.998,0.0,-0.089,0.116,8,
1960,0,37.61,125.59,-1.72,1.0,0.0,0.036,0.112,1,96.6
1960,1,37.19,49.63,3.116,0.99,0.0,0.203,0.017,1,12.5
1960,2,101.07,7.5,-2.449,0.0,0.0,-1.0,0.97,1,
1960,3,68.12,60.12,2.53,0.0,0.0,-1.0,0.0,8,
1961,0,37.55,125.49,-1.715,1.0,0.0,0.036,0.112,8,96.5
1961,1,37.19,49.64,-3.139,0.992,0.0,0.18,0.015,1,12.5
1961,2,101.07,7.5,-2.538,0.0,0.0,-1.0,0.0,0,
1961,3,68.12,60.12,2.481,0.0,0.0,-1.0,0.0,8,
1962,0,37.5,125.39,-1.709,1.0,0.0,0.036,0.112,2,96.5
1962,1,37.19,49.66,-3.117,0.995,0.0,0.141,0.012,8,12.5
1962,2,101.07,7.5,-2.644,0.0,0.0,-1.0,0.0,0,
1962,3,68.12,60.12,2.415,0.0,0.0,-1.0,0.0,8,
1963,0,37.44,125.3,-1.703,1.0,0.0,0.036,0.112,8,96.4
1963,1,37.19,49.67,-3.099,0.997,0.0,0.111,0.009,8,12.5
1963,2,101.07,7.5,-2.768,0.0,0.0,-1.0,0.0,0,
1963,3,68.12,60.12,2.331,0.0,0.0,-1.0,0.0,8,
1964,0,37.39,125.2,-1.698,1.0,0.0,0.036,0.112,8,96.4
1964,1,37.19,49.67,-3.086,0.998,0.0,0.087,0.007,1,12.5
1964,2,101.07,7.5,-2.909,0.0,0.0,-1.0,0.0,0,
1964,3,68.12,60.12,2.229,0.0,0.0,-1.0,0.0,8,
1965,0,37.33,125.1,-1.692,1.0,0.0,0.037,0.112,1,96.4
1965,1,37.19,49.68,-3.075,0.999,0.0,0.068,0.006,1,12.5
1965,2,100.97,7.5,-3.066,0.074,0.0,-1.0,0.107,1,
1965,3,68.12,60.12,2.11,0.0,0.0,-1.0,0.0,8,
1966,0,37.28,125.0,-1.686,1.0,0.0,0.037,0.112,1,96.3
1966,1,37.19,49.68,-3.067,0.999,0.0,0.054,0.005,1,12.5
1966,2,100.85,7.5,3.06,0.223,0.0,-1.0,0.12,1,
1966,3,68.12,60.12,1.974,0.0,0.0,-1.0,0.0,8,
1967,0,37.23,124.9,-1.68,1.0,0.0,0.037,0.113,1,96.3
1967,1,37.19,49.69,-3.06,1.0,0.0,0.042,0.004,1,12.5
1967,2,100.73,7.51,2.903,0.367,0.0,-1.0,0.12,0,
1967,3,68.12,60.12,1.82,0.0,0.0,-1.0,0.0,8,
1968,0,37.18,124.8,-1.675,1.0,0.0,0.037,0.113,1,96.2
1968,1,37.19,49.69,-3.055,1.0,0.0,0.033,0.003,1,12.5
1968,2,100.49,7.57,2.746,0.503,0.0,-1.0,0.24,0,
1968,3,68.12,60.12,1.663,0.0,0.0,-1.0,0.0,8,
1969,0,37.13,124.7,-1.669,1.0,0.0,0.037,0.113,1,96.2
1969,1,37.19,49.69,-3.051,1.0,0.0,0.026,0.002,1,12.5
1969,2,100.16,7.71,2.588,0.623,0.0,-1.0,0.36,0,
1969,3,68.12,60.12,1.506,0.0,0.0,-1.0,0.0,8,
1970,0,37.08,124.6,-1.663,1.0,0.0,0.038,0.113,1,96.1
1970,1,37.19,49.69,-3.047,1.0,0.0,0.02,0.002,1,12.5
1970,2,99.75,7.96,2.431,0.727,0.0,-1.0,0.48,0,
1970,3,68.12,60.12,1.349,0.0,0.0,-1.0,0.0,8,
1971,0,37.03,124.49,-1.657,1.0,0.0,0.038,0.113,8,96.1
1971,1,37.19,49.69,-3.045,1.0,0.0,0.016,0.001,1,12.5
1971,2,99.3,8.35,2.292,0.814,0.0,-0.885,0.6,0,
1971,3,68.12,60.12,1.192,0.0,0.0,-1.0,0.0,8,
1972,0,36.99,124.39,-1.651,1.0,0.0,0.038,0.113,8,96.0
1972,1,37.19,49.7,-3.043,1.0,0.0,0.013,0.001,8,12.5
1972,2,98.82,8.89,2.17,0.877,0.0,-0.715,0.72,0,
1972,3,68.12,60.12,1.035,0.0,0.0,-1.0,0.0,8,
1973,0,36.94,124.29,-1.645,1.0,0.0,0.038,0.113,1,95.9
1973,1,37.19,49.7,-3.041,1.0,0.0,0.01,0.001,1,12.5
1973,2,98.35,9.58,2.065,0.921,0.0,-0.571,0.84,0,
1973,3,68.15,60.11,0.877,0.132,0.0,-1.0,0.027,1,
1974,0,36.89,124.18,-1.639,1.0,0.0,0.038,0.113,1,95.9
1974,1,37.19,49.7,-3.04,1.0,0.0,0.008,0.001,1,12.5
1974,2,97.89,10.43,1.978,0.95,0.0,-0.452,0.96,0,
1974,3,68.19,60.09,0.72,0.286,0.0,-1.0,0.045,1,
1975,0,36.85,124.08,-1.633,1.0,0.0,0.039,0.114,1,95.8
1975,1,37.19,49.7,-3.039,1.0,0.0,0.006,0.001,1,12.5
1975,2,97.47,11.42,1.908,0.969,0.0,-0.357,1.08,0,
1975,3,68.25,60.08,0.563,0.432,0.0,-1.0,0.062,1,
1976,0,36.81,123.97,-1.627,1.0,0.0,0.039,0.114,8,95.8
1976,1,37.19,49.7,-3.038,1.0,0.0,0.005,0.0,1,12.5
1976,2,97.09,12.34,1.856,0.98,0.0,-0.286,0.995,1,
1976,3,68.33,60.05,0.406,0.568,0.0,-1.0,0.078,8,
1977,0,36.76,123.87,-1.621,1.0,0.0,0.039,0.114,1,95.7
1977,1,37.19,49.7,-3.038,1.0,0.0,0.004,0.0,1,12.5
1977,2,97.07,12.34,1.819,0.986,0.0,-0.24,0.02,1,
1977,3,68.41,60.03,0.249,0.689,0.0,-1.0,0.092,1,
1978,0,36.72,123.76,-1.614,1.0,0.0,0.039,0.114,2,95.7
1978,1,37.19,49.7,-3.037,1.0,0.0,0.003,0.0,1,12.5
1978,2,97.06,12.34,1.789,0.991,0.0,-0.188,0.016,1,
1978,3,68.51,60.0,0.102,0.794,0.0,-0.934,0.103,1,
1979,0,36.68,123.65,-1.608,1.0,0.0,0.039,0.114,8,95.6
1979,1,37.19,49.7,-3.037,1.0,0.0,0.002,0.0,8,12.5
1979,2,97.04,12.34,1.766,0.995,0.0,-0.148,0.013,1,
1979,3,68.62,59.97,-0.027,0.874,0.0,-0.725,0.112,8,
1980,0,36.64,123.55,-1.602,1.0,0.0,0.039,0.114,1,95.5
1980,1,37.19,49.7,-3.037,1.0,0.0,0.002,0.0,1,12.5
1980,2,97.03,12.34,1.748,0.997,0.0,-0.116,0.01,1,
1980,3,68.73,59.93,-0.138,0.929,0.0,-0.541,0.117,1,
1981,0,36.6,123.44,-1.596,1.0,0.0,0.04,0.114,8,95.5
1981,1,37.19,49.7,-3.037,1.0,0.0,0.001,0.0,8,12.5
1981,2,97.03,12.34,1.733,0.998,0.0,-0.091,0.008,1,
1981,3,68.85,59.9,-0.233,0.964,0.0,-0.382,0.119,1,
1982,0,36.57,123.33,-1.59,1.0,0.0,0.04,0.114,8,95.4
1982,1,37.19,49.7,-3.036,1.0,0.0,0.001,0.0,1,12.5
1982,2,97.02,12.33,1.722,0.999,0.0,-0.072,0.006,2,
1982,3,68.97,59.87,-0.309,0.985,0.0,-0.249,0.12,1,
1983,0,36.53,123.22,-1.583,1.0,0.0,0.04,0.114,1,95.4
1983,1,37.19,49.7,-3.036,1.0,0.0,0.001,0.0,1,12.5
1983,2,97.02,12.33,1.713,0.999,0.0,-0.056,0.005,2,
1983,3,69.08,59.84,-0.368,0.995,0.0,-0.14,0.12,0,
1984,0,36.49,123.12,-1.577,1.0,0.0,0.04,0.115,1,95.3
1984,1,37.19,49.7,-3.036,1.0,0.0,0.001,0.0,1,12.5
1984,2,97.01,12.33,1.706,1.0,0.0,-0.044,0.004,1,
1984,3,69.3,59.75,-0.41,0.999,0.0,-0.056,0.24,0,
1985,0,36.46,123.01,-1.571,1.0,0.0,0.04,0.115,1,95.2
1985,1,37.19,49.7,-3.036,1.0,0.0,0.001,0.0,2,12.5
1985,2,97.01,12.33,1.701,1.0,0.0,-0.035,0.003,1,
1985,3,69.63,59.61,-0.434,1.0,0.0,0.003,0.36,0,
1986,0,36.42,122.9,-1.564,1.0,0.0,0.04,0.115,1,95.2
1986,1,37.19,49.7,-3.036,1.0,0.0,0.0,0.0,1,12.5
1986,2,97.01,12.33,1.697,1.0,0.0,-0.027,0.002,1,
1986,3,70.07,59.41,-0.441,1.0,0.0,0.038,0.48,0,
1987,0,36.39,122.79,-1.558,1.0,0.0,0.04,0.115,1,95.1
1987,1,37.19,49.7,-3.036,1.0,0.0,0.0,0.0,1,12.5
1987,2,97.01,12.33,1.693,1.0,0.0,-0.021,0.002,1,
1987,3,70.61,59.15,-0.433,0.999,0.0,0.048,0.6,0,
1988,0,36.36,122.68,-1.552,1.0,0.0,0.041,0.115,1,95.0
1988,1,37.19,49.7,-3.036,1.0,0.0,0.0,0.0,8,12.5
1988,2,97.0,12.33,1.691,1.0,0.0,-0.017,0.001,1,
1988,3,71.27,58.85,-0.427,1.0,0.0,0.038,0.72,0,
1989,0,36.33,122.57,-1.545,1.0,0.0,0.041,0.115,1,95.0
1989,1,37.19,49.7,-3.036,1.0,0.0,0.0,0.0,1,12.5
1989,2,97.0,12.33,1.689,1.0,0.0,-0.013,0.001,1,
1989,3,72.03,58.5,-0.423,1.0,0.0,0.031,0.84,0,
1990,0,36.3,122.45,-1.539,1.0,0.0,0.041,0.115,1,94.9
1990,1,37.19,49.7,-3.036,1.0,0.0,0.0,0.0,1,12.5
1990,2,97.0,12.33,1.687,1.0,0.0,-0.01,0.001,1,
1990,3,72.91,58.11,-0.419,1.0,0.0,0.025,0.96,0,
1991,0,36.27,122.34,-1.533,1.0,0.0,0.041,0.115,1,94.8
1991,1,37.19,49.7,-3.036,1.0,0.0,0.0,0.0,1,12.5
1991,2,97.0,12.33,1.686,1.0,0.0,-0.008,0.001,1,
1991,3,73.89,57.67,-0.416,1.0,0.0,0.02,1.08,0,
1992,0,36.24,122.23,-1.526,1.0,0.0,0.041,0.115,1,94.8
1992,1,37.19,49.7,-3.036,1.0,0.0,0.0,0.0,1,12.5
1992,2,97.0,12.33,1.685,1.0,0.0,-0.006,0.001,1,
1992,3,74.99,57.18,-0.413,1.0,0.0,0.017,1.2,0,
1993,0,36.21,122.12,-1.52,1.0,0.0,0.041,0.115,1,94.7
1993,1,37.19,49.7,-3.036,1.0,0.0,0.0,0.0,1,12.5
1993,2,97.0,12.33,1.684,1.0,0.0,-0.005,0.0,1,
1993,3,76.2,56.65,-0.411,1.0,0.0,0.014,1.32,0,
1994,0,36.19,122.01,-1.513,1.0,0.0,0.041,0.116,1,94.6
1994,1,37.19,49.7,-3.036,1.0,0.0,0.0,0.0,1,12.5
1994,2,97.0,12.33,1.683,1.0,0.0,-0.004,0.0,1,
1994,3,77.52,56.08,-0.409,1.0,0.0,0.012,1.44,0,
1995,0,36.16,121.89,-1.507,1.0,0.0,0.041,0.116,8,94.6
1995,1,37.19,49.7,-3.036,1.0,0.0,0.0,0.0,1,12.5
1995,2,97.0,12.33,1.683,1.0,0.0,-0.003,0.0,1,
1995,3,78.9,55.48,-0.407,1.0,0.0,0.01,1.5,0,
1996,0,36.14,121.78,-1.5,1.0,0.0,0.041,0.116,8,94.5
1996,1,37.19,49.7,-3.036,1.0,0.0,0.0,0.0,1,12.5
1996,2,97.0,12.33,1.683,1.0,0.0,-0.002,0.0,2,
1996,3,80.27,54.89,-0.406,1.0,0.0,0.008,1.5,0,
1997,0,36.11,121.67,-1.494,1.0,0.0,0.041,0.116,1,94.4
1997,1,37.19,49.7,-3.036,1.0,0.0,0.0,0.0,1,12.5
1997,2,97.0,12.33,1.682,1.0,0.0,-0.002,0.0,2,
1997,3,81.65,54.29,-0.405,1.0,0.0,0.007,1.5,0,
1998,0,36.09,121.55,-1.487,1.0,0.0,0.042,0.116,8,94.3
1998,1,37.19,49.7,-3.036,1.0,0.0,0.0,0.0,1,12.5
1998,2,97.0,12.33,1.682,1.0,0.0,-0.001,0.0,1,
1998,3,83.03,53.7,-0.404,1.0,0.0,0.006,1.5,0,
1999,0,36.07,121.44,-1.481,1.0,0.0,0.042,0.116,1,94.3
1999,1,37.19,49.7,-3.036,1.0,0.0,0.0,0.0,8,12.5
1999,2,97.0,12.33,1.682,1.0,0.0,-0.001,0.0,1,
1999,3,84.41,53.11,-0.403,1.0,0.0,0.006,1.5,0,
2000,0,36.05,121.32,-1.474,1.0,0.0,0.042,0.116,8,94.2
2000,1,37.19,49.7,-3.036,1.0,0.0,0.0,0.0,8,12.5
2000,2,97.0,12.33,1.699,0.427,0.0,1.0,0.0,1,
2000,3,85.79,52.52,-0.409,1.0,0.0,-0.037,1.499,0,
2001,0,36.03,121.21,-1.468,1.0,0.0,0.042,0.116,1,94.1
2001,1,37.19,49.7,-3.036,1.0,0.0,0.0,0.0,1,12.5
2001,2,97.0,12.33,1.734,0.443,0.0,1.0,0.002,1,
2001,3,87.16,51.93,-0.421,0.999,0.0,-0.074,1.498,0,
2002,0,36.02,121.09,-1.445,0.995,0.0,0.143,0.116,1,102.9
2002,1,37.19,49.7,-3.036,1.0,0.0,0.0,0.0,8,12.5
2002,2,96.99,12.33,1.786,0.474,0.0,1.0,0.006,1,
2002,3,88.38,51.38,-0.415,0.831,0.0,0.843,1.338,0,
2003,0,36.0,120.98,-1.426,0.996,0.0,0.12,0.116,8,102.8
2003,1,37.19,49.7,-3.036,1.0,0.0,0.0,0.0,8,12.5
2003,2,96.98,12.33,1.856,0.519,0.0,1.0,0.013,1,
2003,3,89.51,50.89,-0.391,0.82,0.0,0.871,1.23,0,
2004,0,35.98,120.87,-1.41,0.997,0.0,0.102,0.116,1,102.8
2004,1,37.19,49.7,-3.036,1.0,0.0,0.0,0.0,1,12.5
2004,2,96.96,12.33,1.943,0.578,0.0,1.0,0.021,1,
2004,3,90.64,50.42,-0.35,0.818,0.0,0.874,1.228,0,
2005,0,35.97,120.75,-1.396,0.998,0.0,0.088,0.115,2,102.7
2005,1,37.19,49.7,-3.036,1.0,0.0,0.0,0.0,1,12.5
2005,2,96.92,12.32,2.048,0.648,0.0,1.0,0.032,1,
2005,3,91.81,49.99,-0.292,0.827,0.0,0.854,1.24,0,
2006,0,35.96,120.64,-1.384,0.999,0.0,0.077,0.115,1,102.7
2006,1,37.19,49.7,-3.036,1.0,0.0,0.0,0.0,1,12.5
2006,2,96.88,12.32,2.171,0.725,0.0,1.0,0.044,1,
2006,3,93.02,49.63,-0.216,0.844,0.0,0.809,1.266,0,
2007,0,35.94,120.52,-1.373,0.999,0.0,0.069,0.115,1,102.6
2007,1,37.19,49.7,-3.036,1.0,0.0,0.0,0.0,8,12.5
2007,2,96.82,12.31,2.31,0.805,0.0,0.907,0.058,2,
2007,3,94.29,49.35,-0.123,0.869,0.0,0.74,1.303,0,
2008,0,35.93,120.41,-1.364,0.999,0.0,0.063,0.115,8,102.5
2008,1,37.19,49.7,-3.036,1.0,0.0,0.0,0.0,1,12.5
2008,2,96.75,12.31,2.433,0.881,0.0,0.704,0.073,1,
2008,3,95.63,49.19,-0.021,0.899,0.0,0.646,1.349,0,
2009,0,35.92,120.29,-1.355,0.999,0.0,0.058,0.115,8,102.5
2009,1,37.19,49.7,-3.036,1.0,0.0,0.0,0.0,1,12.5
2009,2,96.67,12.3,2.537,0.934,0.0,0.524,0.084,2,
2009,3,97.03,49.16,0.064,0.93,0.0,0.539,1.394,0,
2010,0,35.91,120.18,-1.346,0.999,0.0,0.054,0.115,1,102.4
2010,1,37.19,49.7,-3.036,1.0,0.0,0.0,0.0,2,12.5
2010,2,96.57,12.29,2.625,0.967,0.0,0.368,0.093,1,
2010,3,98.45,49.25,0.135,0.95,0.0,0.453,1.425,0,
2011,0,35.9,120.06,-1.338,0.999,0.0,0.051,0.115,8,102.3
2011,1,37.19,49.7,-3.036,1.0,0.0,0.0,0.0,1,12.5
2011,2,96.47,12.29,2.695,0.986,0.0,0.237,0.1,1,
2011,3,99.88,49.44,0.195,0.964,0.0,0.384,1.446,0,
2012,0,35.9,119.95,-1.33,0.999,0.0,0.049,0.115,1,102.3
2012,1,37.19,49.7,-3.036,1.0,0.0,0.0,0.0,1,12.5
2012,2,96.37,12.28,2.747,0.996,0.0,0.13,0.105,1,
2012,3,101.31,49.72,0.247,0.974,0.0,0.328,1.461,0,
2013,0,35.89,119.83,-1.323,0.999,0.0,0.047,0.115,1,102.2
2013,1,37.19,49.7,-3.036,1.0,0.0,0.0,0.0,1,12.5
2013,2,96.26,12.27,2.782,0.999,0.0,0.048,0.108,1,
2013,3,102.74,50.08,0.291,0.98,0.0,0.283,1.471,0,
2014,0,35.89,119.72,-1.316,0.999,0.0,0.046,0.115,1,102.1
2014,1,37.19,49.7,-3.036,1.0,0.0,0.0,0.0,1,12.5
2014,2,96.15,12.27,2.799,1.0,0.0,-0.01,0.11,1,
2014,3,104.16,50.51,0.33,0.985,0.0,0.246,1.478,0,
2015,0,35.88,119.6,-1.309,1.0,0.0,0.045,0.115,2,102.1
2015,1,37.19,49.7,-3.036,1.0,0.0,0.0,0.0,1,12.5
2015,2,96.04,12.26,2.799,1.0,0.0,-0.042,0.112,1,
2015,3,105.56,50.99,0.364,0.988,0.0,0.217,1.483,0,
2016,0,35.88,119.49,-1.302,1.0,0.0,0.044,0.115,8,102.0
2016,1,37.19,49.7,-3.036,1.0,0.0,0.0,0.0,1,12.5
2016,2,95.93,12.26,2.791,0.999,0.0,-0.05,0.112,1,
2016,3,106.95,51.52,0.394,0.991,0.0,0.194,1.486,0,
2017,0,35.88,119.37,-1.295,1.0,0.0,0.043,0.115,1,101.9
2017,1,37.19,49.7,-3.036,1.0,0.0,0.0,0.0,1,12.5
2017,2,95.82,12.26,2.784,0.999,0.0,-0.047,0.112,2,
2017,3,107.41,52.4,0.422,0.992,0.0,0.177,0.995,8,
2018,0,35.88,119.26,-1.289,1.0,0.0,0.043,0.115,8,101.9
2018,1,37.19,49.7,-3.036,1.0,0.0,0.0,0.0,1,12.5
2018,2,95.7,12.26,2.777,1.0,0.0,-0.044,0.112,1,
2018,3,107.43,52.48,0.432,0.999,0.0,0.061,0.082,8,
2019,0,35.88,119.14,-1.282,1.0,0.0,0.042,0.116,1,101.8
2019,1,37.19,49.7,-3.036,1.0,0.0,0.0,0.0,1,12.5
2019,2,95.59,12.26,2.77,1.0,0.0,-0.043,0.112,1,
2019,3,107.46,52.55,0.438,1.0,0.0,0.038,0.084,1,
2020,0,35.88,119.03,-1.275,1.0,0.0,0.042,0.116,8,101.7
2020,1,37.19,49.7,-3.036,1.0,0.0,0.0,0.0,1,12.5
2020,2,95.48,12.26,2.763,1.0,0.0,-0.041,0.112,1,
2020,3,107.49,52.63,0.442,1.0,0.0,0.021,0.085,8,
2021,0,35.88,118.91,-1.269,1.0,0.0,0.042,0.116,8,101.7
2021,1,37.19,49.7,-3.036,1.0,0.0,0.0,0.0,1,12.5
2021,2,95.37,12.26,2.757,1.0,0.0,-0.04,0.112,1,
2021,3,107.52,52.72,0.443,0.994,0.0,0.008,0.086,1,
2022,0,35.89,118.8,-1.262,1.0,0.0,0.042,0.116,8,101.6
2022,1,37.19,49.7,-3.036,1.0,0.0,0.0,0.0,1,12.5
2022,2,95.25,12.26,2.751,1.0,0.0,-0.04,0.113,1,
2022,3,107.55,52.8,0.443,0.988,0.0,-0.002,0.086,1,
2023,0,35.89,118.68,-1.255,1.0,0.0,0.042,0.116,1,101.5
2023,1,37.19,49.7,-3.036,1.0,0.0,0.0,0.0,1,12.5
2023,2,95.14,12.27,2.745,1.0,0.0,-0.039,0.113,1,
2023,3,107.58,52.88,0.441,0.982,0.0,-0.011,0.087,8,
2024,0,35.9,118.56,-1.249,1.0,0.0,0.042,0.116,8,101.4
2024,1,37.19,49.7,-3.036,1.0,0.0,0.0,0.0,1,12.5
2024,2,95.03,12.27,2.739,1.0,0.0,-0.039,0.113,1,
2024,3,107.61,52.96,0.438,0.975,0.0,-0.017,0.087,1,
2025,0,35.9,118.45,-1.242,1.0,0.0,0.042,0.116,1,101.4
2025,1,37.19,49.7,-3.036,1.0,0.0,0.0,0.0,8,12.5
2025,2,94.92,12.28,2.733,1.0,0.0,-0.038,0.113,1,
2025,3,107.65,53.04,0.435,0.969,0.0,-0.022,0.088,1,
2026,0,35.91,118.33,-1.236,1.0,0.0,0.042,0.116,8,101.3
2026,1,37.19,49.7,-3.036,1.0,0.0,0.0,0.0,1,12.5
2026,2,94.8,12.28,2.727,1.0,0.0,-0.038,0.113,1,
2026,3,107.68,53.12,0.431,0.963,0.0,-0.026,0.088,1,
2027,0,35.92,118.22,-1.229,1.0,0.0,0.042,0.116,1,101.2
2027,1,37.19,49.7,-3.036,1.0,0.0,0.0,0.0,8,12.5
2027,2,94.69,12.29,2.721,1.0,0.0,-0.038,0.113,1,
2027,3,107.71,53.2,0.426,0.956,0.0,-0.03,0.088,8,
2028,0,35.93,118.1,-1.223,1.0,0.0,0.042,0.116,1,101.1
2028,1,37.19,49.7,-3.036,1.0,0.0,0.0,0.0,1,12.5
2028,2,94.58,12.3,2.715,1.0,0.0,-0.038,0.113,1,
2028,3,107.75,53.29,0.421,0.95,0.0,-0.032,0.089,8,
2029,0,35.94,117.99,-1.216,1.0,0.0,0.042,0.116,1,101.0
2029,1,37.19,49.7,-3.036,1.0,0.0,0.0,0.0,8,12.5
2029,2,94.46,12.31,2.709,1.0,0.0,-0.038,0.113,1,
2029,3,107.78,53.37,0.415,0.944,0.0,-0.034,0.089,1,
2030,0,35.95,117.87,-1.21,1.0,0.0,0.042,0.116,1,101.0
2030,1,37.19,49.7,-3.036,1.0,0.0,0.0,0.0,1,12.5
2030,2,94.35,12.32,2.703,1.0,0.0,-0.038,0.113,1,
2030,3,107.82,53.45,0.41,0.937,0.0,-0.036,0.089,1,
2031,0,35.97,117.75,-1.203,1.0,0.0,0.042,0.117,8,100.9
2031,1,37.19,49.7,-3.036,1.0,0.0,0.0,0.0,1,12.5
2031,2,94.24,12.33,2.697,1.0,0.0,-0.038,0.114,2,
2031,3,107.85,53.53,0.404,0.931,0.0,-0.037,0.089,1,
2032,0,35.98,117.64,-1.196,1.0,0.0,0.042,0.117,8,100.8
2032,1,37.19,49.7,-3.036,1.0,0.0,0.0,0.0,8,12.5
2032,2,94.13,12.35,2.69,1.0,0.0,-0.039,0.114,1,
2032,3,107.89,53.61,0.398,0.925,0.0,-0.038,0.089,8,
2033,0,36.0,117.52,-1.19,1.0,0.0,0.042,0.117,1,100.7
2033,1,37.19,49.7,-3.036,1.0,0.0,0.0,0.0,1,12.5
2033,2,94.01,12.36,2.684,1.0,0.0,-0.039,0.114,2,
2033,3,107.93,53.69,0.392,0.918,0.0,-0.039,0.089,8,
2034,0,36.01,117.41,-1.183,1.0,0.0,0.042,0.117,8,100.6
2034,1,37.19,49.7,-3.036,1.0,0.0,0.0,0.0,1,12.5
2034,2,93.9,12.38,2.678,1.0,0.0,-0.039,0.114,1,
2034,3,107.97,53.77,0.385,0.912,0.0,-0.04,0.089,1,
2035,0,36.03,117.29,-1.177,1.0,0.0,0.042,0.117,1,100.6
2035,1,37.19,49.7,-3.036,1.0,0.0,0.0,0.0,1,12.5
2035,2,93.79,12.39,2.672,1.0,0.0,-0.039,0.114,1,
2035,3,108.01,53.85,0.379,0.905,0.0,-0.041,0.089,8,
2036,0,36.05,117.18,-1.17,1.0,0.0,0.042,0.117,1,100.5
2036,1,37.19,49.7,-3.036,1.0,0.0,0.0,0.0,2,12.5
2036,2,93.67,12.41,2.666,1.0,0.0,-0.039,0.114,2,
2036,3,108.05,53.93,0.372,0.899,0.0,-0.042,0.089,1,
2037,0,36.07,117.06,-1.164,1.0,0.0,0.041,0.117,1,100.4
2037,1,37.19,49.7,-3.036,1.0,0.0,0.0,0.0,1,12.5
2037,2,93.56,12.43,2.66,1.0,0.0,-0.039,0.114,1,
2037,3,108.09,54.01,0.366,0.892,0.0,-0.042,0.089,8,
2038,0,36.09,116.95,-1.157,1.0,0.0,0.041,0.117,1,100.3
2038,1,37.19,49.7,-3.036,1.0,0.0,0.0,0.0,1,12.5
2038,2,93.45,12.45,2.654,1.0,0.0,-0.039,0.114,1,
2038,3,108.13,54.09,0.359,0.886,0.0,-0.043,0.089,8,
2039,0,36.11,116.83,-1.151,1.0,0.0,0.041,0.117,1,100.2
2039,1,37.19,49.7,-3.036,1.0,0.0,0.0,0.0,1,12.5
2039,2,93.34,12.47,2.647,1.0,0.0,-0.04,0.114,1,
2039,3,108.17,54.17,0.352,0.88,0.0,-0.043,0.089,1,
2040,0,36.14,116.72,-1.144,1.0,0.0,0.041,0.117,1,100.1
2040,1,37.19,49.7,-3.036,1.0,0.0,0.0,0.0,8,12.5
2040,2,93.22,12.49,2.659,0.579,0.0,1.0,0.115,2,
2040,3,108.21,54.25,0.328,0.672,0.0,-1.0,0.089,1,
2041,0,36.16,116.6,-1.138,1.0,0.0,0.041,0.117,1,100.0
2041,1,37.19,49.7,-3.036,1.0,0.0,0.0,0.0,1,12.5
2041,2,93.11,12.51,2.687,0.586,0.0,1.0,0.115,2,
2041,3,108.25,54.33,0.286,0.684,0.0,-1.0,0.088,8,
2042,0,36.19,116.49,-1.131,1.0,0.0,0.041,0.117,1,99.9
2042,1,37.19,49.7,-3.036,1.0,0.0,0.0,0.0,8,12.5
2042,2,93.0,12.53,2.734,0.607,0.0,1.0,0.116,1,
2042,3,108.29,54.4,0.227,0.709,0.0,-1.0,0.085,1,
2043,0,36.21,116.37,-1.125,1.0,0.0,0.041,0.117,1,99.9
2043,1,37.19,49.7,-3.036,1.0,0.0,0.0,0.0,1,12.5
2043,2,92.88,12.56,2.798,0.64,0.0,1.0,0.118,2,
2043,3,108.33,54.47,0.15,0.745,0.0,-1.0,0.081,8,
2044,0,36.24,116.26,-1.119,1.0,0.0,0.041,0.117,1,99.8
2044,1,37.19,49.7,-3.036,1.0,0.0,0.0,0.0,1,12.5
2044,2,92.77,12.59,2.879,0.686,0.0,1.0,0.119,1,
2044,3,108.37,54.54,0.056,0.79,0.0,-0.942,0.074,1,
2045,0,36.27,116.14,-1.112,1.0,0.0,0.041,0.118,8,99.7
2045,1,37.19,49.7,-3.036,1.0,0.0,0.0,0.0,8,12.5
2045,2,92.65,12.61,2.978,0.74,0.0,1.0,0.12,2,
2045,3,108.4,54.59,-0.056,0.841,0.0,-0.816,0.065,1,
2046,0,36.3,116.03,-1.106,1.0,0.0,0.041,0.118,1,99.6
2046,1,37.19,49.7,-3.036,1.0,0.0,0.0,0.0,1,12.5
2046,2,92.53,12.63,3.094,0.801,0.0,0.917,0.12,0,
2046,3,108.43,54.64,-0.16,0.894,0.0,-0.664,0.054,8,
2047,0,36.33,115.92,-1.099,1.0,0.0,0.04,0.118,1,99.5
2047,1,37.19,49.7,-3.036,1.0,0.0,0.0,0.0,1,12.5
2047,2,92.29,12.65,-3.071,0.863,0.0,0.755,0.24,0,
2047,3,108.45,54.68,-0.247,0.934,0.0,-0.521,0.043,8,
2048,0,36.36,115.8,-1.093,1.0,0.0,0.04,0.118,1,99.4
2048,1,37.19,49.7,-3.036,1.0,0.0,0.0,0.0,8,12.5
2048,2,91.93,12.62,-2.97,0.915,0.0,0.593,0.36,0,
2048,3,108.47,54.71,-0.316,0.961,0.0,-0.402,0.034,1,
2049,0,36.39,115.69,-1.087,1.0,0.0,0.04,0.118,1,99.3
2049,1,37.19,49.7,-3.036,1.0,0.0,0.0,0.0,8,12.5
2049,2,91.46,12.54,-2.886,0.949,0.0,0.458,0.48,0,
2049,3,108.48,54.73,-0.368,0.977,0.0,-0.307,0.026,1,
2050,0,36.43,115.58,-1.08,1.0,0.0,0.04,0.118,1,99.2
2050,1,37.19,49.7,-3.036,1.0,0.0,0.0,0.0,1,12.5
2050,2,90.88,12.39,-2.82,0.97,0.0,0.348,0.6,0,
2050,3,108.49,54.75,-0.405,0.986,0.0,-0.236,0.02,8,
2051,0,36.46,115.46,-1.074,1.0,0.0,0.04,0.118,1,99.1
2051,1,37.19,49.7,-3.036,1.0,0.0,0.0,0.0,1,12.5
2051,2,90.19,12.16,-2.771,0.983,0.0,0.263,0.72,0,
2051,3,108.5,54.76,-0.434,0.992,0.0,-0.185,0.016,1,
2052,0,36.5,115.35,-1.068,1.0,0.0,0.04,0.118,8,99.0
2052,1,37.19,49.7,-3.036,1.0,0.0,0.0,0.0,8,12.5
2052,2,89.41,11.85,-2.739,0.99,0.0,0.203,0.84,0,
2052,3,108.5,54.77,-0.457,0.995,0.0,-0.145,0.012,1,
2053,0,36.54,115.24,-1.062,1.0,0.0,0.039,0.118,1,98.9
2053,1,37.19,49.7,-3.036,1.0,0.0,0.0,0.0,2,12.5
2053,2,88.53,11.48,-2.713,0.993,0.0,0.166,0.96,0,
2053,3,108.51,54.78,-0.475,0.997,0.0,-0.114,0.01,1,
2054,0,36.58,115.13,-1.056,1.0,0.0,0.039,0.118,1,98.8
2054,1,37.19,49.7,-3.036,1.0,0.0,0.0,0.0,1,12.5
2054,2,87.55,11.03,-2.692,0.995,0.0,0.137,1.08,0,
2054,3,108.51,54.79,-0.489,0.998,0.0,-0.09,0.008,8,
2055,0,36.61,115.02,-1.05,1.0,0.0,0.039,0.118,1,98.7
2055,1,37.19,49.7,-3.036,1.0,0.0,0.0,0.0,8,12.5
2055,2,86.47,10.51,-2.674,0.997,0.0,0.114,1.2,0,
2055,3,108.51,54.79,-0.5,0.999,0.0,-0.07,0.006,8,
2056,0,36.66,114.91,-1.043,1.0,0.0,0.039,0.118,1,98.6
2056,1,37.19,49.7,-3.036,1.0,0.0,0.0,0.0,1,12.5
2056,2,85.29,9.91,-2.659,0.998,0.0,0.097,1.32,0,
2056,3,108.52,54.8,-0.509,0.999,0.0,-0.055,0.005,1,
2057,0,36.7,114.79,-1.037,1.0,0.0,0.038,0.118,2,98.5
2057,1,37.19,49.7,-3.036,1.0,0.0,0.0,0.0,1,12.5
2057,2,84.01,9.24,-2.645,0.998,0.0,0.083,1.44,0,
2057,3,108.52,54.8,-0.516,1.0,0.0,-0.043,0.004,1,
2058,0,36.74,114.68,-1.031,1.0,0.0,0.038,0.118,1,98.4
2058,1,37.19,49.7,-3.036,1.0,0.0,0.0,0.0,1,12.5
2058,2,82.69,8.53,-2.634,0.999,0.0,0.073,1.498,0,
2058,3,108.52,54.8,-0.521,1.0,0.0,-0.034,0.003,8,
2059,0,36.78,114.57,-1.025,1.0,0.0,0.038,0.119,8,98.3
2059,1,37.19,49.7,-3.036,1.0,0.0,0.0,0.0,8,12.5
2059,2,81.39,7.8,-2.624,0.999,0.0,0.066,1.498,0,
2059,3,108.52,54.8,-0.525,1.0,0.0,-0.027,0.002,8,
2060,0,36.83,114.46,-1.02,1.0,0.0,0.038,0.119,8,98.2
2060,1,37.19,49.7,-3.036,1.0,0.0,0.0,0.0,1,12.5
2060,2,80.08,7.5,-2.614,0.999,0.0,0.06,1.337,1,
2060,3,108.52,54.8,-0.528,1.0,0.0,-0.021,0.002,8,
2061,0,36.87,114.35,-1.014,1.0,0.0,0.037,0.119,8,98.1
2061,1,37.19,49.7,-3.036,1.0,0.0,0.0,0.0,1,12.5
2061,2,79.98,7.5,-2.597,0.979,0.0,0.11,0.104,1,
2061,3,108.52,54.81,-0.531,1.0,0.0,-0.017,0.001,1,
2062,0,36.92,114.25,-1.008,1.0,0.0,0.037,0.119,1,98.0
2062,1,37.19,49.7,-3.036,1.0,0.0,0.0,0.0,1,12.5
2062,2,79.88,7.5,-2.582,0.972,0.0,0.094,0.103,1,
2062,3,108.52,54.81,-0.533,1.0,0.0,-0.013,0.001,1,
2063,0,36.97,114.14,-1.002,1.0,0.0,0.037,0.119,8,97.9
2063,1,37.19,49.7,-3.036,1.0,0.0,0.0,0.0,8,12.5
2063,2,79.78,7.5,-2.57,0.964,0.0,0.081,0.102,1,
2063,3,108.52,54.81,-0.535,1.0,0.0,-0.01,0.001,8,
2064,0,37.02,114.03,-0.996,1.0,0.0,0.036,0.119,1,97.8
2064,1,37.19,49.7,-3.036,1.0,0.0,0.0,0.0,1,12.5
2064,2,79.67,7.5,-2.558,0.956,0.0,0.072,0.101,1,
2064,3,108.52,54.81,-0.536,1.0,0.0,-0.008,0.001,1,
2065,0,37.07,113.92,-0.991,1.0,0.0,0.036,0.119,1,97.7
2065,1,37.19,49.7,-3.036,1.0,0.0,0.0,0.0,8,12.5
2065,2,79.57,7.5,-2.548,0.948,0.0,0.065,0.1,1,
2065,3,108.52,54.81,-0.537,1.0,0.0,-0.006,0.001,1,
2066,0,37.12,113.81,-0.985,1.0,0.0,0.036,0.119,1,97.6
2066,1,37.19,49.7,-3.036,1.0,0.0,0.0,0.0,8,12.5
2066,2,79.47,7.5,-2.539,0.94,0.0,0.059,0.099,1,
2066,3,108.53,54.81,-0.538,1.0,0.0,-0.005,0.0,8,
2067,0,37.17,113.71,-0.979,1.0,0.0,0.035,0.119,8,97.5
2067,1,37.19,49.7,-3.036,1.0,0.0,0.0,0.0,8,12.5
2067,2,79.38,7.5,-2.53,0.932,0.0,0.055,0.099,1,
2067,3,108.53,54.81,-0.538,1.0,0.0,-0.004,0.0,1,
2068,0,37.22,113.6,-0.974,1.0,0.0,0.035,0.119,1,97.4
2068,1,37.19,49.7,-3.036,1.0,0.0,0.0,0.0,8,12.5
2068,2,79.28,7.5,-2.522,0.924,0.0,0.052,0.098,1,
2068,3,108.53,54.81,-0.539,1.0,0.0,-0.003,0.0,1,
2069,0,37.28,113.49,-0.969,1.0,0.0,0.035,0.119,1,97.3
2069,1,37.19,49.7,-3.036,1.0,0.0,0.0,0.0,8,12.5
2069,2,79.18,7.5,-2.514,0.916,0.0,0.049,0.098,1,
2069,3,108.53,54.81,-0.539,1.0,0.0,-0.002,0.0,8,
2070,0,37.33,113.39,-0.963,1.0,0.0,0.034,0.119,1,97.2
2070,1,37.19,49.7,-3.036,1.0,0.0,0.0,0.0,1,12.5
2070,2,79.08,7.5,-2.507,0.909,0.0,0.048,0.097,1,
2070,3,108.53,54.81,-0.539,1.0,0.0,-0.002,0.0,1,
2071,0,37.39,113.28,-0.958,1.0,0.0,0.034,0.119,1,97.1
2071,1,37.19,49.7,-3.036,1.0,0.0,0.0,0.0,1,12.5
2071,2,78.99,7.5,-2.5,0.901,0.0,0.046,0.097,1,
2071,3,108.53,54.81,-0.54,1.0,0.0,-0.001,0.0,8,
2072,0,37.45,113.18,-0.953,1.0,0.0,0.033,0.119,2,97.0
2072,1,37.19,49.7,-3.036,1.0,0.0,0.0,0.0,8,12.5
2072,2,78.89,7.5,-2.492,0.894,0.0,0.046,0.096,1,
2072,3,108.53,54.81,-0.54,1.0,0.0,-0.001,0.0,8,
2073,0,37.51,113.07,-0.947,1.0,0.0,0.033,0.119,1,96.9
2073,1,37.19,49.7,-3.036,1.0,0.0,0.0,0.0,1,12.5
2073,2,78.79,7.5,-2.485,0.886,0.0,0.045,0.096,1,
2073,3,108.53,54.81,-0.54,1.0,0.0,-0.001,0.0,8,
2074,0,37.57,112.97,-0.942,1.0,0.0,0.033,0.119,1,96.8
2074,1,37.19,49.7,-3.036,1.0,0.0,0.0,0.0,1,12.5
2074,2,78.7,7.5,-2.478,0.879,0.0,0.045,0.095,1,
2074,3,108.53,54.81,-0.54,1.0,0.0,-0.001,0.0,8,
2075,0,37.63,112.87,-0.937,1.0,0.0,0.032,0.119,8,96.7
2075,1,37.19,49.7,-3.036,1.0,0.0,0.0,0.0,1,12.5
2075,2,78.6,7.5,-2.471,0.871,0.0,0.045,0.095,1,
2075,3,108.53,54.81,-0.54,1.0,0.0,-0.001,0.0,1,
2076,0,37.69,112.77,-0.932,1.0,0.0,0.032,0.12,1,96.5
2076,1,37.19,49.7,-3.036,1.0,0.0,0.0,0.0,1,12.5
2076,2,78.51,7.5,-2.464,0.864,0.0,0.045,0.094,1,
2076,3,108.53,54.81,-0.54,1.0,0.0,-0.0,0.0,1,
2077,0,37.75,112.66,-0.927,1.0,0.0,0.031,0.12,1,96.4
2077,1,37.19,49.7,-3.036,1.0,0.0,0.0,0.0,1,12.5
2077,2,78.42,7.5,-2.457,0.857,0.0,0.045,0.094,1,
2077,3,108.53,54.81,-0.54,1.0,0.0,-0.0,0.0,1,
2078,0,37.81,112.56,-0.923,1.0,0.0,0.031,0.12,1,96.3
2078,1,37.19,49.7,-3.036,1.0,0.0,0.0,0.0,8,12.5
2078,2,78.32,7.5,-2.45,0.85,0.0,0.045,0.093,1,
2078,3,108.53,54.81,-0.54,1.0,0.0,-0.0,0.0,8,
2079,0,37.88,112.46,-0.918,1.0,0.0,0.03,0.12,1,96.2
2079,1,37.19,49.7,-3.036,1.0,0.0,0.0,0.0,8,12.5
2079,2,78.23,7.5,-2.443,0.843,0.0,0.045,0.092,1,
2079,3,108.53,54.81,-0.54,1.0,0.0,-0.0,0.0,1,
2080,0,37.94,112.36,-0.913,1.0,0.0,0.03,0.12,1,96.1
2080,1,37.19,49.7,-3.036,0.0,0.0,0.0,0.0,8,
2080,2,78.23,7.5,-2.419,0.0,0.0,1.0,0.0,0,
2080,3,108.53,54.81,-0.523,0.0,0.0,1.0,0.0,0,
2081,0,38.01,112.26,-0.908,1.0,0.0,0.029,0.12,8,96.0
2081,1,37.19,49.7,-3.036,0.0,0.0,0.0,0.0,8,
2081,2,78.23,7.5,-2.377,0.0,0.0,1.0,0.0,0,
2081,3,108.53,54.81,-0.488,0.0,0.0,1.0,0.0,0,
2082,0,38.08,112.16,-0.904,1.0,0.0,0.029,0.12,1,95.9
2082,1,37.19,49.7,-3.036,0.0,0.0,0.0,0.0,8,
2082,2,78.23,7.5,-2.317,0.0,0.0,1.0,0.0,0,
2082,3,108.53,54.81,-0.435,0.0,0.0,1.0,0.0,0,
2083,0,38.15,112.06,-0.9,1.0,0.0,0.028,0.12,8,95.8
2083,1,37.19,49.7,-3.036,0.0,0.0,0.0,0.0,8,
2083,2,78.23,7.5,-2.24,0.0,0.0,1.0,0.0,0,
2083,3,108.53,54.81,-0.366,0.0,0.0,1.0,0.0,0,
2084,0,38.22,111.97,-0.895,1.0,0.0,0.028,0.12,8,95.7
2084,1,37.19,49.7,-3.036,0.0,0.0,0.0,0.0,8,
2084,2,78.23,7.5,-2.145,0.0,0.0,1.0,0.0,0,
2084,3,108.53,54.81,-0.278,0.0,0.0,1.0,0.0,0,
2085,0,38.29,111.87,-0.891,1.0,0.0,0.027,0.12,1,95.5
2085,1,37.19,49.7,-3.036,0.0,0.0,0.0,0.0,8,
2085,2,78.23,7.5,-2.033,0.0,0.0,1.0,0.0,0,
2085,3,108.53,54.81,-0.173,0.0,0.0,1.0,0.0,0,
2086,0,38.36,111.77,-0.887,1.0,0.0,0.027,0.12,8,95.4
2086,1,37.19,49.7,-3.036,0.0,0.0,0.0,0.0,8,
2086,2,78.23,7.5,-1.904,0.0,0.0,1.0,0.0,0,
2086,3,108.53,54.81,-0.051,0.0,0.0,1.0,0.0,0,
2087,0,38.43,111.68,-0.883,1.0,0.0,0.026,0.12,2,95.3
2087,1,37.19,49.7,-3.036,0.0,0.0,0.0,0.0,8,
2087,2,78.23,7.5,-1.757,0.0,0.0,1.0,0.0,0,
2087,3,108.53,54.81,0.089,0.0,0.0,1.0,0.0,0,
2088,0,38.5,111.58,-0.879,1.0,0.0,0.026,0.12,1,95.2
2088,1,37.19,49.7,-3.036,0.0,0.0,0.0,0.0,8,
2088,2,78.23,7.5,-1.599,0.0,0.0,1.0,0.0,0,
2088,3,108.53,54.81,0.246,0.0,0.0,1.0,0.0,0,
2089,0,38.58,111.49,-0.875,1.0,0.0,0.025,0.12,1,95.1
2089,1,37.19,49.7,-3.036,0.0,0.0,0.0,0.0,8,
2089,2,78.23,7.5,-1.442,0.0,0.0,1.0,0.0,0,
2089,3,108.53,54.81,0.404,0.0,0.0,1.0,0.0,0,
2090,0,38.65,111.39,-0.871,1.0,0.0,0.024,0.12,1,95.0
2090,1,37.19,49.7,-3.036,0.0,0.0,0.0,0.0,8,
2090,2,78.23,7.5,-1.285,0.0,0.0,1.0,0.0,0,
2090,3,108.53,54.81,0.561,0.0,0.0,1.0,0.0,0,
2091,0,38.73,111.3,-0.867,1.0,0.0,0.024,0.12,1,94.9
2091,1,37.19,49.7,-3.036,0.0,0.0,0.0,0.0,8,
2091,2,78.23,7.5,-1.128,0.0,0.0,1.0,0.0,0,
2091,3,108.53,54.81,0.718,0.0,0.0,1.0,0.0,0,
2092,0,38.8,111.21,-0.863,1.0,0.0,0.023,0.12,8,94.7
2092,1,37.19,49.7,-3.036,0.0,0.0,0.0,0.0,8,
2092,2,78.23,7.5,-0.971,0.0,0.0,1.0,0.0,0,
2092,3,108.53,54.81,0.875,0.0,0.0,1.0,0.0,0,
2093,0,38.88,111.12,-0.86,1.0,0.0,0.023,0.12,1,94.6
2093,1,37.19,49.7,-3.036,0.0,0.0,0.0,0.0,8,
2093,2,78.24,7.5,-0.814,0.013,0.0,1.0,0.011,1,
2093,3,108.59,54.91,1.032,0.123,0.0,1.0,0.119,8,
2094,0,38.96,111.03,-0.856,1.0,0.0,0.022,0.12,0,94.5
2094,1,37.19,49.7,-3.036,0.0,0.0,0.0,0.0,8,
2094,2,78.32,7.5,-0.657,0.169,0.0,1.0,0.082,1,
2094,3,108.65,55.01,1.189,0.276,0.0,1.0,0.12,0,
2095,0,39.12,110.84,-0.853,1.0,0.0,0.021,0.24,0,94.3
2095,1,37.19,49.7,-3.036,0.0,0.0,0.0,0.0,8,
2095,2,78.42,7.5,-0.5,0.319,0.0,1.0,0.095,1,
2095,3,108.74,55.24,1.346,0.422,0.0,1.0,0.24,0,
2096,0,39.35,110.57,-0.849,1.0,0.0,0.025,0.36,0,93.9
2096,1,37.19,49.7,-3.036,0.0,0.0,0.0,0.0,8,
2096,2,78.53,7.5,-0.343,0.462,0.0,1.0,0.105,1,
2096,3,108.82,55.59,1.503,0.556,0.0,1.0,0.36,0,
2097,0,39.67,110.21,-0.844,1.0,0.0,0.033,0.48,0,93.5
2097,1,37.19,49.7,-3.036,0.0,0.0,0.0,0.0,8,
2097,2,78.64,7.5,-0.186,0.594,0.0,1.0,0.113,1,
2097,3,108.85,56.07,1.66,0.677,0.0,1.0,0.48,0,
2098,0,40.07,109.76,-0.837,1.0,0.0,0.043,0.6,0,92.9
2098,1,37.19,49.7,-3.036,0.0,0.0,0.0,0.0,8,
2098,2,78.76,7.5,-0.029,0.711,0.0,1.0,0.118,1,
2098,3,108.8,56.66,1.811,0.781,0.0,0.963,0.6,0,
2099,0,40.55,109.23,-0.829,0.999,0.0,0.055,0.72,0,92.2
2099,1,37.19,49.7,-3.036,0.0,0.0,0.0,0.0,8,
2099,2,78.88,7.5,0.112,0.811,0.0,0.893,0.12,1,
2099,3,108.63,57.36,1.945,0.864,0.0,0.753,0.72,0,
2100,0,41.12,108.61,-0.818,0.999,0.0,0.069,0.84,0,91.4
2100,1,37.19,49.7,-3.036,0.0,0.0,0.0,0.0,8,
2100,2,79.0,7.51,0.234,0.884,0.0,0.696,0.12,0,
2100,3,108.32,58.15,2.062,0.922,0.0,0.568,0.84,0,
2101,0,41.78,107.91,-0.79,0.977,0.0,0.31,0.96,0,90.4
2101,1,37.19,49.7,-3.036,0.0,0.0,0.0,0.0,8,
2101,2,79.23,7.57,0.34,0.934,0.0,0.523,0.24,0,
2101,3,107.87,58.99,2.16,0.96,0.0,0.407,0.96,0,
2102,0,42.54,107.14,-0.747,0.982,0.0,0.272,1.08,0,89.4
2102,1,37.19,49.7,-3.036,0.0,0.0,0.0,0.0,8,
2102,2,79.57,7.69,0.427,0.965,0.0,0.376,0.36,0,
2102,3,107.27,59.89,2.242,0.982,0.0,0.271,1.08,0,
2103,0,43.42,106.33,-0.713,0.989,0.0,0.215,1.2,0,88.2
2103,1,37.19,49.7,-3.036,0.0,0.0,0.0,0.0,8,
2103,2,80.01,7.89,0.498,0.984,0.0,0.255,0.48,0,
2103,3,106.52,60.83,2.305,0.994,0.0,0.158,1.2,0,
2104,0,44.41,105.46,-0.687,0.993,0.0,0.169,1.32,0,86.9
2104,1,37.19,49.7,-3.036,0.0,0.0,0.0,0.0,8,
2104,2,80.53,8.17,0.55,0.994,0.0,0.159,0.6,0,
2104,3,105.64,61.81,2.352,0.999,0.0,0.069,1.32,0,
2105,0,45.53,104.55,-0.666,0.996,0.0,0.134,1.44,0,85.4
2105,1,37.19,49.7,-3.036,0.0,0.0,0.0,0.0,8,
2105,2,81.15,8.55,0.586,0.998,0.0,0.087,0.72,0,
2105,3,104.62,62.83,2.38,1.0,0.0,0.004,1.44,0,
2106,0,46.7,103.63,-0.649,0.997,0.0,0.106,1.496,0,83.9
2106,1,37.19,49.7,-3.036,0.0,0.0,0.0,0.0,8,
2106,2,81.85,9.02,0.603,1.0,0.0,0.039,0.84,0,
2106,3,103.54,63.87,2.392,1.0,0.0,-0.037,1.5,0,
2107,0,47.9,102.72,-0.636,0.998,0.0,0.084,1.497,0,82.4
2107,1,37.19,49.7,-3.036,0.0,0.0,0.0,0.0,8,
2107,2,82.64,9.56,0.606,1.0,0.0,0.015,0.96,0,
2107,3,102.44,64.89,2.386,0.999,0.0,-0.054,1.499,0,
2108,0,49.1,101.83,-0.625,0.999,0.0,0.067,1.498,0,80.9
2108,1,37.19,49.7,-3.036,0.0,0.0,0.0,0.0,8,
2108,2,83.52,10.17,0.608,1.0,0.0,0.012,1.08,0,
2108,3,101.35,65.92,2.378,0.999,0.0,-0.046,1.499,0,
2109,0,50.32,100.96,-0.617,0.999,0.0,0.053,1.499,0,79.4
2109,1,37.19,49.7,-3.036,0.0,0.0,0.0,0.0,8,
2109,2,84.51,10.86,0.609,1.0,0.0,0.01,1.2,0,
2109,3,100.26,66.95,2.373,1.0,0.0,-0.036,1.5,0,
2110,0,51.54,100.09,-0.609,0.999,0.0,0.047,1.499,0,77.9
2110,1,37.19,49.7,-3.036,0.0,0.0,0.0,0.0,8,
2110,2,85.59,11.61,0.61,1.0,0.0,0.008,1.32,0,
2110,3,99.19,68.0,2.368,1.0,0.0,-0.029,1.5,0,
2111,0,52.77,99.23,-0.6,0.999,0.0,0.058,1.499,0,76.4
2111,1,37.19,49.7,-3.036,0.0,0.0,0.0,0.0,8,
2111,2,86.77,12.44,0.611,1.0,0.0,0.007,1.44,0,
2111,3,98.11,69.04,2.364,1.0,0.0,-0.023,1.5,0,
2112,0,54.01,98.38,-0.59,0.999,0.0,0.066,1.498,0,75.0
2112,1,37.19,49.7,-3.036,0.0,0.0,0.0,0.0,8,
2112,2,88.0,13.3,0.612,1.0,0.0,0.006,1.5,0,
2112,3,97.04,70.1,2.362,1.0,0.0,-0.018,1.5,0,
2113,0,55.25,97.55,-0.579,0.999,0.0,0.073,1.498,0,73.5
2113,1,37.19,49.7,-3.036,0.0,0.0,0.0,0.0,8,
2113,2,89.16,14.05,0.613,1.0,0.0,0.005,1.385,2,
2113,3,95.98,71.15,2.359,1.0,0.0,-0.015,1.5,0,
2114,0,56.51,96.73,-0.567,0.999,0.0,0.077,1.498,0,72.0
2114,1,37.19,49.7,-3.036,0.0,0.0,0.0,0.0,8,
2114,2,89.2,14.03,0.614,1.0,0.0,0.008,0.049,1,
2114,3,94.91,72.21,2.357,1.0,0.0,-0.012,1.5,0,
2115,0,57.77,95.93,-0.554,0.998,0.0,0.079,1.498,0,70.5
2115,1,37.19,49.7,-3.036,0.0,0.0,0.0,0.0,8,
2115,2,89.25,14.0,0.616,1.0,0.0,0.01,0.049,1,
2115,3,93.85,73.27,2.356,1.0,0.0,-0.009,1.5,0,
2116,0,59.04,95.14,-0.542,0.998,0.0,0.079,1.498,0,69.0
2116,1,37.19,49.7,-3.036,0.0,0.0,0.0,0.0,8,
2116,2,89.29,13.98,0.617,1.0,0.0,0.011,0.049,2,
2116,3,92.79,74.33,2.355,1.0,0.0,-0.007,1.5,0,
2117,0,60.33,94.37,-0.529,0.999,0.0,0.078,1.498,0,67.5
2117,1,37.19,49.7,-3.036,0.0,0.0,0.0,0.0,8,
2117,2,89.33,13.95,0.619,1.0,0.0,0.012,0.05,1,
2117,3,91.73,75.39,2.354,1.0,0.0,-0.006,1.5,0,
2118,0,61.62,93.61,-0.518,0.999,0.0,0.074,1.498,0,66.0
2118,1,37.19,49.7,-3.036,0.0,0.0,0.0,0.0,8,
2118,2,89.37,13.93,0.621,1.0,0.0,0.013,0.05,1,
2118,3,90.68,76.45,2.353,1.0,0.0,-0.005,1.5,0,
2119,0,62.92,92.87,-0.507,0.999,0.0,0.068,1.498,0,64.5
2119,1,37.19,49.7,-3.036,0.0,0.0,0.0,0.0,8,
2119,2,89.42,13.9,0.623,1.0,0.0,0.013,0.05,1,
2119,3,89.62,77.52,2.352,1.0,0.0,-0.004,1.5,0,
2120,0,64.09,92.22,-0.479,0.0,0.0,1.0,1.338,0,31.3
2120,1,37.19,49.7,-3.036,1.0,0.0,0.0,0.0,8,12.5
2120,2,89.42,13.9,0.643,0.0,0.0,1.0,0.0,0,
2120,3,88.67,78.47,2.334,0.0,0.0,-1.0,1.34,0,
2121,0,65.14,91.68,-0.433,0.0,0.0,1.0,1.178,0,32.3
2121,1,37.19,49.7,-3.036,1.0,0.0,0.0,0.0,8,12.5
2121,2,89.42,13.9,0.68,0.0,0.0,1.0,0.0,0,
2121,3,87.86,79.32,2.299,0.0,0.0,-1.0,1.18,0,
2122,0,66.06,91.25,-0.37,0.0,0.0,1.0,1.018,0,33.1
2122,1,37.19,49.7,-3.036,1.0,0.0,0.0,0.0,8,12.5
2122,2,89.42,13.9,0.735,0.0,0.0,1.0,0.0,0,
2122,3,87.18,80.08,2.246,0.0,0.0,-1.0,1.02,0,
2123,0,66.86,90.94,-0.289,0.0,0.0,1.0,0.858,0,33.8
2123,1,37.19,49.7,-3.036,1.0,0.0,0.0,0.0,8,12.5
2123,2,89.42,13.9,0.807,0.0,0.0,1.0,0.0,0,
2123,3,86.64,80.75,2.175,0.0,0.0,-1.0,0.86,0,
2124,0,67.53,90.74,-0.191,0.0,0.0,1.0,0.698,0,34.3
2124,1,37.19,49.7,-3.036,1.0,0.0,0.0,0.0,8,12.5
2124,2,89.42,13.9,0.896,0.0,0.0,1.0,0.0,0,
2124,3,86.24,81.33,2.087,0.0,0.0,-1.0,0.7,0,
2125,0,68.06,90.64,-0.075,0.0,0.0,1.0,0.538,0,34.7
2125,1,37.19,49.7,-3.036,1.0,0.0,0.0,0.0,8,12.5
2125,2,89.43,13.89,1.003,0.08,0.0,1.0,0.019,2,
2125,3,85.98,81.8,1.981,0.0,0.0,-1.0,0.54,0,
2126,0,68.44,90.61,0.058,0.0,0.0,1.0,0.378,0,35.0
2126,1,37.19,49.7,-3.036,1.0,0.0,0.0,0.0,8,12.5
2126,2,89.44,13.89,1.128,0.185,0.0,1.0,0.006,2,
2126,3,85.83,82.15,1.858,0.0,0.0,-1.0,0.38,0,
2127,0,68.65,90.62,0.209,0.0,0.0,1.0,0.218,0,35.1
2127,1,37.19,49.7,-3.036,1.0,0.0,0.0,0.0,8,12.5
2127,2,89.43,13.9,1.27,0.305,0.0,1.0,0.009,1,
2127,3,85.76,82.36,1.718,0.0,0.0,-1.0,0.22,0,
2128,0,68.71,90.63,0.366,0.0,0.0,1.0,0.058,0,35.1
2128,1,37.19,49.7,-3.036,1.0,0.0,0.0,0.0,8,12.5
2128,2,89.41,13.91,1.427,0.437,0.0,1.0,0.026,1,
2128,3,85.75,82.42,1.561,0.0,0.0,-1.0,0.06,0,
2129,0,68.71,90.63,0.523,0.0,0.0,1.0,0.0,0,35.1
2129,1,37.19,49.7,-3.036,1.0,0.0,0.0,0.0,8,12.5
2129,2,89.37,13.93,1.584,0.574,0.0,1.0,0.045,1,
2129,3,85.75,82.42,1.404,0.0,0.0,-1.0,0.0,0,
2130,0,68.71,90.63,0.68,0.0,0.0,1.0,0.0,0,35.1
2130,1,37.19,49.7,-3.036,1.0,0.0,0.0,0.0,8,12.5
2130,2,89.32,13.96,1.741,0.696,0.0,1.0,0.062,2,
2130,3,85.75,82.42,1.246,0.0,0.0,-1.0,0.0,0,
2131,0,68.78,90.69,0.837,0.062,0.0,1.0,0.093,0,35.1
2131,1,37.19,49.7,-3.036,1.0,0.0,0.0,0.0,8,12.5
2131,2,89.25,14.0,1.885,0.802,0.0,0.914,0.078,1,
2131,3,85.75,82.42,1.089,0.0,0.0,-1.0,0.0,0,
2132,0,68.93,90.85,0.994,0.215,0.0,1.0,0.213,0,35.0
2132,1,37.19,49.7,-3.036,1.0,0.0,0.0,0.0,8,12.5
2132,2,89.17,14.05,2.011,0.881,0.0,0.703,0.091,1,
2132,3,85.75,82.42,0.932,0.0,0.0,-1.0,0.0,0,
2133,0,69.11,91.13,1.151,0.36,0.0,1.0,0.333,0,34.9
2133,1,37.19,49.7,-3.036,1.0,0.0,0.0,0.0,8,12.5
2133,2,89.09,14.1,2.119,0.935,0.0,0.516,0.1,2,
2133,3,85.75,82.42,0.775,0.0,0.0,-1.0,0.0,0,
2134,0,69.29,91.54,1.308,0.493,0.0,1.0,0.453,0,34.7
2134,1,37.19,49.7,-3.036,1.0,0.0,0.0,0.0,8,12.5
2134,2,89.0,14.16,2.211,0.97,0.0,0.354,0.107,2,
2134,3,85.84,82.5,0.618,0.103,0.0,-1.0,0.12,0,
2135,0,69.44,92.1,1.466,0.614,0.0,1.0,0.573,0,34.4
2135,1,37.19,49.7,-3.036,1.0,0.0,0.0,0.0,8,12.5
2135,2,88.9,14.22,2.284,0.989,0.0,0.215,0.112,1,
2135,3,86.04,82.64,0.461,0.254,0.0,-1.0,0.24,0,
2136,0,69.51,92.79,1.623,0.721,0.0,1.0,0.693,0,33.9
2136,1,37.19,49.7,-3.036,1.0,0.0,0.0,0.0,8,12.5
2136,2,88.8,14.28,2.34,0.997,0.0,0.102,0.115,1,
2136,3,86.36,82.8,0.304,0.397,0.0,-1.0,0.36,0,
2137,0,69.47,93.6,1.762,0.813,0.0,0.889,0.813,0,33.2
2137,1,37.19,49.7,-3.036,1.0,0.0,0.0,0.0,8,12.5
2137,2,88.71,14.34,2.379,1.0,0.0,0.013,0.117,1,
2137,3,86.82,82.95,0.147,0.529,0.0,-1.0,0.48,0,
2138,0,69.3,94.52,1.884,0.879,0.0,0.71,0.933,0,32.4
2138,1,37.19,49.7,-3.036,1.0,0.0,0.0,0.0,8,12.5
2138,2,88.61,14.41,2.4,0.999,0.0,-0.05,0.118,1,
2138,3,87.41,83.03,-0.01,0.647,0.0,-1.0,0.6,0,
2139,0,68.97,95.52,1.989,0.925,0.0,0.555,1.053,0,31.4
2139,1,37.19,49.7,-3.036,1.0,0.0,0.0,0.0,8,12.5
2139,2,88.51,14.48,2.404,0.998,0.0,-0.089,0.119,1,
2139,3,88.13,83.03,-0.167,0.751,0.0,-1.0,0.72,0,
2140,0,68.49,96.59,2.076,0.956,0.0,0.424,1.173,0,30.3
2140,1,37.19,49.7,-3.036,1.0,0.0,0.0,0.0,8,12.5
2140,2,88.41,14.55,2.39,0.997,0.0,-0.103,0.119,1,
2140,3,88.96,82.89,-0.307,0.838,0.0,-0.824,0.84,0,
2141,0,67.87,97.72,2.146,0.976,0.0,0.315,1.293,0,29.0
2141,1,37.19,49.7,-3.036,1.0,0.0,0.0,0.0,8,12.5
2141,2,88.31,14.61,2.375,0.998,0.0,-0.091,0.119,2,
2141,3,89.87,82.6,-0.429,0.901,0.0,-0.642,0.96,0,
2142,0,67.1,98.91,2.198,0.987,0.0,0.23,1.413,0,27.6
2142,1,37.19,49.7,-3.036,1.0,0.0,0.0,0.0,8,12.5
2142,2,88.22,14.68,2.363,0.998,0.0,-0.079,0.119,1,
2142,3,90.86,82.15,-0.534,0.943,0.0,-0.484,1.08,0,
2143,0,66.22,100.11,2.233,0.993,0.0,0.167,1.49,0,26.2
2143,1,37.19,49.7,-3.036,1.0,0.0,0.0,0.0,8,12.5
2143,2,88.12,14.76,2.352,0.999,0.0,-0.07,0.119,1,
2143,3,91.89,81.54,-0.621,0.97,0.0,-0.349,1.2,0,
2144,0,65.31,101.29,2.253,0.996,0.0,0.127,1.494,0,24.7
2144,1,37.19,49.7,-3.036,1.0,0.0,0.0,0.0,8,12.5
2144,2,88.03,14.83,2.342,0.999,0.0,-0.062,0.119,2,
2144,3,92.96,80.77,-0.69,0.986,0.0,-0.237,1.32,0,
2145,0,64.36,102.46,2.269,0.997,0.0,0.106,1.496,0,23.2
2145,1,37.19,49.7,-3.036,1.0,0.0,0.0,0.0,8,12.5
2145,2,87.93,14.9,2.333,0.999,0.0,-0.056,0.119,1,
2145,3,94.07,79.85,-0.742,0.995,0.0,-0.146,1.44,0,
2146,0,63.4,103.6,2.283,0.998,0.0,0.089,1.497,0,21.7
2146,1,37.19,49.7,-3.036,1.0,0.0,0.0,0.0,8,12.5
2146,2,87.84,14.97,2.325,0.999,0.0,-0.052,0.119,1,
2146,3,95.18,78.84,-0.777,0.998,0.0,-0.079,1.498,0,
2147,0,62.42,104.74,2.295,0.999,0.0,0.075,1.498,0,20.2
2147,1,37.19,49.7,-3.036,1.0,0.0,0.0,0.0,8,12.5
2147,2,87.75,15.05,2.318,0.999,0.0,-0.048,0.119,3,
2147,3,96.25,77.79,-0.794,1.0,0.0,-0.033,1.5,0,
2148,0,61.43,105.86,2.305,0.999,0.0,0.064,1.498,0,18.7
2148,1,37.19,49.7,-3.036,1.0,0.0,0.0,0.0,8,12.5
2148,2,87.66,15.12,2.311,0.999,0.0,-0.045,0.119,1,
2148,3,97.3,76.72,-0.796,1.0,0.0,-0.01,1.5,0,
2149,0,60.42,106.97,2.314,0.999,0.0,0.055,1.499,0,17.2
2149,1,37.19,49.7,-3.036,1.0,0.0,0.0,0.0,8,12.5
2149,2,87.56,15.2,2.304,1.0,0.0,-0.043,0.119,1,
2149,3,98.35,75.65,-0.797,1.0,0.0,-0.009,1.5,0,
2150,0,59.41,108.07,2.321,0.999,0.0,0.047,1.499,0,15.7
2150,1,37.19,49.7,-3.036,1.0,0.0,0.0,0.0,8,12.5
2150,2,87.47,15.28,2.297,1.0,0.0,-0.041,0.119,1,
2150,3,99.4,74.58,-0.798,1.0,0.0,-0.007,1.5,0,
2151,0,58.39,109.17,2.328,1.0,0.0,0.041,1.499,0,14.2
2151,1,37.19,49.7,-3.036,1.0,0.0,0.0,0.0,8,12.5
2151,2,87.38,15.35,2.291,1.0,0.0,-0.039,0.119,3,
2151,3,100.44,73.5,-0.799,1.0,0.0,-0.006,1.5,0,
2152,0,57.36,110.26,2.333,1.0,0.0,0.036,1.5,0,12.7
2152,1,37.19,49.7,-3.036,1.0,0.0,0.0,0.0,8,12.5
2152,2,87.3,15.43,2.285,1.0,0.0,-0.038,0.119,3,
2152,3,101.49,72.43,-0.8,1.0,0.0,-0.005,1.5,0,
2153,0,57.24,110.43,2.338,1.0,0.0,0.032,0.206,1,12.5
2153,1,37.19,49.7,-3.036,1.0,0.0,0.0,0.0,8,12.5
2153,2,87.21,15.51,2.279,1.0,0.0,-0.037,0.119,1,
2153,3,102.53,71.35,-0.8,1.0,0.0,-0.004,1.5,0,
2154,0,57.24,110.43,2.343,1.0,0.0,0.029,0.003,8,12.5
2154,1,37.19,49.7,-3.036,1.0,0.0,0.0,0.0,8,12.5
2154,2,87.12,15.59,2.274,1.0,0.0,-0.036,0.119,3,
2154,3,103.58,70.27,-0.801,1.0,0.0,-0.004,1.5,0,
2155,0,57.25,110.43,2.347,1.0,0.0,0.023,0.002,1,12.5
2155,1,37.19,49.7,-3.036,1.0,0.0,0.0,0.0,8,12.5
2155,2,87.03,15.68,2.268,1.0,0.0,-0.035,0.119,1,
2155,3,104.62,69.2,-0.801,1.0,0.0,-0.003,1.5,0,
2156,0,57.25,110.44,2.35,1.0,0.0,0.018,0.002,1,12.5
2156,1,37.19,49.7,-3.036,1.0,0.0,0.0,0.0,8,12.5
2156,2,86.95,15.76,2.263,1.0,0.0,-0.034,0.119,1,
2156,3,105.67,68.12,-0.802,1.0,0.0,-0.003,1.5,0,
2157,0,57.25,110.44,2.352,1.0,0.0,0.014,0.001,8,12.5
2157,1,37.19,49.7,-3.036,1.0,0.0,0.0,0.0,8,12.5
2157,2,86.86,15.84,2.257,1.0,0.0,-0.034,0.119,2,
2157,3,106.71,67.04,-0.802,1.0,0.0,-0.002,1.5,0,
2158,0,57.25,110.44,2.354,1.0,0.0,0.011,0.001,1,12.5
2158,1,37.19,49.7,-3.036,1.0,0.0,0.0,0.0,8,12.5
2158,2,86.78,15.93,2.252,1.0,0.0,-0.033,0.119,1,
2158,3,107.75,65.96,-0.803,1.0,0.0,-0.002,1.5,0,
2159,0,57.25,110.44,2.355,1.0,0.0,0.009,0.001,1,12.5
2159,1,37.19,49.7,-3.036,1.0,0.0,0.0,0.0,8,12.5
2159,2,86.69,16.01,2.247,1.0,0.0,-0.033,0.119,1,
2159,3,108.8,64.88,-0.803,1.0,0.0,-0.002,1.5,0,
2160,0,57.25,110.44,2.356,1.0,0.0,0.007,0.001,8,12.5
2160,1,37.19,49.7,-3.036,1.0,0.0,0.0,0.0,8,12.5
2160,2,86.61,16.1,2.242,1.0,0.0,-0.032,0.12,1,
2160,3,109.84,63.81,-0.803,1.0,0.0,-0.002,1.5,0,
2161,0,57.25,110.44,2.357,1.0,0.0,0.005,0.0,8,12.5
2161,1,37.19,49.7,-3.036,1.0,0.0,0.0,0.0,8,12.5
2161,2,86.53,16.18,2.237,1.0,0.0,-0.031,0.12,1,
2161,3,110.82,62.79,-0.821,0.94,0.0,-0.497,1.41,0,
2162,0,57.25,110.44,2.358,1.0,0.0,0.004,0.0,8,12.5
2162,1,37.19,49.7,-3.036,1.0,0.0,0.0,0.0,8,12.5
2162,2,86.44,16.27,2.232,1.0,0.0,-0.031,0.12,1,
2162,3,111.78,61.76,-0.856,0.94,0.0,-0.499,1.41,0,
2163,0,57.25,110.44,2.358,1.0,0.0,0.003,0.0,8,12.5
2163,1,37.19,49.7,-3.036,1.0,0.0,0.0,0.0,8,12.5
2163,2,86.36,16.36,2.227,1.0,0.0,-0.03,0.12,1,
2163,3,112.71,60.69,-0.909,0.945,0.0,-0.477,1.417,0,
2164,0,57.25,110.44,2.359,1.0,0.0,0.003,0.0,8,12.5
2164,1,37.19,49.7,-3.036,1.0,0.0,0.0,0.0,8,12.5
2164,2,86.28,16.45,2.223,1.0,0.0,-0.03,0.12,1,
2164,3,113.59,59.56,-0.977,0.955,0.0,-0.431,1.432,0,
2165,0,57.25,110.44,2.359,1.0,0.0,0.002,0.0,1,12.5
2165,1,37.19,49.7,-3.036,1.0,0.0,0.0,0.0,8,12.5
2165,2,86.2,16.54,2.218,1.0,0.0,-0.029,0.12,1,
2165,3,113.79,59.63,-1.027,1.0,0.0,0.004,0.215,1,
2166,0,57.25,110.44,2.359,1.0,0.0,0.002,0.0,8,12.5
2166,1,37.19,49.7,-3.036,1.0,0.0,0.0,0.0,8,12.5
2166,2,86.13,16.63,2.214,1.0,0.0,-0.029,0.12,1,
2166,3,113.8,59.63,-1.059,0.999,0.0,0.062,0.011,1,
2167,0,57.25,110.44,2.359,1.0,0.0,0.001,0.0,1,12.5
2167,1,37.19,49.7,-3.036,1.0,0.0,0.0,0.0,8,12.5
2167,2,86.05,16.72,2.209,1.0,0.0,-0.028,0.12,1,
2167,3,113.81,59.63,-1.075,0.997,0.0,0.108,0.007,8,
2168,0,57.25,110.44,2.359,1.0,0.0,0.001,0.0,8,12.5
2168,1,37.19,49.7,-3.036,1.0,0.0,0.0,0.0,8,12.5
2168,2,85.97,16.81,2.205,1.0,0.0,-0.028,0.12,8,
2168,3,113.81,59.64,-1.072,0.996,0.0,0.129,0.006,1,
2169,0,57.25,110.44,2.36,1.0,0.0,0.001,0.0,8,12.5
2169,1,37.19,49.7,-3.036,1.0,0.0,0.0,0.0,8,12.5
2169,2,85.9,16.9,2.201,1.0,0.0,-0.027,0.12,1,
2169,3,113.82,59.64,-1.053,0.996,0.0,0.125,0.006,1,
2170,0,57.25,110.44,2.36,1.0,0.0,0.001,0.0,2,12.5
2170,1,37.19,49.7,-3.036,1.0,0.0,0.0,0.0,8,12.5
2170,2,85.82,17.0,2.196,1.0,0.0,-0.027,0.12,1,
2170,3,113.83,59.64,-1.037,0.998,0.0,0.097,0.008,1,
2171,0,57.25,110.44,2.36,1.0,0.0,0.0,0.0,8,12.5
2171,1,37.19,49.7,-3.036,1.0,0.0,0.0,0.0,8,12.5
2171,2,85.75,17.09,2.192,1.0,0.0,-0.026,0.12,8,
2171,3,113.83,59.65,-1.026,0.999,0.0,0.074,0.01,1,
2172,0,57.25,110.44,2.36,1.0,0.0,0.0,0.0,1,12.5
2172,1,37.19,49.7,-3.036,1.0,0.0,0.0,0.0,8,12.5
2172,2,85.67,17.19,2.188,1.0,0.0,-0.025,0.12,1,
2172,3,113.85,59.65,-1.017,0.999,0.0,0.057,0.012,8,
2173,0,57.25,110.44,2.36,1.0,0.0,0.0,0.0,1,12.5
2173,1,37.19,49.7,-3.036,1.0,0.0,0.0,0.0,8,12.5
2173,2,85.6,17.28,2.185,1.0,0.0,-0.025,0.12,1,
2173,3,113.86,59.66,-1.01,1.0,0.0,0.043,0.013,8,
2174,0,57.25,110.44,2.36,1.0,0.0,0.0,0.0,8,12.5
2174,1,37.19,49.7,-3.036,1.0,0.0,0.0,0.0,8,12.5
2174,2,85.53,17.38,2.181,1.0,0.0,-0.024,0.12,1,
2174,3,113.87,59.66,-1.005,1.0,0.0,0.033,0.014,8,
2175,0,57.25,110.44,2.36,1.0,0.0,0.0,0.0,8,12.5
2175,1,37.19,49.7,-3.036,1.0,0.0,0.0,0.0,8,12.5
2175,2,85.46,17.48,2.177,1.0,0.0,-0.024,0.12,2,
2175,3,113.88,59.67,-1.001,1.0,0.0,0.025,0.015,1,
2176,0,57.25,110.44,2.36,1.0,0.0,0.0,0.0,1,12.5
2176,1,37.19,49.7,-3.036,1.0,0.0,0.0,0.0,8,12.5
2176,2,85.39,17.57,2.173,1.0,0.0,-0.023,0.12,1,
2176,3,113.9,59.68,-0.998,1.0,0.0,0.018,0.015,1,
2177,0,57.25,110.44,2.36,1.0,0.0,0.0,0.0,1,12.5
2177,1,37.19,49.7,-3.036,1.0,0.0,0.0,0.0,8,12.5
2177,2,85.32,17.67,2.17,1.0,0.0,-0.022,0.12,1,
2177,3,113.91,59.68,-0.996,1.0,0.0,0.013,0.016,8,
2178,0,57.25,110.44,2.36,1.0,0.0,0.0,0.0,8,12.5
2178,1,37.19,49.7,-3.036,1.0,0.0,0.0,0.0,8,12.5
2178,2,85.25,17.77,2.166,1.0,0.0,-0.022,0.12,0,
2178,3,113.93,59.69,-0.995,1.0,0.0,0.009,0.016,1,
2179,0,57.25,110.44,2.36,1.0,0.0,0.0,0.0,1,12.5
2179,1,37.19,49.7,-3.036,1.0,0.0,0.0,0.0,8,12.5
2179,2,85.12,17.97,2.163,1.0,0.0,-0.021,0.24,0,
2179,3,113.94,59.7,-0.994,1.0,0.0,0.006,0.016,1,
2180,0,57.25,110.44,2.36,1.0,0.0,0.0,0.0,8,12.5
2180,1,37.19,49.7,-3.036,1.0,0.0,0.0,0.0,8,12.5
2180,2,84.92,18.27,2.159,1.0,0.0,-0.025,0.36,0,
2180,3,113.96,59.7,-0.993,1.0,0.0,0.003,0.017,8,
2181,0,57.25,110.44,2.36,1.0,0.0,0.0,0.0,1,12.5
2181,1,37.19,49.7,-3.036,1.0,0.0,0.0,0.0,8,12.5
2181,2,84.65,18.67,2.154,1.0,0.0,-0.032,0.48,0,
2181,3,113.97,59.71,-0.993,1.0,0.0,0.002,0.017,2,
2182,0,57.25,110.44,2.36,1.0,0.0,0.0,0.0,1,12.5
2182,1,37.19,49.7,-3.036,1.0,0.0,0.0,0.0,8,12.5
2182,2,84.32,19.17,2.148,1.0,0.0,-0.042,0.6,0,
2182,3,113.99,59.72,-0.993,1.0,0.0,0.0,0.017,8,
2183,0,57.25,110.44,2.36,1.0,0.0,0.0,0.0,8,12.5
2183,1,37.19,49.7,-3.036,1.0,0.0,0.0,0.0,8,12.5
2183,2,83.93,19.77,2.139,0.999,0.0,-0.054,0.72,0,
2183,3,114.0,59.73,-0.993,1.0,0.0,-0.001,0.017,1,
2184,0,57.25,110.44,2.36,1.0,0.0,0.0,0.0,1,12.5
2184,1,37.19,49.7,-3.036,1.0,0.0,0.0,0.0,8,12.5
2184,2,83.48,20.48,2.128,0.999,0.0,-0.068,0.84,0,
2184,3,114.02,59.73,-0.993,1.0,0.0,-0.002,0.018,8,
2185,0,57.25,110.44,2.36,1.0,0.0,0.0,0.0,1,12.5
2185,1,37.19,49.7,-3.036,1.0,0.0,0.0,0.0,8,12.5
2185,2,82.97,21.3,2.1,0.977,0.0,-0.309,0.96,0,
2185,3,114.03,59.74,-0.994,1.0,0.0,-0.003,0.018,1,
2186,0,57.25,110.44,2.36,1.0,0.0,0.0,0.0,1,12.5
2186,1,37.19,49.7,-3.036,1.0,0.0,0.0,0.0,8,12.5
2186,2,82.42,22.23,2.058,0.982,0.0,-0.271,1.08,0,
2186,3,114.05,59.75,-0.994,1.0,0.0,-0.003,0.018,1,
2187,0,57.25,110.44,2.36,1.0,0.0,0.0,0.0,8,12.5
2187,1,37.19,49.7,-3.036,1.0,0.0,0.0,0.0,8,12.5
2187,2,81.86,23.29,2.024,0.989,0.0,-0.213,1.2,0,
2187,3,114.07,59.76,-0.995,1.0,0.0,-0.004,0.018,2,
2188,0,57.25,110.44,2.36,1.0,0.0,0.0,0.0,8,12.5
2188,1,37.19,49.7,-3.036,1.0,0.0,0.0,0.0,8,12.5
2188,2,81.28,24.48,1.998,0.993,0.0,-0.168,1.32,0,
2188,3,114.08,59.76,-0.996,1.0,0.0,-0.004,0.018,1,
2189,0,57.25,110.44,2.36,1.0,0.0,0.0,0.0,2,12.5
2189,1,37.19,49.7,-3.036,1.0,0.0,0.0,0.0,8,12.5
2189,2,80.69,25.79,1.977,0.996,0.0,-0.132,1.44,0,
2189,3,114.1,59.77,-0.996,1.0,0.0,-0.004,0.018,8,
2190,0,57.25,110.44,2.36,1.0,0.0,0.0,0.0,1,12.5
2190,1,37.19,49.7,-3.036,1.0,0.0,0.0,0.0,8,12.5
2190,2,80.1,27.16,1.96,0.997,0.0,-0.105,1.496,0,
2190,3,114.12,59.78,-0.997,1.0,0.0,-0.005,0.018,1,
2191,0,57.25,110.44,2.36,1.0,0.0,0.0,0.0,1,12.5
2191,1,37.19,49.7,-3.036,1.0,0.0,0.0,0.0,8,12.5
2191,2,79.53,28.55,1.947,0.998,0.0,-0.083,1.497,0,
2191,3,114.13,59.79,-0.998,1.0,0.0,-0.005,0.018,1,
2192,0,57.25,110.44,2.36,1.0,0.0,0.0,0.0,1,12.5
2192,1,37.19,49.7,-3.036,1.0,0.0,0.0,0.0,8,12.5
2192,2,78.98,29.94,1.937,0.999,0.0,-0.065,1.498,0,
2192,3,114.15,59.79,-0.999,1.0,0.0,-0.005,0.018,1,
2193,0,57.25,110.44,2.36,1.0,0.0,0.0,0.0,8,12.5
2193,1,37.19,49.7,-3.036,1.0,0.0,0.0,0.0,8,12.5
2193,2,78.44,31.34,1.929,0.999,0.0,-0.052,1.499,0,
2193,3,114.17,59.8,-0.999,1.0,0.0,-0.005,0.018,8,
2194,0,57.25,110.44,2.36,1.0,0.0,0.0,0.0,1,12.5
2194,1,37.19,49.7,-3.036,1.0,0.0,0.0,0.0,8,12.5
2194,2,77.91,32.74,1.923,1.0,0.0,-0.041,1.499,0,
2194,3,114.18,59.81,-1.0,1.0,0.0,-0.005,0.018,8,
2195,0,57.25,110.44,2.36,1.0,0.0,0.0,0.0,1,12.5
2195,1,37.19,49.7,-3.036,1.0,0.0,0.0,0.0,8,12.5
2195,2,77.4,34.15,1.917,1.0,0.0,-0.032,1.5,0,
2195,3,114.2,59.82,-1.001,1.0,0.0,-0.005,0.019,1,
2196,0,57.25,110.44,2.36,1.0,0.0,0.0,0.0,2,12.5
2196,1,37.19,49.7,-3.036,1.0,0.0,0.0,0.0,8,12.5
2196,2,76.89,35.56,1.913,1.0,0.0,-0.026,1.5,0,
2196,3,114.22,59.82,-1.002,1.0,0.0,-0.005,0.019,1,
2197,0,57.25,110.44,2.36,1.0,0.0,0.0,0.0,8,12.5
2197,1,37.19,49.7,-3.036,1.0,0.0,0.0,0.0,8,12.5
2197,2,76.38,36.97,1.91,1.0,0.0,-0.02,1.5,0,
2197,3,114.23,59.83,-1.003,1.0,0.0,-0.005,0.019,1,
2198,0,57.25,110.44,2.36,1.0,0.0,0.0,0.0,8,12.5
2198,1,37.19,49.7,-3.036,1.0,0.0,0.0,0.0,8,12.5
2198,2,75.89,38.39,1.916,1.0,0.0,0.036,1.5,0,
2198,3,114.25,59.84,-1.003,1.0,0.0,-0.005,0.019,1,
2199,0,57.25,110.44,2.36,1.0,0.0,0.0,0.0,8,12.5
2199,1,37.19,49.7,-3.036,1.0,0.0,0.0,0.0,8,12.5
2199,2,75.38,39.8,1.93,0.998,0.0,0.091,1.497,0,
2199,3,114.27,59.85,-1.004,1.0,0.0,-0.005,0.019,8,
2200,0,57.25,110.44,2.36,1.0,0.0,0.0,0.0,1,12.5
2200,1,37.19,49.7,-3.018,0.0,0.0,1.0,0.0,8,27.3
2200,2,74.91,41.05,1.927,0.0,0.0,-1.0,1.337,0,
2200,3,114.29,59.85,-1.023,0.988,0.0,-0.224,0.019,1,
2201,0,57.25,110.44,2.36,1.0,0.0,0.0,0.0,1,12.5
2201,1,37.19,49.7,-2.983,0.0,0.0,1.0,0.0,8,27.3
2201,2,74.5,42.15,1.907,0.0,0.0,-1.0,1.177,0,
2201,3,114.3,59.86,-1.054,0.99,0.0,-0.2,0.017,1,
2202,0,57.25,110.44,2.36,1.0,0.0,0.0,0.0,1,12.5
2202,1,37.19,49.7,-2.931,0.0,0.0,1.0,0.0,8,27.3
2202,2,74.16,43.11,1.868,0.0,0.0,-1.0,1.017,0,
2202,3,114.31,59.86,-1.079,0.994,0.0,-0.157,0.013,1,
2203,0,57.25,110.44,2.36,1.0,0.0,0.0,0.0,1,12.5
2203,1,37.19,49.7,-2.861,0.0,0.0,1.0,0.0,8,27.3
2203,2,73.91,43.93,1.813,0.0,0.0,-1.0,0.857,0,
2203,3,114.32,59.87,-1.098,0.996,0.0,-0.124,0.01,8,
2204,0,57.25,110.44,2.36,1.0,0.0,0.0,0.0,1,12.5
2204,1,37.19,49.7,-2.773,0.0,0.0,1.0,0.0,8,27.3
2204,2,73.74,44.61,1.74,0.0,0.0,-1.0,0.697,0,
2204,3,114.33,59.87,-1.114,0.998,0.0,-0.097,0.008,1,
2205,0,57.25,110.44,2.36,1.0,0.0,0.0,0.0,8,12.5
2205,1,37.19,49.7,-2.668,0.0,0.0,1.0,0.0,8,27.3
2205,2,73.65,45.14,1.649,0.0,0.0,-1.0,0.537,0,
2205,3,114.34,59.87,-1.126,0.999,0.0,-0.076,0.006,8,
2206,0,57.25,110.44,2.36,1.0,0.0,0.0,0.0,8,12.5
2206,1,37.19,49.67,-2.546,0.052,0.0,1.0,0.028,1,27.3
2206,2,73.62,45.51,1.541,0.0,0.0,-1.0,0.377,0,
2206,3,114.34,59.88,-1.135,0.999,0.0,-0.06,0.005,8,
2207,0,57.25,110.44,2.36,1.0,0.0,0.0,0.0,1,12.5
2207,1,37.19,49.61,-2.406,0.173,0.0,1.0,0.057,1,27.3
2207,2,73.63,45.73,1.415,0.0,0.0,-1.0,0.217,0,
2207,3,114.35,59.88,-1.142,0.999,0.0,-0.047,0.004,1,
2208,0,57.25,110.44,2.36,1.0,0.0,0.0,0.0,2,12.5
2208,1,37.2,49.54,-2.249,0.308,0.0,1.0,0.072,1,27.2
2208,2,73.64,45.79,1.272,0.0,0.0,-1.0,0.057,0,
2208,3,114.35,59.88,-1.148,1.0,0.0,-0.037,0.003,1,
2209,0,57.25,110.44,2.36,1.0,0.0,0.0,0.0,1,12.5
2209,1,37.21,49.46,-2.092,0.452,0.0,1.0,0.087,1,27.1
2209,2,73.64,45.79,1.115,0.0,0.0,-1.0,0.0,0,
2209,3,114.35,59.88,-1.153,1.0,0.0,-0.029,0.002,1,
2210,0,57.25,110.44,2.36,1.0,0.0,0.0,0.0,1,12.5
2210,1,37.22,49.36,-1.934,0.585,0.0,1.0,0.099,8,27.0
2210,2,73.64,45.79,0.958,0.0,0.0,-1.0,0.0,0,
2210,3,114.35,59.88,-1.156,1.0,0.0,-0.023,0.002,1,
2211,0,57.25,110.44,2.36,1.0,0.0,0.0,0.0,1,12.5
2211,1,37.23,49.25,-1.777,0.704,0.0,1.0,0.109,1,26.9
2211,2,73.66,45.81,0.801,0.023,0.0,-1.0,0.035,0,
2211,3,114.35,59.88,-1.159,1.0,0.0,-0.018,0.002,1,
2212,0,57.25,110.44,2.36,1.0,0.0,0.0,0.0,1,12.5
2212,1,37.23,49.13,-1.635,0.806,0.0,0.905,0.116,8,26.8
2212,2,73.77,45.92,0.644,0.178,0.0,-1.0,0.155,0,
2212,3,114.36,59.88,-1.161,1.0,0.0,-0.014,0.001,8,
2213,0,57.25,110.44,2.36,1.0,0.0,0.0,0.0,1,12.5
2213,1,37.24,49.01,-1.51,0.881,0.0,0.704,0.119,1,26.7
2213,2,73.99,46.09,0.487,0.326,0.0,-1.0,0.275,0,
2213,3,114.36,59.88,-1.163,1.0,0.0,-0.011,0.001,1,
2214,0,57.25,110.44,2.36,1.0,0.0,0.0,0.0,1,12.5
2214,1,37.25,48.9,-1.403,0.932,0.0,0.529,0.12,0,26.6
2214,2,74.34,46.27,0.33,0.464,0.0,-1.0,0.395,0,
2214,3,114.36,59.88,-1.164,1.0,0.0,-0.009,0.001,1,
2215,0,57.25,110.44,2.36,1.0,0.0,0.0,0.0,8,12.5
2215,1,37.29,48.66,-1.313,0.965,0.0,0.378,0.24,0,26.4
2215,2,74.82,46.44,0.173,0.589,0.0,-1.0,0.515,0,
2215,3,114.36,59.88,-1.165,1.0,0.0,-0.007,0.001,1,
2216,0,57.25,110.44,2.36,1.0,0.0,0.0,0.0,2,12.5
2216,1,37.38,48.31,-1.241,0.984,0.0,0.253,0.36,0,26.0
2216,2,75.45,46.55,0.015,0.7,0.0,-1.0,0.635,0,
2216,3,114.36,59.88,-1.166,1.0,0.0,-0.005,0.0,1,
2217,0,57.25,110.44,2.36,1.0,0.0,0.0,0.0,8,12.5
2217,1,37.53,47.86,-1.186,0.994,0.0,0.153,0.48,0,25.5
2217,2,76.2,46.56,-0.131,0.796,0.0,-0.929,0.755,0,
2217,3,114.36,59.88,-1.167,1.0,0.0,-0.004,0.0,1,
2218,0,57.25,110.44,2.36,1.0,0.0,0.0,0.0,1,12.5
2218,1,37.76,47.3,-1.149,0.999,0.0,0.078,0.6,0,24.9
2218,2,77.07,46.45,-0.259,0.869,0.0,-0.739,0.875,0,
2218,3,114.36,59.88,-1.167,1.0,0.0,-0.003,0.0,1,
2219,0,57.25,110.44,2.36,1.0,0.0,0.0,0.0,1,12.5
2219,1,38.05,46.64,-1.129,1.0,0.0,0.027,0.72,0,24.2
2219,2,78.03,46.19,-0.37,0.921,0.0,-0.573,0.995,0,
2219,3,114.36,59.88,-1.168,1.0,0.0,-0.003,0.0,2,
2220,0,57.25,110.44,2.36,1.0,0.0,0.0,0.0,8,12.5
2220,1,38.41,45.88,-1.127,1.0,0.0,-0.001,0.84,0,23.4
2220,2,79.07,45.79,-0.463,0.955,0.0,-0.431,1.115,0,
2220,3,114.36,59.88,-1.168,1.0,0.0,-0.002,0.0,1,
2221,0,57.25,110.44,2.36,1.0,0.0,0.0,0.0,1,12.5
2221,1,38.82,45.02,-1.128,1.0,0.0,-0.004,0.96,0,22.4
2221,2,80.17,45.24,-0.539,0.976,0.0,-0.312,1.235,0,
2221,3,114.36,59.88,-1.168,1.0,0.0,-0.002,0.0,1,
2222,0,57.25,110.44,2.36,1.0,0.0,0.0,0.0,8,12.5
2222,1,39.29,44.04,-1.128,1.0,0.0,-0.003,1.08,0,21.3
2222,2,81.34,44.54,-0.598,0.989,0.0,-0.215,1.355,0,
2222,3,114.36,59.88,-1.169,1.0,0.0,-0.001,0.0,1,
2223,0,57.25,110.44,2.36,1.0,0.0,0.0,0.0,1,12.5
2223,1,39.8,42.96,-1.129,1.0,0.0,-0.003,1.2,0,20.1
2223,2,82.56,43.71,-0.639,0.995,0.0,-0.141,1.475,0,
2223,3,114.36,59.88,-1.169,1.0,0.0,-0.001,0.0,8,
2224,0,57.25,110.44,2.36,1.0,0.0,0.0,0.0,1,12.5
2224,1,40.37,41.76,-1.129,1.0,0.0,-0.002,1.32,0,18.8
2224,2,83.76,42.82,-0.662,0.998,0.0,-0.09,1.497,0,
2224,3,114.36,59.88,-1.169,1.0,0.0,-0.001,0.0,8,
2225,0,57.25,110.44,2.36,1.0,0.0,0.0,0.0,1,12.5
2225,1,40.98,40.46,-1.129,1.0,0.0,-0.002,1.44,0,17.4
2225,2,84.94,41.9,-0.672,0.999,0.0,-0.061,1.499,0,
2225,3,114.36,59.88,-1.169,1.0,0.0,-0.001,0.0,1,
2226,0,57.25,110.44,2.36,1.0,0.0,0.0,0.0,8,12.5
2226,1,41.62,39.1,-1.13,1.0,0.0,-0.002,1.5,0,15.9
2226,2,86.11,40.96,-0.68,0.999,0.0,-0.051,1.499,0,
2226,3,114.36,59.88,-1.169,1.0,0.0,-0.0,0.0,8,
2227,0,57.25,110.44,2.36,1.0,0.0,0.0,0.0,8,12.5
2227,1,42.26,37.75,-1.13,1.0,0.0,-0.001,1.5,0,14.4
2227,2,87.28,40.02,-0.687,1.0,0.0,-0.043,1.499,0,
2227,3,114.36,59.88,-1.169,1.0,0.0,-0.0,0.0,1,
2228,0,57.25,110.44,2.36,1.0,0.0,0.0,0.0,1,12.5
2228,1,42.83,36.54,-1.113,0.365,0.0,1.0,1.34,0,62.8
2228,2,88.44,39.07,-0.693,1.0,0.0,-0.036,1.5,0,
2228,3,114.36,59.88,-1.169,1.0,0.0,-0.0,0.0,2,
2229,0,57.25,110.44,2.36,1.0,0.0,0.0,0.0,8,12.5
2229,1,43.08,36.08,-1.078,0.272,0.0,1.0,0.52,1,62.5
2229,2,89.59,38.11,-0.697,1.0,0.0,-0.031,1.5,0,
2229,3,114.36,59.88,-1.169,1.0,0.0,-0.0,0.0,1,
2230,0,57.25,110.44,2.36,1.0,0.0,0.0,0.0,8,12.5
2230,1,43.08,36.08,-1.026,0.262,0.0,1.0,0.007,1,62.5
2230,2,90.74,37.15,-0.701,1.0,0.0,-0.026,1.5,0,
2230,3,114.36,59.88,-1.169,1.0,0.0,-0.0,0.0,8,
2231,0,57.25,110.44,2.36,1.0,0.0,0.0,0.0,1,12.5
2231,1,43.09,36.08,-0.956,0.313,0.0,1.0,0.013,1,62.5
2231,2,91.74,36.64,-0.705,1.0,0.0,-0.022,1.121,1,
2231,3,114.36,59.88,-1.169,1.0,0.0,-0.0,0.0,1,
2232,0,57.25,110.44,2.36,1.0,0.0,0.0,0.0,8,12.5
2232,1,43.11,36.09,-0.869,0.379,0.0,1.0,0.022,1,62.5
2232,2,91.8,36.66,-0.711,1.0,0.0,-0.039,0.063,1,
2232,3,114.36,59.88,-1.169,1.0,0.0,-0.0,0.0,1,
2233,0,57.25,110.44,2.36,1.0,0.0,0.0,0.0,1,12.5
2233,1,43.14,36.11,-0.764,0.459,0.0,1.0,0.032,1,62.5
2233,2,91.86,36.68,-0.717,1.0,0.0,-0.035,0.063,1,
2233,3,114.36,59.88,-1.169,1.0,0.0,-0.0,0.0,8,
2234,0,57.25,110.44,2.36,1.0,0.0,0.0,0.0,8,12.5
2234,1,43.18,36.12,-0.642,0.551,0.0,1.0,0.044,1,62.4
2234,2,91.92,36.69,-0.722,1.0,0.0,-0.032,0.063,1,
2234,3,114.36,59.88,-1.169,1.0,0.0,-0.0,0.0,2,
2235,0,57.25,110.44,2.36,1.0,0.0,0.0,0.0,1,12.5
2235,1,43.24,36.15,-0.502,0.65,0.0,1.0,0.058,8,62.4
2235,2,91.98,36.71,-0.726,1.0,0.0,-0.029,0.063,1,
2235,3,114.36,59.88,-1.169,1.0,0.0,-0.0,0.0,1,
2236,0,57.25,110.44,2.36,1.0,0.0,0.0,0.0,1,12.5
2236,1,43.3,36.18,-0.345,0.752,0.0,1.0,0.073,8,62.3
2236,2,92.04,36.73,-0.73,1.0,0.0,-0.027,0.063,1,
2236,3,114.36,59.88,-1.169,1.0,0.0,-0.0,0.0,1,
2237,0,57.25,110.44,2.36,1.0,0.0,0.0,0.0,1,12.5
2237,1,43.38,36.21,-0.205,0.848,0.0,0.799,0.087,1,62.2
2237,2,92.1,36.75,-0.734,1.0,0.0,-0.026,0.063,8,
2237,3,114.36,59.88,-1.169,1.0,0.0,-0.0,0.0,1,
2238,0,57.25,110.44,2.36,1.0,0.0,0.0,0.0,1,12.5
2238,1,43.47,36.25,-0.083,0.915,0.0,0.593,0.098,1,62.2
2238,2,92.16,36.77,-0.738,1.0,0.0,-0.024,0.063,1,
2238,3,114.36,59.88,-1.169,1.0,0.0,-0.0,0.0,1,
2239,0,57.25,110.44,2.36,1.0,0.0,0.0,0.0,1,12.5
2239,1,43.57,36.29,0.022,0.959,0.0,0.411,0.107,8,62.1
2239,2,92.22,36.78,-0.742,1.0,0.0,-0.023,0.063,1,
2239,3,114.36,59.88,-1.169,1.0,0.0,-0.0,0.0,8,
2240,0,57.25,110.44,2.36,1.0,0.0,0.0,0.0,1,12.5
2240,1,43.67,36.34,0.109,0.997,0.0,-0.109,0.112,1,44.6
2240,2,92.28,36.8,-0.746,1.0,0.0,-0.023,0.064,8,
2240,3,114.36,59.88,-1.187,0.0,0.0,-1.0,0.0,8,
2241,0,57.25,110.44,2.36,1.0,0.0,0.0,0.0,8,12.5
2241,1,43.78,36.38,0.178,0.986,0.0,-0.242,0.116,2,44.5
2241,2,92.34,36.82,-0.749,1.0,0.0,-0.022,0.064,1,
2241,3,114.36,59.88,-1.222,0.0,0.0,-1.0,0.0,8,
2242,0,57.25,110.44,2.36,1.0,0.0,0.0,0.0,1,12.5
2242,1,43.89,36.42,0.23,0.97,0.0,-0.35,0.118,8,44.5
2242,2,92.41,36.84,-0.752,1.0,0.0,-0.022,0.064,8,
2242,3,114.36,59.88,-1.274,0.0,0.0,-1.0,0.0,8,
2243,0,57.25,110.44,2.36,1.0,0.0,0.0,0.0,1,12.5
2243,1,44.0,36.47,0.265,0.954,0.0,-0.434,0.119,1,44.5
2243,2,92.47,36.85,-0.756,1.0,0.0,-0.022,0.064,1,
2243,3,114.36,59.88,-1.344,0.0,0.0,-1.0,0.0,8,
2244,0,57.25,110.44,2.36,1.0,0.0,0.0,0.0,1,12.5
2244,1,44.11,36.51,0.282,0.941,0.0,-0.492,0.12,2,44.4
2244,2,92.53,36.87,-0.759,1.0,0.0,-0.021,0.064,1,
2244,3,114.34,59.88,-1.432,0.061,0.0,-1.0,0.016,1,
2245,0,57.25,110.44,2.36,1.0,0.0,0.0,0.0,1,12.5
2245,1,44.23,36.55,0.282,0.933,0.0,-0.526,0.12,8,44.4
2245,2,92.59,36.88,-0.762,1.0,0.0,-0.021,0.064,1,
2245,3,114.32,59.87,-1.537,0.148,0.0,-1.0,0.032,1,
2246,0,57.25,110.44,2.36,1.0,0.0,0.0,0.0,1,12.5
2246,1,44.34,36.59,0.264,0.931,0.0,-0.535,0.12,8,44.3
2246,2,92.66,36.9,-0.766,1.0,0.0,-0.021,0.065,1,
2246,3,114.27,59.85,-1.659,0.251,0.0,-1.0,0.044,8,
2247,0,57.25,110.44,2.36,1.0,0.0,0.0,0.0,8,12.5
2247,1,44.45,36.62,0.228,0.935,0.0,-0.519,0.12,1,44.3
2247,2,92.72,36.91,-0.769,1.0,0.0,-0.021,0.065,8,
2247,3,114.22,59.82,-1.799,0.368,0.0,-1.0,0.058,1,
2248,0,57.25,110.44,2.36,1.0,0.0,0.0,0.0,8,12.5
2248,1,44.57,36.66,0.175,0.945,0.0,-0.477,0.12,1,44.3
2248,2,92.78,36.93,-0.772,1.0,0.0,-0.021,0.065,1,
2248,3,114.16,59.8,-1.956,0.495,0.0,-1.0,0.072,1,
2249,0,57.25,110.44,2.36,1.0,0.0,0.0,0.0,1,12.5
2249,1,44.68,36.7,0.111,0.959,0.0,-0.411,0.119,1,44.2
2249,2,92.85,36.94,-0.776,1.0,0.0,-0.021,0.065,1,
2249,3,114.08,59.76,-2.113,0.625,0.0,-1.0,0.087,1,
2250,0,57.25,110.44,2.36,1.0,0.0,0.0,0.0,2,12.5
2250,1,44.79,36.73,0.059,0.974,0.0,-0.328,0.118,1,44.2
2250,2,92.91,36.96,-0.779,1.0,0.0,-0.021,0.065,1,
2250,3,113.99,59.72,-2.271,0.74,0.0,-1.0,0.099,8,
2251,0,57.25,110.44,2.36,1.0,0.0,0.0,0.0,1,12.5
2251,1,44.91,36.76,0.018,0.983,0.0,-0.264,0.117,8,44.1
2251,2,92.97,36.97,-0.782,1.0,0.0,-0.021,0.066,1,
2251,3,113.89,59.67,-2.41,0.836,0.0,-0.829,0.109,2,
2252,0,57.25,110.44,2.36,1.0,0.0,0.0,0.0,8,12.5
2252,1,45.02,36.8,-0.016,0.989,0.0,-0.214,0.116,8,44.1
2252,2,93.04,36.99,-0.786,1.0,0.0,-0.021,0.066,8,
2252,3,113.78,59.62,-2.532,0.905,0.0,-0.629,0.115,1,
2253,0,57.25,110.44,2.36,1.0,0.0,0.0,0.0,8,12.5
2253,1,45.13,36.83,-0.044,0.992,0.0,-0.175,0.115,1,44.0
2253,2,93.1,37.0,-0.789,1.0,0.0,-0.021,0.066,8,
2253,3,113.68,59.57,-2.637,0.95,0.0,-0.453,0.119,1,
2254,0,57.25,110.44,2.36,1.0,0.0,0.0,0.0,8,12.5
2254,1,45.24,36.86,-0.066,0.995,0.0,-0.145,0.115,1,44.0
2254,2,93.17,37.01,-0.792,1.0,0.0,-0.021,0.066,8,
2254,3,113.57,59.52,-2.724,0.978,0.0,-0.303,0.12,8,
2255,0,57.25,110.44,2.36,1.0,0.0,0.0,0.0,8,12.5
2255,1,45.35,36.88,-0.085,0.996,0.0,-0.122,0.114,8,44.0
2255,2,93.23,37.03,-0.796,1.0,0.0,-0.021,0.066,1,
2255,3,113.46,59.47,-2.793,0.992,0.0,-0.179,0.12,0,
2256,0,57.25,110.44,2.36,1.0,0.0,0.0,0.0,1,12.5
2256,1,45.46,36.91,-0.102,0.997,0.0,-0.104,0.114,8,43.9
2256,2,93.3,37.04,-0.799,1.0,0.0,-0.021,0.067,8,
2256,3,113.23,59.39,-2.846,0.999,0.0,-0.078,0.24,0,
2257,0,57.25,110.44,2.36,1.0,0.0,0.0,0.0,1,12.5
2257,1,45.57,36.94,-0.116,0.998,0.0,-0.09,0.114,1,43.9
2257,2,93.36,37.05,-0.802,1.0,0.0,-0.021,0.067,1,
2257,3,112.89,59.28,-2.88,0.981,0.0,0.278,0.36,0,
2258,0,57.25,110.44,2.36,1.0,0.0,0.0,0.0,8,12.5
2258,1,45.68,36.96,-0.128,0.998,0.0,-0.079,0.113,1,43.8
2258,2,93.43,37.06,-0.806,1.0,0.0,-0.021,0.067,1,
2258,3,112.43,59.16,-2.897,0.974,0.0,0.328,0.48,0,
2259,0,57.25,110.44,2.36,1.0,0.0,0.0,0.0,1,12.5
2259,1,45.79,36.99,-0.139,0.999,0.0,-0.07,0.113,1,43.8
2259,2,93.49,37.07,-0.809,1.0,0.0,-0.022,0.067,1,
2259,3,111.84,59.01,-2.897,0.969,0.0,0.355,0.6,0,
2260,0,57.25,110.44,2.36,1.0,0.0,0.0,0.0,1,12.5
2260,1,45.9,37.01,-0.149,0.999,0.0,-0.064,0.113,2,43.7
2260,2,93.56,37.08,-0.812,1.0,0.0,-0.022,0.067,1,
2260,3,111.15,58.84,-2.879,0.969,0.0,0.357,0.72,0,
2261,0,57.25,110.44,2.36,1.0,0.0,0.0,0.0,8,12.5
2261,1,46.02,37.03,-0.158,0.999,0.0,-0.059,0.113,2,43.7
2261,2,93.63,37.1,-0.816,1.0,0.0,-0.022,0.068,1,
2261,3,110.33,58.62,-2.843,0.973,0.0,0.335,0.84,0,
2262,0,57.25,110.44,2.36,1.0,0.0,0.0,0.0,8,12.5
2262,1,46.13,37.05,-0.167,0.999,0.0,-0.055,0.113,1,43.6
2262,2,93.69,37.11,-0.819,1.0,0.0,-0.022,0.068,8,
2262,3,109.42,58.34,-2.798,0.98,0.0,0.289,0.96,0,
2263,0,57.25,110.44,2.36,1.0,0.0,0.0,0.0,1,12.5
2263,1,46.24,37.07,-0.175,0.999,0.0,-0.052,0.113,1,43.6
2263,2,93.76,37.12,-0.823,1.0,0.0,-0.022,0.068,1,
2263,3,108.4,57.97,-2.762,0.987,0.0,0.228,1.08,0,
2264,0,57.25,110.44,2.36,1.0,0.0,0.0,0.0,1,12.5
2264,1,46.35,37.09,-0.183,0.999,0.0,-0.049,0.113,1,43.5
2264,2,93.83,37.13,-0.826,1.0,0.0,-0.022,0.068,8,
2264,3,107.29,57.53,-2.734,0.992,0.0,0.18,1.2,0,
2265,0,57.25,110.44,2.36,1.0,0.0,0.0,0.0,1,12.5
2265,1,46.46,37.11,-0.19,0.999,0.0,-0.048,0.113,8,43.5
2265,2,93.9,37.14,-0.83,1.0,0.0,-0.022,0.068,8,
2265,3,106.07,57.0,-2.712,0.995,0.0,0.143,1.32,0,
2266,0,57.25,110.44,2.36,1.0,0.0,0.0,0.0,1,12.5
2266,1,46.57,37.13,-0.198,0.999,0.0,-0.046,0.113,8,43.4
2266,2,93.97,37.15,-0.833,1.0,0.0,-0.022,0.069,8,
2266,3,104.76,56.4,-2.694,0.997,0.0,0.114,1.44,0,
2267,0,57.25,110.44,2.36,1.0,0.0,0.0,0.0,1,12.5
2267,1,46.69,37.14,-0.205,0.999,0.0,-0.045,0.113,1,43.4
2267,2,94.03,37.15,-0.837,1.0,0.0,-0.022,0.069,1,
2267,3,103.42,55.76,-2.679,0.998,0.0,0.091,1.497,0,
2268,0,57.25,110.44,2.36,1.0,0.0,0.0,0.0,1,12.5
2268,1,46.8,37.16,-0.212,1.0,0.0,-0.044,0.113,1,43.3
2268,2,94.1,37.16,-0.84,1.0,0.0,-0.022,0.069,1,
2268,3,102.07,55.09,-2.668,0.999,0.0,0.073,1.498,0,
2269,0,57.25,110.44,2.36,1.0,0.0,0.0,0.0,1,12.5
2269,1,46.91,37.17,-0.219,1.0,0.0,-0.044,0.114,1,43.3
2269,2,94.17,37.17,-0.844,1.0,0.0,-0.022,0.069,1,
2269,3,100.74,54.4,-2.659,0.999,0.0,0.058,1.499,0,
2270,0,57.25,110.44,2.36,1.0,0.0,0.0,0.0,1,12.5
2270,1,47.02,37.18,-0.225,1.0,0.0,-0.044,0.114,8,43.2
2270,2,94.24,37.18,-0.847,1.0,0.0,-0.022,0.069,8,
2270,3,99.41,53.71,-2.652,0.999,0.0,0.046,1.499,0,
2271,0,57.25,110.44,2.36,1.0,0.0,0.0,0.0,1,12.5
2271,1,47.14,37.19,-0.232,1.0,0.0,-0.043,0.114,1,43.2
2271,2,94.31,37.19,-0.851,1.0,0.0,-0.023,0.07,1,
2271,3,98.09,53.0,-2.646,1.0,0.0,0.037,1.499,0,
2272,0,57.25,110.44,2.36,1.0,0.0,0.0,0.0,1,12.5
2272,1,47.25,37.2,-0.239,1.0,0.0,-0.043,0.114,8,43.1
2272,2,94.38,37.19,-0.854,1.0,0.0,-0.023,0.07,1,
2272,3,96.77,52.29,-2.641,1.0,0.0,0.03,1.5,0,
2273,0,57.25,110.44,2.36,1.0,0.0,0.0,0.0,1,12.5
2273,1,47.36,37.21,-0.246,1.0,0.0,-0.043,0.114,1,43.0
2273,2,94.35,37.19,-0.858,1.0,0.0,-0.023,0.03,4,
2273,3,95.5,52.15,-2.637,1.0,0.0,0.024,1.281,1,
2274,0,57.25,110.44,2.36,1.0,0.0,0.0,0.0,1,12.5
2274,1,47.48,37.22,-0.252,1.0,0.0,-0.043,0.114,8,43.0
2274,2,94.4,37.2,-0.86,1.0,0.0,-0.015,0.057,12,
2274,3,95.4,52.16,-2.632,1.0,0.0,0.032,0.102,1,
2275,0,57.25,110.44,2.36,1.0,0.0,0.0,0.0,1,12.5
2275,1,47.59,37.23,-0.259,1.0,0.0,-0.043,0.114,8,42.9
2275,2,94.46,37.2,-0.863,1.0,0.0,-0.016,0.059,4,
2275,3,95.3,52.18,-2.628,1.0,0.0,0.026,0.102,1,
2276,0,57.25,110.44,2.36,1.0,0.0,0.0,0.0,1,12.5
2276,1,47.71,37.24,-0.266,1.0,0.0,-0.043,0.114,1,42.9
2276,2,94.52,37.21,-0.865,1.0,0.0,-0.017,0.06,12,
2276,3,95.19,52.19,-2.625,1.0,0.0,0.022,0.102,1,
2277,0,57.25,110.44,2.36,1.0,0.0,0.0,0.0,1,12.5
2277,1,47.82,37.24,-0.273,1.0,0.0,-0.043,0.114,1,42.8
2277,2,94.58,37.21,-0.868,1.0,0.0,-0.018,0.062,5,
2277,3,95.09,52.2,-2.622,1.0,0.0,0.019,0.103,1,
2278,0,57.25,110.44,2.36,1.0,0.0,0.0,0.0,1,12.5
2278,1,47.93,37.25,-0.279,1.0,0.0,-0.043,0.114,8,42.7
2278,2,94.65,37.22,-0.871,1.0,0.0,-0.018,0.063,5,
2278,3,94.99,52.21,-2.619,1.0,0.0,0.016,0.103,1,
2279,0,57.25,110.44,2.36,1.0,0.0,0.0,0.0,1,12.5
2279,1,48.05,37.25,-0.286,1.0,0.0,-0.043,0.114,1,42.7
2279,2,94.71,37.22,-0.874,1.0,0.0,-0.019,0.065,5,
2279,3,94.89,52.22,-2.617,1.0,0.0,0.014,0.104,1,
2280,0,57.25,110.44,2.36,1.0,0.0,0.0,0.0,1,12.5
2280,1,48.16,37.25,-0.293,1.0,0.0,-0.043,0.115,1,42.6
2280,2,94.71,37.22,-0.894,0.0,0.0,-1.0,0.0,0,
2280,3,94.89,52.22,-2.597,0.0,0.0,1.0,0.0,0,
2281,0,57.25,110.44,2.36,1.0,0.0,0.0,0.0,1,12.5
2281,1,48.28,37.26,-0.3,1.0,0.0,-0.043,0.115,1,42.6
2281,2,94.71,37.22,-0.932,0.0,0.0,-1.0,0.0,0,
2281,3,94.89,52.22,-2.56,0.0,0.0,1.0,0.0,0,
2282,0,57.25,110.44,2.36,1.0,0.0,0.0,0.0,1,12.5
2282,1,48.39,37.26,-0.306,1.0,0.0,-0.043,0.115,8,42.5
2282,2,94.71,37.22,-0.988,0.0,0.0,-1.0,0.0,0,
2282,3,94.89,52.22,-2.505,0.0,0.0,1.0,0.0,0,
2283,0,57.25,110.44,2.36,1.0,0.0,0.0,0.0,1,12.5
2283,1,48.51,37.26,-0.313,1.0,0.0,-0.043,0.115,1,42.4
2283,2,94.71,37.22,-1.061,0.0,0.0,-1.0,0.0,0,
2283,3,94.89,52.22,-2.433,0.0,0.0,1.0,0.0,0,
2284,0,57.25,110.44,2.36,1.0,0.0,0.0,0.0,1,12.5
2284,1,48.62,37.25,-0.32,1.0,0.0,-0.043,0.115,8,42.4
2284,2,94.71,37.22,-1.151,0.0,0.0,-1.0,0.0,0,
2284,3,94.89,52.22,-2.343,0.0,0.0,1.0,0.0,0,
2285,0,57.25,110.44,2.36,1.0,0.0,0.0,0.0,1,12.5
2285,1,48.74,37.25,-0.327,1.0,0.0,-0.043,0.115,8,42.3
2285,2,94.71,37.22,-1.259,0.0,0.0,-1.0,0.0,0,
2285,3,94.89,52.22,-2.236,0.0,0.0,1.0,0.0,0,
2286,0,57.25,110.44,2.36,1.0,0.0,0.0,0.0,1,12.5
2286,1,48.85,37.25,-0.334,1.0,0.0,-0.043,0.115,1,42.2
2286,2,94.71,37.22,-1.385,0.0,0.0,-1.0,0.0,0,
2286,3,94.89,52.22,-2.111,0.0,0.0,1.0,0.0,0,
2287,0,57.25,110.44,2.36,1.0,0.0,0.0,0.0,1,12.5
2287,1,48.97,37.24,-0.34,1.0,0.0,-0.043,0.115,1,42.2
2287,2,94.71,37.22,-1.528,0.0,0.0,-1.0,0.0,0,
2287,3,94.89,52.22,-1.969,0.0,0.0,1.0,0.0,0,
2288,0,57.25,110.44,2.36,1.0,0.0,0.0,0.0,1,12.5
2288,1,49.08,37.24,-0.347,1.0,0.0,-0.044,0.115,1,42.1
2288,2,94.71,37.22,-1.685,0.001,0.0,-1.0,0.0,8,
2288,3,94.89,52.22,-1.812,0.0,0.0,1.0,0.0,0,
2289,0,57.25,110.44,2.36,1.0,0.0,0.0,0.0,1,12.5
2289,1,49.2,37.23,-0.354,1.0,0.0,-0.044,0.115,1,42.0
2289,2,94.69,37.22,-1.842,0.158,0.0,-1.0,0.023,1,
2289,3,94.89,52.22,-1.655,0.0,0.0,1.0,0.0,0,
2290,0,57.25,110.44,2.36,1.0,0.0,0.0,0.0,1,12.5
2290,1,49.31,37.22,-0.361,1.0,0.0,-0.044,0.115,1,42.0
2290,2,94.65,37.22,-1.999,0.311,0.0,-1.0,0.041,1,
2290,3,94.89,52.22,-1.498,0.0,0.0,1.0,0.0,0,
2291,0,57.25,110.44,2.36,1.0,0.0,0.0,0.0,1,12.5
2291,1,49.43,37.21,-0.368,1.0,0.0,-0.044,0.115,8,41.9
2291,2,94.59,37.21,-2.156,0.456,0.0,-1.0,0.059,1,
2291,3,94.89,52.22,-1.341,0.0,0.0,1.0,0.0,0,
2292,0,57.25,110.44,2.36,1.0,0.0,0.0,0.0,1,12.5
2292,1,49.54,37.2,-0.375,1.0,0.0,-0.044,0.116,1,41.8
2292,2,94.52,37.21,-2.313,0.591,0.0,-1.0,0.075,1,
2292,3,94.89,52.22,-1.184,0.0,0.0,1.0,0.0,0,
2293,0,57.25,110.44,2.36,1.0,0.0,0.0,0.0,1,12.5
2293,1,49.66,37.19,-0.382,1.0,0.0,-0.044,0.116,8,41.8
2293,2,94.43,37.2,-2.47,0.711,0.0,-1.0,0.089,8,
2293,3,94.89,52.22,-1.027,0.0,0.0,1.0,0.0,0,
2294,0,57.25,110.44,2.36,1.0,0.0,0.0,0.0,1,12.5
2294,1,49.77,37.18,-0.389,1.0,0.0,-0.044,0.116,1,41.7
2294,2,94.32,37.19,-2.61,0.813,0.0,-0.888,0.108,5,
2294,3,94.94,52.17,-0.87,0.072,0.0,1.0,0.074,1,
2295,0,57.25,110.44,2.36,1.0,0.0,0.0,0.0,1,12.5
2295,1,49.89,37.16,-0.395,1.0,0.0,-0.044,0.116,1,41.6
2295,2,94.2,37.17,-2.732,0.887,0.0,-0.685,0.121,5,
2295,3,95.03,52.15,-0.712,0.223,0.0,1.0,0.084,1,
2296,0,57.25,110.44,2.36,1.0,0.0,0.0,0.0,1,12.5
2296,1,50.0,37.15,-0.402,1.0,0.0,-0.044,0.116,1,41.5
2296,2,94.07,37.16,-2.836,0.937,0.0,-0.508,0.125,5,
2296,3,95.12,52.12,-0.555,0.37,0.0,1.0,0.098,1,
2297,0,57.25,110.44,2.36,1.0,0.0,0.0,0.0,1,12.5
2297,1,50.12,37.13,-0.409,1.0,0.0,-0.044,0.116,8,41.5
2297,2,93.95,37.14,-2.923,0.969,0.0,-0.356,0.125,12,
2297,3,95.22,52.09,-0.398,0.508,0.0,1.0,0.11,1,
2298,0,57.25,110.44,2.36,1.0,0.0,0.0,0.0,1,12.5
2298,1,50.23,37.12,-0.416,1.0,0.0,-0.044,0.116,8,41.4
2298,2,93.83,37.13,-2.993,0.987,0.0,-0.229,0.122,12,
2298,3,95.34,52.05,-0.241,0.633,0.0,1.0,0.118,1,
2299,0,57.25,110.44,2.36,1.0,0.0,0.0,0.0,1,12.5
2299,1,50.35,37.1,-0.423,1.0,0.0,-0.044,0.116,1,41.3
2299,2,93.71,37.11,-3.045,0.996,0.0,-0.127,0.12,0,
2299,3,95.45,52.02,-0.084,0.743,0.0,1.0,0.12,0,
2300,0,57.25,110.44,2.36,1.0,0.0,0.0,0.0,1,12.5
2300,1,50.46,37.08,-0.43,1.0,0.0,-0.044,0.116,8,41.2
2300,2,93.47,37.09,-3.08,0.999,0.0,-0.05,0.24,0,
2300,3,95.69,52.0,0.055,0.836,0.0,0.83,0.24,0,
2301,0,57.25,110.44,2.36,1.0,0.0,0.0,0.0,1,12.5
2301,1,50.58,37.06,-0.437,1.0,0.0,-0.044,0.116,8,41.2
2301,2,93.11,37.06,-3.097,1.0,0.0,0.006,0.36,0,
2301,3,96.05,52.02,0.177,0.901,0.0,0.641,0.36,0,
2302,0,57.25,110.44,2.36,1.0,0.0,0.0,0.0,1,12.5
2302,1,50.69,37.04,-0.444,1.0,0.0,-0.044,0.116,8,41.1
2302,2,92.63,37.04,-3.096,1.0,0.0,0.043,0.48,0,
2302,3,96.52,52.11,0.282,0.944,0.0,0.48,0.48,0,
2303,0,57.25,110.44,2.36,1.0,0.0,0.0,0.0,1,12.5
2303,1,50.8,37.02,-0.451,1.0,0.0,-0.044,0.116,8,41.0
2303,2,92.03,37.02,-3.087,0.999,0.0,0.061,0.6,0,
2303,3,97.1,52.27,0.369,0.971,0.0,0.344,0.6,0,
2304,0,57.25,110.44,2.36,1.0,0.0,0.0,0.0,1,12.5
2304,1,50.92,37.0,-0.458,1.0,0.0,-0.044,0.116,8,40.9
2304,2,91.32,36.98,-3.06,0.976,0.0,0.313,0.72,0,
2304,3,97.77,52.53,0.439,0.987,0.0,0.232,0.72,0,
2305,0,57.25,110.44,2.36,1.0,0.0,0.0,0.0,1,12.5
2305,1,51.03,36.97,-0.465,1.0,0.0,-0.044,0.116,8,40.8
2305,2,90.48,36.91,-3.016,0.981,0.0,0.279,0.84,0,
2305,3,98.53,52.89,0.491,0.995,0.0,0.142,0.84,0,
2306,0,57.25,110.44,2.36,1.0,0.0,0.0,0.0,1,12.5
2306,1,51.15,36.95,-0.472,1.0,0.0,-0.044,0.117,8,40.8
2306,2,89.53,36.79,-2.981,0.988,0.0,0.222,0.96,0,
2306,3,99.38,53.34,0.525,0.999,0.0,0.074,0.96,0,
2307,0,57.25,110.44,2.36,1.0,0.0,0.0,0.0,1,12.5
2307,1,51.26,36.92,-0.479,1.0,0.0,-0.044,0.117,8,40.7
2307,2,88.46,36.61,-2.953,0.992,0.0,0.177,1.08,0,
2307,3,100.31,53.88,0.542,1.0,0.0,0.027,1.08,0,
2308,0,57.25,110.44,2.36,1.0,0.0,0.0,0.0,1,12.5
2308,1,51.37,36.89,-0.486,1.0,0.0,-0.044,0.117,1,40.6
2308,2,87.28,36.39,-2.931,0.995,0.0,0.142,1.2,0,
2308,3,101.34,54.5,0.542,1.0,0.0,-0.001,1.2,0,
2309,0,57.25,110.44,2.36,1.0,0.0,0.0,0.0,1,12.5
2309,1,51.49,36.86,-0.493,1.0,0.0,-0.044,0.117,8,40.5
2309,2,85.99,36.11,-2.913,0.997,0.0,0.114,1.32,0,
2309,3,102.47,55.19,0.541,1.0,0.0,-0.008,1.32,0,
2310,0,57.25,110.44,2.36,1.0,0.0,0.0,0.0,1,12.5
2310,1,51.6,36.83,-0.5,1.0,0.0,-0.044,0.117,1,40.4
2310,2,84.59,35.79,-2.898,0.998,0.0,0.092,1.44,0,
2310,3,103.71,55.93,0.538,1.0,0.0,-0.017,1.44,0,
2311,0,57.25,110.44,2.36,1.0,0.0,0.0,0.0,1,12.5
2311,1,51.71,36.8,-0.507,1.0,0.0,-0.044,0.117,1,40.4
2311,2,83.13,35.43,-2.887,0.999,0.0,0.075,1.498,0,
2311,3,104.99,56.7,0.534,1.0,0.0,-0.028,1.5,0,
2312,0,57.25,110.44,2.36,1.0,0.0,0.0,0.0,1,12.5
2312,1,51.82,36.77,-0.513,1.0,0.0,-0.044,0.117,8,40.3
2312,2,81.68,35.05,-2.877,0.999,0.0,0.061,1.499,0,
2312,3,106.28,57.46,0.528,1.0,0.0,-0.041,1.499,0,
2313,0,57.25,110.44,2.36,1.0,0.0,0.0,0.0,1,12.5
2313,1,51.94,36.74,-0.52,1.0,0.0,-0.044,0.117,8,40.2
2313,2,80.24,34.66,-2.869,0.999,0.0,0.05,1.499,0,
2313,3,107.58,58.21,0.519,0.999,0.0,-0.055,1.499,0,
2314,0,57.25,110.44,2.36,1.0,0.0,0.0,0.0,1,12.5
2314,1,52.05,36.7,-0.527,1.0,0.0,-0.044,0.117,8,40.1
2314,2,78.79,34.25,-2.863,1.0,0.0,0.041,1.499,0,
2314,3,108.88,58.96,0.508,0.999,0.0,-0.068,1.498,0,
2315,0,57.25,110.44,2.36,1.0,0.0,0.0,0.0,1,12.5
2315,1,52.16,36.67,-0.534,1.0,0.0,-0.044,0.117,8,40.0
2315,2,77.35,33.84,-2.857,1.0,0.0,0.034,1.5,0,
2315,3,110.19,59.69,0.496,0.998,0.0,-0.08,1.498,0,
2316,0,57.25,110.44,2.36,1.0,0.0,0.0,0.0,1,12.5
2316,1,52.27,36.63,-0.541,1.0,0.0,-0.044,0.117,1,39.9
2316,2,75.91,33.42,-2.853,1.0,0.0,0.028,1.5,0,
2316,3,111.5,60.4,0.481,0.998,0.0,-0.092,1.497,0,
2317,0,57.25,110.44,2.36,1.0,0.0,0.0,0.0,1,12.5
2317,1,52.38,36.6,-0.548,1.0,0.0,-0.044,0.117,8,39.8
2317,2,74.47,32.99,-2.849,1.0,0.0,0.023,1.5,0,
2317,3,112.83,61.09,0.465,0.997,0.0,-0.101,1.496,0,
2318,0,57.25,110.44,2.36,1.0,0.0,0.0,0.0,1,12.5
2318,1,52.49,36.56,-0.555,1.0,0.0,-0.044,0.117,8,39.8
2318,2,73.04,32.56,-2.846,1.0,0.0,0.019,1.5,0,
2318,3,114.17,61.76,0.448,0.997,0.0,-0.109,1.496,0,
2319,0,57.25,110.44,2.36,1.0,0.0,0.0,0.0,1,12.5
2319,1,52.6,36.52,-0.562,1.0,0.0,-0.044,0.117,1,39.7
2319,2,71.6,32.12,-2.844,1.0,0.0,0.016,1.5,0,
2319,3,115.51,62.41,0.43,0.997,0.0,-0.114,1.495,0,
2320,0,57.25,110.44,2.36,1.0,0.0,0.0,0.0,1,12.5
2320,1,52.71,36.48,-0.569,1.0,0.0,-0.044,0.117,1,39.6
2320,2,70.17,31.68,-2.842,1.0,0.0,0.013,1.5,0,
2320,3,116.73,62.97,0.395,0.026,0.0,-1.0,1.335,0,
2321,0,57.25,110.44,2.36,1.0,0.0,0.0,0.0,1,12.5
2321,1,52.82,36.44,-0.575,1.0,0.0,-0.044,0.117,1,39.5
2321,2,68.74,31.24,-2.84,1.0,0.0,0.011,1.5,0,
2321,3,117.81,63.42,0.342,0.002,0.0,-1.0,1.175,0,
2322,0,57.25,110.44,2.36,1.0,0.0,0.0,0.0,1,12.5
2322,1,52.93,36.4,-0.582,1.0,0.0,-0.043,0.118,1,39.4
2322,2,67.3,30.79,-2.838,1.0,0.0,0.01,1.5,0,
2322,3,118.77,63.76,0.272,0.004,0.0,-1.0,1.015,0,
2323,0,57.25,110.44,2.36,1.0,0.0,0.0,0.0,1,12.5
2323,1,52.67,36.53,-0.589,1.0,0.0,-0.043,0.3,2,39.6
2323,2,66.25,30.17,-2.837,1.0,0.0,0.008,1.225,1,
2323,3,119.59,63.99,0.184,0.03,0.0,-1.0,0.855,0,
2324,0,57.25,110.44,2.36,1.0,0.0,0.0,0.0,1,12.5
2324,1,52.67,36.51,-0.591,1.0,0.0,-0.013,0.023,1,39.6
2324,2,66.23,30.09,-2.839,1.0,0.0,-0.015,0.083,1,
2324,3,120.28,64.12,0.079,0.08,0.0,-1.0,0.695,0,
2325,0,57.25,110.44,2.36,1.0,0.0,0.0,0.0,1,12.5
2325,1,52.68,36.5,-0.592,1.0,0.0,-0.009,0.015,2,39.6
2325,2,66.21,30.01,-2.842,1.0,0.0,-0.017,0.083,1,
2325,3,120.81,64.16,-0.044,0.154,0.0,-1.0,0.535,0,
2326,0,57.25,110.44,2.36,1.0,0.0,0.0,0.0,1,12.5
2326,1,52.7,36.5,-0.594,1.0,0.0,-0.008,0.015,2,39.6
2326,2,66.18,29.93,-2.845,1.0,0.0,-0.018,0.083,1,
2326,3,121.19,64.14,-0.184,0.252,0.0,-1.0,0.377,0,
2327,0,57.25,110.44,2.36,1.0,0.0,0.0,0.0,1,12.5
2327,1,52.71,36.49,-0.595,1.0,0.0,-0.007,0.015,3,39.6
2327,2,66.16,29.85,-2.848,1.0,0.0,-0.02,0.084,1,
2327,3,121.68,64.05,-0.341,0.37,0.0,-1.0,0.497,0,
2328,0,57.25,110.44,2.36,1.0,0.0,0.0,0.0,1,12.5
2328,1,52.73,36.49,-0.596,1.0,0.0,-0.007,0.015,3,39.6
2328,2,66.14,29.77,-2.851,1.0,0.0,-0.021,0.084,1,
2328,3,122.26,63.84,-0.499,0.493,0.0,-1.0,0.617,0,
2329,0,57.25,110.44,2.36,1.0,0.0,0.0,0.0,1,12.5
2329,1,52.74,36.48,-0.597,1.0,0.0,-0.007,0.015,3,39.6
2329,2,66.11,29.69,-2.855,1.0,0.0,-0.022,0.084,1,
2329,3,122.91,63.49,-0.656,0.603,0.0,-1.0,0.737,0,
2330,0,57.25,110.44,2.36,1.0,0.0,0.0,0.0,1,12.5
2330,1,52.76,36.48,-0.598,1.0,0.0,-0.006,0.015,2,39.6
2330,2,66.09,29.61,-2.858,1.0,0.0,-0.022,0.084,1,
2330,3,123.59,62.97,-0.813,0.702,0.0,-1.0,0.857,0,
2331,0,57.25,110.44,2.36,1.0,0.0,0.0,0.0,1,12.5
2331,1,52.77,36.47,-0.599,1.0,0.0,-0.006,0.015,2,39.5
2331,2,66.07,29.53,-2.862,1.0,0.0,-0.023,0.085,1,
2331,3,124.26,62.26,-0.962,0.787,0.0,-0.95,0.977,0,
2332,0,57.25,110.44,2.36,1.0,0.0,0.0,0.0,1,12.5
2332,1,52.79,36.47,-0.6,1.0,0.0,-0.006,0.016,3,39.5
2332,2,66.04,29.45,-2.866,1.0,0.0,-0.023,0.085,1,
2332,3,124.89,61.36,-1.094,0.855,0.0,-0.779,1.097,0,
2333,0,57.25,110.44,2.36,1.0,0.0,0.0,0.0,1,12.5
2333,1,52.8,36.46,-0.601,1.0,0.0,-0.006,0.016,2,39.5
2333,2,66.01,29.36,-2.869,1.0,0.0,-0.024,0.085,1,
2333,3,125.44,60.28,-1.208,0.903,0.0,-0.633,1.217,0,
2334,0,57.25,110.44,2.36,1.0,0.0,0.0,0.0,1,12.5
2334,1,52.81,36.46,-0.602,1.0,0.0,-0.006,0.016,3,39.5
2334,2,65.99,29.28,-2.873,1.0,0.0,-0.024,0.085,1,
2334,3,125.92,59.03,-1.305,0.937,0.0,-0.51,1.337,0,
2335,0,57.25,110.44,2.36,1.0,0.0,0.0,0.0,1,12.5
2335,1,52.83,36.45,-0.603,1.0,0.0,-0.006,0.016,3,39.5
2335,2,65.96,29.2,-2.877,1.0,0.0,-0.024,0.085,1,
2335,3,126.82,58.32,-1.384,0.959,0.0,-0.411,1.142,1,
2336,0,57.25,110.44,2.36,1.0,0.0,0.0,0.0,1,12.5
2336,1,52.85,36.45,-0.604,1.0,0.0,-0.006,0.016,3,39.5
2336,2,65.93,29.12,-2.881,1.0,0.0,-0.024,0.085,1,
2336,3,126.89,58.27,-1.445,0.965,0.0,-0.378,0.09,8,
2337,0,57.25,110.44,2.36,1.0,0.0,0.0,0.0,1,12.5
2337,1,52.86,36.44,-0.605,1.0,0.0,-0.006,0.016,2,39.5
2337,2,65.91,29.04,-2.885,1.0,0.0,-0.025,0.086,1,
2337,3,126.96,58.22,-1.492,0.979,0.0,-0.296,0.085,1,
2338,0,57.25,110.44,2.36,1.0,0.0,0.0,0.0,1,12.5
2338,1,52.88,36.44,-0.606,1.0,0.0,-0.006,0.016,2,39.5
2338,2,65.88,28.96,-2.888,1.0,0.0,-0.025,0.086,1,
2338,3,127.02,58.16,-1.529,0.986,0.0,-0.236,0.082,1,
2339,0,57.25,110.44,2.36,1.0,0.0,0.0,0.0,1,12.5
2339,1,52.89,36.43,-0.607,1.0,0.0,-0.006,0.016,3,39.4
2339,2,65.85,28.88,-2.892,1.0,0.0,-0.025,0.086,1,
2339,3,127.08,58.12,-1.559,0.991,0.0,-0.189,0.079,8,
2340,0,57.25,110.44,2.36,1.0,0.0,0.0,0.0,1,12.5
2340,1,52.91,36.42,-0.608,1.0,0.0,-0.006,0.017,2,39.4
2340,2,65.82,28.8,-2.896,1.0,0.0,-0.025,0.086,1,
2340,3,127.14,58.07,-1.583,0.994,0.0,-0.152,0.077,1,
2341,0,57.25,110.44,2.36,1.0,0.0,0.0,0.0,1,12.5
2341,1,52.92,36.42,-0.609,1.0,0.0,-0.006,0.017,2,39.4
2341,2,65.79,28.71,-2.9,1.0,0.0,-0.025,0.086,1,
2341,3,127.2,58.02,-1.602,0.996,0.0,-0.124,0.075,8,
2342,0,57.25,110.44,2.36,1.0,0.0,0.0,0.0,1,12.5
2342,1,52.94,36.41,-0.61,1.0,0.0,-0.006,0.017,3,39.4
2342,2,65.76,28.63,-2.904,1.0,0.0,-0.025,0.087,1,
2342,3,127.26,57.97,-1.618,0.997,0.0,-0.102,0.074,1,
2343,0,57.25,110.44,2.36,1.0,0.0,0.0,0.0,1,12.5
2343,1,52.95,36.41,-0.611,1.0,0.0,-0.006,0.017,3,39.4
2343,2,65.73,28.55,-2.908,1.0,0.0,-0.026,0.087,1,
2343,3,127.31,57.92,-1.631,0.998,0.0,-0.084,0.073,1,
2344,0,57.25,110.44,2.36,1.0,0.0,0.0,0.0,1,12.5
2344,1,52.97,36.4,-0.611,1.0,0.0,-0.006,0.017,2,39.4
2344,2,65.7,28.47,-2.912,1.0,0.0,-0.026,0.087,1,
2344,3,127.37,57.88,-1.642,0.999,0.0,-0.071,0.072,1,
2345,0,57.25,110.44,2.36,1.0,0.0,0.0,0.0,1,12.5
2345,1,52.99,36.4,-0.612,1.0,0.0,-0.006,0.017,2,39.4
2345,2,65.67,28.39,-2.916,1.0,0.0,-0.026,0.087,1,
2345,3,127.42,57.83,-1.652,0.999,0.0,-0.06,0.072,1,
2346,0,57.25,110.44,2.36,1.0,0.0,0.0,0.0,1,12.5
2346,1,53.0,36.39,-0.613,1.0,0.0,-0.006,0.017,3,39.4
2346,2,65.64,28.31,-2.92,1.0,0.0,-0.026,0.087,1,
2346,3,127.48,57.78,-1.66,0.999,0.0,-0.052,0.071,1,
2347,0,57.25,110.44,2.36,1.0,0.0,0.0,0.0,1,12.5
2347,1,53.02,36.38,-0.614,1.0,0.0,-0.006,0.017,2,39.3
2347,2,65.61,28.23,-2.925,1.0,0.0,-0.026,0.087,1,
2347,3,127.53,57.74,-1.667,0.999,0.0,-0.046,0.071,1,
2348,0,57.25,110.44,2.36,1.0,0.0,0.0,0.0,1,12.5
2348,1,53.04,36.38,-0.616,1.0,0.0,-0.006,0.018,2,39.3
2348,2,65.57,28.15,-2.929,1.0,0.0,-0.026,0.088,1,
2348,3,127.58,57.69,-1.674,1.0,0.0,-0.041,0.071,8,
2349,0,57.25,110.44,2.36,1.0,0.0,0.0,0.0,1,12.5
2349,1,53.05,36.37,-0.617,1.0,0.0,-0.006,0.018,2,39.3
2349,2,65.54,28.06,-2.933,1.0,0.0,-0.026,0.088,1,
2349,3,127.64,57.64,-1.679,1.0,0.0,-0.037,0.071,1,
2350,0,57.25,110.44,2.36,1.0,0.0,0.0,0.0,1,12.5
2350,1,53.07,36.36,-0.618,1.0,0.0,-0.007,0.018,2,39.3
2350,2,65.51,27.98,-2.937,1.0,0.0,-0.026,0.088,1,
2350,3,127.69,57.59,-1.685,1.0,0.0,-0.034,0.071,1,
2351,0,57.25,110.44,2.36,1.0,0.0,0.0,0.0,1,12.5
2351,1,53.09,36.36,-0.619,1.0,0.0,-0.007,0.018,2,39.3
2351,2,65.47,27.9,-2.941,1.0,0.0,-0.026,0.088,1,
2351,3,127.74,57.55,-1.69,1.0,0.0,-0.032,0.071,8,
2352,0,57.25,110.44,2.36,1.0,0.0,0.0,0.0,1,12.5
2352,1,53.1,36.35,-0.62,1.0,0.0,-0.007,0.018,2,39.3
2352,2,65.44,27.82,-2.945,1.0,0.0,-0.027,0.088,1,
2352,3,127.79,57.5,-1.694,1.0,0.0,-0.03,0.071,1,
2353,0,57.25,110.44,2.36,1.0,0.0,0.0,0.0,1,12.5
2353,1,53.12,36.35,-0.621,1.0,0.0,-0.007,0.018,2,39.3
2353,2,65.4,27.74,-2.949,1.0,0.0,-0.027,0.089,1,
2353,3,127.84,57.45,-1.699,1.0,0.0,-0.028,0.071,1,
2354,0,57.25,110.44,2.36,1.0,0.0,0.0,0.0,1,12.5
2354,1,53.14,36.34,-0.622,1.0,0.0,-0.007,0.018,3,39.2
2354,2,65.37,27.66,-2.954,1.0,0.0,-0.027,0.089,1,
2354,3,127.9,57.4,-1.703,1.0,0.0,-0.027,0.071,1,
2355,0,57.25,110.44,2.36,1.0,0.0,0.0,0.0,1,12.5
2355,1,53.15,36.33,-0.623,1.0,0.0,-0.007,0.019,2,39.2
2355,2,65.33,27.58,-2.958,1.0,0.0,-0.027,0.089,1,
2355,3,127.95,57.35,-1.707,1.0,0.0,-0.027,0.071,8,
2356,0,57.25,110.44,2.36,1.0,0.0,0.0,0.0,1,12.5
2356,1,53.17,36.33,-0.624,1.0,0.0,-0.007,0.019,2,39.2
2356,2,65.3,27.49,-2.962,1.0,0.0,-0.027,0.089,1,
2356,3,128.0,57.3,-1.711,1.0,0.0,-0.026,0.072,8,
2357,0,57.25,110.44,2.36,1.0,0.0,0.0,0.0,1,12.5
2357,1,53.19,36.32,-0.625,1.0,0.0,-0.007,0.019,2,39.2
2357,2,65.26,27.41,-2.966,1.0,0.0,-0.027,0.089,1,
2357,3,128.05,57.25,-1.715,1.0,0.0,-0.025,0.072,8,
2358,0,57.25,110.44,2.36,1.0,0.0,0.0,0.0,1,12.5
2358,1,53.21,36.31,-0.626,1.0,0.0,-0.007,0.019,2,39.2
2358,2,65.22,27.33,-2.971,1.0,0.0,-0.027,0.089,1,
2358,3,128.1,57.2,-1.719,1.0,0.0,-0.025,0.072,8,
2359,0,57.25,110.44,2.36,1.0,0.0,0.0,0.0,1,12.5
2359,1,53.23,36.3,-0.627,1.0,0.0,-0.007,0.019,2,39.2
2359,2,65.18,27.25,-2.975,1.0,0.0,-0.027,0.09,1,
2359,3,128.15,57.15,-1.723,1.0,0.0,-0.025,0.072,1,
2360,0,57.25,110.44,2.36,1.0,0.0,0.0,0.0,1,12.5
2360,1,53.28,36.27,-0.628,1.0,0.0,-0.007,0.06,2,39.1
2360,2,65.23,27.21,-2.997,0.0,0.0,-1.0,0.06,1,
2360,3,128.15,57.15,-1.745,0.0,0.0,-1.0,0.0,0,
2361,0,57.25,110.44,2.36,1.0,0.0,0.0,0.0,1,12.5
2361,1,53.33,36.25,-0.63,1.0,0.0,-0.009,0.06,3,39.1
2361,2,65.28,27.18,-3.036,0.0,0.0,-1.0,0.059,1,
2361,3,128.15,57.15,-1.783,0.0,0.0,-1.0,0.0,0,
2362,0,57.25,110.44,2.36,1.0,0.0,0.0,0.0,1,12.5
2362,1,53.39,36.22,-0.631,1.0,0.0,-0.012,0.06,2,39.0
2362,2,65.33,27.14,-3.093,0.0,0.0,-1.0,0.059,1,
2362,3,128.15,57.15,-1.84,0.0,0.0,-1.0,0.0,0,
2363,0,57.25,110.44,2.36,1.0,0.0,0.0,0.0,1,12.5
2363,1,53.44,36.2,-0.634,1.0,0.0,-0.014,0.06,3,39.0
2363,2,65.37,27.11,3.116,0.0,0.0,-1.0,0.059,1,
2363,3,128.15,57.15,-1.914,0.0,0.0,-1.0,0.0,0,
2364,0,57.25,110.44,2.36,1.0,0.0,0.0,0.0,1,12.5
2364,1,53.5,36.17,-0.636,1.0,0.0,-0.016,0.06,3,38.9
2364,2,65.42,27.07,3.024,0.0,0.0,-1.0,0.059,1,
2364,3,128.15,57.15,-2.005,0.0,0.0,-1.0,0.0,0,
2365,0,57.25,110.44,2.36,1.0,0.0,0.0,0.0,1,12.5
2365,1,53.55,36.15,-0.639,1.0,0.0,-0.017,0.06,3,38.9
2365,2,65.47,27.04,2.915,0.0,0.0,-1.0,0.059,1,
2365,3,128.17,57.13,-2.114,0.05,0.0,-1.0,0.026,1,
2366,0,57.25,110.44,2.36,1.0,0.0,0.0,0.0,1,12.5
2366,1,53.61,36.12,-0.642,1.0,0.0,-0.018,0.06,3,38.8
2366,2,65.51,27.0,2.788,0.0,0.0,-1.0,0.059,1,
2366,3,128.19,57.11,-2.24,0.157,0.0,-1.0,0.03,1,
2367,0,57.25,110.44,2.36,1.0,0.0,0.0,0.0,1,12.5
2367,1,53.66,36.1,-0.645,1.0,0.0,-0.019,0.06,3,38.8
2367,2,65.56,26.97,2.644,0.0,0.0,-1.0,0.059,1,
2367,3,128.2,57.1,-2.384,0.278,0.0,-1.0,0.015,1,
2368,0,57.25,110.44,2.36,1.0,0.0,0.0,0.0,1,12.5
2368,1,53.71,36.07,-0.648,1.0,0.0,-0.019,0.06,2,38.7
2368,2,65.61,26.93,2.487,0.0,0.0,-1.0,0.059,1,
2368,3,128.2,57.1,-2.541,0.413,0.0,-1.0,0.002,1,
2369,0,57.25,110.44,2.36,1.0,0.0,0.0,0.0,1,12.5
2369,1,53.77,36.05,-0.651,1.0,0.0,-0.02,0.06,3,38.7
2369,2,65.65,26.89,2.33,0.0,0.0,-1.0,0.059,1,
2369,3,128.19,57.11,-2.699,0.55,0.0,-1.0,0.021,1,
2370,0,57.25,110.44,2.36,1.0,0.0,0.0,0.0,1,12.5
2370,1,53.82,36.02,-0.654,1.0,0.0,-0.02,0.06,2,38.6
2370,2,65.7,26.86,2.173,0.0,0.0,-1.0,0.059,1,
2370,3,128.16,57.14,-2.856,0.675,0.0,-1.0,0.039,1,
2371,0,57.25,110.44,2.36,1.0,0.0,0.0,0.0,1,12.5
2371,1,53.88,35.99,-0.657,1.0,0.0,-0.02,0.06,2,38.6
2371,2,65.75,26.82,2.015,0.0,0.0,-1.0,0.059,1,
2371,3,128.12,57.18,-3.006,0.783,0.0,-0.959,0.057,2,
2372,0,57.25,110.44,2.36,1.0,0.0,0.0,0.0,1,12.5
2372,1,53.89,36.0,-0.66,1.0,0.0,-0.02,0.013,3,38.6
2372,2,65.78,26.86,1.858,0.09,0.0,-1.0,0.055,1,
2372,3,128.07,57.23,-3.139,0.869,0.0,-0.739,0.073,8,
2373,0,57.25,110.44,2.36,1.0,0.0,0.0,0.0,1,12.5
2373,1,53.9,35.99,-0.663,1.0,0.0,-0.018,0.011,3,38.6
2373,2,65.83,26.91,1.701,0.244,0.0,-1.0,0.072,1,
2373,3,128.01,57.29,3.028,0.928,0.0,-0.544,0.085,1,
2374,0,57.25,110.44,2.36,1.0,0.0,0.0,0.0,1,12.5
2374,1,53.91,35.98,-0.665,1.0,0.0,-0.014,0.018,3,38.6
2374,2,65.9,26.97,1.544,0.393,0.0,-1.0,0.088,1,
2374,3,127.94,57.36,2.93,0.966,0.0,-0.372,0.095,2,
2375,0,57.25,110.44,2.36,1.0,0.0,0.0,0.0,1,12.5
2375,1,53.93,35.97,-0.667,1.0,0.0,-0.012,0.025,2,38.5
2375,2,65.98,27.03,1.387,0.532,0.0,-1.0,0.101,1,
2375,3,127.86,57.43,2.85,0.988,0.0,-0.225,0.102,1,
2376,0,57.25,110.44,2.36,1.0,0.0,0.0,0.0,1,12.5
2376,1,53.96,35.95,-0.669,1.0,0.0,-0.011,0.033,2,38.5
2376,2,66.07,27.1,1.23,0.657,0.0,-1.0,0.113,1,
2376,3,127.79,57.5,2.786,0.997,0.0,-0.102,0.108,8,
2377,0,57.25,110.44,2.36,1.0,0.0,0.0,0.0,1,12.5
2377,1,54.0,35.93,-0.671,1.0,0.0,-0.011,0.042,3,38.5
2377,2,66.17,27.17,1.074,0.767,0.0,-0.995,0.123,1,
2377,3,127.71,57.58,2.741,1.0,0.0,-0.004,0.111,8,
2378,0,57.25,110.44,2.36,1.0,0.0,0.0,0.0,1,12.5
2378,1,54.04,35.91,-0.672,1.0,0.0,-0.012,0.052,2,38.4
2378,2,66.28,27.24,0.935,0.858,0.0,-0.772,0.13,1,
2378,3,127.62,57.66,2.713,0.999,0.0,0.07,0.113,8,
2379,0,57.25,110.44,2.36,1.0,0.0,0.0,0.0,1,12.5
2379,1,54.1,35.88,-0.674,1.0,0.0,-0.013,0.061,2,38.4
2379,2,66.4,27.3,0.814,0.92,0.0,-0.574,0.134,1,
2379,3,127.54,57.73,2.702,0.997,0.0,0.118,0.115,1,
2380,0,57.25,110.44,2.36,1.0,0.0,0.0,0.0,1,12.5
2380,1,54.16,35.85,-0.677,1.0,0.0,-0.014,0.068,3,38.3
2380,2,66.53,27.36,0.71,0.961,0.0,-0.4,0.137,1,
2380,3,127.45,57.81,2.709,0.995,0.0,0.142,0.115,1,
2381,0,57.25,110.44,2.36,1.0,0.0,0.0,0.0,1,12.5
2381,1,54.22,35.81,-0.679,1.0,0.0,-0.016,0.075,2,38.3
2381,2,66.65,27.41,0.624,0.985,0.0,-0.252,0.138,1,
2381,3,127.36,57.88,2.731,0.995,0.0,0.141,0.116,8,
2382,0,57.25,110.44,2.36,1.0,0.0,0.0,0.0,1,12.5
2382,1,54.29,35.77,-0.682,1.0,0.0,-0.018,0.08,3,38.2
2382,2,66.78,27.46,0.555,0.996,0.0,-0.128,0.138,1,
2382,3,127.27,57.96,2.75,0.997,0.0,0.118,0.115,1,
2383,0,57.25,110.44,2.36,1.0,0.0,0.0,0.0,1,12.5
2383,1,54.37,35.73,-0.685,1.0,0.0,-0.02,0.084,2,38.1
2383,2,66.91,27.51,0.504,1.0,0.0,-0.03,0.138,1,
2383,3,127.19,58.03,2.766,0.998,0.0,0.101,0.115,8,
2384,0,57.25,110.44,2.36,1.0,0.0,0.0,0.0,1,12.5
2384,1,54.44,35.69,-0.689,1.0,0.0,-0.022,0.087,2,38.1
2384,2,67.04,27.55,0.47,1.0,0.0,0.044,0.137,1,
2384,3,127.1,58.1,2.779,0.998,0.0,0.087,0.115,8,
2385,0,57.25,110.44,2.36,1.0,0.0,0.0,0.0,1,12.5
2385,1,54.52,35.64,-0.692,1.0,0.0,-0.024,0.09,2,38.0
2385,2,67.17,27.59,0.453,0.998,0.0,0.093,0.137,1,
2385,3,127.01,58.17,2.791,0.999,0.0,0.076,0.114,8,
2386,0,57.25,110.44,2.36,1.0,0.0,0.0,0.0,1,12.5
2386,1,54.6,35.6,-0.696,1.0,0.0,-0.025,0.091,2,37.9
2386,2,67.31,27.62,0.455,0.997,0.0,0.117,0.137,1,
2386,3,126.92,58.25,2.802,0.999,0.0,0.068,0.114,8,
2387,0,57.25,110.44,2.36,1.0,0.0,0.0,0.0,1,12.5
2387,1,54.68,35.55,-0.7,1.0,0.0,-0.026,0.091,2,37.8
2387,2,67.44,27.66,0.473,0.997,0.0,0.116,0.137,1,
2387,3,126.83,58.32,2.812,0.999,0.0,0.062,0.114,1,
2388,0,57.25,110.44,2.36,1.0,0.0,0.0,0.0,1,12.5
2388,1,54.76,35.51,-0.705,1.0,0.0,-0.027,0.09,2,37.8
2388,2,67.57,27.7,0.487,0.998,0.0,0.09,0.137,1,
2388,3,126.74,58.38,2.821,0.999,0.0,0.057,0.114,1,
2389,0,57.25,110.44,2.36,1.0,0.0,0.0,0.0,1,12.5
2389,1,54.83,35.46,-0.709,1.0,0.0,-0.028,0.09,4,37.7
2389,2,67.7,27.74,0.498,0.999,0.0,0.071,0.137,1,
2389,3,126.64,58.45,2.829,0.999,0.0,0.053,0.114,8,
2390,0,57.25,110.44,2.36,1.0,0.0,0.0,0.0,1,12.5
2390,1,54.91,35.41,-0.713,1.0,0.0,-0.028,0.09,5,37.6
2390,2,67.83,27.79,0.507,0.999,0.0,0.055,0.137,1,
2390,3,126.55,58.52,2.837,0.999,0.0,0.05,0.114,1,
2391,0,57.25,110.44,2.36,1.0,0.0,0.0,0.0,1,12.5
2391,1,54.99,35.37,-0.718,1.0,0.0,-0.028,0.09,6,37.5
2391,2,67.96,27.83,0.514,1.0,0.0,0.043,0.137,1,
2391,3,126.46,58.59,2.844,0.999,0.0,0.048,0.114,8,
2392,0,57.25,110.44,2.36,1.0,0.0,0.0,0.0,1,12.5
2392,1,55.06,35.32,-0.722,1.0,0.0,-0.029,0.09,6,37.4
2392,2,68.09,27.88,0.519,1.0,0.0,0.034,0.137,1,
2392,3,126.37,58.65,2.852,0.999,0.0,0.046,0.114,2,
2393,0,57.25,110.44,2.36,1.0,0.0,0.0,0.0,1,12.5
2393,1,55.14,35.27,-0.727,1.0,0.0,-0.029,0.09,5,37.4
2393,2,68.22,27.92,0.523,1.0,0.0,0.027,0.137,1,
2393,3,126.27,58.72,2.859,1.0,0.0,0.045,0.114,1,
2394,0,57.25,110.44,2.36,1.0,0.0,0.0,0.0,1,12.5
2394,1,55.21,35.22,-0.731,1.0,0.0,-0.029,0.09,4,37.3
2394,2,68.34,27.97,0.526,1.0,0.0,0.021,0.137,1,
2394,3,126.18,58.78,2.866,1.0,0.0,0.044,0.114,1,
2395,0,57.25,110.44,2.36,1.0,0.0,0.0,0.0,1,12.5
2395,1,55.29,35.17,-0.736,1.0,0.0,-0.029,0.09,5,37.2
2395,2,68.47,28.01,0.529,1.0,0.0,0.017,0.137,1,
2395,3,126.08,58.84,2.872,1.0,0.0,0.043,0.115,2,
2396,0,57.25,110.44,2.36,1.0,0.0,0.0,0.0,1,12.5
2396,1,55.37,35.12,-0.741,1.0,0.0,-0.029,0.091,4,37.1
2396,2,68.6,28.06,0.531,1.0,0.0,0.014,0.137,1,
2396,3,125.98,58.91,2.879,1.0,0.0,0.043,0.115,8,
2397,0,57.25,110.44,2.36,1.0,0.0,0.0,0.0,1,12.5
2397,1,55.44,35.07,-0.745,1.0,0.0,-0.029,0.091,12,37.1
2397,2,68.73,28.11,0.533,1.0,0.0,0.011,0.137,1,
2397,3,125.89,58.97,2.886,1.0,0.0,0.042,0.115,1,
2398,0,57.25,110.44,2.36,1.0,0.0,0.0,0.0,1,12.5
2398,1,55.52,35.02,-0.75,1.0,0.0,-0.029,0.092,5,37.0
2398,2,68.86,28.16,0.534,1.0,0.0,0.009,0.136,1,
2398,3,125.79,59.03,2.892,1.0,0.0,0.042,0.115,1,
2399,0,57.25,110.44,2.36,1.0,0.0,0.0,0.0,1,12.5
2399,1,55.59,34.96,-0.754,1.0,0.0,-0.029,0.092,5,36.9
2399,2,68.98,28.21,0.536,1.0,0.0,0.007,0.136,1,
2399,3,125.69,59.09,2.899,1.0,0.0,0.042,0.115,1,
