tick,robot,x,y,heading,fwd_cmd,lat_cmd,yaw_cmd,dpos,d_collisions,dist_to_target
0,0,102.0,131.88,-1.588,0.894,0.0,-0.662,0.12,0,14.2
0,1,132.0,102.0,-3.124,0.0,0.0,1.0,0.0,0,31.6
0,2,42.0,12.12,1.553,0.894,0.0,-0.662,0.12,0,
0,3,12.12,42.0,0.018,0.894,0.0,0.662,0.12,0,
1,0,102.0,131.88,-1.623,0.0,0.0,-1.0,0.0,0,10.9
1,1,132.0,102.0,-3.089,0.0,0.0,1.0,0.0,0,31.6
1,2,42.0,12.36,1.518,0.9,0.0,-0.643,0.24,0,
1,3,12.36,42.0,0.053,0.9,0.0,0.643,0.24,0,
2,0,101.99,131.76,-1.676,0.915,0.0,-0.593,0.12,0,14.0
2,1,132.0,102.0,-3.037,0.0,0.0,1.0,0.0,0,31.6
2,2,42.02,12.72,1.466,0.912,0.0,-0.603,0.36,0,
2,3,12.72,42.02,0.105,0.912,0.0,0.603,0.36,0,
3,0,101.99,131.76,-1.746,0.0,0.0,-1.0,0.0,0,11.0
3,1,132.0,102.0,-2.967,0.0,0.0,1.0,0.0,0,31.6
3,2,42.07,13.2,1.396,0.928,0.0,-0.544,0.48,0,
3,3,13.2,42.07,0.175,0.928,0.0,0.544,0.48,0,
4,0,101.99,131.76,-1.833,0.0,0.0,-1.0,0.0,0,11.0
4,1,132.0,102.0,-2.879,0.0,0.0,1.0,0.0,0,31.6
4,2,42.18,13.79,1.323,0.948,0.0,-0.463,0.6,0,
4,3,13.79,42.18,0.248,0.948,0.0,0.463,0.6,0,
5,0,101.99,131.76,-1.938,0.0,0.0,-1.0,0.0,0,11.0
5,1,132.0,102.0,-2.774,0.0,0.0,1.0,0.0,0,31.6
5,2,42.05,13.97,1.263,0.965,0.0,-0.381,0.223,1,
5,3,13.97,42.05,0.308,0.965,0.0,0.381,0.223,1,
6,0,101.99,131.76,-2.061,0.0,0.0,-1.0,0.0,0,11.0
6,1,131.99,102.0,-2.652,0.009,0.0,1.0,0.013,0,31.6
6,2,42.03,13.99,1.213,0.975,0.0,-0.318,0.027,2,
6,3,13.99,42.03,0.358,0.975,0.0,0.318,0.027,2,
7,0,101.99,131.76,-2.201,0.0,0.0,-1.0,0.0,0,11.0
7,1,131.87,101.93,-2.512,0.129,0.0,1.0,0.133,0,31.6
7,2,42.01,14.0,1.174,0.985,0.0,-0.25,0.021,1,
7,3,14.0,42.01,0.397,0.985,0.0,0.25,0.021,1,
8,0,101.99,131.76,-2.358,0.0,0.0,-1.0,0.0,0,11.0
8,1,131.67,101.78,-2.355,0.251,0.0,1.0,0.253,0,31.6
8,2,42.0,14.01,1.143,0.991,0.0,-0.196,0.017,1,
8,3,14.01,42.0,0.428,0.991,0.0,0.196,0.017,1,
9,0,101.99,131.76,-2.515,0.0,0.0,-1.0,0.0,0,11.0
9,1,131.4,101.52,-2.197,0.372,0.0,1.0,0.373,0,31.4
9,2,41.99,14.01,1.119,0.994,0.0,-0.154,0.013,1,
9,3,14.01,41.99,0.452,0.994,0.0,0.154,0.013,1,
10,0,101.99,131.76,-2.672,0.0,0.0,-1.0,0.0,0,11.0
10,1,131.11,101.12,-2.04,0.476,0.0,1.0,0.493,0,31.1
10,2,41.98,14.02,1.1,0.996,0.0,-0.121,0.01,2,
10,3,14.02,41.98,0.471,0.996,0.0,0.121,0.01,2,
11,0,101.89,131.71,-2.829,0.149,0.0,-1.0,0.12,0,11.0
11,1,130.84,100.57,-1.883,0.565,0.0,1.0,0.613,0,30.7
11,2,41.97,14.02,1.085,0.998,0.0,-0.095,0.008,1,
11,3,14.02,41.97,0.486,0.998,0.0,0.095,0.008,1,
12,0,101.66,131.63,-2.986,0.292,0.0,-1.0,0.24,0,10.9
12,1,130.95,100.0,-1.726,0.642,0.0,1.0,0.582,8,30.1
12,2,41.97,14.03,1.073,0.999,0.0,-0.075,0.006,1,
12,3,14.03,41.97,0.498,0.999,0.0,0.075,0.006,1,
13,0,101.3,131.58,3.14,0.419,0.0,-1.0,0.36,0,10.7
13,1,130.99,99.91,-1.587,0.861,0.0,0.762,0.105,1,30.0
13,2,41.96,14.03,1.064,0.999,0.0,-0.059,0.005,1,
13,3,14.03,41.96,0.507,0.999,0.0,0.059,0.005,1,
14,0,100.82,131.58,2.983,0.53,0.0,-1.0,0.48,0,10.5
14,1,131.03,99.8,-1.465,0.923,0.0,0.563,0.112,1,29.9
14,2,41.96,14.03,1.057,0.999,0.0,-0.046,0.004,2,
14,3,14.03,41.96,0.514,0.999,0.0,0.046,0.004,2,
15,0,100.23,131.67,2.826,0.626,0.0,-1.0,0.6,0,10.1
15,1,131.06,99.69,-1.36,0.963,0.0,0.389,0.117,8,29.8
15,2,41.96,14.03,1.051,1.0,0.0,-0.036,0.003,1,
15,3,14.03,41.96,0.52,1.0,0.0,0.036,0.003,1,
16,0,99.55,131.9,2.669,0.709,0.0,-1.0,0.72,0,9.6
16,1,131.1,99.58,-1.273,0.986,0.0,0.24,0.119,1,29.7
16,2,41.95,14.03,1.047,1.0,0.0,-0.028,0.002,2,
16,3,14.03,41.95,0.524,1.0,0.0,0.028,0.002,2,
17,0,99.05,132.15,2.529,0.0,0.0,1.0,0.56,0,13.4
17,1,131.14,99.46,-1.203,0.997,0.0,0.116,0.12,1,29.6
17,2,41.95,14.03,1.043,1.0,0.0,-0.022,0.002,1,
17,3,14.03,41.95,0.528,1.0,0.0,0.022,0.002,1,
18,0,98.72,132.38,2.407,0.0,0.0,1.0,0.4,0,36.9
18,1,131.18,99.35,-1.151,1.0,0.0,0.017,0.12,0,29.4
18,2,41.95,14.03,1.04,1.0,0.0,-0.018,0.001,1,
18,3,14.03,41.95,0.53,1.0,0.0,0.018,0.001,1,
19,0,98.54,132.54,2.302,0.0,0.0,1.0,0.24,0,13.6
19,1,131.28,99.13,-1.117,0.999,0.0,-0.058,0.24,0,29.2
19,2,41.95,14.04,1.038,1.0,0.0,-0.014,0.001,1,
19,3,14.04,41.95,0.533,1.0,0.0,0.014,0.001,1,
20,0,98.49,132.6,2.18,0.0,0.0,-1.0,0.08,0,37.1
20,1,131.44,98.81,-1.1,0.997,0.0,-0.108,0.36,0,28.8
20,2,41.95,14.04,1.037,1.0,0.0,-0.011,0.001,1,
20,3,14.04,41.95,0.534,1.0,0.0,0.011,0.001,1,
21,0,98.49,132.6,2.076,0.0,0.0,1.0,0.0,0,13.7
21,1,131.66,98.38,-1.1,0.996,0.0,-0.133,0.48,0,28.4
21,2,41.95,14.04,1.035,1.0,0.0,-0.008,0.001,1,
21,3,14.04,41.95,0.536,1.0,0.0,0.008,0.001,1,
22,0,98.49,132.6,1.954,0.0,0.0,-1.0,0.0,0,37.1
22,1,131.93,97.85,-1.118,0.996,0.0,-0.135,0.6,0,27.8
22,2,41.95,14.04,1.034,1.0,0.0,-0.007,0.001,1,
22,3,14.04,41.95,0.537,1.0,0.0,0.007,0.001,1,
23,0,98.49,132.6,1.814,0.0,0.0,-1.0,0.0,0,37.1
23,1,132.24,97.2,-1.136,0.997,0.0,-0.112,0.72,0,27.0
23,2,41.95,14.04,1.033,1.0,0.0,-0.005,0.0,1,
23,3,14.04,41.95,0.537,1.0,0.0,0.005,0.0,1,
24,0,98.49,132.6,1.657,0.0,0.0,-1.0,0.0,0,37.1
24,1,132.6,96.44,-1.15,0.998,0.0,-0.09,0.84,0,26.2
24,2,41.95,14.04,1.033,1.0,0.0,-0.004,0.0,1,
24,3,14.04,41.95,0.538,1.0,0.0,0.004,0.0,1,
25,0,98.49,132.6,1.5,0.0,0.0,-1.0,0.0,0,37.1
25,1,132.99,95.56,-1.161,0.999,0.0,-0.073,0.96,0,25.3
25,2,41.95,14.04,1.032,1.0,0.0,-0.003,0.0,1,
25,3,14.04,41.95,0.539,1.0,0.0,0.003,0.0,1,
26,0,98.49,132.6,1.343,0.0,0.0,-1.0,0.0,0,37.1
26,1,133.42,94.57,-1.17,0.999,0.0,-0.059,1.08,0,24.2
26,2,41.95,14.04,1.032,1.0,0.0,-0.003,0.0,1,
26,3,14.04,41.95,0.539,1.0,0.0,0.003,0.0,1,
27,0,98.49,132.6,1.186,0.0,0.0,-1.0,0.0,0,37.1
27,1,133.89,93.46,-1.178,0.999,0.0,-0.049,1.2,0,23.0
27,2,41.95,14.04,1.031,1.0,0.0,-0.002,0.0,2,
27,3,14.04,41.95,0.539,1.0,0.0,0.002,0.0,2,
28,0,98.49,132.6,1.029,0.0,0.0,-1.0,0.0,0,37.1
28,1,134.39,92.24,-1.184,1.0,0.0,-0.04,1.32,0,21.7
28,2,41.95,14.04,1.031,1.0,0.0,-0.002,0.0,1,
28,3,14.04,41.95,0.54,1.0,0.0,0.002,0.0,1,
29,0,98.49,132.6,0.872,0.0,0.0,-1.0,0.0,0,37.1
29,1,134.94,90.91,-1.19,1.0,0.0,-0.034,1.44,0,20.2
29,2,41.95,14.04,1.031,1.0,0.0,-0.001,0.0,1,
29,3,14.04,41.95,0.54,1.0,0.0,0.001,0.0,1,
30,0,98.49,132.6,0.715,0.0,0.0,-1.0,0.0,0,37.1
30,1,135.49,89.52,-1.194,1.0,0.0,-0.028,1.5,0,18.7
30,2,41.95,14.04,1.031,1.0,0.0,-0.001,0.0,3,
30,3,14.04,41.95,0.54,1.0,0.0,0.001,0.0,3,
31,0,98.58,132.68,0.557,0.085,0.0,-1.0,0.12,0,37.2
31,1,136.05,88.12,-1.198,1.0,0.0,-0.024,1.5,0,17.2
31,2,41.95,14.04,1.031,1.0,0.0,-0.001,0.0,1,
31,3,14.04,41.95,0.54,1.0,0.0,0.001,0.0,2,
32,0,98.78,132.81,0.4,0.234,0.0,-1.0,0.24,0,37.3
32,1,136.5,86.73,-1.201,1.0,0.0,-0.021,1.469,1,15.7
32,2,41.95,14.04,1.031,1.0,0.0,-0.001,0.0,2,
32,3,14.04,41.95,0.54,1.0,0.0,0.001,0.0,2,
33,0,99.11,132.95,0.243,0.371,0.0,-1.0,0.36,0,37.5
33,1,136.5,86.62,-1.203,1.0,0.0,-0.011,0.112,1,15.6
33,2,41.95,14.04,1.031,1.0,0.0,-0.0,0.0,2,
33,3,14.04,41.95,0.54,1.0,0.0,0.0,0.0,1,
34,0,99.58,133.06,0.086,0.493,0.0,-1.0,0.48,0,37.6
34,1,136.5,86.5,-1.204,1.0,0.0,-0.005,0.112,1,15.5
34,2,41.95,14.04,1.031,1.0,0.0,-0.0,0.0,1,
34,3,14.04,41.95,0.54,1.0,0.0,0.0,0.0,2,
35,0,100.18,133.11,-0.071,0.6,0.0,-1.0,0.6,0,37.8
35,1,136.5,86.39,-1.204,1.0,0.0,0.0,0.112,1,15.4
35,2,41.95,14.04,1.031,1.0,0.0,-0.0,0.0,2,
35,3,14.04,41.95,0.54,1.0,0.0,0.0,0.0,1,
36,0,100.9,133.06,-0.228,0.692,0.0,-1.0,0.72,0,37.8
36,1,136.5,86.28,-1.203,1.0,0.0,0.004,0.112,1,15.3
36,2,41.95,14.04,1.03,1.0,0.0,-0.0,0.0,3,
36,3,14.04,41.95,0.54,1.0,0.0,0.0,0.0,2,
37,0,101.71,132.87,-0.383,0.77,0.0,-0.988,0.84,0,37.7
37,1,136.5,86.17,-1.202,1.0,0.0,0.007,0.112,1,15.2
37,2,41.95,14.04,1.03,1.0,0.0,-0.0,0.0,1,
37,3,14.04,41.95,0.54,1.0,0.0,0.0,0.0,1,
38,0,102.6,132.51,-0.521,0.833,0.0,-0.837,0.96,0,37.5
38,1,136.5,86.06,-1.201,1.0,0.0,0.009,0.112,1,15.1
38,2,41.95,14.04,1.03,1.0,0.0,-0.0,0.0,1,
38,3,14.04,41.95,0.54,1.0,0.0,0.0,0.0,2,
39,0,103.54,131.98,-0.641,0.877,0.0,-0.717,1.08,0,37.2
39,1,136.5,85.94,-1.199,1.0,0.0,0.011,0.112,1,15.0
39,2,41.95,14.04,1.03,1.0,0.0,-0.0,0.0,2,
39,3,14.04,41.95,0.54,1.0,0.0,0.0,0.0,1,
40,0,104.5,131.26,-0.744,0.904,0.0,-0.631,1.2,0,36.7
40,1,136.5,85.83,-1.197,1.0,0.0,0.012,0.112,1,14.9
40,2,41.95,14.04,1.013,0.0,0.0,-1.0,0.0,0,
40,3,14.04,41.95,0.558,0.0,0.0,1.0,0.0,0,
41,0,105.47,130.37,-0.835,0.92,0.0,-0.577,1.32,0,36.1
41,1,136.5,85.72,-1.195,1.0,0.0,0.014,0.112,1,14.8
41,2,41.95,14.04,0.978,0.0,0.0,-1.0,0.0,0,
41,3,14.04,41.95,0.593,0.0,0.0,1.0,0.0,0,
42,0,106.41,129.34,-0.921,0.927,0.0,-0.551,1.39,0,35.4
42,1,136.5,85.61,-1.193,1.0,0.0,0.015,0.112,1,14.7
42,2,41.95,14.04,0.925,0.0,0.0,-1.0,0.0,0,
42,3,14.04,41.95,0.645,0.0,0.0,1.0,0.0,0,
43,0,107.25,128.22,-1.006,0.93,0.0,-0.538,1.395,0,34.6
43,1,136.5,85.5,-1.19,1.0,0.0,0.015,0.112,1,14.6
43,2,41.95,14.04,0.855,0.0,0.0,-1.0,0.0,0,
43,3,14.03,41.95,0.715,0.051,0.0,1.0,0.008,1,
44,0,108.0,127.04,-1.089,0.932,0.0,-0.53,1.398,0,33.8
44,1,136.5,85.39,-1.188,1.0,0.0,0.016,0.111,1,14.5
44,2,41.95,14.04,0.768,0.0,0.0,-1.0,0.0,0,
44,3,14.02,41.97,0.803,0.12,0.0,1.0,0.021,1,
45,0,108.65,125.8,-1.172,0.933,0.0,-0.527,1.399,0,32.9
45,1,136.5,85.27,-1.185,1.0,0.0,0.017,0.111,1,14.4
45,2,41.95,14.04,0.663,0.0,0.0,-1.0,0.0,0,
45,3,14.01,42.0,0.908,0.207,0.0,1.0,0.032,1,
46,0,109.19,124.52,-1.254,0.933,0.0,-0.527,1.399,0,31.9
46,1,136.5,85.16,-1.182,1.0,0.0,0.017,0.111,1,14.3
46,2,41.95,14.04,0.54,0.0,0.0,-1.0,0.0,0,
46,3,13.98,42.04,1.031,0.309,0.0,1.0,0.044,1,
47,0,109.63,123.19,-1.337,0.933,0.0,-0.528,1.399,0,30.9
47,1,136.5,85.05,-1.179,1.0,0.0,0.018,0.111,1,14.2
47,2,41.95,14.04,0.4,0.0,0.0,-1.0,0.0,0,
47,3,13.95,42.09,1.171,0.424,0.0,1.0,0.058,1,
48,0,109.95,121.83,-1.42,0.932,0.0,-0.529,1.399,0,29.9
48,1,136.5,84.94,-1.177,1.0,0.0,0.018,0.111,1,14.1
48,2,42.01,14.0,0.243,0.139,0.0,-1.0,0.071,1,
48,3,13.92,42.15,1.328,0.547,0.0,1.0,0.073,1,
49,0,110.16,120.44,-1.503,0.932,0.0,-0.528,1.399,0,28.8
49,1,136.5,84.83,-1.174,1.0,0.0,0.018,0.111,1,14.0
49,2,42.08,13.96,0.086,0.29,0.0,-1.0,0.086,2,
49,3,13.88,42.22,1.485,0.672,0.0,1.0,0.087,2,
50,0,110.26,119.05,-1.586,0.933,0.0,-0.526,1.399,0,27.6
50,1,136.5,84.72,-1.171,1.0,0.0,0.019,0.111,1,13.9
50,2,42.17,13.91,-0.071,0.433,0.0,-1.0,0.099,1,
50,3,13.83,42.31,1.636,0.78,0.0,0.965,0.1,1,
51,0,110.23,117.65,-1.668,0.934,0.0,-0.521,1.401,0,26.4
51,1,136.5,84.61,-1.168,1.0,0.0,0.019,0.111,1,13.8
51,2,42.26,13.85,-0.228,0.565,0.0,-1.0,0.109,2,
51,3,13.77,42.41,1.77,0.867,0.0,0.746,0.109,1,
52,0,110.1,116.25,-1.748,0.936,0.0,-0.513,1.404,0,25.2
52,1,136.5,84.5,-1.165,1.0,0.0,0.019,0.11,1,13.7
52,2,42.36,13.8,-0.385,0.684,0.0,-1.0,0.116,1,
52,3,13.72,42.51,1.887,0.926,0.0,0.552,0.115,1,
53,0,109.85,114.86,-1.827,0.939,0.0,-0.501,1.409,0,23.9
53,1,136.5,84.39,-1.162,1.0,0.0,0.02,0.11,1,13.6
53,2,42.47,13.74,-0.534,0.787,0.0,-0.951,0.119,2,
53,3,13.66,42.61,1.986,0.964,0.0,0.384,0.118,1,
54,0,109.49,113.49,-1.903,0.943,0.0,-0.485,1.414,0,22.6
54,1,136.5,84.28,-1.159,1.0,0.0,0.02,0.11,1,13.5
54,2,42.57,13.68,-0.666,0.867,0.0,-0.745,0.12,0,
54,3,13.61,42.72,2.067,0.986,0.0,0.24,0.12,1,
55,0,109.03,112.15,-1.976,0.947,0.0,-0.466,1.421,0,21.3
55,1,136.5,84.17,-1.155,1.0,0.0,0.02,0.11,1,13.4
55,2,42.76,13.53,-0.781,0.923,0.0,-0.564,0.24,0,
55,3,13.55,42.83,2.132,0.996,0.0,0.121,0.12,0,
56,0,108.46,110.82,-2.038,0.962,0.0,-0.394,1.443,0,19.9
56,1,136.5,84.06,-1.152,1.0,0.0,0.021,0.11,1,13.3
56,2,43.02,13.28,-0.877,0.959,0.0,-0.412,0.36,0,
56,3,13.42,43.03,2.178,1.0,0.0,0.027,0.24,0,
57,0,107.8,109.52,-2.091,0.973,0.0,-0.334,1.459,0,18.5
57,1,136.5,83.95,-1.149,1.0,0.0,0.021,0.11,1,13.2
57,2,43.32,12.91,-0.957,0.98,0.0,-0.286,0.48,0,
57,3,13.22,43.32,2.207,0.999,0.0,-0.047,0.36,0,
58,0,107.07,108.25,-2.136,0.98,0.0,-0.285,1.47,0,17.0
58,1,136.5,83.84,-1.145,1.0,0.0,0.021,0.109,1,13.1
58,2,43.67,12.42,-1.019,0.992,0.0,-0.185,0.6,0,
58,3,12.93,43.71,2.219,0.997,0.0,-0.104,0.48,0,
59,0,106.28,107.0,-2.174,0.985,0.0,-0.246,1.478,0,15.6
59,1,136.5,83.73,-1.142,1.0,0.0,0.021,0.109,1,13.0
59,2,44.05,11.81,-1.063,0.997,0.0,-0.108,0.72,0,
59,3,12.57,44.19,2.213,0.995,0.0,-0.145,0.6,0,
60,0,105.44,105.78,-2.208,0.989,0.0,-0.214,1.483,0,14.1
60,1,136.5,83.62,-1.139,1.0,0.0,0.022,0.109,1,12.9
60,2,44.32,11.32,-1.125,0.0,0.0,-1.0,0.56,0,
60,3,12.14,44.77,2.189,0.962,0.0,-0.395,0.72,0,
61,0,104.55,104.58,-2.237,0.991,0.0,-0.188,1.487,0,12.6
61,1,136.5,83.51,-1.135,1.0,0.0,0.022,0.109,1,12.8
61,2,44.49,10.96,-1.204,0.0,0.0,-1.0,0.4,0,
61,3,11.65,45.45,2.148,0.967,0.0,-0.371,0.84,0,
62,0,103.63,103.41,-2.264,0.993,0.0,-0.168,1.49,0,11.2
62,1,136.5,83.4,-1.132,1.0,0.0,0.022,0.109,1,12.7
62,2,44.58,10.73,-1.301,0.0,0.0,-1.0,0.24,0,
62,3,11.13,46.25,2.098,0.975,0.0,-0.323,0.96,0,
63,0,102.68,102.26,-2.288,0.994,0.0,-0.153,1.491,0,9.7
63,1,136.5,83.29,-1.128,1.0,0.0,0.023,0.109,1,12.6
63,2,44.6,10.65,-1.415,0.0,0.0,-1.0,0.08,0,
63,3,10.59,47.19,2.056,0.983,0.0,-0.262,1.08,0,
64,0,101.8,101.26,-2.294,0.0,0.0,1.0,1.331,0,18.3
64,1,136.5,83.19,-1.125,1.0,0.0,0.023,0.108,1,12.5
64,2,44.6,10.65,-1.547,0.0,0.0,-1.0,0.0,0,
64,3,10.03,48.25,2.023,0.989,0.0,-0.214,1.2,0,
65,0,101.03,100.38,-2.283,0.0,0.0,1.0,1.171,0,18.8
65,1,136.5,83.08,-1.121,1.0,0.0,0.023,0.108,1,12.4
65,2,44.6,10.65,-1.696,0.0,0.0,-1.0,0.0,0,
65,3,9.45,49.44,1.995,0.992,0.0,-0.176,1.32,0,
66,0,100.37,99.61,-2.254,0.0,0.0,1.0,1.011,0,19.3
66,1,136.5,82.97,-1.117,1.0,0.0,0.024,0.108,1,12.3
66,2,44.6,10.65,-1.853,0.0,0.0,-1.0,0.0,0,
66,3,8.86,50.75,1.972,0.995,0.0,-0.146,1.44,0,
67,0,99.83,98.95,-2.208,0.0,0.0,1.0,0.851,0,19.7
67,1,136.5,82.86,-1.113,1.0,0.0,0.024,0.108,1,12.2
67,2,44.6,10.65,-2.01,0.0,0.0,-1.0,0.0,0,
67,3,8.27,52.12,1.953,0.996,0.0,-0.123,1.494,0,
68,0,99.42,98.4,-2.145,0.0,0.0,1.0,0.691,0,20.0
68,1,136.5,82.75,-1.11,1.0,0.0,0.024,0.108,1,12.1
68,2,44.6,10.65,-2.167,0.0,0.0,-1.0,0.0,0,
68,3,7.72,53.51,1.937,0.997,0.0,-0.104,1.496,0,
69,0,99.13,97.95,-2.064,0.0,0.0,1.0,0.531,0,20.2
69,1,136.5,82.65,-1.106,1.0,0.0,0.025,0.107,1,12.0
69,2,44.57,10.61,-2.325,0.035,0.0,-1.0,0.053,0,
69,3,7.5,54.91,1.923,0.998,0.0,-0.089,1.415,1,
70,0,98.95,97.62,-1.965,0.0,0.0,1.0,0.371,0,20.4
70,1,136.5,82.54,-1.102,1.0,0.0,0.025,0.107,1,11.9
70,2,44.45,10.48,-2.482,0.185,0.0,-1.0,0.173,0,
70,3,7.5,55.02,1.915,0.999,0.0,-0.052,0.113,1,
71,0,98.87,97.43,-1.849,0.0,0.0,1.0,0.211,0,20.5
71,1,136.5,82.43,-1.098,1.0,0.0,0.025,0.107,1,11.8
71,2,44.22,10.3,-2.639,0.318,0.0,-1.0,0.293,0,
71,3,7.5,55.14,1.909,1.0,0.0,-0.037,0.113,1,
72,0,98.86,97.38,-1.716,0.0,0.0,1.0,0.051,0,20.5
72,1,136.5,82.33,-1.094,1.0,0.0,0.026,0.107,1,11.7
72,2,43.86,10.11,-2.796,0.434,0.0,-1.0,0.413,0,
72,3,7.5,55.25,1.905,1.0,0.0,-0.026,0.113,1,
73,0,98.86,97.38,-1.565,0.0,0.0,1.0,0.0,0,20.5
73,1,136.5,82.22,-1.09,1.0,0.0,0.026,0.107,1,11.6
73,2,43.35,9.92,-2.953,0.534,0.0,-1.0,0.533,0,
73,3,7.5,55.36,1.902,1.0,0.0,-0.017,0.113,1,
74,0,98.86,97.26,-1.408,0.092,0.0,1.0,0.12,0,20.4
74,1,136.5,82.11,-1.085,1.0,0.0,0.026,0.106,1,11.5
74,2,42.71,9.8,-3.11,0.622,0.0,-1.0,0.653,0,
74,3,7.5,55.48,1.9,1.0,0.0,-0.011,0.113,1,
75,0,98.9,97.02,-1.25,0.241,0.0,1.0,0.24,0,20.4
75,1,136.5,82.01,-1.081,1.0,0.0,0.027,0.106,1,11.5
75,2,41.94,9.78,3.016,0.722,0.0,-1.0,0.773,0,
75,3,7.5,55.59,1.899,1.0,0.0,-0.005,0.114,1,
76,0,99.01,96.68,-1.093,0.379,0.0,1.0,0.36,0,20.3
76,1,136.5,81.9,-1.077,1.0,0.0,0.027,0.106,1,11.4
76,2,41.05,9.89,2.874,0.807,0.0,-0.903,0.893,0,
76,3,7.5,55.7,1.899,1.0,0.0,-0.001,0.114,1,
77,0,99.23,96.25,-0.936,0.505,0.0,1.0,0.48,0,20.0
77,1,136.5,81.79,-1.073,1.0,0.0,0.028,0.106,1,11.3
77,2,40.08,10.16,2.75,0.87,0.0,-0.736,1.013,0,
77,3,7.5,55.82,1.899,1.0,0.0,0.002,0.114,1,
78,0,99.59,95.77,-0.779,0.618,0.0,1.0,0.6,0,19.7
78,1,136.5,81.69,-1.068,1.0,0.0,0.028,0.105,1,11.2
78,2,39.03,10.59,2.643,0.915,0.0,-0.594,1.133,0,
78,3,7.5,55.93,1.9,1.0,0.0,0.005,0.114,1,
79,0,100.1,95.27,-0.622,0.717,0.0,1.0,0.72,0,19.1
79,1,136.5,81.58,-1.064,1.0,0.0,0.028,0.105,1,11.1
79,2,37.93,11.19,2.554,0.945,0.0,-0.475,1.253,0,
79,3,7.5,56.04,1.901,1.0,0.0,0.007,0.114,1,
80,0,100.56,94.94,-0.483,0.0,0.0,-1.0,0.56,0,57.6
80,1,136.5,81.48,-1.059,1.0,0.0,0.029,0.105,1,11.0
80,2,37.02,11.8,2.447,0.0,0.0,-1.0,1.093,0,
80,3,7.5,56.16,1.903,1.0,0.0,0.008,0.114,1,
81,0,100.91,94.75,-0.36,0.0,0.0,-1.0,0.4,0,58.0
81,1,136.5,81.37,-1.055,1.0,0.0,0.029,0.105,1,10.9
81,2,36.3,12.39,2.322,0.0,0.0,-1.0,0.933,0,
81,3,7.5,56.27,1.904,1.0,0.0,0.01,0.113,1,
82,0,101.14,94.67,-0.221,0.0,0.0,1.0,0.24,0,58.2
82,1,136.5,81.27,-1.05,1.0,0.0,0.03,0.104,1,10.8
82,2,35.77,12.96,2.181,0.045,0.0,-1.0,0.773,0,
82,3,7.5,56.38,1.906,1.0,0.0,0.011,0.113,1,
83,0,101.21,94.65,-0.064,0.0,0.0,1.0,0.08,0,58.3
83,1,136.5,81.17,-1.045,1.0,0.0,0.03,0.104,1,10.7
83,2,35.42,13.46,2.023,0.142,0.0,-1.0,0.613,0,
83,3,7.5,56.5,1.908,1.0,0.0,0.012,0.113,1,
84,0,101.21,94.65,0.093,0.0,0.0,1.0,0.0,0,58.3
84,1,136.5,81.06,-1.041,1.0,0.0,0.03,0.104,1,10.6
84,2,35.22,13.87,1.866,0.261,0.0,-1.0,0.453,0,
84,3,7.5,56.61,1.91,1.0,0.0,0.012,0.113,1,
85,0,101.21,94.65,0.25,0.0,0.0,1.0,0.0,0,58.3
85,1,136.5,80.96,-1.036,1.0,0.0,0.031,0.104,1,10.6
85,2,35.06,14.42,1.709,0.386,0.0,-1.0,0.573,0,
85,3,7.5,56.72,1.912,1.0,0.0,0.013,0.113,1,
86,0,101.21,94.65,0.407,0.0,0.0,1.0,0.0,0,58.3
86,1,136.5,80.86,-1.031,1.0,0.0,0.031,0.103,1,10.5
86,2,34.96,15.1,1.552,0.498,0.0,-1.0,0.693,0,
86,3,7.5,56.84,1.914,1.0,0.0,0.013,0.113,1,
87,0,101.21,94.65,0.565,0.0,0.0,1.0,0.0,0,58.3
87,1,136.5,80.75,-1.026,1.0,0.0,0.032,0.103,1,10.4
87,2,34.98,15.92,1.395,0.599,0.0,-1.0,0.813,0,
87,3,7.5,56.95,1.916,1.0,0.0,0.014,0.113,1,
88,0,101.21,94.65,0.722,0.0,0.0,1.0,0.0,0,58.3
88,1,136.5,80.65,-1.021,1.0,0.0,0.032,0.103,1,10.3
88,2,35.14,16.83,1.238,0.688,0.0,-1.0,0.933,0,
88,3,7.5,57.06,1.918,1.0,0.0,0.014,0.113,1,
89,0,101.21,94.65,0.879,0.0,0.0,1.0,0.0,0,58.3
89,1,136.5,80.55,-1.016,1.0,0.0,0.033,0.102,1,10.2
89,2,35.48,17.83,1.081,0.766,0.0,-0.998,1.053,0,
89,3,7.5,57.18,1.92,1.0,0.0,0.015,0.113,1,
90,0,101.21,94.65,1.036,0.0,0.0,1.0,0.0,0,58.3
90,1,136.5,80.45,-1.01,1.0,0.0,0.033,0.102,1,10.1
90,2,36.03,18.87,0.942,0.832,0.0,-0.841,1.173,0,
90,3,7.5,57.29,1.923,1.0,0.0,0.015,0.113,1,
91,0,101.21,94.65,1.193,0.0,0.0,1.0,0.0,0,58.3
91,1,136.5,80.34,-1.005,1.0,0.0,0.033,0.102,1,10.0
91,2,36.8,19.91,0.82,0.879,0.0,-0.71,1.293,0,
91,3,7.5,57.4,1.925,1.0,0.0,0.015,0.113,1,
92,0,101.25,94.73,1.35,0.058,0.0,1.0,0.086,0,58.3
92,1,136.5,80.24,-1.0,1.0,0.0,0.034,0.101,1,10.0
92,2,36.62,20.51,0.716,0.911,0.0,-0.606,0.625,8,
92,3,7.5,57.51,1.927,1.0,0.0,0.015,0.113,1,
93,0,101.29,94.93,1.507,0.212,0.0,1.0,0.206,0,58.2
93,1,136.5,80.14,-0.995,0.995,0.0,0.034,0.101,1,9.9
93,2,36.61,20.55,0.629,0.933,0.0,-0.528,0.044,1,
93,3,7.5,57.63,1.93,1.0,0.0,0.016,0.112,1,
94,0,101.31,95.26,1.664,0.359,0.0,1.0,0.326,0,58.1
94,1,136.5,80.04,-0.989,0.987,0.0,0.035,0.101,1,9.8
94,2,36.59,20.58,0.56,0.959,0.0,-0.409,0.034,8,
94,3,7.5,57.74,1.932,1.0,0.0,0.016,0.112,1,
95,0,101.27,95.7,1.821,0.496,0.0,1.0,0.446,0,57.9
95,1,136.5,79.94,-0.983,0.978,0.0,0.035,0.1,1,9.7
95,2,36.59,20.61,0.508,0.976,0.0,-0.313,0.026,1,
95,3,7.5,57.85,1.935,1.0,0.0,0.016,0.112,1,
96,0,101.13,96.25,1.978,0.62,0.0,1.0,0.566,0,57.5
96,1,136.5,79.84,-0.978,0.97,0.0,0.036,0.1,1,9.6
96,2,36.58,20.63,0.47,0.986,0.0,-0.242,0.02,1,
96,3,7.5,57.96,1.938,1.0,0.0,0.016,0.112,1,
97,0,100.86,96.88,2.135,0.73,0.0,1.0,0.686,0,57.0
97,1,136.5,79.74,-0.972,0.962,0.0,0.036,0.1,1,9.5
97,2,36.57,20.64,0.44,0.991,0.0,-0.19,0.016,1,
97,3,7.5,58.08,1.94,1.0,0.0,0.017,0.112,1,
98,0,100.43,97.56,2.275,0.823,0.0,0.862,0.806,0,56.4
98,1,136.5,79.64,-0.966,0.954,0.0,0.037,0.099,1,9.5
98,2,36.57,20.66,0.416,0.995,0.0,-0.149,0.013,1,
98,3,7.5,58.19,1.943,1.0,0.0,0.017,0.112,1,
99,0,99.83,98.27,2.397,0.891,0.0,0.674,0.926,0,55.6
99,1,136.5,79.54,-0.96,0.946,0.0,0.037,0.099,1,9.4
99,2,36.57,20.67,0.398,0.997,0.0,-0.117,0.01,1,
99,3,7.5,58.3,1.945,1.0,0.0,0.017,0.112,1,
100,0,99.06,98.98,2.502,0.937,0.0,0.511,1.046,0,54.6
100,1,136.5,79.45,-0.955,0.938,0.0,0.038,0.098,1,9.3
100,2,36.56,20.67,0.383,0.998,0.0,-0.092,0.008,8,
100,3,7.5,58.41,1.948,1.0,0.0,0.017,0.112,1,
101,0,98.12,99.68,2.589,0.966,0.0,0.371,1.166,0,53.5
101,1,136.5,79.35,-0.949,0.93,0.0,0.038,0.098,1,9.2
101,2,36.56,20.68,0.372,0.999,0.0,-0.072,0.006,8,
101,3,7.5,58.52,1.951,1.0,0.0,0.017,0.112,1,
102,0,97.03,100.35,2.658,0.984,0.0,0.255,1.286,0,52.2
102,1,136.5,79.25,-0.942,0.922,0.0,0.039,0.098,1,9.1
102,2,36.56,20.68,0.363,0.999,0.0,-0.057,0.005,1,
102,3,7.5,58.63,1.954,1.0,0.0,0.018,0.111,1,
103,0,95.78,101.01,2.71,0.994,0.0,0.161,1.406,0,50.8
103,1,136.5,79.15,-0.936,0.914,0.0,0.039,0.097,1,9.1
103,2,36.56,20.69,0.356,1.0,0.0,-0.045,0.004,1,
103,3,7.5,58.74,1.956,1.0,0.0,0.018,0.111,1,
104,0,94.42,101.63,2.745,0.998,0.0,0.091,1.497,0,49.3
104,1,136.5,79.06,-0.93,0.907,0.0,0.04,0.097,1,9.0
104,2,36.56,20.69,0.351,1.0,0.0,-0.035,0.003,1,
104,3,7.5,58.86,1.959,1.0,0.0,0.018,0.111,1,
105,0,93.04,102.21,2.762,1.0,0.0,0.045,1.499,0,47.8
105,1,136.5,78.96,-0.924,0.899,0.0,0.04,0.096,1,8.9
105,2,36.56,20.69,0.346,1.0,0.0,-0.028,0.002,8,
105,3,7.5,58.97,1.962,1.0,0.0,0.018,0.111,1,
106,0,91.65,102.77,2.765,1.0,0.0,0.022,1.5,0,46.3
106,1,136.5,78.86,-0.917,0.892,0.0,0.041,0.096,1,8.8
106,2,36.56,20.69,0.343,1.0,0.0,-0.022,0.002,8,
106,3,7.5,59.08,1.965,1.0,0.0,0.019,0.111,1,
107,0,90.25,103.32,2.768,1.0,0.0,0.018,1.5,0,44.8
107,1,136.5,78.77,-0.911,0.884,0.0,0.041,0.095,1,8.8
107,2,36.56,20.69,0.34,1.0,0.0,-0.017,0.001,1,
107,3,7.5,59.19,1.968,1.0,0.0,0.019,0.111,1,
108,0,88.85,103.86,2.77,1.0,0.0,0.014,1.5,0,43.3
108,1,136.5,78.67,-0.904,0.877,0.0,0.042,0.095,1,8.7
108,2,36.56,20.7,0.338,1.0,0.0,-0.013,0.001,1,
108,3,7.5,59.3,1.971,1.0,0.0,0.019,0.111,1,
109,0,87.46,104.41,2.772,1.0,0.0,0.012,1.5,0,41.8
109,1,136.5,78.58,-0.898,0.87,0.0,0.042,0.094,1,8.6
109,2,36.56,20.7,0.336,1.0,0.0,-0.01,0.001,1,
109,3,7.5,59.41,1.974,1.0,0.0,0.019,0.111,1,
110,0,86.06,104.95,2.774,1.0,0.0,0.009,1.5,0,40.3
110,1,136.5,78.49,-0.891,0.862,0.0,0.043,0.094,1,8.6
110,2,36.56,20.7,0.335,1.0,0.0,-0.008,0.001,1,
110,3,7.5,59.52,1.977,1.0,0.0,0.02,0.11,1,
111,0,84.66,105.49,2.775,1.0,0.0,0.008,1.5,0,38.8
111,1,136.5,78.39,-0.884,0.855,0.0,0.043,0.093,1,8.5
111,2,36.55,20.7,0.334,1.0,0.0,-0.006,0.001,1,
111,3,7.5,59.63,1.98,1.0,0.0,0.02,0.11,1,
112,0,83.26,106.03,2.776,1.0,0.0,0.006,1.5,0,37.3
112,1,136.5,78.3,-0.877,0.848,0.0,0.044,0.093,1,8.4
112,2,36.55,20.7,0.333,1.0,0.0,-0.005,0.0,8,
112,3,7.5,59.74,1.984,1.0,0.0,0.02,0.11,1,
113,0,81.86,106.56,2.777,1.0,0.0,0.005,1.5,0,35.8
113,1,136.5,78.21,-0.87,0.841,0.0,0.044,0.092,1,8.3
113,2,36.55,20.7,0.333,1.0,0.0,-0.004,0.0,8,
113,3,7.5,59.85,1.987,1.0,0.0,0.02,0.11,1,
114,0,80.46,107.1,2.777,1.0,0.0,0.004,1.5,0,34.3
114,1,136.5,78.12,-0.863,0.834,0.0,0.045,0.092,1,8.3
114,2,36.55,20.7,0.332,1.0,0.0,-0.003,0.0,1,
114,3,7.5,59.96,1.99,1.0,0.0,0.021,0.11,1,
115,0,79.05,107.63,2.778,1.0,0.0,0.003,1.5,0,32.8
115,1,136.5,78.02,-0.856,0.827,0.0,0.045,0.091,1,8.2
115,2,36.55,20.7,0.332,1.0,0.0,-0.002,0.0,8,
115,3,7.5,60.07,1.993,1.0,0.0,0.021,0.11,1,
116,0,77.65,108.17,2.778,1.0,0.0,0.003,1.5,0,31.3
116,1,136.5,77.93,-0.849,0.821,0.0,0.046,0.091,1,8.1
116,2,36.55,20.7,0.332,1.0,0.0,-0.002,0.0,8,
116,3,7.5,60.18,1.997,1.0,0.0,0.021,0.109,1,
117,0,76.25,108.7,2.779,1.0,0.0,0.002,1.5,0,29.8
117,1,136.5,77.84,-0.841,0.814,0.0,0.046,0.09,1,8.1
117,2,36.55,20.7,0.331,1.0,0.0,-0.002,0.0,1,
117,3,7.5,60.29,2.0,1.0,0.0,0.022,0.109,1,
118,0,74.85,109.23,2.779,1.0,0.0,0.002,1.5,0,28.3
118,1,136.5,77.75,-0.834,0.808,0.0,0.047,0.089,1,8.0
118,2,36.55,20.7,0.331,1.0,0.0,-0.001,0.0,1,
118,3,7.5,60.4,2.003,1.0,0.0,0.022,0.109,1,
119,0,73.45,109.77,2.779,1.0,0.0,0.002,1.5,0,26.8
119,1,136.5,77.67,-0.827,0.801,0.0,0.047,0.089,1,8.0
119,2,36.55,20.7,0.331,1.0,0.0,-0.001,0.0,8,
119,3,7.5,60.51,2.007,1.0,0.0,0.022,0.109,1,
120,0,72.19,110.24,2.779,0.0,0.0,0.0,1.34,0,
120,1,136.5,77.67,-0.837,0.0,0.0,-1.0,0.0,0,34.0
120,2,36.55,20.7,0.348,0.0,0.0,1.0,0.0,8,
120,3,7.5,60.62,2.01,1.0,0.0,0.022,0.109,1,
121,0,71.09,110.66,2.779,0.0,0.0,0.0,1.18,0,
121,1,136.5,77.67,-0.864,0.0,0.0,-1.0,0.0,0,34.0
121,2,36.55,20.7,0.383,0.0,0.0,1.0,0.0,8,
121,3,7.5,60.72,2.014,1.0,0.0,0.023,0.109,1,
122,0,70.14,111.02,2.779,0.0,0.0,0.0,1.02,0,
122,1,136.5,77.67,-0.909,0.0,0.0,-1.0,0.0,0,34.0
122,2,36.55,20.7,0.436,0.0,0.0,1.0,0.0,8,
122,3,7.5,60.83,2.018,1.0,0.0,0.023,0.108,1,
123,0,69.33,111.33,2.779,0.0,0.0,0.0,0.86,0,
123,1,136.5,77.67,-0.972,0.0,0.0,-1.0,0.0,0,34.0
123,2,36.55,20.7,0.505,0.0,0.0,1.0,0.0,8,
123,3,7.5,60.94,2.021,1.0,0.0,0.023,0.108,1,
124,0,68.68,111.57,2.779,0.0,0.0,0.0,0.7,0,
124,1,136.5,77.67,-1.052,0.0,0.0,-1.0,0.0,0,34.0
124,2,36.55,20.7,0.593,0.0,0.0,1.0,0.0,8,
124,3,7.5,61.05,2.025,1.0,0.0,0.024,0.108,1,
125,0,68.17,111.76,2.779,0.0,0.0,0.0,0.54,0,
125,1,136.5,77.67,-1.149,0.0,0.0,-1.0,0.0,0,34.0
125,2,36.55,20.7,0.698,0.0,0.0,1.0,0.0,8,
125,3,7.5,61.16,2.029,1.0,0.0,0.024,0.108,1,
126,0,67.82,111.9,2.779,0.0,0.0,0.0,0.38,0,
126,1,136.5,77.67,-1.265,0.0,0.0,-1.0,0.0,0,34.0
126,2,36.55,20.7,0.82,0.0,0.0,1.0,0.0,8,
126,3,7.5,61.26,2.033,1.0,0.0,0.024,0.108,1,
127,0,67.61,111.98,2.779,0.0,0.0,0.0,0.22,0,
127,1,136.5,77.67,-1.397,0.0,0.0,-1.0,0.0,0,34.0
127,2,36.55,20.7,0.96,0.0,0.0,1.0,0.0,8,
127,3,7.5,61.37,2.037,1.0,0.0,0.025,0.107,1,
128,0,67.55,112.0,2.779,0.0,0.0,0.0,0.06,0,
128,1,136.5,77.67,-1.547,0.0,0.0,-1.0,0.0,0,34.0
128,2,36.55,20.7,1.117,0.0,0.0,1.0,0.0,8,
128,3,7.5,61.48,2.041,1.0,0.0,0.025,0.107,1,
129,0,67.55,112.0,2.779,0.0,0.0,0.0,0.0,0,
129,1,136.5,77.67,-1.704,0.0,0.0,-1.0,0.0,0,34.0
129,2,36.55,20.7,1.274,0.0,0.0,1.0,0.0,8,
129,3,7.5,61.59,2.045,1.0,0.0,0.025,0.107,1,
130,0,67.55,112.0,2.779,0.0,0.0,0.0,0.0,0,
130,1,136.5,77.67,-1.861,0.0,0.0,-1.0,0.0,0,34.0
130,2,36.53,20.78,1.431,0.073,0.0,1.0,0.09,1,
130,3,7.5,61.69,2.049,1.0,0.0,0.026,0.107,1,
131,0,67.55,112.0,2.779,0.0,0.0,0.0,0.0,0,
131,1,136.5,77.67,-2.018,0.0,0.0,-1.0,0.0,0,34.0
131,2,36.49,20.89,1.588,0.223,0.0,1.0,0.108,1,
131,3,7.5,61.8,2.053,1.0,0.0,0.026,0.107,1,
132,0,67.55,112.0,2.779,0.0,0.0,0.0,0.0,0,
132,1,136.5,77.67,-2.175,0.0,0.0,-1.0,0.0,0,34.0
132,2,36.46,21.0,1.745,0.365,0.0,1.0,0.115,1,
132,3,7.5,61.91,2.057,1.0,0.0,0.027,0.106,1,
133,0,67.55,112.0,2.779,0.0,0.0,0.0,0.0,0,
133,1,136.44,77.58,-2.333,0.072,0.0,-1.0,0.108,0,33.9
133,2,36.42,21.11,1.902,0.499,0.0,1.0,0.119,1,
133,3,7.5,62.01,2.061,1.0,0.0,0.027,0.106,1,
134,0,67.55,112.0,2.779,0.0,0.0,0.0,0.0,0,
134,1,136.28,77.41,-2.49,0.228,0.0,-1.0,0.228,0,33.7
134,2,36.38,21.22,2.059,0.622,0.0,1.0,0.12,0,
134,3,7.5,62.12,2.065,1.0,0.0,0.027,0.106,1,
135,0,67.55,112.0,2.779,0.0,0.0,0.0,0.0,0,
135,1,136.0,77.2,-2.647,0.379,0.0,-1.0,0.348,0,33.3
135,2,36.27,21.44,2.216,0.731,0.0,1.0,0.24,0,
135,3,7.5,62.22,2.07,1.0,0.0,0.028,0.106,1,
136,0,67.55,112.0,2.779,0.0,0.0,0.0,0.0,0,
136,1,135.59,76.98,-2.804,0.522,0.0,-1.0,0.468,0,32.9
136,2,36.05,21.72,2.356,0.82,0.0,0.871,0.36,0,
136,3,7.5,62.33,2.074,1.0,0.0,0.028,0.105,1,
137,0,67.55,112.0,2.779,0.0,0.0,0.0,0.0,0,
137,1,135.04,76.78,-2.961,0.655,0.0,-1.0,0.588,0,32.5
137,2,35.71,22.06,2.478,0.883,0.0,0.699,0.48,0,
137,3,7.5,62.43,2.079,1.0,0.0,0.028,0.105,1,
138,0,67.55,112.0,2.779,0.0,0.0,0.0,0.0,0,
138,1,134.34,76.66,-3.115,0.772,0.0,-0.983,0.708,0,32.1
138,2,35.24,22.43,2.594,0.87,0.0,0.738,0.6,0,
138,3,7.5,62.54,2.083,1.0,0.0,0.029,0.105,1,
139,0,67.55,112.0,2.779,0.0,0.0,0.0,0.0,0,
139,1,133.51,76.63,3.031,0.869,0.0,-0.738,0.828,0,31.7
139,2,34.63,22.81,2.692,0.914,0.0,0.598,0.72,0,
139,3,7.5,62.64,2.088,1.0,0.0,0.029,0.105,1,
140,0,67.55,112.0,2.779,0.0,0.0,0.0,0.0,0,
140,1,132.57,76.74,2.912,0.937,0.0,-0.51,0.948,0,31.3
140,2,33.87,23.17,2.773,0.933,0.0,0.481,0.84,0,
140,3,7.5,62.75,2.092,1.0,0.0,0.03,0.104,1,
141,0,67.55,112.0,2.779,0.0,0.0,0.0,0.0,0,
141,1,131.53,76.98,2.81,0.978,0.0,-0.299,1.068,0,31.1
141,2,32.97,23.52,2.837,0.879,0.0,0.384,0.96,0,
141,3,7.5,62.85,2.097,1.0,0.0,0.03,0.104,1,
142,0,67.55,112.0,2.779,0.0,0.0,0.0,0.0,0,
142,1,130.41,77.37,2.725,0.997,0.0,-0.105,1.188,0,31.1
142,2,31.94,23.84,2.885,0.803,0.0,0.306,1.08,0,
142,3,7.5,62.96,2.102,1.0,0.0,0.03,0.104,1,
143,0,67.55,112.0,2.779,0.0,0.0,0.0,0.0,0,
143,1,129.21,77.9,2.658,0.999,0.0,0.07,1.308,0,31.2
143,2,30.91,24.11,2.923,0.71,0.0,0.244,1.064,0,
143,3,7.5,63.06,2.107,1.0,0.0,0.031,0.103,1,
144,0,67.55,112.0,2.779,0.0,0.0,0.0,0.0,0,
144,1,127.94,78.56,2.609,0.988,0.0,0.225,1.428,0,31.4
144,2,30.01,24.31,2.953,0.614,0.0,0.189,0.922,0,
144,3,7.5,63.16,2.112,1.0,0.0,0.031,0.103,1,
145,0,67.55,112.0,2.779,0.0,0.0,0.0,0.0,0,
145,1,126.85,79.21,2.577,0.0,0.0,1.0,1.268,0,31.8
145,2,29.23,24.46,2.975,0.531,0.0,0.142,0.796,0,
145,3,7.5,63.26,2.117,1.0,0.0,0.032,0.103,1,
146,0,67.55,112.0,2.779,0.0,0.0,0.0,0.0,0,
146,1,125.92,79.8,2.563,0.0,0.0,1.0,1.108,0,32.1
146,2,28.55,24.57,2.992,0.459,0.0,0.104,0.688,0,
146,3,7.5,63.37,2.122,1.0,0.0,0.032,0.103,1,
147,0,67.55,112.0,2.779,0.0,0.0,0.0,0.0,0,
147,1,125.12,80.32,2.566,0.0,0.0,1.0,0.948,0,32.5
147,2,27.97,24.66,3.003,0.397,0.0,0.075,0.595,0,
147,3,7.5,63.47,2.127,1.0,0.0,0.033,0.102,1,
148,0,67.55,112.0,2.779,0.0,0.0,0.0,0.0,0,
148,1,124.46,80.75,2.586,0.0,0.0,1.0,0.788,0,32.8
148,2,27.45,24.73,3.012,0.344,0.0,0.056,0.517,0,
148,3,7.5,63.57,2.132,1.0,0.0,0.033,0.102,1,
149,0,67.55,112.0,2.779,0.0,0.0,0.0,0.0,0,
149,1,123.93,81.08,2.624,0.0,0.0,1.0,0.628,0,33.0
149,2,27.1,24.78,3.039,0.132,0.0,1.0,0.357,0,
149,3,7.5,63.67,2.137,1.0,0.0,0.034,0.102,1,
150,0,67.55,112.0,2.779,0.0,0.0,0.0,0.0,0,
150,1,123.52,81.31,2.68,0.0,0.0,1.0,0.468,0,33.2
150,2,26.73,24.82,3.047,0.247,0.0,-0.588,0.37,0,
150,3,7.5,63.77,2.143,1.0,0.0,0.034,0.101,1,
151,0,67.55,112.0,2.779,0.0,0.0,0.0,0.0,0,
151,1,123.24,81.45,2.753,0.0,0.0,1.0,0.308,0,33.3
151,2,26.42,24.85,3.039,0.209,0.0,-0.691,0.313,0,
151,3,7.5,63.88,2.148,0.994,0.0,0.034,0.101,1,
152,0,67.55,112.0,2.779,0.0,0.0,0.0,0.0,0,
152,1,123.11,81.5,2.844,0.0,0.0,1.0,0.148,0,33.4
152,2,26.15,24.88,3.013,0.178,0.0,-0.778,0.268,0,
152,3,7.5,63.98,2.154,0.985,0.0,0.035,0.101,1,
153,0,67.55,112.0,2.779,0.0,0.0,0.0,0.0,0,
153,1,123.11,81.5,2.952,0.0,0.0,1.0,0.0,0,33.4
153,2,25.92,24.91,2.969,0.154,0.0,-0.847,0.232,0,
153,3,7.5,64.08,2.159,0.977,0.0,0.035,0.1,1,
154,0,67.55,112.0,2.779,0.0,0.0,0.0,0.0,0,
154,1,123.11,81.5,3.077,0.0,0.0,1.0,0.0,0,33.4
154,2,25.72,24.94,2.908,0.136,0.0,-0.895,0.204,0,
154,3,7.5,64.18,2.165,0.969,0.0,0.036,0.1,1,
155,0,67.55,112.0,2.779,0.0,0.0,0.0,0.0,0,
155,1,123.03,81.51,-3.063,0.052,0.0,1.0,0.078,0,33.3
155,2,25.54,24.98,2.829,0.122,0.0,-0.899,0.184,0,
155,3,7.5,64.28,2.17,0.961,0.0,0.036,0.099,1,
156,0,67.55,112.0,2.779,0.0,0.0,0.0,0.0,0,
156,1,122.83,81.49,-2.906,0.191,0.0,1.0,0.198,0,33.3
156,2,25.38,25.04,2.733,0.117,0.0,-0.791,0.175,0,
156,3,7.5,64.37,2.176,0.953,0.0,0.037,0.099,1,
157,0,67.55,112.0,2.779,0.0,0.0,0.0,0.0,0,
157,1,122.52,81.42,-2.749,0.337,0.0,1.0,0.318,0,33.2
157,2,25.23,25.1,2.63,0.111,0.0,-0.653,0.167,0,
157,3,7.5,64.47,2.182,0.945,0.0,0.037,0.099,1,
158,0,67.55,112.0,2.779,0.0,0.0,0.0,0.0,0,
158,1,122.12,81.25,-2.592,0.472,0.0,1.0,0.438,0,33.0
158,2,25.09,25.18,2.545,0.104,0.0,-0.501,0.156,0,
158,3,7.5,64.57,2.188,0.937,0.0,0.038,0.098,1,
159,0,67.55,112.0,2.779,0.0,0.0,0.0,0.0,0,
159,1,121.64,80.96,-2.435,0.595,0.0,1.0,0.558,0,32.7
159,2,24.97,25.26,2.478,0.095,0.0,-0.374,0.143,0,
159,3,7.5,64.67,2.194,0.929,0.0,0.038,0.098,1,
160,0,67.44,112.04,2.779,1.0,0.0,0.002,0.12,0,20.4
160,1,121.13,80.52,-2.277,0.704,0.0,1.0,0.678,0,32.2
160,2,24.76,25.42,2.393,0.623,0.0,-1.0,0.263,0,
160,3,7.5,64.67,2.218,0.0,0.0,1.0,0.0,0,
161,0,67.22,112.13,2.78,1.0,0.0,0.001,0.24,0,20.1
161,1,120.61,79.91,-2.132,0.797,0.0,0.926,0.798,0,31.6
161,2,24.48,25.68,2.29,0.681,0.0,-1.0,0.383,0,
161,3,7.5,64.67,2.259,0.0,0.0,1.0,0.0,0,
162,0,66.88,112.25,2.78,1.0,0.0,0.001,0.36,0,19.8
162,1,120.12,79.14,-2.004,0.869,0.0,0.74,0.918,0,30.8
162,2,24.15,26.06,2.17,0.744,0.0,-1.0,0.503,0,
162,3,7.5,64.67,2.317,0.0,0.0,1.0,0.0,0,
163,0,66.43,112.42,2.78,1.0,0.0,0.001,0.48,0,19.3
163,1,119.69,78.2,-1.894,0.919,0.0,0.578,1.038,0,29.8
163,2,23.8,26.57,2.033,0.81,0.0,-0.895,0.623,0,
163,3,7.5,64.67,2.393,0.0,0.0,1.0,0.0,0,
164,0,65.87,112.64,2.78,1.0,0.0,0.001,0.6,0,18.7
164,1,119.32,77.1,-1.801,0.953,0.0,0.44,1.158,0,28.7
164,2,23.47,27.24,1.913,0.875,0.0,-0.723,0.743,0,
164,3,7.5,64.67,2.487,0.0,0.0,1.0,0.0,0,
165,0,65.2,112.89,2.78,1.0,0.0,0.001,0.72,0,18.0
165,1,119.03,75.85,-1.725,0.974,0.0,0.325,1.278,0,27.5
165,2,23.18,28.05,1.81,0.92,0.0,-0.576,0.863,0,
165,3,7.5,64.67,2.598,0.0,0.0,1.0,0.0,0,
166,0,64.41,113.19,2.78,1.0,0.0,0.0,0.84,0,17.1
166,1,118.81,74.47,-1.667,0.987,0.0,0.232,1.398,0,26.1
166,2,22.95,29.01,1.725,0.95,0.0,-0.453,0.983,0,
166,3,7.5,64.67,2.726,0.0,0.0,1.0,0.0,0,
167,0,63.51,113.53,2.78,1.0,0.0,0.0,0.96,0,16.2
167,1,118.67,72.99,-1.627,0.994,0.0,0.162,1.49,0,24.6
167,2,22.78,30.1,1.658,0.969,0.0,-0.354,1.103,0,
167,3,7.5,64.67,2.872,0.0,0.0,1.0,0.0,0,
168,0,62.5,113.91,2.78,1.0,0.0,0.0,1.08,0,15.1
168,1,118.59,71.5,-1.604,0.997,0.0,0.114,1.495,0,23.1
168,2,22.67,31.31,1.608,0.981,0.0,-0.278,1.223,0,
168,3,7.5,64.67,3.029,0.0,0.0,1.0,0.0,0,
169,0,61.38,114.33,2.78,1.0,0.0,0.0,1.2,0,13.9
169,1,118.54,70.0,-1.59,0.998,0.0,0.088,1.497,0,21.6
169,2,22.62,32.66,1.572,0.987,0.0,-0.227,1.343,0,
169,3,7.5,64.68,-3.097,0.14,0.0,1.0,0.013,1,
170,0,60.41,114.7,2.798,0.0,0.0,1.0,1.04,0,22.3
170,1,118.51,68.5,-1.578,0.999,0.0,0.074,1.498,0,20.1
170,2,22.62,34.12,1.542,0.991,0.0,-0.195,1.463,0,
170,3,7.5,64.68,-2.94,0.293,0.0,1.0,0.005,1,
171,0,60.07,114.81,2.833,0.0,0.0,1.0,0.36,1,22.6
171,1,118.5,67.0,-1.569,0.999,0.0,0.063,1.499,0,18.6
171,2,22.66,35.61,1.515,0.993,0.0,-0.171,1.489,0,
171,3,7.5,64.65,-2.783,0.439,0.0,1.0,0.024,1,
172,0,60.07,114.81,2.885,0.021,0.0,1.0,0.002,1,22.5
172,1,118.5,65.51,-1.56,0.999,0.0,0.054,1.499,0,17.1
172,2,22.56,36.07,1.491,0.994,0.0,-0.152,0.476,1,
172,3,7.5,64.61,-2.625,0.574,0.0,1.0,0.042,1,
173,0,60.06,114.8,2.955,0.074,0.0,1.0,0.012,1,22.5
173,1,118.52,64.01,-1.553,0.999,0.0,0.047,1.499,0,15.6
173,2,22.55,36.07,1.469,0.995,0.0,-0.138,0.012,1,
173,3,7.5,64.55,-2.468,0.696,0.0,1.0,0.059,1,
174,0,60.05,114.78,3.043,0.144,0.0,1.0,0.021,1,22.4
174,1,118.54,62.51,-1.546,1.0,0.0,0.041,1.499,0,14.1
174,2,22.54,36.08,1.452,0.997,0.0,-0.108,0.009,1,
174,3,7.5,64.48,-2.324,0.8,0.0,0.919,0.075,1,
175,0,60.04,114.75,-3.135,0.23,0.0,1.0,0.032,1,22.4
175,1,118.58,61.17,-1.557,0.0,0.0,-1.0,1.339,0,25.4
175,2,22.54,36.08,1.439,0.998,0.0,-0.085,0.007,1,
175,3,7.5,64.39,-2.197,0.879,0.0,0.711,0.088,1,
176,0,60.03,114.71,-3.013,0.331,0.0,1.0,0.044,2,22.4
176,1,118.54,60.86,-1.586,0.0,0.0,-1.0,0.312,1,25.5
176,2,22.53,36.08,1.428,0.999,0.0,-0.067,0.006,1,
176,3,7.5,64.29,-2.088,0.932,0.0,0.528,0.097,1,
177,0,60.01,114.66,-2.873,0.445,0.0,1.0,0.058,8,22.3
177,1,118.53,60.86,-1.597,0.12,0.0,1.0,0.009,8,25.4
177,2,22.53,36.08,1.42,0.999,0.0,-0.052,0.004,1,
177,3,7.5,64.19,-1.996,0.967,0.0,0.37,0.104,1,
178,0,59.98,114.59,-2.715,0.567,0.0,1.0,0.073,1,22.2
178,1,118.52,60.86,-1.591,0.109,0.0,1.0,0.01,1,25.4
178,2,22.52,36.08,1.414,1.0,0.0,-0.041,0.003,1,
178,3,7.5,64.08,-1.921,0.986,0.0,0.236,0.109,1,
179,0,59.95,114.51,-2.558,0.69,0.0,1.0,0.087,1,22.1
179,1,118.51,60.86,-1.567,0.115,0.0,1.0,0.009,1,25.5
179,2,22.52,36.08,1.409,1.0,0.0,-0.032,0.003,1,
179,3,7.5,63.97,-1.865,0.996,0.0,0.127,0.113,1,
180,0,59.91,114.41,-2.412,0.796,0.0,0.929,0.1,1,22.0
180,1,118.51,60.86,-1.525,0.138,0.0,1.0,0.007,1,25.5
180,2,22.52,36.08,1.405,1.0,0.0,-0.025,0.002,8,
180,3,7.5,63.85,-1.825,1.0,0.0,0.044,0.115,1,
181,0,59.86,114.31,-2.284,0.903,0.0,0.636,0.109,1,21.9
181,1,118.51,60.86,-1.502,0.0,0.0,-1.0,0.0,0,25.5
181,2,22.52,36.08,1.402,1.0,0.0,-0.02,0.002,1,
181,3,7.5,63.73,-1.803,1.0,0.0,-0.015,0.116,1,
182,0,59.82,114.21,-2.173,0.953,0.0,0.44,0.115,8,21.8
182,1,118.51,60.86,-1.495,0.0,0.0,-1.0,0.0,0,25.5
182,2,22.51,36.08,1.399,1.0,0.0,-0.016,0.001,8,
182,3,7.5,63.62,-1.799,0.999,0.0,-0.049,0.117,1,
183,0,59.77,114.1,-2.08,0.982,0.0,0.268,0.118,1,21.7
183,1,118.51,60.86,-1.506,0.0,0.0,-1.0,0.0,0,25.5
183,2,22.51,36.08,1.397,1.0,0.0,-0.012,0.001,1,
183,3,7.5,63.5,-1.808,0.999,0.0,-0.059,0.117,1,
184,0,59.72,113.99,-2.004,0.996,0.0,0.121,0.12,1,21.6
184,1,118.51,60.86,-1.535,0.0,0.0,-1.0,0.0,0,25.5
184,2,22.51,36.08,1.396,1.0,0.0,-0.01,0.001,1,
184,3,7.5,63.38,-1.816,0.999,0.0,-0.048,0.117,1,
185,0,59.67,113.88,-1.945,1.0,0.0,-0.001,0.12,0,21.5
185,1,118.51,60.86,-1.581,0.0,0.0,-1.0,0.0,0,25.5
185,2,22.51,36.08,1.394,1.0,0.0,-0.008,0.001,8,
185,3,7.5,63.27,-1.822,1.0,0.0,-0.04,0.116,1,
186,0,59.58,113.66,-1.904,0.998,0.0,-0.098,0.24,0,21.2
186,1,118.5,60.86,-1.645,0.903,0.0,-0.633,0.008,1,25.4
186,2,22.51,36.08,1.394,1.0,0.0,-0.006,0.001,8,
186,3,7.5,63.15,-1.827,1.0,0.0,-0.034,0.116,1,
187,0,59.47,113.32,-1.881,0.992,0.0,-0.184,0.36,0,20.9
187,1,118.48,60.85,-1.726,0.929,0.0,-0.542,0.016,1,25.4
187,2,22.51,36.08,1.393,1.0,0.0,-0.005,0.0,1,
187,3,7.5,63.04,-1.832,1.0,0.0,-0.029,0.116,1,
188,0,59.32,112.86,-1.875,0.984,0.0,-0.258,0.48,0,20.4
188,1,118.46,60.85,-1.793,0.956,0.0,-0.427,0.026,8,25.4
188,2,22.51,36.08,1.392,1.0,0.0,-0.004,0.0,8,
188,3,7.5,62.92,-1.836,1.0,0.0,-0.026,0.116,1,
189,0,59.14,112.29,-1.886,0.975,0.0,-0.32,0.6,0,19.8
189,1,118.42,60.85,-1.845,0.973,0.0,-0.332,0.034,8,25.4
189,2,22.51,36.08,1.392,1.0,0.0,-0.003,0.0,1,
189,3,7.5,62.8,-1.84,1.0,0.0,-0.023,0.116,1,
190,0,59.0,111.87,-1.881,0.255,0.0,1.0,0.44,0,19.4
190,1,118.38,60.85,-1.885,0.984,0.0,-0.258,0.04,2,25.3
190,2,22.51,36.08,1.391,1.0,0.0,-0.002,0.0,1,
190,3,7.5,62.69,-1.843,1.0,0.0,-0.021,0.116,1,
191,0,58.88,111.49,-1.857,0.266,0.0,1.0,0.399,0,19.0
191,1,118.34,60.85,-1.917,0.99,0.0,-0.201,0.045,1,25.3
191,2,22.51,36.08,1.391,1.0,0.0,-0.002,0.0,1,
191,3,7.5,62.57,-1.846,1.0,0.0,-0.019,0.116,1,
192,0,58.76,111.07,-1.816,0.294,0.0,1.0,0.441,0,18.6
192,1,118.29,60.84,-1.942,0.994,0.0,-0.158,0.049,1,25.3
192,2,22.51,36.08,1.391,1.0,0.0,-0.001,0.0,8,
192,3,7.5,62.46,-1.849,1.0,0.0,-0.018,0.115,1,
193,0,58.63,110.58,-1.758,0.339,0.0,1.0,0.509,0,18.1
193,1,118.24,60.84,-1.961,0.996,0.0,-0.124,0.052,1,25.2
193,2,22.51,36.08,1.391,1.0,0.0,-0.001,0.0,1,
193,3,7.5,62.34,-1.851,1.0,0.0,-0.017,0.115,1,
194,0,58.52,109.98,-1.682,0.403,0.0,1.0,0.604,0,17.6
194,1,118.18,60.83,-1.976,0.998,0.0,-0.097,0.055,8,25.2
194,2,22.51,36.08,1.391,1.0,0.0,-0.001,0.0,1,
194,3,7.5,62.23,-1.854,1.0,0.0,-0.017,0.115,1,
195,0,58.44,109.26,-1.588,0.483,0.0,1.0,0.724,0,17.0
195,1,118.12,60.83,-1.989,0.999,0.0,-0.077,0.057,8,25.1
195,2,22.51,36.08,1.391,1.0,0.0,-0.001,0.0,8,
195,3,7.5,62.11,-1.857,1.0,0.0,-0.016,0.115,1,
196,0,58.43,108.42,-1.477,0.579,0.0,1.0,0.844,0,16.3
196,1,118.07,60.82,-1.998,0.999,0.0,-0.061,0.059,8,25.1
196,2,22.51,36.08,1.39,1.0,0.0,-0.001,0.0,1,
196,3,7.5,62.0,-1.859,1.0,0.0,-0.016,0.115,1,
197,0,58.52,107.46,-1.349,0.688,0.0,1.0,0.964,0,15.6
197,1,118.01,60.82,-2.006,0.999,0.0,-0.049,0.06,1,25.0
197,2,22.51,36.08,1.39,1.0,0.0,-0.0,0.0,8,
197,3,7.5,61.88,-1.861,1.0,0.0,-0.016,0.115,1,
198,0,58.71,106.59,-1.238,0.598,0.0,-1.0,0.897,0,15.1
198,1,117.95,60.81,-2.012,1.0,0.0,-0.04,0.062,8,25.0
198,2,22.51,36.08,1.39,1.0,0.0,-0.0,0.0,1,
198,3,7.5,61.77,-1.864,1.0,0.0,-0.016,0.115,1,
199,0,58.95,105.89,-1.145,0.464,0.0,-1.0,0.737,0,14.7
199,1,117.88,60.8,-2.018,1.0,0.0,-0.033,0.063,8,24.9
199,2,22.51,36.08,1.39,1.0,0.0,-0.0,0.0,1,
199,3,7.5,61.65,-1.866,1.0,0.0,-0.016,0.115,1,
200,0,59.19,105.36,-1.069,0.0,0.0,-1.0,0.577,0,17.6
200,1,117.82,60.8,-2.022,1.0,0.0,-0.028,0.064,1,24.9
200,2,22.51,36.08,1.373,0.511,0.0,-1.0,0.0,8,
200,3,7.5,61.54,-1.869,1.0,0.0,-0.016,0.115,1,
201,0,59.39,105.0,-1.01,0.0,0.0,-1.0,0.417,0,18.0
201,1,117.75,60.79,-2.026,1.0,0.0,-0.023,0.065,1,24.8
201,2,22.51,36.08,1.338,0.526,0.0,-1.0,0.002,8,
201,3,7.5,61.42,-1.871,1.0,0.0,-0.016,0.115,1,
202,0,59.53,104.78,-0.969,0.0,0.0,-1.0,0.257,0,18.3
202,1,117.69,60.78,-2.029,1.0,0.0,-0.02,0.066,1,24.8
202,2,22.52,36.08,1.285,0.555,0.0,-1.0,0.006,1,
202,3,7.5,61.31,-1.874,1.0,0.0,-0.016,0.115,1,
203,0,59.58,104.7,-0.946,0.0,0.0,-1.0,0.097,0,18.4
203,1,117.62,60.77,-2.031,1.0,0.0,-0.018,0.067,1,24.7
203,2,22.53,36.08,1.215,0.598,0.0,-1.0,0.013,8,
203,3,7.5,61.19,-1.876,1.0,0.0,-0.016,0.115,1,
204,0,59.58,104.7,-0.94,0.0,0.0,-1.0,0.0,0,18.4
204,1,117.56,60.76,-2.034,1.0,0.0,-0.016,0.067,8,24.6
204,2,22.55,36.07,1.128,0.653,0.0,-1.0,0.021,1,
204,3,7.5,61.08,-1.879,1.0,0.0,-0.016,0.114,1,
205,0,59.58,104.7,-0.951,0.0,0.0,-1.0,0.0,0,18.4
205,1,117.49,60.75,-2.036,1.0,0.0,-0.015,0.068,1,24.6
205,2,22.58,36.07,1.023,0.718,0.0,-1.0,0.032,1,
205,3,7.5,60.96,-1.881,1.0,0.0,-0.016,0.114,1,
206,0,59.58,104.7,-0.98,0.0,0.0,-1.0,0.0,0,18.4
206,1,117.42,60.74,-2.038,1.0,0.0,-0.014,0.069,8,24.5
206,2,22.63,36.06,0.9,0.788,0.0,-0.948,0.044,1,
206,3,7.5,60.85,-1.884,1.0,0.0,-0.017,0.114,1,
207,0,59.58,104.7,-1.027,0.0,0.0,-1.0,0.0,0,18.4
207,1,117.35,60.73,-2.04,1.0,0.0,-0.013,0.07,2,24.5
207,2,22.68,36.05,0.779,0.858,0.0,-0.77,0.058,1,
207,3,7.5,60.74,-1.887,1.0,0.0,-0.017,0.114,1,
208,0,59.58,104.7,-1.091,0.0,0.0,-1.0,0.0,0,18.4
208,1,117.28,60.72,-2.042,1.0,0.0,-0.012,0.07,1,24.4
208,2,22.75,36.04,0.675,0.915,0.0,-0.594,0.071,1,
208,3,7.5,60.62,-1.889,1.0,0.0,-0.017,0.114,1,
209,0,59.58,104.7,-1.173,0.0,0.0,-1.0,0.0,0,18.4
209,1,117.21,60.71,-2.044,1.0,0.0,-0.012,0.071,1,24.4
209,2,22.83,36.03,0.589,0.953,0.0,-0.442,0.081,1,
209,3,7.5,60.51,-1.892,1.0,0.0,-0.017,0.114,1,
210,0,59.58,104.7,-1.272,0.0,0.0,-1.0,0.0,0,18.4
210,1,117.14,60.7,-2.046,1.0,0.0,-0.012,0.072,1,24.3
210,2,22.92,36.01,0.521,0.976,0.0,-0.314,0.089,1,
210,3,7.5,60.39,-1.895,1.0,0.0,-0.017,0.114,1,
211,0,59.58,104.7,-1.388,0.0,0.0,-1.0,0.0,0,18.4
211,1,117.07,60.69,-2.048,1.0,0.0,-0.012,0.073,1,24.2
211,2,23.02,36.0,0.47,0.989,0.0,-0.21,0.095,1,
211,3,7.5,60.28,-1.898,1.0,0.0,-0.018,0.114,1,
212,0,59.58,104.7,-1.522,0.0,0.0,-1.0,0.0,0,18.4
212,1,117.0,60.67,-2.05,1.0,0.0,-0.012,0.073,1,24.2
212,2,23.11,35.99,0.436,0.996,0.0,-0.131,0.099,1,
212,3,7.5,60.17,-1.9,1.0,0.0,-0.018,0.114,1,
213,0,59.58,104.7,-1.674,0.0,0.0,-1.0,0.0,0,18.4
213,1,116.92,60.66,-2.052,1.0,0.0,-0.012,0.074,8,24.1
213,2,23.21,35.97,0.42,0.999,0.0,-0.077,0.102,1,
213,3,7.5,60.05,-1.903,1.0,0.0,-0.018,0.114,1,
214,0,59.58,104.7,-1.831,0.0,0.0,-1.0,0.0,0,18.4
214,1,116.85,60.65,-2.054,1.0,0.0,-0.012,0.075,1,24.1
214,2,23.32,35.96,0.413,0.999,0.0,-0.048,0.103,1,
214,3,7.5,59.94,-1.906,1.0,0.0,-0.019,0.113,1,
215,0,59.58,104.7,-1.988,0.0,0.0,-1.0,0.0,0,18.4
215,1,116.78,60.63,-2.055,1.0,0.0,-0.012,0.076,1,24.0
215,2,23.42,35.95,0.408,1.0,0.0,-0.031,0.104,1,
215,3,7.5,59.83,-1.909,1.0,0.0,-0.019,0.113,1,
216,0,59.58,104.7,-2.145,0.0,0.0,-1.0,0.0,0,18.4
216,1,116.7,60.62,-2.057,1.0,0.0,-0.012,0.076,8,24.0
216,2,23.52,35.94,0.405,1.0,0.0,-0.017,0.105,1,
216,3,7.5,59.71,-1.912,1.0,0.0,-0.019,0.113,1,
217,0,59.58,104.7,-2.302,0.0,0.0,-1.0,0.0,0,18.4
217,1,116.63,60.6,-2.059,1.0,0.0,-0.012,0.077,1,23.9
217,2,23.63,35.93,0.404,1.0,0.0,-0.006,0.106,1,
217,3,7.5,59.6,-1.915,1.0,0.0,-0.019,0.113,1,
218,0,59.58,104.7,-2.459,0.0,0.0,-1.0,0.0,0,18.4
218,1,116.55,60.58,-2.061,1.0,0.0,-0.013,0.078,1,23.8
218,2,23.74,35.92,0.405,1.0,0.0,0.002,0.106,1,
218,3,7.5,59.49,-1.918,1.0,0.0,-0.02,0.113,1,
219,0,59.58,104.7,-2.616,0.0,0.0,-1.0,0.0,0,18.4
219,1,116.47,60.57,-2.063,1.0,0.0,-0.013,0.079,1,23.8
219,2,23.84,35.91,0.406,1.0,0.0,0.008,0.107,8,
219,3,7.5,59.37,-1.921,1.0,0.0,-0.02,0.113,1,
220,0,59.48,104.64,-2.773,0.131,0.0,-1.0,0.12,0,18.3
220,1,116.4,60.55,-2.065,1.0,0.0,-0.013,0.079,1,23.7
220,2,23.95,35.9,0.408,1.0,0.0,0.014,0.107,1,
220,3,7.5,59.26,-1.925,1.0,0.0,-0.02,0.113,1,
221,0,59.26,104.55,-2.93,0.278,0.0,-1.0,0.24,0,18.3
221,1,116.32,60.53,-2.067,1.0,0.0,-0.013,0.08,8,23.7
221,2,24.06,35.9,0.411,1.0,0.0,0.018,0.107,1,
221,3,7.5,59.15,-1.928,1.0,0.0,-0.021,0.113,1,
222,0,58.9,104.48,-3.088,0.414,0.0,-1.0,0.36,0,18.1
222,1,116.24,60.51,-2.069,1.0,0.0,-0.014,0.081,8,23.6
222,2,24.16,35.89,0.414,1.0,0.0,0.021,0.108,1,
222,3,7.5,59.04,-1.931,1.0,0.0,-0.021,0.112,1,
223,0,58.42,104.45,3.039,0.536,0.0,-1.0,0.48,0,17.9
223,1,116.16,60.49,-2.072,1.0,0.0,-0.014,0.082,8,23.5
223,2,24.27,35.89,0.418,1.0,0.0,0.023,0.108,1,
223,3,7.5,58.92,-1.935,1.0,0.0,-0.021,0.112,1,
224,0,57.83,104.52,2.881,0.644,0.0,-1.0,0.6,0,17.5
224,1,116.08,60.47,-2.074,1.0,0.0,-0.014,0.082,1,23.5
224,2,24.38,35.88,0.422,1.0,0.0,0.025,0.108,1,
224,3,7.5,58.81,-1.938,1.0,0.0,-0.022,0.112,1,
225,0,57.13,104.7,2.724,0.738,0.0,-1.0,0.72,0,17.0
225,1,116.0,60.45,-2.076,1.0,0.0,-0.014,0.083,1,23.4
225,2,24.49,35.88,0.426,1.0,0.0,0.027,0.108,8,
225,3,7.5,58.7,-1.942,1.0,0.0,-0.022,0.112,1,
226,0,56.36,105.04,2.585,0.819,0.0,-0.874,0.84,0,16.3
226,1,115.92,60.43,-2.078,1.0,0.0,-0.015,0.084,8,23.4
226,2,24.6,35.88,0.43,1.0,0.0,0.028,0.109,8,
226,3,7.5,58.59,-1.945,1.0,0.0,-0.023,0.112,1,
227,0,55.55,105.55,2.463,0.877,0.0,-0.717,0.96,0,15.5
227,1,115.84,60.41,-2.081,1.0,0.0,-0.015,0.085,8,23.3
227,2,24.7,35.88,0.435,1.0,0.0,0.029,0.109,1,
227,3,7.5,58.48,-1.949,1.0,0.0,-0.023,0.112,1,
228,0,54.71,106.23,2.358,0.917,0.0,-0.585,1.08,0,14.5
228,1,115.76,60.38,-2.083,1.0,0.0,-0.015,0.085,2,23.2
228,2,24.81,35.88,0.44,1.0,0.0,0.03,0.109,8,
228,3,7.5,58.36,-1.952,1.0,0.0,-0.023,0.112,1,
229,0,53.86,107.07,2.271,0.945,0.0,-0.478,1.2,0,13.3
229,1,115.67,60.36,-2.086,1.0,0.0,-0.016,0.086,1,23.2
229,2,24.92,35.88,0.445,1.0,0.0,0.031,0.109,8,
229,3,7.5,58.25,-1.956,1.0,0.0,-0.024,0.111,1,
230,0,53.17,107.7,2.201,0.962,0.0,-0.396,0.932,8,12.5
230,1,115.59,60.33,-2.088,1.0,0.0,-0.016,0.087,8,23.1
230,2,25.03,35.88,0.45,1.0,0.0,0.032,0.109,1,
230,3,7.5,58.14,-1.96,1.0,0.0,-0.024,0.111,1,
231,0,53.14,107.69,2.148,0.972,0.0,-0.339,0.028,1,12.5
231,1,115.51,60.31,-2.091,1.0,0.0,-0.016,0.088,2,23.1
231,2,25.14,35.88,0.455,1.0,0.0,0.032,0.11,1,
231,3,7.5,58.03,-1.964,1.0,0.0,-0.025,0.111,1,
232,0,53.12,107.68,2.106,0.983,0.0,-0.266,0.022,1,12.5
232,1,115.42,60.28,-2.093,1.0,0.0,-0.017,0.089,8,23.0
232,2,25.25,35.89,0.46,1.0,0.0,0.033,0.11,2,
232,3,7.5,57.92,-1.968,1.0,0.0,-0.025,0.111,1,
233,0,53.1,107.67,2.074,0.989,0.0,-0.209,0.018,1,12.5
233,1,115.34,60.25,-2.096,1.0,0.0,-0.017,0.089,1,23.0
233,2,25.36,35.89,0.465,1.0,0.0,0.033,0.11,1,
233,3,7.5,57.81,-1.972,1.0,0.0,-0.025,0.111,1,
234,0,53.09,107.67,2.048,0.993,0.0,-0.164,0.014,8,12.5
234,1,115.25,60.22,-2.099,1.0,0.0,-0.017,0.09,8,22.9
234,2,25.47,35.9,0.47,1.0,0.0,0.033,0.11,1,
234,3,7.5,57.7,-1.976,1.0,0.0,-0.026,0.11,1,
235,0,53.08,107.66,2.027,0.996,0.0,-0.129,0.011,8,12.5
235,1,115.17,60.19,-2.102,1.0,0.0,-0.018,0.091,8,22.8
235,2,25.58,35.91,0.476,1.0,0.0,0.034,0.11,1,
235,3,7.5,57.59,-1.98,1.0,0.0,-0.026,0.11,1,
236,0,53.07,107.66,2.012,0.997,0.0,-0.101,0.009,8,12.5
236,1,115.08,60.16,-2.104,1.0,0.0,-0.018,0.092,1,22.8
236,2,25.69,35.91,0.481,1.0,0.0,0.034,0.111,8,
236,3,7.5,57.48,-1.984,1.0,0.0,-0.027,0.11,1,
237,0,53.07,107.66,1.999,0.998,0.0,-0.08,0.007,1,12.5
237,1,114.99,60.13,-2.125,0.766,0.0,-0.996,0.093,8,22.7
237,2,25.8,35.92,0.486,1.0,0.0,0.034,0.111,8,
237,3,7.5,57.37,-1.988,1.0,0.0,-0.027,0.11,1,
238,0,53.06,107.65,1.989,0.999,0.0,-0.062,0.005,1,12.5
238,1,114.9,60.1,-2.163,0.784,0.0,-0.957,0.095,1,22.6
238,2,25.91,35.93,0.492,1.0,0.0,0.035,0.111,1,
238,3,7.5,57.26,-1.975,0.788,0.0,0.947,0.11,1,
239,0,53.06,107.65,1.982,0.999,0.0,-0.049,0.004,8,12.5
239,1,114.81,60.07,-2.218,0.811,0.0,-0.892,0.098,8,22.5
239,2,26.02,35.94,0.497,1.0,0.0,0.035,0.111,8,
239,3,7.5,57.15,-1.944,0.794,0.0,0.932,0.11,1,
240,0,53.06,107.65,1.991,0.0,0.0,1.0,0.0,8,12.9
240,1,114.72,60.03,-2.291,0.847,0.0,-0.802,0.102,2,22.4
240,2,26.02,35.94,0.485,0.0,0.0,-1.0,0.0,8,
240,3,7.5,57.04,-1.896,0.096,0.0,1.0,0.112,1,
241,0,53.06,107.65,2.019,0.0,0.0,1.0,0.0,8,12.9
241,1,114.62,59.99,-2.381,0.887,0.0,-0.686,0.107,8,22.3
241,2,26.02,35.94,0.456,0.0,0.0,-1.0,0.0,8,
241,3,7.5,56.92,-1.831,0.139,0.0,1.0,0.114,1,
242,0,53.06,107.65,2.063,0.0,0.0,1.0,0.0,8,12.9
242,1,114.51,59.95,-2.467,0.928,0.0,-0.545,0.112,1,22.2
242,2,26.02,35.94,0.409,0.0,0.0,-1.0,0.0,8,
242,3,7.5,56.81,-1.747,0.199,0.0,1.0,0.116,1,
243,0,53.06,107.65,2.126,0.0,0.0,1.0,0.0,8,12.9
243,1,114.41,59.9,-2.535,0.959,0.0,-0.41,0.115,1,22.0
243,2,26.02,35.94,0.344,0.0,0.0,-1.0,0.0,8,
243,3,7.5,56.69,-1.647,0.274,0.0,1.0,0.118,1,
244,0,53.06,107.65,2.205,0.0,0.0,1.0,0.0,8,12.9
244,1,114.3,59.86,-2.585,0.978,0.0,-0.299,0.118,1,21.9
244,2,26.02,35.94,0.262,0.0,0.0,-1.0,0.0,8,
244,3,7.5,56.57,-1.528,0.364,0.0,1.0,0.12,1,
245,0,53.06,107.65,2.303,0.0,0.0,1.0,0.0,8,12.9
245,1,114.19,59.81,-2.619,0.989,0.0,-0.214,0.119,8,21.8
245,2,26.02,35.94,0.163,0.0,0.0,-1.0,0.0,8,
245,3,7.51,56.45,-1.393,0.467,0.0,1.0,0.12,0,
246,0,53.06,107.65,2.418,0.0,0.0,1.0,0.0,8,12.9
246,1,114.08,59.76,-2.643,0.994,0.0,-0.152,0.119,2,21.7
246,2,26.02,35.94,0.045,0.0,0.0,-1.0,0.0,8,
246,3,7.55,56.21,-1.24,0.577,0.0,1.0,0.24,0,
247,0,53.06,107.65,2.55,0.0,0.0,1.0,0.0,8,12.9
247,1,113.97,59.71,-2.659,0.997,0.0,-0.104,0.12,8,21.6
247,2,26.02,35.94,-0.089,0.0,0.0,-1.0,0.0,8,
247,3,7.66,55.87,-1.082,0.688,0.0,1.0,0.36,0,
248,0,53.06,107.65,2.7,0.0,0.0,1.0,0.0,8,12.9
248,1,113.86,59.66,-2.67,0.999,0.0,-0.067,0.12,1,21.4
248,2,26.02,35.94,-0.241,0.0,0.0,-1.0,0.0,8,
248,3,7.89,55.45,-0.932,0.784,0.0,0.956,0.48,0,
249,0,53.06,107.65,2.857,0.0,0.0,1.0,0.0,8,12.9
249,1,113.75,59.61,-2.676,1.0,0.0,-0.038,0.12,1,21.3
249,2,26.04,35.94,-0.398,0.011,0.0,-1.0,0.017,0,
249,3,8.25,54.97,-0.8,0.86,0.0,0.765,0.6,0,
250,0,52.97,107.62,3.014,0.086,0.0,1.0,0.095,1,12.8
250,1,113.65,59.55,-2.678,1.0,0.0,-0.016,0.12,1,21.2
250,2,26.17,35.89,-0.555,0.166,0.0,-1.0,0.137,0,
250,3,8.75,54.45,-0.684,0.913,0.0,0.6,0.72,0,
251,0,52.87,107.58,-3.112,0.236,0.0,1.0,0.106,8,12.8
251,1,113.54,59.5,-2.678,1.0,0.0,0.001,0.12,0,21.1
251,2,26.38,35.75,-0.712,0.307,0.0,-1.0,0.257,0,
251,3,9.4,53.92,-0.587,0.949,0.0,0.46,0.84,0,
252,0,52.77,107.54,-2.955,0.379,0.0,1.0,0.114,8,12.7
252,1,113.32,59.39,-2.676,1.0,0.0,0.015,0.24,0,20.9
252,2,26.67,35.5,-0.869,0.433,0.0,-1.0,0.377,0,
252,3,10.2,53.39,-0.507,0.971,0.0,0.344,0.96,0,
253,0,52.65,107.5,-2.798,0.513,0.0,1.0,0.118,1,12.6
253,1,113.0,59.23,-2.67,1.0,0.0,0.039,0.36,0,20.5
253,2,26.99,35.12,-1.026,0.544,0.0,-1.0,0.497,0,
253,3,11.14,52.86,-0.444,0.985,0.0,0.25,1.08,0,
254,0,52.54,107.46,-2.641,0.636,0.0,1.0,0.12,8,12.5
254,1,112.58,59.01,-2.658,0.999,0.0,0.071,0.48,0,20.0
254,2,27.31,34.6,-1.184,0.639,0.0,-1.0,0.617,0,
254,3,12.23,52.35,-0.399,0.992,0.0,0.179,1.2,0,
255,0,52.44,107.4,-2.484,0.744,0.0,1.0,0.12,0,12.5
255,1,112.04,58.74,-2.641,0.997,0.0,0.11,0.6,0,19.4
255,2,27.59,33.91,-1.341,0.724,0.0,-1.0,0.737,0,
255,3,12.8,52.03,-0.371,0.996,0.0,0.131,0.656,1,
256,0,52.25,107.25,-2.344,0.836,0.0,0.83,0.24,0,12.3
256,1,111.66,58.52,-2.641,0.062,0.0,-1.0,0.44,0,19.0
256,2,27.78,33.08,-1.483,0.805,0.0,-0.908,0.857,0,
256,3,12.8,52.02,-0.354,0.997,0.0,0.106,0.009,2,
257,0,51.99,107.0,-2.222,0.899,0.0,0.646,0.36,0,11.9
257,1,111.41,58.39,-2.659,0.064,0.0,-1.0,0.28,0,18.7
257,2,27.87,32.11,-1.608,0.814,0.0,-0.749,0.977,0,
257,3,12.8,52.02,-0.341,0.998,0.0,0.083,0.007,1,
258,0,51.7,106.61,-2.118,0.942,0.0,0.491,0.48,0,11.5
258,1,111.3,58.33,-2.694,0.083,0.0,-1.0,0.124,0,18.6
258,2,27.83,31.01,-1.716,0.783,0.0,-0.61,1.097,0,
258,3,12.8,52.01,-0.331,0.999,0.0,0.066,0.006,2,
259,0,51.39,106.1,-2.031,0.968,0.0,0.362,0.6,0,10.9
259,1,111.14,58.26,-2.747,0.118,0.0,-1.0,0.177,0,18.4
259,2,27.67,29.94,-1.806,0.722,0.0,-0.488,1.083,0,
259,3,12.79,52.01,-0.323,0.999,0.0,0.051,0.004,1,
260,0,51.07,105.46,-1.961,0.984,0.0,0.257,0.72,0,10.2
260,1,110.91,58.16,-2.817,0.172,0.0,-1.0,0.257,0,18.1
260,2,27.44,28.99,-1.879,0.648,0.0,-0.378,0.972,0,
260,3,12.79,52.0,-0.317,1.0,0.0,0.04,0.003,1,
261,0,50.75,104.68,-1.909,0.992,0.0,0.176,0.84,0,9.4
261,1,110.55,58.04,-2.87,0.97,0.0,0.35,0.377,0,17.8
261,2,27.18,28.17,-1.934,0.574,0.0,-0.282,0.861,0,
261,3,12.79,52.0,-0.312,1.0,0.0,0.032,0.003,1,
262,0,50.44,103.8,-1.874,0.624,0.0,-1.0,0.936,0,27.0
262,1,110.07,57.9,-2.905,0.954,0.0,0.433,0.497,0,17.3
262,2,26.91,27.47,-1.972,0.504,0.0,-0.204,0.756,0,
262,3,12.79,52.0,-0.308,1.0,0.0,0.025,0.002,1,
263,0,50.18,102.98,-1.857,0.574,0.0,-1.0,0.861,0,26.5
263,1,109.47,57.76,-2.923,0.94,0.0,0.495,0.617,0,16.7
263,2,26.65,26.86,-1.995,0.441,0.0,-0.148,0.661,0,
263,3,12.79,52.0,-0.305,1.0,0.0,0.02,0.002,1,
264,0,49.96,102.2,-1.858,0.538,0.0,-1.0,0.807,0,26.0
264,1,108.75,57.6,-2.924,0.93,0.0,0.539,0.737,0,16.0
264,2,26.42,26.33,-2.013,0.386,0.0,-0.116,0.579,0,
264,3,12.79,52.0,-0.302,1.0,0.0,0.015,0.001,1,
265,0,49.74,101.46,-1.876,0.516,0.0,-1.0,0.774,0,25.7
265,1,107.91,57.41,-2.906,0.923,0.0,0.563,0.857,0,15.3
265,2,26.2,25.88,-2.021,0.336,0.0,-0.046,0.504,0,
265,3,12.79,52.0,-0.3,1.0,0.0,0.012,0.001,1,
266,0,49.51,100.73,-1.911,0.509,0.0,-1.0,0.764,0,25.3
266,1,106.96,57.19,-2.872,0.922,0.0,0.57,0.977,0,14.4
266,2,26.01,25.49,-2.026,0.286,0.0,-0.036,0.429,0,
266,3,12.79,52.0,-0.299,1.0,0.0,0.009,0.001,1,
267,0,49.25,100.0,-1.964,0.517,0.0,-1.0,0.776,0,24.9
267,1,105.9,56.89,-2.819,0.925,0.0,0.558,1.097,0,13.4
267,2,25.85,25.16,-2.031,0.243,0.0,-0.028,0.365,0,
267,3,12.79,51.99,-0.298,1.0,0.0,0.007,0.001,1,
268,0,48.94,99.25,-2.034,0.54,0.0,-1.0,0.809,0,24.5
268,1,104.75,56.51,-2.75,0.933,0.0,0.528,1.217,0,12.2
268,2,25.72,24.88,-2.034,0.207,0.0,-0.021,0.311,0,
268,3,12.79,51.99,-0.297,1.0,0.0,0.006,0.0,1,
269,0,48.55,98.48,-2.122,0.575,0.0,-1.0,0.862,0,24.0
269,1,103.51,56.0,-2.674,0.944,0.0,0.479,1.337,0,11.0
269,2,25.6,24.65,-2.036,0.176,0.0,-0.015,0.264,0,
269,3,12.79,51.99,-0.296,1.0,0.0,0.005,0.0,2,
270,0,48.06,97.68,-2.228,0.622,0.0,-1.0,0.933,0,23.4
270,1,102.23,55.35,-2.607,0.955,0.0,0.429,1.433,0,9.6
270,2,25.5,24.45,-2.038,0.15,0.0,-0.01,0.225,0,
270,3,12.79,51.99,-0.295,1.0,0.0,0.004,0.0,2,
271,0,47.44,96.88,-2.351,0.678,0.0,-1.0,1.017,0,22.7
271,1,101.14,54.7,-2.522,0.68,0.0,1.0,1.273,0,30.5
271,2,25.41,24.27,-2.039,0.128,0.0,-0.005,0.192,0,
271,3,12.79,51.99,-0.295,1.0,0.0,0.003,0.0,1,
272,0,46.66,96.09,-2.491,0.741,0.0,-1.0,1.112,0,21.9
272,1,100.23,54.06,-2.419,0.719,0.0,1.0,1.113,0,29.7
272,2,25.34,24.13,-2.039,0.109,0.0,-0.001,0.163,0,
272,3,12.79,51.99,-0.295,1.0,0.0,0.002,0.0,1,
273,0,45.7,95.35,-2.632,0.809,0.0,-0.899,1.213,0,20.9
273,1,99.37,53.29,-2.3,0.77,0.0,0.989,1.154,0,28.8
273,2,25.27,24.0,-2.039,0.093,0.0,0.003,0.139,0,
273,3,12.79,51.99,-0.294,1.0,0.0,0.002,0.0,1,
274,0,44.56,94.72,-2.756,0.867,0.0,-0.746,1.3,0,19.8
274,1,98.54,52.37,-2.165,0.826,0.0,0.855,1.239,0,27.8
274,2,25.22,23.9,-2.038,0.079,0.0,0.006,0.119,0,
274,3,12.79,51.99,-0.294,1.0,0.0,0.001,0.0,2,
275,0,43.3,94.21,-2.862,0.909,0.0,-0.616,1.363,0,18.6
275,1,97.8,51.27,-2.049,0.883,0.0,0.699,1.324,0,26.6
275,2,25.17,23.81,-2.036,0.068,0.0,0.009,0.102,0,
275,3,12.79,51.99,-0.294,1.0,0.0,0.001,0.0,1,
276,0,41.95,93.82,-2.951,0.937,0.0,-0.508,1.406,0,17.3
276,1,97.16,50.04,-1.949,0.923,0.0,0.565,1.384,0,25.3
276,2,25.14,23.73,-2.034,0.058,0.0,0.012,0.087,0,
276,3,12.79,51.99,-0.294,1.0,0.0,0.001,0.0,1,
277,0,40.54,93.55,-3.022,0.957,0.0,-0.422,1.435,0,15.9
277,1,96.64,48.72,-1.868,0.95,0.0,0.454,1.425,0,24.0
277,2,25.14,23.73,-2.034,0.0,0.0,0.0,0.0,0,
277,3,12.79,51.99,-0.294,1.0,0.0,0.001,0.0,1,
278,0,39.09,93.37,-3.078,0.969,0.0,-0.357,1.453,0,14.5
278,1,96.21,47.33,-1.803,0.968,0.0,0.363,1.452,0,22.6
278,2,25.14,23.73,-2.034,0.0,0.0,0.0,0.0,0,
278,3,12.79,51.99,-0.294,1.0,0.0,0.001,0.0,2,
279,0,37.8,93.29,-3.117,0.0,0.0,1.0,1.293,0,23.8
279,1,95.87,45.9,-1.757,0.979,0.0,0.295,1.468,0,21.1
279,2,25.14,23.73,-2.034,0.0,0.0,0.0,0.0,0,
279,3,12.79,51.99,-0.294,1.0,0.0,0.0,0.0,1,
280,0,37.02,93.2,-3.138,0.0,0.0,0.0,0.792,1,
280,1,95.63,44.62,-1.727,0.0,0.0,0.0,1.308,0,
280,2,25.14,23.73,-2.017,0.0,0.0,1.0,0.0,0,
280,3,12.79,51.99,-0.276,0.0,0.0,1.0,0.0,0,
281,0,37.02,93.2,3.142,0.0,0.0,0.0,0.0,0,
281,1,95.45,43.48,-1.716,0.0,0.0,0.0,1.148,0,
281,2,25.14,23.73,-1.982,0.0,0.0,1.0,0.0,0,
281,3,12.79,51.99,-0.241,0.0,0.0,1.0,0.0,0,
282,0,37.02,93.2,3.142,0.0,0.0,0.0,0.0,0,
282,1,95.31,42.5,-1.716,0.0,0.0,0.0,0.988,0,
282,2,25.14,23.73,-1.929,0.0,0.0,1.0,0.0,0,
282,3,12.79,51.99,-0.188,0.027,0.0,1.0,0.002,1,
283,0,37.02,93.2,3.142,0.0,0.0,0.0,0.0,0,
283,1,95.19,41.68,-1.716,0.0,0.0,0.0,0.828,0,
283,2,25.14,23.73,-1.859,0.0,0.0,1.0,0.0,0,
283,3,12.79,52.01,-0.118,0.079,0.0,1.0,0.013,1,
284,0,37.02,93.2,3.142,0.0,0.0,0.0,0.0,0,
284,1,95.1,41.02,-1.716,0.0,0.0,0.0,0.668,0,
284,2,25.14,23.73,-1.772,0.0,0.0,1.0,0.0,0,
284,3,12.8,52.03,-0.031,0.149,0.0,1.0,0.021,1,
285,0,37.02,93.2,3.142,0.0,0.0,0.0,0.0,0,
285,1,95.02,40.52,-1.716,0.0,0.0,0.0,0.508,0,
285,2,25.14,23.73,-1.667,0.0,0.0,1.0,0.0,0,
285,3,12.81,52.06,0.074,0.235,0.0,1.0,0.032,1,
286,0,37.02,93.2,3.142,0.0,0.0,0.0,0.0,0,
286,1,94.97,40.18,-1.716,0.0,0.0,0.0,0.348,0,
286,2,25.14,23.73,-1.544,0.0,0.0,1.0,0.0,0,
286,3,12.82,52.1,0.197,0.335,0.0,1.0,0.044,1,
287,0,37.02,93.2,3.142,0.0,0.0,0.0,0.0,0,
287,1,94.94,39.99,-1.716,0.0,0.0,0.0,0.188,0,
287,2,25.14,23.73,-1.404,0.0,0.0,1.0,0.0,0,
287,3,12.84,52.15,0.337,0.448,0.0,1.0,0.058,1,
288,0,37.02,93.2,3.142,0.0,0.0,0.0,0.0,0,
288,1,94.94,39.96,-1.716,0.0,0.0,0.0,0.028,0,
288,2,25.16,23.61,-1.247,0.122,0.0,1.0,0.12,0,
288,3,12.86,52.22,0.494,0.568,0.0,1.0,0.073,1,
289,0,37.02,93.2,3.142,0.0,0.0,0.0,0.0,0,
289,1,94.94,39.96,-1.716,0.0,0.0,0.0,0.0,0,
289,2,25.23,23.38,-1.09,0.271,0.0,1.0,0.24,0,
289,3,12.89,52.31,0.651,0.69,0.0,1.0,0.087,1,
290,0,37.02,93.2,3.142,0.0,0.0,0.0,0.0,0,
290,1,94.94,39.96,-1.716,0.0,0.0,0.0,0.0,0,
290,2,25.4,23.07,-0.933,0.409,0.0,1.0,0.36,0,
290,3,12.92,52.4,0.797,0.795,0.0,0.932,0.1,2,
291,0,37.02,93.2,3.142,0.0,0.0,0.0,0.0,0,
291,1,94.94,39.96,-1.716,0.0,0.0,0.0,0.0,0,
291,2,25.68,22.68,-0.776,0.535,0.0,1.0,0.48,0,
291,3,12.96,52.5,0.926,0.875,0.0,0.723,0.109,2,
292,0,37.02,93.2,3.142,0.0,0.0,0.0,0.0,0,
292,1,94.94,39.96,-1.716,0.0,0.0,0.0,0.0,0,
292,2,26.11,22.26,-0.619,0.647,0.0,1.0,0.6,0,
292,3,12.99,52.61,1.038,0.93,0.0,0.539,0.115,1,
293,0,37.02,93.2,3.142,0.0,0.0,0.0,0.0,0,
293,1,94.94,39.96,-1.716,0.0,0.0,0.0,0.0,0,
293,2,26.7,21.84,-0.462,0.745,0.0,1.0,0.72,0,
293,3,13.04,52.72,1.132,0.965,0.0,0.38,0.118,2,
294,0,37.02,93.2,3.142,0.0,0.0,0.0,0.0,0,
294,1,94.94,39.96,-1.716,0.0,0.0,0.0,0.0,0,
294,2,27.45,21.47,-0.322,0.828,0.0,0.851,0.84,0,
294,3,13.08,52.83,1.208,0.985,0.0,0.246,0.12,1,
295,0,37.02,93.2,3.142,0.0,0.0,0.0,0.0,0,
295,1,94.94,39.96,-1.716,0.0,0.0,0.0,0.0,0,
295,2,28.36,21.16,-0.2,0.888,0.0,0.683,0.96,0,
295,3,13.12,52.95,1.267,0.995,0.0,0.138,0.12,0,
296,0,37.02,93.2,3.142,0.0,0.0,0.0,0.0,0,
296,1,94.94,39.96,-1.716,0.0,0.0,0.0,0.0,0,
296,2,29.42,20.95,-0.096,0.929,0.0,0.54,1.08,0,
296,3,13.19,53.18,1.308,0.999,0.0,0.054,0.24,0,
297,0,37.02,93.2,3.142,0.0,0.0,0.0,0.0,0,
297,1,94.94,39.96,-1.716,0.0,0.0,0.0,0.0,0,
297,2,30.61,20.83,-0.009,0.957,0.0,0.42,1.2,0,
297,3,13.29,53.52,1.332,1.0,0.0,-0.005,0.36,0,
298,0,37.02,93.2,3.142,0.0,0.0,0.0,0.0,0,
298,1,94.94,39.96,-1.716,0.0,0.0,0.0,0.0,0,
298,2,31.93,20.82,0.061,0.975,0.0,0.323,1.32,0,
298,3,13.4,53.99,1.338,1.0,0.0,-0.039,0.48,0,
299,0,37.02,93.2,3.142,0.0,0.0,0.0,0.0,0,
299,1,94.94,39.96,-1.716,0.0,0.0,0.0,0.0,0,
299,2,33.37,20.91,0.113,0.985,0.0,0.248,1.44,0,
299,3,13.54,54.57,1.331,0.999,0.0,-0.049,0.6,0,
300,0,37.02,93.2,3.142,0.0,0.0,0.0,0.0,0,
300,1,94.94,39.96,-1.716,0.0,0.0,0.0,0.0,0,
300,2,34.85,21.08,0.148,0.991,0.0,0.197,1.486,0,
300,3,13.71,55.27,1.325,1.0,0.0,-0.038,0.72,0,
301,0,37.02,93.2,3.142,0.0,0.0,0.0,0.0,0,
301,1,94.94,39.96,-1.716,0.0,0.0,0.0,0.0,0,
301,2,36.32,21.3,0.174,0.993,0.0,0.168,1.49,0,
301,3,13.91,56.09,1.32,1.0,0.0,-0.03,0.84,0,
302,0,37.02,93.2,3.142,0.0,0.0,0.0,0.0,0,
302,1,94.94,39.96,-1.716,0.0,0.0,0.0,0.0,0,
302,2,36.41,21.14,0.198,0.994,0.0,0.15,0.182,1,
302,3,14.15,57.02,1.316,1.0,0.0,-0.024,0.96,0,
303,0,37.02,93.2,3.142,0.0,0.0,0.0,0.0,0,
303,1,94.94,39.96,-1.716,0.0,0.0,0.0,0.0,0,
303,2,36.42,21.13,0.219,0.995,0.0,0.137,0.012,1,
303,3,14.42,58.06,1.313,1.0,0.0,-0.019,1.08,0,
304,0,37.02,93.2,3.142,0.0,0.0,0.0,0.0,0,
304,1,94.94,39.96,-1.716,0.0,0.0,0.0,0.0,0,
304,2,36.42,21.12,0.236,0.997,0.0,0.107,0.009,1,
304,3,14.73,59.22,1.311,1.0,0.0,-0.016,1.2,0,
305,0,37.02,93.2,3.142,0.0,0.0,0.0,0.0,0,
305,1,94.94,39.96,-1.716,0.0,0.0,0.0,0.0,0,
305,2,36.42,21.11,0.249,0.998,0.0,0.084,0.007,8,
305,3,15.07,60.5,1.309,1.0,0.0,-0.013,1.32,0,
306,0,37.02,93.2,3.142,0.0,0.0,0.0,0.0,0,
306,1,94.94,39.96,-1.716,0.0,0.0,0.0,0.0,0,
306,2,36.42,21.11,0.26,0.999,0.0,0.066,0.006,1,
306,3,15.44,61.89,1.307,1.0,0.0,-0.01,1.44,0,
307,0,37.02,93.2,3.142,0.0,0.0,0.0,0.0,0,
307,1,94.94,39.96,-1.716,0.0,0.0,0.0,0.0,0,
307,2,36.42,21.1,0.268,0.999,0.0,0.052,0.004,1,
307,3,15.83,63.34,1.306,1.0,0.0,-0.008,1.5,0,
308,0,37.02,93.2,3.142,0.0,0.0,0.0,0.0,0,
308,1,94.94,39.96,-1.716,0.0,0.0,0.0,0.0,0,
308,2,36.42,21.1,0.274,1.0,0.0,0.041,0.003,1,
308,3,16.22,64.79,1.305,1.0,0.0,-0.007,1.5,0,
309,0,37.02,93.2,3.142,0.0,0.0,0.0,0.0,0,
309,1,94.94,39.96,-1.716,0.0,0.0,0.0,0.0,0,
309,2,36.43,21.1,0.279,1.0,0.0,0.032,0.003,8,
309,3,16.62,66.23,1.304,1.0,0.0,-0.006,1.5,0,
310,0,37.02,93.2,3.142,0.0,0.0,0.0,0.0,0,
310,1,94.94,39.96,-1.716,0.0,0.0,0.0,0.0,0,
310,2,36.43,21.1,0.283,1.0,0.0,0.025,0.002,8,
310,3,17.01,67.68,1.303,1.0,0.0,-0.005,1.5,0,
311,0,37.02,93.2,3.142,0.0,0.0,0.0,0.0,0,
311,1,94.94,39.96,-1.716,0.0,0.0,0.0,0.0,0,
311,2,36.43,21.09,0.286,1.0,0.0,0.02,0.002,1,
311,3,17.41,69.13,1.303,1.0,0.0,-0.004,1.5,0,
312,0,37.02,93.2,3.142,0.0,0.0,0.0,0.0,0,
312,1,94.94,39.96,-1.716,0.0,0.0,0.0,0.0,0,
312,2,36.43,21.09,0.289,1.0,0.0,0.016,0.001,1,
312,3,17.81,70.57,1.302,1.0,0.0,-0.003,1.5,0,
313,0,37.02,93.2,3.142,0.0,0.0,0.0,0.0,0,
313,1,94.94,39.96,-1.716,0.0,0.0,0.0,0.0,0,
313,2,36.43,21.09,0.291,1.0,0.0,0.012,0.001,1,
313,3,18.21,72.02,1.302,1.0,0.0,-0.003,1.5,0,
314,0,37.02,93.2,3.142,0.0,0.0,0.0,0.0,0,
314,1,94.94,39.96,-1.716,0.0,0.0,0.0,0.0,0,
314,2,36.43,21.09,0.292,1.0,0.0,0.01,0.001,8,
314,3,18.61,73.47,1.301,1.0,0.0,-0.002,1.5,0,
315,0,37.02,93.2,3.142,0.0,0.0,0.0,0.0,0,
315,1,94.94,39.96,-1.716,0.0,0.0,0.0,0.0,0,
315,2,36.43,21.09,0.293,1.0,0.0,0.008,0.001,2,
315,3,19.0,74.91,1.301,1.0,0.0,-0.002,1.5,0,
316,0,37.02,93.2,3.142,0.0,0.0,0.0,0.0,0,
316,1,94.94,39.96,-1.716,0.0,0.0,0.0,0.0,0,
316,2,36.43,21.09,0.294,1.0,0.0,0.006,0.001,8,
316,3,19.4,76.36,1.301,1.0,0.0,-0.002,1.5,0,
317,0,37.02,93.2,3.142,0.0,0.0,0.0,0.0,0,
317,1,94.94,39.96,-1.716,0.0,0.0,0.0,0.0,0,
317,2,36.43,21.09,0.295,1.0,0.0,0.005,0.0,8,
317,3,19.8,77.8,1.301,1.0,0.0,-0.001,1.5,0,
318,0,37.02,93.2,3.142,0.0,0.0,0.0,0.0,0,
318,1,94.94,39.96,-1.716,0.0,0.0,0.0,0.0,0,
318,2,36.43,21.09,0.296,1.0,0.0,0.004,0.0,1,
318,3,20.21,79.25,1.3,1.0,0.0,-0.001,1.5,0,
319,0,37.02,93.2,3.142,0.0,0.0,0.0,0.0,0,
319,1,94.94,39.96,-1.716,0.0,0.0,0.0,0.0,0,
319,2,36.43,21.09,0.296,1.0,0.0,0.003,0.0,8,
319,3,20.61,80.69,1.3,1.0,0.0,-0.001,1.5,0,
320,0,37.02,93.2,-3.124,0.0,0.0,1.0,0.0,0,24.0
320,1,94.92,39.84,-1.698,0.982,0.0,0.271,0.12,0,15.1
320,2,36.43,21.09,0.314,0.132,0.0,1.0,0.0,8,
320,3,20.96,81.98,1.318,0.388,0.0,1.0,1.34,0,
321,0,37.02,93.2,-3.089,0.0,0.0,1.0,0.0,0,24.0
321,1,94.89,39.6,-1.663,0.985,0.0,0.248,0.24,0,14.9
321,2,36.43,21.09,0.35,0.15,0.0,1.0,0.002,1,
321,3,21.26,83.13,1.352,0.273,0.0,1.0,1.18,0,
322,0,37.02,93.2,-3.037,0.0,0.0,1.0,0.0,0,24.0
322,1,94.89,39.53,-1.646,0.0,0.0,-1.0,0.08,0,24.5
322,2,36.43,21.1,0.368,0.413,0.0,-1.0,0.006,8,
322,3,21.33,83.6,1.405,0.172,0.0,1.0,0.479,8,
323,0,37.02,93.2,-2.967,0.0,0.0,1.0,0.0,0,24.0
323,1,94.89,39.53,-1.646,0.0,0.0,-1.0,0.0,0,24.5
323,2,36.42,21.1,0.368,0.396,0.0,-1.0,0.009,1,
323,3,21.32,83.6,1.475,0.168,0.0,1.0,0.013,8,
324,0,37.02,93.2,-2.879,0.0,0.0,1.0,0.0,0,24.0
324,1,94.89,39.53,-1.663,0.0,0.0,-1.0,0.0,0,24.5
324,2,36.42,21.11,0.351,0.396,0.0,-1.0,0.009,1,
324,3,21.3,83.61,1.562,0.236,0.0,1.0,0.022,1,
325,0,37.02,93.2,-2.774,0.0,0.0,1.0,0.0,0,24.0
325,1,94.89,39.53,-1.698,0.0,0.0,-1.0,0.0,0,24.5
325,2,36.42,21.12,0.316,0.411,0.0,-1.0,0.007,1,
325,3,21.27,83.62,1.667,0.321,0.0,1.0,0.032,8,
326,0,37.02,93.2,-2.652,0.0,0.0,1.0,0.0,0,24.0
326,1,94.89,39.53,-1.751,0.0,0.0,-1.0,0.0,0,24.5
326,2,36.42,21.12,0.264,0.442,0.0,-1.0,0.003,1,
326,3,21.22,83.63,1.789,0.42,0.0,1.0,0.045,1,
327,0,37.02,93.2,-2.512,0.0,0.0,1.0,0.0,0,24.0
327,1,94.89,39.53,-1.821,0.0,0.0,-1.0,0.0,0,24.5
327,2,36.42,21.12,0.195,0.488,0.0,-1.0,0.004,1,
327,3,21.17,83.65,1.929,0.529,0.0,1.0,0.059,8,
328,0,37.0,93.11,-2.355,0.138,0.0,1.0,0.089,1,24.0
328,1,94.89,39.53,-1.908,0.0,0.0,-1.0,0.0,0,24.5
328,2,36.42,21.11,0.108,0.547,0.0,-1.0,0.012,1,
328,3,21.1,83.67,2.086,0.643,0.0,1.0,0.073,8,
329,0,36.98,93.01,-2.197,0.289,0.0,1.0,0.101,1,23.9
329,1,94.89,39.53,-2.013,0.0,0.0,-1.0,0.0,0,24.5
329,2,36.43,21.09,0.003,0.618,0.0,-1.0,0.023,1,
329,3,21.01,83.7,2.243,0.757,0.0,1.0,0.088,1,
330,0,36.96,92.9,-2.04,0.432,0.0,1.0,0.11,2,23.8
330,1,94.84,39.43,-2.136,0.073,0.0,-1.0,0.11,0,24.5
330,2,36.44,21.05,-0.119,0.698,0.0,-1.0,0.035,1,
330,3,20.92,83.73,2.383,0.852,0.0,0.788,0.1,8,
331,0,36.93,92.79,-1.883,0.566,0.0,1.0,0.117,1,23.7
331,1,94.72,39.23,-2.276,0.19,0.0,-1.0,0.23,0,24.5
331,2,36.45,21.0,-0.258,0.781,0.0,-0.964,0.049,1,
331,3,20.81,83.76,2.505,0.918,0.0,0.584,0.109,1,
332,0,36.93,92.79,-1.726,0.0,0.0,1.0,0.0,0,23.7
332,1,94.49,38.97,-2.433,0.316,0.0,-1.0,0.35,0,24.4
332,2,36.47,20.94,-0.38,0.862,0.0,-0.761,0.065,8,
332,3,20.71,83.8,2.609,0.96,0.0,0.404,0.114,1,
333,0,36.93,92.79,-1.569,0.0,0.0,1.0,0.0,0,23.7
333,1,94.13,38.66,-2.59,0.449,0.0,-1.0,0.47,0,24.2
333,2,36.5,20.87,-0.485,0.918,0.0,-0.582,0.077,1,
333,3,20.6,83.83,2.696,0.985,0.0,0.249,0.118,1,
334,0,36.93,92.79,-1.412,0.0,0.0,1.0,0.0,0,23.7
334,1,93.63,38.35,-2.747,0.569,0.0,-1.0,0.59,0,23.8
334,2,36.52,20.79,-0.572,0.956,0.0,-0.427,0.087,1,
334,3,20.48,83.88,2.766,0.997,0.0,0.119,0.119,8,
335,0,36.93,92.79,-1.255,0.0,0.0,1.0,0.0,0,23.7
335,1,92.98,38.08,-2.904,0.676,0.0,-1.0,0.71,0,23.4
335,2,36.55,20.7,-0.642,0.979,0.0,-0.296,0.094,1,
335,3,20.37,83.92,2.818,1.0,0.0,0.014,0.12,8,
336,0,36.93,92.79,-1.098,0.0,0.0,1.0,0.0,0,23.7
336,1,92.17,37.88,-3.06,0.769,0.0,-0.992,0.83,0,22.7
336,2,36.59,20.6,-0.694,0.991,0.0,-0.19,0.1,8,
336,3,20.26,83.95,2.853,0.999,0.0,-0.065,0.12,0,
337,0,36.93,92.79,-0.941,0.0,0.0,1.0,0.0,0,23.7
337,1,91.22,37.8,3.085,0.846,0.0,-0.803,0.95,0,21.9
337,2,36.62,20.51,-0.728,0.997,0.0,-0.109,0.104,1,
337,3,20.03,84.02,2.87,0.996,0.0,-0.121,0.24,0,
338,0,37.0,92.69,-0.784,0.126,0.0,1.0,0.12,0,23.6
338,1,90.16,37.86,2.964,0.902,0.0,-0.638,1.07,0,21.0
338,2,36.66,20.41,-0.745,0.999,0.0,-0.052,0.106,1,
338,3,19.68,84.12,2.869,0.994,0.0,-0.16,0.36,0,
339,0,37.17,92.52,-0.627,0.281,0.0,1.0,0.24,0,23.4
339,1,88.98,38.07,2.861,0.94,0.0,-0.497,1.19,0,19.9
339,2,36.7,20.31,-0.748,1.0,0.0,-0.02,0.107,1,
339,3,19.22,84.25,2.851,0.992,0.0,-0.182,0.48,0,
340,0,37.46,92.31,-0.47,0.43,0.0,1.0,0.36,0,23.1
340,1,87.73,38.44,2.775,0.965,0.0,-0.378,1.31,0,18.6
340,2,36.74,20.21,-0.75,1.0,0.0,-0.008,0.108,8,
340,3,18.64,84.42,2.822,0.991,0.0,-0.189,0.6,0,
341,0,37.89,92.09,-0.313,0.571,0.0,1.0,0.48,0,22.7
341,1,86.39,38.95,2.707,0.981,0.0,-0.282,1.43,0,17.2
341,2,36.78,20.1,-0.749,1.0,0.0,0.002,0.109,1,
341,3,17.96,84.65,2.793,0.992,0.0,-0.186,0.72,0,
342,0,38.46,91.91,-0.155,0.701,0.0,1.0,0.6,0,22.2
342,1,85.04,39.57,2.656,0.989,0.0,-0.208,1.484,0,15.7
342,2,36.82,20.0,-0.748,1.0,0.0,0.009,0.109,8,
342,3,17.17,84.93,2.762,0.991,0.0,-0.192,0.84,0,
343,0,39.17,91.8,-0.016,0.815,0.0,0.882,0.72,0,21.8
343,1,83.73,40.27,2.623,0.994,0.0,-0.155,1.491,0,14.3
343,2,36.86,19.9,-0.745,1.0,0.0,0.015,0.109,8,
343,3,16.28,85.29,2.731,0.99,0.0,-0.203,0.96,0,
344,0,40.01,91.78,0.106,0.9,0.0,0.644,0.84,0,21.5
344,1,82.43,41.01,2.604,0.996,0.0,-0.124,1.494,0,12.8
344,2,36.9,19.8,-0.742,1.0,0.0,0.02,0.11,1,
344,3,15.29,85.72,2.681,0.966,0.0,-0.373,1.08,0,
345,0,40.97,91.89,0.211,0.957,0.0,0.42,0.96,0,21.2
345,1,81.14,41.78,2.586,0.997,0.0,-0.11,1.496,0,11.3
345,2,36.95,19.7,-0.739,1.0,0.0,0.024,0.11,1,
345,3,14.21,86.25,2.63,0.974,0.0,-0.329,1.2,0,
346,0,42.02,92.11,0.298,0.989,0.0,0.208,1.08,0,21.1
346,1,80.01,42.48,2.587,0.0,0.0,1.0,1.336,0,23.6
346,2,36.99,19.6,-0.734,1.0,0.0,0.027,0.11,8,
346,3,13.06,86.9,2.585,0.981,0.0,-0.282,1.32,0,
347,0,43.17,92.46,0.367,1.0,0.0,0.012,1.2,0,21.1
347,1,79.01,43.1,2.604,0.0,0.0,1.0,1.176,0,24.7
347,2,37.04,19.5,-0.73,1.0,0.0,0.029,0.11,8,
347,3,11.84,87.66,2.547,0.985,0.0,-0.247,1.44,0,
348,0,44.4,92.94,0.42,0.993,0.0,-0.169,1.32,0,21.3
348,1,78.14,43.62,2.639,0.0,0.0,1.0,1.016,0,25.7
348,2,37.08,19.4,-0.725,1.0,0.0,0.031,0.111,1,
348,3,10.61,88.49,2.512,0.988,0.0,-0.222,1.482,0,
349,0,45.72,93.53,0.454,0.973,0.0,-0.331,1.44,0,21.7
349,1,77.39,44.03,2.692,0.0,0.0,1.0,0.856,0,26.5
349,2,37.13,19.3,-0.72,1.0,0.0,0.032,0.111,1,
349,3,9.41,89.37,2.48,0.99,0.0,-0.204,1.485,0,
350,0,46.99,94.15,0.471,0.946,0.0,-0.473,1.419,0,22.2
350,1,76.76,44.33,2.762,0.0,0.0,1.0,0.696,0,27.2
350,2,37.18,19.2,-0.715,1.0,0.0,0.033,0.111,1,
350,3,8.37,90.18,2.43,0.0,0.0,-1.0,1.325,0,
351,0,48.22,94.77,0.471,0.918,0.0,-0.584,1.376,0,22.8
351,1,76.26,44.53,2.85,0.0,0.0,1.0,0.536,0,27.7
351,2,37.23,19.1,-0.709,1.0,0.0,0.034,0.111,1,
351,3,7.5,90.94,2.363,0.0,0.0,-1.0,1.153,1,
352,0,49.41,95.38,0.453,0.894,0.0,-0.663,1.342,0,23.4
352,1,75.9,44.64,2.955,0.0,0.0,1.0,0.376,0,28.0
352,2,37.28,19.0,-0.704,1.0,0.0,0.035,0.111,1,
352,3,7.5,90.94,2.278,0.0,0.0,-1.0,0.0,0,
353,0,50.48,95.9,0.417,0.0,0.0,-1.0,1.182,0,21.5
353,1,75.69,44.68,3.078,0.0,0.0,1.0,0.216,0,28.2
353,2,37.33,18.9,-0.698,1.0,0.0,0.036,0.111,1,
353,3,7.5,90.94,2.176,0.0,0.0,-1.0,0.0,0,
354,0,51.41,96.31,0.364,0.0,0.0,-1.0,1.022,0,20.6
354,1,75.64,44.68,-3.065,0.0,0.0,1.0,0.056,0,28.2
354,2,37.39,18.8,-0.693,1.0,0.0,0.036,0.112,1,
354,3,7.5,90.94,2.057,0.0,0.0,-1.0,0.0,0,
355,0,52.22,96.62,0.294,0.0,0.0,-1.0,0.862,0,19.8
355,1,75.64,44.68,-2.908,0.0,0.0,1.0,0.0,0,28.2
355,2,37.44,18.71,-0.687,1.0,0.0,0.037,0.112,1,
355,3,7.5,90.94,1.92,0.0,0.0,-1.0,0.0,0,
356,0,52.89,96.82,0.206,0.0,0.0,-1.0,0.702,0,19.2
356,1,75.64,44.68,-2.751,0.0,0.0,1.0,0.0,0,28.2
356,2,37.49,18.61,-0.681,1.0,0.0,0.037,0.112,1,
356,3,7.5,90.94,1.765,0.0,0.0,-1.0,0.0,0,
357,0,53.69,96.99,0.136,0.964,0.0,-0.384,0.822,0,18.4
357,1,75.64,44.68,-2.594,0.0,0.0,1.0,0.0,0,28.2
357,2,37.55,18.51,-0.675,1.0,0.0,0.037,0.112,8,
357,3,7.5,90.94,1.608,0.0,0.0,-1.0,0.0,0,
358,0,54.62,97.12,0.083,0.978,0.0,-0.301,0.942,0,17.4
358,1,75.64,44.68,-2.437,0.0,0.0,1.0,0.0,0,28.2
358,2,37.61,18.41,-0.669,1.0,0.0,0.038,0.112,2,
358,3,7.5,90.94,1.451,0.0,0.0,-1.0,0.0,0,
359,0,55.68,97.21,0.045,0.986,0.0,-0.241,1.062,0,16.4
359,1,75.64,44.68,-2.28,0.0,0.0,1.0,0.0,0,28.2
359,2,37.66,18.32,-0.663,1.0,0.0,0.038,0.112,1,
359,3,7.5,90.94,1.294,0.0,0.0,-1.0,0.0,0,
360,0,56.58,97.25,0.025,0.0,0.0,0.0,0.902,0,
360,1,75.56,44.59,-2.14,0.974,0.0,-0.329,0.12,0,33.6
360,2,37.72,18.22,-0.657,1.0,0.0,0.038,0.112,1,
360,3,7.53,91.06,1.137,0.516,0.0,-1.0,0.12,0,
361,0,57.32,97.26,0.022,0.0,0.0,0.0,0.742,0,
361,1,75.52,44.48,-2.018,0.932,0.0,-0.53,0.118,0,33.6
361,2,37.78,18.13,-0.651,1.0,0.0,0.039,0.113,1,
361,3,7.63,91.27,0.98,0.639,0.0,-1.0,0.24,0,
362,0,57.91,97.28,0.022,0.0,0.0,0.0,0.582,0,
362,1,75.6,44.4,-1.914,0.88,0.0,-0.707,0.119,0,33.6
362,2,37.84,18.03,-0.645,1.0,0.0,0.039,0.113,1,
362,3,7.83,91.57,0.823,0.745,0.0,-1.0,0.36,0,
363,0,58.33,97.29,0.022,0.0,0.0,0.0,0.422,0,
363,1,75.75,44.25,-1.827,0.824,0.0,-0.861,0.206,0,33.6
363,2,37.9,17.94,-0.639,1.0,0.0,0.039,0.113,1,
363,3,8.16,91.92,0.683,0.832,0.0,-0.84,0.48,0,
364,0,58.59,97.29,0.022,0.0,0.0,0.0,0.262,0,
364,1,75.96,44.04,-1.757,0.767,0.0,-0.994,0.303,0,33.7
364,2,37.96,17.84,-0.633,1.0,0.0,0.039,0.113,1,
364,3,8.63,92.3,0.561,0.894,0.0,-0.663,0.6,0,
365,0,58.69,97.29,0.022,0.0,0.0,0.0,0.102,0,
365,1,76.25,43.75,-1.705,0.715,0.0,-1.0,0.406,0,33.7
365,2,38.03,17.75,-0.627,1.0,0.0,0.039,0.113,8,
365,3,9.24,92.69,0.456,0.937,0.0,-0.511,0.72,0,
366,0,58.69,97.29,0.022,0.0,0.0,0.0,0.0,0,
366,1,76.61,43.39,-1.67,0.669,0.0,-1.0,0.509,0,33.8
366,2,38.09,17.65,-0.621,1.0,0.0,0.04,0.113,8,
366,3,9.99,93.06,0.369,0.964,0.0,-0.385,0.84,0,
367,0,58.69,97.29,0.022,0.0,0.0,0.0,0.0,0,
367,1,77.03,42.97,-1.653,0.631,0.0,-1.0,0.6,0,34.0
367,2,38.16,17.56,-0.614,1.0,0.0,0.04,0.113,1,
367,3,10.89,93.4,0.3,0.981,0.0,-0.282,0.96,0,
368,0,58.69,97.29,0.022,0.0,0.0,0.0,0.0,0,
368,1,77.45,42.55,-1.654,0.604,0.0,-1.0,0.586,0,34.1
368,2,38.22,17.47,-0.608,1.0,0.0,0.04,0.113,1,
368,3,11.92,93.72,0.248,0.99,0.0,-0.202,1.08,0,
369,0,58.69,97.29,0.022,0.0,0.0,0.0,0.0,0,
369,1,77.85,42.15,-1.672,0.591,0.0,-1.0,0.573,0,34.2
369,2,38.29,17.38,-0.602,1.0,0.0,0.04,0.113,2,
369,3,12.37,93.92,0.213,0.995,0.0,-0.144,0.496,1,
370,0,58.69,97.29,0.022,0.0,0.0,0.0,0.0,0,
370,1,78.25,41.75,-1.707,0.592,0.0,-1.0,0.562,0,34.4
370,2,38.36,17.29,-0.595,1.0,0.0,0.04,0.114,1,
370,3,12.37,93.93,0.196,0.997,0.0,-0.109,0.009,1,
371,0,58.69,97.29,0.022,0.0,0.0,0.0,0.0,0,
371,1,78.64,41.36,-1.76,0.608,0.0,-1.0,0.551,0,34.5
371,2,38.42,17.2,-0.589,1.0,0.0,0.04,0.114,1,
371,3,12.37,93.93,0.182,0.998,0.0,-0.086,0.007,2,
372,0,58.69,97.29,0.022,0.0,0.0,0.0,0.0,0,
372,1,79.02,40.98,-1.83,0.637,0.0,-1.0,0.537,0,34.7
372,2,38.49,17.1,-0.583,1.0,0.0,0.041,0.114,8,
372,3,12.37,93.94,0.172,0.999,0.0,-0.067,0.006,1,
373,0,58.69,97.29,0.022,0.0,0.0,0.0,0.0,0,
373,1,79.38,40.62,-1.918,0.679,0.0,-1.0,0.511,0,34.8
373,2,38.56,17.02,-0.576,1.0,0.0,0.041,0.114,8,
373,3,12.37,93.95,0.164,0.999,0.0,-0.053,0.004,2,
374,0,58.69,97.29,0.022,0.0,0.0,0.0,0.0,0,
374,1,79.71,40.29,-2.024,0.731,0.0,-1.0,0.465,0,35.0
374,2,38.63,16.93,-0.57,1.0,0.0,0.041,0.114,2,
374,3,12.37,93.95,0.157,1.0,0.0,-0.041,0.004,2,
375,0,58.69,97.29,0.022,0.0,0.0,0.0,0.0,0,
375,1,79.98,40.02,-2.147,0.791,0.0,-0.939,0.387,0,35.1
375,2,38.71,16.84,-0.563,1.0,0.0,0.041,0.114,1,
375,3,12.37,93.95,0.152,1.0,0.0,-0.033,0.003,1,
376,0,58.69,97.29,0.022,0.0,0.0,0.0,0.0,0,
376,1,80.17,39.83,-2.269,0.855,0.0,-0.779,0.267,0,35.2
376,2,38.78,16.75,-0.557,1.0,0.0,0.041,0.114,1,
376,3,12.37,93.95,0.148,1.0,0.0,-0.026,0.002,2,
377,0,58.69,97.29,0.022,0.0,0.0,0.0,0.0,0,
377,1,80.26,39.74,-2.374,0.909,0.0,-0.614,0.119,0,35.2
377,2,38.85,16.66,-0.551,1.0,0.0,0.041,0.114,1,
377,3,12.37,93.96,0.145,1.0,0.0,-0.02,0.002,1,
378,0,58.69,97.29,0.022,0.0,0.0,0.0,0.0,0,
378,1,80.24,39.76,-2.461,0.947,0.0,-0.469,0.025,0,35.2
378,2,38.93,16.58,-0.544,1.0,0.0,0.041,0.114,1,
378,3,12.37,93.96,0.142,1.0,0.0,-0.016,0.001,2,
379,0,58.69,97.29,0.022,0.0,0.0,0.0,0.0,0,
379,1,80.13,39.87,-2.531,0.971,0.0,-0.343,0.153,0,35.2
379,2,39.0,16.49,-0.538,1.0,0.0,0.041,0.114,8,
379,3,12.37,93.96,0.14,1.0,0.0,-0.012,0.001,1,
380,0,58.69,97.29,0.022,0.0,0.0,0.0,0.0,0,
380,1,79.95,40.05,-2.583,0.986,0.0,-0.238,0.257,0,35.1
380,2,39.08,16.4,-0.531,1.0,0.0,0.042,0.115,1,
380,3,12.37,93.96,0.139,1.0,0.0,-0.01,0.001,1,
381,0,58.69,97.29,0.022,0.0,0.0,0.0,0.0,0,
381,1,79.71,40.29,-2.618,0.994,0.0,-0.153,0.336,0,35.0
381,2,39.16,16.32,-0.524,1.0,0.0,0.042,0.115,1,
381,3,12.37,93.96,0.138,1.0,0.0,-0.008,0.001,1,
382,0,58.69,97.29,0.022,0.0,0.0,0.0,0.0,0,
382,1,79.44,40.56,-2.635,0.998,0.0,-0.09,0.388,0,34.9
382,2,39.23,16.23,-0.518,1.0,0.0,0.042,0.115,1,
382,3,12.37,93.96,0.137,1.0,0.0,-0.006,0.001,1,
383,0,58.69,97.29,0.022,0.0,0.0,0.0,0.0,0,
383,1,79.15,40.85,-2.643,0.999,0.0,-0.051,0.413,0,34.7
383,2,39.31,16.15,-0.511,1.0,0.0,0.042,0.115,8,
383,3,12.37,93.96,0.136,1.0,0.0,-0.005,0.0,1,
384,0,58.69,97.29,0.022,0.0,0.0,0.0,0.0,0,
384,1,78.85,41.15,-2.647,1.0,0.0,-0.023,0.425,0,34.6
384,2,39.39,16.07,-0.505,1.0,0.0,0.042,0.115,1,
384,3,12.37,93.96,0.135,1.0,0.0,-0.004,0.0,1,
385,0,58.69,97.29,0.022,0.0,0.0,0.0,0.0,0,
385,1,78.54,41.46,-2.647,1.0,0.0,-0.001,0.43,0,34.5
385,2,39.47,15.98,-0.498,1.0,0.0,0.042,0.115,1,
385,3,12.37,93.96,0.135,1.0,0.0,-0.003,0.0,1,
386,0,58.69,97.29,0.022,0.0,0.0,0.0,0.0,0,
386,1,78.24,41.76,-2.645,1.0,0.0,0.016,0.43,0,34.4
386,2,39.55,15.9,-0.491,1.0,0.0,0.042,0.115,1,
386,3,12.37,93.96,0.135,1.0,0.0,-0.002,0.0,1,
387,0,58.69,97.29,0.022,0.0,0.0,0.0,0.0,0,
387,1,77.94,42.06,-2.64,1.0,0.0,0.03,0.427,0,34.3
387,2,39.63,15.82,-0.485,1.0,0.0,0.042,0.115,3,
387,3,12.37,93.96,0.134,1.0,0.0,-0.002,0.0,1,
388,0,58.69,97.29,0.022,0.0,0.0,0.0,0.0,0,
388,1,77.64,42.36,-2.634,1.0,0.0,0.04,0.42,0,34.1
388,2,39.72,15.74,-0.478,1.0,0.0,0.042,0.115,1,
388,3,12.37,93.96,0.134,1.0,0.0,-0.001,0.0,1,
389,0,58.69,97.29,0.022,0.0,0.0,0.0,0.0,0,
389,1,77.35,42.65,-2.626,0.999,0.0,0.048,0.411,0,34.1
389,2,39.8,15.66,-0.471,1.0,0.0,0.043,0.115,2,
389,3,12.37,93.96,0.134,1.0,0.0,-0.001,0.0,1,
390,0,58.69,97.29,0.022,0.0,0.0,0.0,0.0,0,
390,1,77.07,42.93,-2.618,0.999,0.0,0.054,0.4,0,34.0
390,2,39.89,15.58,-0.465,1.0,0.0,0.043,0.115,1,
390,3,12.37,93.96,0.134,1.0,0.0,-0.001,0.0,1,
391,0,58.69,97.29,0.022,0.0,0.0,0.0,0.0,0,
391,1,76.79,43.21,-2.608,0.999,0.0,0.058,0.387,0,33.9
391,2,39.97,15.51,-0.458,1.0,0.0,0.043,0.116,1,
391,3,12.37,93.96,0.134,1.0,0.0,-0.001,0.0,1,
392,0,58.69,97.29,0.022,0.0,0.0,0.0,0.0,0,
392,1,76.53,43.47,-2.599,0.999,0.0,0.061,0.374,0,33.8
392,2,40.06,15.43,-0.451,1.0,0.0,0.043,0.116,1,
392,3,12.37,93.96,0.134,1.0,0.0,-0.001,0.0,1,
393,0,58.69,97.29,0.022,0.0,0.0,0.0,0.0,0,
393,1,76.27,43.73,-2.589,0.999,0.0,0.063,0.36,0,33.7
393,2,40.14,15.35,-0.445,1.0,0.0,0.043,0.116,1,
393,3,12.37,93.96,0.133,1.0,0.0,-0.0,0.0,1,
394,0,58.69,97.29,0.022,0.0,0.0,0.0,0.0,0,
394,1,76.03,43.97,-2.579,0.999,0.0,0.064,0.346,0,33.7
394,2,40.23,15.28,-0.438,1.0,0.0,0.043,0.116,2,
394,3,12.37,93.96,0.133,1.0,0.0,-0.0,0.0,1,
395,0,58.69,97.29,0.022,0.0,0.0,0.0,0.0,0,
395,1,75.79,44.21,-2.569,0.999,0.0,0.064,0.331,0,33.6
395,2,40.32,15.2,-0.431,1.0,0.0,0.043,0.116,1,
395,3,12.37,93.96,0.133,1.0,0.0,-0.0,0.0,1,
396,0,58.69,97.29,0.022,0.0,0.0,0.0,0.0,0,
396,1,75.57,44.43,-2.559,0.999,0.0,0.063,0.316,0,33.6
396,2,40.41,15.13,-0.424,1.0,0.0,0.043,0.116,2,
396,3,12.37,93.96,0.133,1.0,0.0,-0.0,0.0,1,
397,0,58.69,97.29,0.022,0.0,0.0,0.0,0.0,0,
397,1,75.36,44.64,-2.549,0.999,0.0,0.062,0.302,0,33.5
397,2,40.5,15.05,-0.418,1.0,0.0,0.043,0.116,8,
397,3,12.37,93.96,0.133,1.0,0.0,-0.0,0.0,1,
398,0,58.69,97.29,0.022,0.0,0.0,0.0,0.0,0,
398,1,75.15,44.85,-2.54,0.999,0.0,0.061,0.287,0,33.5
398,2,40.59,14.98,-0.411,1.0,0.0,0.043,0.116,1,
398,3,12.37,93.96,0.133,1.0,0.0,-0.0,0.0,1,
399,0,58.69,97.29,0.022,0.0,0.0,0.0,0.0,0,
399,1,74.96,45.04,-2.53,0.999,0.0,0.06,0.273,0,33.4
399,2,40.68,14.91,-0.404,1.0,0.0,0.043,0.116,1,
399,3,12.37,93.96,0.133,1.0,0.0,-0.0,0.0,1,
400,0,58.81,97.3,0.004,0.989,0.0,-0.21,0.12,0,13.3
400,1,74.8,45.2,-2.503,0.0,0.0,1.0,0.232,0,72.4
400,2,40.68,14.91,-0.38,0.0,0.0,1.0,0.0,0,
400,3,12.37,93.96,0.151,0.366,0.0,1.0,0.0,2,
401,0,59.05,97.3,-0.025,0.991,0.0,-0.187,0.24,0,13.1
401,1,74.67,45.33,-2.459,0.0,0.0,1.0,0.173,0,72.5
401,2,40.68,14.91,-0.338,0.0,0.0,1.0,0.0,0,
401,3,12.37,93.96,0.186,0.382,0.0,1.0,0.002,1,
402,0,59.41,97.29,-0.048,0.995,0.0,-0.148,0.36,0,12.7
402,1,74.6,45.4,-2.397,0.0,0.0,1.0,0.105,0,72.5
402,2,40.68,14.91,-0.279,0.0,0.0,1.0,0.0,0,
402,3,12.37,93.97,0.238,0.415,0.0,1.0,0.006,2,
403,0,59.89,97.27,-0.067,0.997,0.0,-0.119,0.48,0,12.2
403,1,74.58,45.42,-2.318,0.0,0.0,1.0,0.035,0,72.5
403,2,40.68,14.91,-0.202,0.0,0.0,1.0,0.0,0,
403,3,12.36,93.98,0.308,0.462,0.0,1.0,0.013,1,
404,0,60.49,97.23,-0.082,0.998,0.0,-0.097,0.6,0,11.6
404,1,74.59,45.41,-2.221,0.0,0.0,1.0,0.027,0,72.5
404,2,40.68,14.91,-0.108,0.0,0.0,1.0,0.0,0,
404,3,12.36,94.0,0.396,0.524,0.0,1.0,0.021,1,
405,0,61.21,97.17,-0.095,0.998,0.0,-0.08,0.72,0,10.9
405,1,74.65,45.35,-2.107,0.0,0.0,1.0,0.073,0,72.5
405,2,40.68,14.91,0.004,0.0,0.0,1.0,0.0,0,
405,3,12.36,94.04,0.501,0.597,0.0,1.0,0.032,2,
406,0,61.92,97.1,-0.125,0.479,0.0,-1.0,0.719,0,27.0
406,1,74.71,45.29,-1.975,0.0,0.0,1.0,0.094,0,72.5
406,2,40.68,14.91,0.133,0.0,0.0,1.0,0.0,0,
406,3,12.35,94.08,0.623,0.679,0.0,1.0,0.044,1,
407,0,62.64,97.01,-0.173,0.485,0.0,-1.0,0.728,0,26.7
407,1,74.77,45.23,-1.825,0.0,0.0,1.0,0.081,0,72.4
407,2,40.68,14.91,0.28,0.0,0.0,1.0,0.0,0,
407,3,12.34,94.14,0.763,0.765,0.0,0.999,0.058,1,
408,0,63.39,96.88,-0.238,0.506,0.0,-1.0,0.759,0,26.3
408,1,74.79,45.21,-1.668,0.0,0.0,1.0,0.03,0,72.4
408,2,40.68,14.91,0.437,0.0,0.0,1.0,0.0,0,
408,3,12.34,94.21,0.888,0.849,0.0,0.794,0.073,1,
409,0,64.18,96.69,-0.32,0.54,0.0,-1.0,0.81,0,25.9
409,1,74.79,45.21,-1.511,0.0,0.0,1.0,0.0,0,72.4
409,2,40.68,14.91,0.594,0.0,0.0,1.0,0.0,0,
409,3,12.33,94.29,0.995,0.91,0.0,0.61,0.085,1,
410,0,65.01,96.41,-0.42,0.587,0.0,-1.0,0.88,0,25.4
410,1,74.79,45.21,-1.354,0.0,0.0,1.0,0.0,0,72.4
410,2,40.68,14.91,0.751,0.0,0.0,1.0,0.0,0,
410,3,12.32,94.39,1.085,0.951,0.0,0.45,0.094,1,
411,0,65.9,96.02,-0.538,0.644,0.0,-1.0,0.965,0,24.8
411,1,74.79,45.21,-1.197,0.0,0.0,1.0,0.0,0,72.4
411,2,40.68,14.91,0.908,0.0,0.0,1.0,0.0,0,
411,3,12.31,94.49,1.157,0.976,0.0,0.314,0.101,1,
412,0,66.81,95.47,-0.673,0.708,0.0,-1.0,1.062,0,24.0
412,1,74.79,45.21,-1.04,0.0,0.0,1.0,0.0,0,72.4
412,2,40.68,14.91,1.065,0.0,0.0,1.0,0.0,0,
412,3,12.3,94.59,1.212,0.99,0.0,0.202,0.106,1,
413,0,67.72,94.74,-0.826,0.778,0.0,-0.971,1.166,0,23.1
413,1,74.87,45.13,-0.883,0.151,0.0,1.0,0.116,0,72.4
413,2,40.68,14.91,1.222,0.0,0.0,1.0,0.0,0,
413,3,12.29,94.7,1.249,0.997,0.0,0.115,0.109,1,
414,0,68.58,93.81,-0.961,0.848,0.0,-0.799,1.272,0,22.1
414,1,75.04,44.96,-0.726,0.303,0.0,1.0,0.239,0,72.3
414,2,40.65,14.93,1.379,0.141,0.0,1.0,0.038,1,
414,3,12.28,94.81,1.269,0.999,0.0,0.053,0.111,1,
415,0,69.35,92.7,-1.078,0.898,0.0,-0.649,1.348,0,20.9
415,1,75.31,44.72,-0.569,0.445,0.0,1.0,0.36,0,72.1
415,2,40.61,14.97,1.537,0.294,0.0,1.0,0.055,1,
415,3,12.28,94.92,1.271,1.0,0.0,0.015,0.112,1,
416,0,70.02,91.47,-1.178,0.934,0.0,-0.522,1.401,0,19.6
416,1,75.72,44.46,-0.412,0.576,0.0,1.0,0.48,0,71.9
416,2,40.55,15.01,1.694,0.44,0.0,1.0,0.072,8,
416,3,12.27,95.04,1.272,1.0,0.0,0.002,0.113,1,
417,0,70.57,90.14,-1.261,0.958,0.0,-0.415,1.437,0,18.2
417,1,76.27,44.22,-0.255,0.693,0.0,1.0,0.6,0,71.4
417,2,40.48,15.06,1.851,0.574,0.0,1.0,0.087,8,
417,3,12.26,95.15,1.27,1.0,0.0,-0.008,0.113,1,
418,0,71.01,88.75,-1.326,0.973,0.0,-0.33,1.46,0,16.8
418,1,76.96,44.04,-0.108,0.794,0.0,0.934,0.72,0,70.9
418,2,40.41,15.13,2.008,0.694,0.0,1.0,0.099,1,
418,3,12.26,95.26,1.268,1.0,0.0,-0.015,0.114,1,
419,0,71.37,87.32,-1.374,0.983,0.0,-0.265,1.474,0,15.3
419,1,77.8,43.95,0.021,0.871,0.0,0.733,0.84,0,70.1
419,2,40.32,15.2,2.153,0.798,0.0,0.925,0.109,1,
419,3,12.26,95.38,1.265,1.0,0.0,-0.022,0.114,1,
420,0,71.66,85.87,-1.409,0.988,0.0,-0.223,1.482,0,13.9
420,1,78.76,43.97,0.133,0.925,0.0,0.557,0.96,0,69.2
420,2,40.24,15.27,2.281,0.876,0.0,0.719,0.115,1,
420,3,12.26,95.49,1.26,1.0,0.0,-0.026,0.114,1,
421,0,71.87,84.56,-1.426,0.0,0.0,1.0,1.322,0,11.1
421,1,79.83,44.11,0.227,0.96,0.0,0.405,1.08,0,68.2
421,2,40.15,15.35,2.391,0.93,0.0,0.539,0.119,1,
421,3,12.26,95.6,1.256,1.0,0.0,-0.03,0.114,1,
422,0,72.04,84.5,-1.426,0.0,0.0,1.0,0.183,1,11.1
422,1,81.0,44.38,0.304,0.981,0.0,0.277,1.2,0,67.0
422,2,40.06,15.43,2.484,0.964,0.0,0.383,0.12,1,
422,3,12.26,95.72,1.251,1.0,0.0,-0.033,0.114,1,
423,0,72.04,84.5,-1.409,0.0,0.0,1.0,0.0,0,11.1
423,1,82.26,44.78,0.363,0.993,0.0,0.172,1.32,0,65.7
423,2,39.96,15.5,2.559,0.984,0.0,0.253,0.12,0,
423,3,12.26,95.83,1.245,1.0,0.0,-0.035,0.115,1,
424,0,72.04,84.5,-1.374,0.0,0.0,1.0,0.0,0,11.1
424,1,83.6,45.29,0.405,0.998,0.0,0.091,1.44,0,64.3
424,2,39.76,15.63,2.617,0.995,0.0,0.147,0.24,0,
424,3,12.26,95.95,1.239,1.0,0.0,-0.037,0.115,1,
425,0,72.04,84.5,-1.321,0.0,0.0,1.0,0.0,0,11.1
425,1,84.98,45.88,0.429,1.0,0.0,0.044,1.499,0,62.8
425,2,39.45,15.82,2.657,0.999,0.0,0.067,0.36,0,
425,3,12.26,96.06,1.233,1.0,0.0,-0.039,0.115,1,
426,0,72.04,84.5,-1.251,0.0,0.0,1.0,0.0,0,11.1
426,1,86.34,46.51,0.436,1.0,0.0,0.031,1.5,0,61.3
426,2,39.02,16.04,2.68,1.0,0.0,0.011,0.48,0,
426,3,12.27,96.18,1.227,1.0,0.0,-0.04,0.115,1,
427,0,72.04,84.5,-1.164,0.0,0.0,1.0,0.0,0,11.1
427,1,87.7,47.14,0.443,1.0,0.0,0.043,1.499,0,59.8
427,2,38.49,16.31,2.685,1.0,0.0,-0.021,0.6,0,
427,3,12.27,96.29,1.221,1.0,0.0,-0.041,0.115,1,
428,0,72.04,84.5,-1.058,0.0,0.0,1.0,0.0,0,11.1
428,1,89.06,47.78,0.451,0.999,0.0,0.053,1.499,0,58.3
428,2,37.84,16.62,2.68,1.0,0.0,-0.029,0.72,0,
428,3,12.28,96.41,1.214,1.0,0.0,-0.041,0.115,1,
429,0,72.04,84.5,-0.936,0.0,0.0,1.0,0.0,0,11.1
429,1,90.4,48.44,0.461,0.999,0.0,0.061,1.499,0,56.8
429,2,37.09,17.0,2.677,1.0,0.0,-0.024,0.84,0,
429,3,12.29,96.52,1.208,1.0,0.0,-0.042,0.115,1,
430,0,72.04,84.5,-0.796,0.0,0.0,1.0,0.0,0,11.1
430,1,91.75,49.1,0.471,0.999,0.0,0.065,1.498,0,55.3
430,2,36.23,17.43,2.673,1.0,0.0,-0.02,0.96,0,
430,3,12.3,96.64,1.201,1.0,0.0,-0.042,0.115,2,
431,0,72.04,84.5,-0.639,0.0,0.0,1.0,0.0,0,11.1
431,1,93.08,49.78,0.482,0.999,0.0,0.068,1.498,0,53.8
431,2,35.27,17.92,2.671,1.0,0.0,-0.017,1.08,0,
431,3,12.31,96.75,1.194,1.0,0.0,-0.043,0.115,1,
432,0,72.04,84.5,-0.482,0.0,0.0,1.0,0.0,0,11.1
432,1,94.41,50.48,0.492,0.999,0.0,0.067,1.498,0,52.3
432,2,34.2,18.46,2.668,1.0,0.0,-0.015,1.2,0,
432,3,12.32,96.87,1.187,1.0,0.0,-0.043,0.115,1,
433,0,72.04,84.5,-0.325,0.0,0.0,1.0,0.0,0,11.1
433,1,95.73,51.18,0.502,0.999,0.0,0.065,1.498,0,50.8
433,2,33.02,19.06,2.666,1.0,0.0,-0.013,1.32,0,
433,3,12.33,96.98,1.181,1.0,0.0,-0.043,0.116,1,
434,0,72.04,84.5,-0.168,0.0,0.0,1.0,0.0,0,11.1
434,1,97.04,51.91,0.512,0.999,0.0,0.06,1.499,0,49.3
434,2,31.74,19.72,2.653,0.998,0.0,-0.085,1.44,0,
434,3,12.34,97.1,1.174,1.0,0.0,-0.043,0.116,1,
435,0,72.04,84.5,-0.011,0.0,0.0,1.0,0.0,0,11.1
435,1,98.35,52.64,0.52,0.999,0.0,0.053,1.499,0,47.8
435,2,30.45,20.41,2.641,0.972,0.0,-0.078,1.459,0,
435,3,12.36,97.21,1.167,1.0,0.0,-0.044,0.116,1,
436,0,72.04,84.5,0.147,0.0,0.0,1.0,0.0,0,11.1
436,1,99.65,53.39,0.527,1.0,0.0,0.044,1.499,0,46.3
436,2,29.31,21.03,2.629,0.827,0.0,-0.074,1.299,0,
436,3,12.37,97.33,1.16,1.0,0.0,-0.044,0.116,1,
437,0,72.16,84.52,0.304,0.142,0.0,1.0,0.12,0,11.1
437,1,100.95,54.14,0.532,1.0,0.0,0.034,1.5,0,44.8
437,2,28.32,21.59,2.618,0.698,0.0,-0.072,1.139,0,
437,3,12.39,97.44,1.153,1.0,0.0,-0.044,0.116,1,
438,0,72.39,84.59,0.461,0.285,0.0,1.0,0.24,0,11.0
438,1,102.24,54.9,0.536,1.0,0.0,0.021,1.5,0,43.4
438,2,27.48,22.08,2.607,0.584,0.0,-0.069,0.979,0,
438,3,12.41,97.55,1.146,1.0,0.0,-0.044,0.116,2,
439,0,72.71,84.75,0.618,0.413,0.0,1.0,0.36,0,10.9
439,1,103.53,55.67,0.537,1.0,0.0,0.008,1.5,0,41.9
439,2,26.77,22.49,2.596,0.487,0.0,-0.068,0.819,0,
439,3,12.42,97.67,1.139,1.0,0.0,-0.044,0.116,1,
440,0,72.88,84.87,0.757,0.0,0.0,0.0,0.2,0,
440,1,104.68,56.35,0.521,0.0,0.0,-1.0,1.34,0,63.5
440,2,26.21,22.84,2.568,0.0,0.0,-1.0,0.659,0,
440,3,12.44,97.78,1.133,1.0,0.0,-0.044,0.116,1,
441,0,72.91,84.89,0.879,0.0,0.0,0.0,0.04,0,
441,1,105.7,56.94,0.487,0.0,0.0,-1.0,1.18,0,64.5
441,2,25.79,23.11,2.522,0.0,0.0,-1.0,0.499,0,
441,3,12.46,97.9,1.126,1.0,0.0,-0.044,0.116,1,
442,0,72.91,84.89,0.984,0.0,0.0,0.0,0.0,0,
442,1,106.61,57.42,0.436,0.0,0.0,-1.0,1.02,0,65.4
442,2,25.51,23.3,2.459,0.0,0.0,-1.0,0.339,0,
442,3,12.49,98.01,1.119,1.0,0.0,-0.044,0.116,1,
443,0,72.91,84.89,1.071,0.0,0.0,0.0,0.0,0,
443,1,107.39,57.78,0.367,0.0,0.0,-1.0,0.86,0,66.1
443,2,25.37,23.42,2.379,0.0,0.0,-1.0,0.179,0,
443,3,12.51,98.13,1.112,1.0,0.0,-0.044,0.116,1,
444,0,72.91,84.89,1.141,0.0,0.0,0.0,0.0,0,
444,1,108.04,58.03,0.281,0.0,0.0,-1.0,0.7,0,66.7
444,2,25.36,23.43,2.28,0.0,0.0,-1.0,0.019,0,
444,3,12.53,98.24,1.105,1.0,0.0,-0.044,0.116,2,
445,0,72.91,84.89,1.193,0.0,0.0,0.0,0.0,0,
445,1,108.56,58.18,0.177,0.0,0.0,-1.0,0.54,0,67.1
445,2,25.36,23.43,2.165,0.0,0.0,-1.0,0.0,0,
445,3,12.56,98.35,1.098,1.0,0.0,-0.044,0.116,2,
446,0,72.91,84.89,1.227,0.0,0.0,0.0,0.0,0,
446,1,108.93,58.25,0.056,0.0,0.0,-1.0,0.38,0,67.4
446,2,25.36,23.43,2.032,0.0,0.0,-1.0,0.0,0,
446,3,12.58,98.47,1.091,1.0,0.0,-0.044,0.116,1,
447,0,72.91,84.89,1.244,0.0,0.0,0.0,0.0,0,
447,1,109.15,58.26,-0.083,0.0,0.0,-1.0,0.22,0,67.5
447,2,25.36,23.43,1.881,0.0,0.0,-1.0,0.0,0,
447,3,12.61,98.58,1.084,1.0,0.0,-0.044,0.117,2,
448,0,72.91,84.89,1.244,0.0,0.0,0.0,0.0,0,
448,1,109.21,58.26,-0.239,0.0,0.0,-1.0,0.06,0,67.5
448,2,25.36,23.43,1.724,0.0,0.0,-1.0,0.0,0,
448,3,12.64,98.69,1.077,1.0,0.0,-0.044,0.117,1,
449,0,72.91,84.89,1.244,0.0,0.0,0.0,0.0,0,
449,1,109.21,58.26,-0.397,0.0,0.0,-1.0,0.0,0,67.5
449,2,25.36,23.43,1.567,0.0,0.0,-1.0,0.0,0,
449,3,12.67,98.81,1.07,1.0,0.0,-0.044,0.117,1,
450,0,72.91,84.89,1.244,0.0,0.0,0.0,0.0,0,
450,1,109.21,58.26,-0.554,0.0,0.0,-1.0,0.0,0,67.5
450,2,25.36,23.52,1.41,0.062,0.0,-1.0,0.092,0,
450,3,12.7,98.92,1.063,1.0,0.0,-0.044,0.117,1,
451,0,72.91,84.89,1.244,0.0,0.0,0.0,0.0,0,
451,1,109.21,58.26,-0.711,0.0,0.0,-1.0,0.0,0,67.5
451,2,25.4,23.73,1.253,0.213,0.0,-1.0,0.212,0,
451,3,12.73,99.03,1.056,1.0,0.0,-0.044,0.117,1,
452,0,72.91,84.89,1.244,0.0,0.0,0.0,0.0,0,
452,1,109.27,58.2,-0.868,0.053,0.0,-1.0,0.079,0,67.5
452,2,25.5,24.05,1.096,0.355,0.0,-1.0,0.332,0,
452,3,12.76,99.14,1.049,1.0,0.0,-0.044,0.117,1,
453,0,72.91,84.89,1.244,0.0,0.0,0.0,0.0,0,
453,1,109.4,58.05,-1.025,0.199,0.0,-1.0,0.199,0,67.4
453,2,25.71,24.45,0.939,0.485,0.0,-1.0,0.452,0,
453,3,12.8,99.26,1.042,1.0,0.0,-0.044,0.117,2,
454,0,72.91,84.89,1.244,0.0,0.0,0.0,0.0,0,
454,1,109.56,57.78,-1.182,0.328,0.0,-1.0,0.319,0,67.3
454,2,26.04,24.91,0.781,0.602,0.0,-1.0,0.572,0,
454,3,12.83,99.37,1.036,1.0,0.0,-0.044,0.117,1,
455,0,72.91,84.89,1.244,0.0,0.0,0.0,0.0,0,
455,1,109.73,57.37,-1.339,0.438,0.0,-1.0,0.439,0,67.1
455,2,26.54,25.4,0.624,0.705,0.0,-1.0,0.692,0,
455,3,12.87,99.48,1.029,1.0,0.0,-0.044,0.117,1,
456,0,72.91,84.89,1.244,0.0,0.0,0.0,0.0,0,
456,1,109.86,56.83,-1.496,0.53,0.0,-1.0,0.559,0,66.7
456,2,27.2,25.87,0.478,0.794,0.0,-0.934,0.812,0,
456,3,12.9,99.59,1.022,1.0,0.0,-0.044,0.117,1,
457,0,72.91,84.89,1.244,0.0,0.0,0.0,0.0,0,
457,1,109.64,56.38,-1.653,0.608,0.0,-1.0,0.502,1,66.2
457,2,28.02,26.3,0.348,0.863,0.0,-0.758,0.932,0,
457,3,12.94,99.7,1.015,1.0,0.0,-0.044,0.117,2,
458,0,72.91,84.89,1.244,0.0,0.0,0.0,0.0,0,
458,1,109.58,56.3,-1.81,0.708,0.0,-1.0,0.099,1,66.1
458,2,29.01,26.66,0.237,0.911,0.0,-0.606,1.052,0,
458,3,12.98,99.81,1.008,1.0,0.0,-0.044,0.117,2,
459,0,72.91,84.89,1.244,0.0,0.0,0.0,0.0,0,
459,1,109.51,56.22,-1.952,0.808,0.0,-0.899,0.109,1,66.0
459,2,30.15,26.93,0.143,0.944,0.0,-0.478,1.172,0,
459,3,13.02,99.92,1.001,1.0,0.0,-0.044,0.117,1,
460,0,72.91,84.89,1.244,0.0,0.0,0.0,0.0,0,
460,1,109.44,56.13,-2.075,0.882,0.0,-0.701,0.115,8,65.9
460,2,31.43,27.12,0.066,0.966,0.0,-0.374,1.292,0,
460,3,13.06,100.03,0.994,1.0,0.0,-0.044,0.117,1,
461,0,72.91,84.89,1.244,0.0,0.0,0.0,0.0,0,
461,1,109.36,56.03,-2.182,0.933,0.0,-0.528,0.119,8,65.8
461,2,32.84,27.21,0.007,0.979,0.0,-0.292,1.412,0,
461,3,13.1,100.14,0.987,1.0,0.0,-0.044,0.117,2,
462,0,72.91,84.89,1.244,0.0,0.0,0.0,0.0,0,
462,1,109.29,55.94,-2.27,0.965,0.0,-0.38,0.12,1,65.6
462,2,34.32,27.22,-0.035,0.987,0.0,-0.233,1.48,0,
462,3,13.14,100.25,0.981,1.0,0.0,-0.043,0.118,1,
463,0,72.91,84.89,1.244,0.0,0.0,0.0,0.0,0,
463,1,109.21,55.85,-2.342,0.984,0.0,-0.257,0.12,0,65.5
463,2,35.8,27.17,-0.066,0.99,0.0,-0.198,1.486,0,
463,3,13.19,100.36,0.974,1.0,0.0,-0.043,0.118,1,
464,0,72.91,84.89,1.244,0.0,0.0,0.0,0.0,0,
464,1,109.05,55.68,-2.396,0.994,0.0,-0.159,0.24,0,65.3
464,2,36.14,27.31,-0.094,0.992,0.0,-0.177,0.366,8,
464,3,13.23,100.47,0.967,1.0,0.0,-0.043,0.118,2,
465,0,72.91,84.89,1.244,0.0,0.0,0.0,0.0,0,
465,1,108.78,55.43,-2.432,0.998,0.0,-0.085,0.36,0,64.9
465,2,36.14,27.32,-0.119,0.994,0.0,-0.16,0.014,1,
465,3,13.28,100.58,0.96,1.0,0.0,-0.043,0.118,2,
466,0,72.91,84.89,1.244,0.0,0.0,0.0,0.0,0,
466,1,108.42,55.12,-2.451,0.988,0.0,0.223,0.48,0,64.5
466,2,36.15,27.33,-0.139,0.996,0.0,-0.126,0.011,1,
466,3,13.33,100.69,0.954,1.0,0.0,-0.043,0.118,2,
467,0,72.91,84.89,1.244,0.0,0.0,0.0,0.0,0,
467,1,107.96,54.74,-2.452,0.987,0.0,0.233,0.6,0,63.9
467,2,36.15,27.34,-0.154,0.998,0.0,-0.099,0.008,1,
467,3,13.38,100.79,0.947,1.0,0.0,-0.043,0.118,1,
468,0,72.91,84.89,1.244,0.0,0.0,0.0,0.0,0,
468,1,107.4,54.28,-2.436,0.989,0.0,0.216,0.72,0,63.2
468,2,36.15,27.35,-0.166,0.999,0.0,-0.077,0.007,8,
468,3,13.43,100.9,0.94,1.0,0.0,-0.043,0.118,1,
469,0,72.91,84.89,1.244,0.0,0.0,0.0,0.0,0,
469,1,106.76,53.73,-2.409,0.993,0.0,0.172,0.84,0,62.4
469,2,36.15,27.35,-0.176,0.999,0.0,-0.061,0.005,8,
469,3,13.48,101.01,0.933,1.0,0.0,-0.043,0.118,1,
470,0,72.91,84.89,1.244,0.0,0.0,0.0,0.0,0,
470,1,106.05,53.09,-2.392,0.997,0.0,0.109,0.96,0,61.5
470,2,36.15,27.36,-0.183,0.999,0.0,-0.048,0.004,1,
470,3,13.53,101.11,0.927,1.0,0.0,-0.042,0.118,2,
471,0,72.91,84.89,1.244,0.0,0.0,0.0,0.0,0,
471,1,105.26,52.35,-2.383,0.999,0.0,0.057,1.08,0,60.4
471,2,36.15,27.36,-0.189,1.0,0.0,-0.038,0.003,8,
471,3,13.58,101.22,0.92,1.0,0.0,-0.042,0.118,1,
472,0,72.91,84.89,1.244,0.0,0.0,0.0,0.0,0,
472,1,104.39,51.53,-2.38,1.0,0.0,0.015,1.2,0,59.2
472,2,36.15,27.36,-0.194,1.0,0.0,-0.029,0.002,8,
472,3,13.63,101.32,0.913,1.0,0.0,-0.042,0.118,1,
473,0,72.91,84.89,1.244,0.0,0.0,0.0,0.0,0,
473,1,103.43,50.62,-2.383,1.0,0.0,-0.019,1.32,0,58.0
473,2,36.15,27.37,-0.198,1.0,0.0,-0.023,0.002,1,
473,3,13.69,101.43,0.907,1.0,0.0,-0.042,0.118,2,
474,0,72.91,84.89,1.244,0.0,0.0,0.0,0.0,0,
474,1,102.39,49.63,-2.39,1.0,0.0,-0.045,1.44,0,56.6
474,2,36.15,27.37,-0.2,1.0,0.0,-0.018,0.002,8,
474,3,13.74,101.53,0.9,1.0,0.0,-0.042,0.118,2,
475,0,72.91,84.89,1.244,0.0,0.0,0.0,0.0,0,
475,1,101.29,48.6,-2.4,0.999,0.0,-0.062,1.499,0,55.1
475,2,36.15,27.37,-0.203,1.0,0.0,-0.014,0.001,1,
475,3,13.8,101.64,0.894,1.0,0.0,-0.041,0.118,2,
476,0,72.91,84.89,1.244,0.0,0.0,0.0,0.0,0,
476,1,100.19,47.59,-2.411,0.999,0.0,-0.071,1.498,0,53.7
476,2,36.15,27.37,-0.204,1.0,0.0,-0.011,0.001,1,
476,3,13.86,101.74,0.887,1.0,0.0,-0.041,0.118,1,
477,0,72.91,84.89,1.244,0.0,0.0,0.0,0.0,0,
477,1,99.07,46.59,-2.423,0.999,0.0,-0.071,1.498,0,52.2
477,2,36.15,27.37,-0.206,1.0,0.0,-0.009,0.001,8,
477,3,13.91,101.84,0.881,1.0,0.0,-0.041,0.118,2,
478,0,72.91,84.89,1.244,0.0,0.0,0.0,0.0,0,
478,1,97.94,45.61,-2.433,0.999,0.0,-0.064,1.499,0,50.8
478,2,36.15,27.37,-0.207,1.0,0.0,-0.007,0.001,8,
478,3,13.97,101.95,0.875,1.0,0.0,-0.041,0.118,2,
479,0,72.91,84.89,1.244,0.0,0.0,0.0,0.0,0,
479,1,96.8,44.63,-2.44,0.999,0.0,-0.05,1.499,0,49.4
479,2,36.15,27.37,-0.208,1.0,0.0,-0.005,0.0,1,
479,3,14.03,102.05,0.868,1.0,0.0,-0.041,0.119,1,
480,0,72.91,84.89,1.227,0.0,0.0,-1.0,0.0,0,12.9
480,1,95.78,43.77,-2.466,0.0,0.0,-1.0,1.339,0,54.2
480,2,36.15,27.37,-0.191,0.493,0.0,1.0,0.0,8,
480,3,14.03,102.05,0.844,0.0,0.0,-1.0,0.0,0,
481,0,72.91,84.89,1.192,0.0,0.0,-1.0,0.0,0,12.9
481,1,94.86,43.03,-2.509,0.0,0.0,-1.0,1.179,0,55.4
481,2,36.16,27.37,-0.157,0.507,0.0,1.0,0.002,1,
481,3,14.03,102.05,0.803,0.0,0.0,-1.0,0.0,0,
482,0,72.91,84.89,1.139,0.0,0.0,-1.0,0.0,0,12.9
482,1,94.04,42.43,-2.569,0.0,0.0,-1.0,1.019,0,56.4
482,2,36.16,27.38,-0.105,0.536,0.0,1.0,0.007,1,
482,3,14.03,102.05,0.744,0.0,0.0,-1.0,0.0,0,
483,0,72.91,84.89,1.069,0.0,0.0,-1.0,0.0,0,12.9
483,1,93.32,41.96,-2.647,0.0,0.0,-1.0,0.859,0,57.3
483,2,36.16,27.39,-0.036,0.579,0.0,1.0,0.013,1,
483,3,14.03,102.05,0.668,0.0,0.0,-1.0,0.0,0,
484,0,72.91,84.89,0.982,0.0,0.0,-1.0,0.0,0,12.9
484,1,92.7,41.63,-2.742,0.0,0.0,-1.0,0.699,0,58.0
484,2,36.16,27.41,0.05,0.635,0.0,1.0,0.021,1,
484,3,14.03,102.05,0.574,0.0,0.0,-1.0,0.0,0,
485,0,72.91,84.89,0.877,0.0,0.0,-1.0,0.0,0,12.9
485,1,92.21,41.42,-2.855,0.0,0.0,-1.0,0.539,0,58.5
485,2,36.17,27.44,0.155,0.7,0.0,1.0,0.032,8,
485,3,14.03,102.05,0.462,0.0,0.0,-1.0,0.0,0,
486,0,72.91,84.89,0.754,0.0,0.0,-1.0,0.0,0,12.9
486,1,91.84,41.31,-2.985,0.0,0.0,-1.0,0.379,0,58.9
486,2,36.18,27.49,0.276,0.771,0.0,0.985,0.044,1,
486,3,14.03,102.05,0.333,0.0,0.0,-1.0,0.0,0,
487,0,72.91,84.89,0.614,0.0,0.0,-1.0,0.0,0,12.9
487,1,91.63,41.28,-3.133,0.0,0.0,-1.0,0.219,0,59.1
487,2,36.19,27.54,0.403,0.844,0.0,0.809,0.058,1,
487,3,14.03,102.05,0.187,0.0,0.0,-1.0,0.0,0,
488,0,72.91,84.89,0.457,0.0,0.0,-1.0,0.0,0,12.9
488,1,91.57,41.28,2.993,0.0,0.0,-1.0,0.059,0,59.1
488,2,36.21,27.61,0.513,0.906,0.0,0.623,0.071,1,
488,3,14.03,102.05,0.03,0.0,0.0,-1.0,0.0,0,
489,0,72.91,84.89,0.3,0.0,0.0,-1.0,0.0,0,12.9
489,1,91.57,41.28,2.836,0.0,0.0,-1.0,0.0,0,59.1
489,2,36.23,27.69,0.605,0.948,0.0,0.462,0.082,1,
489,3,14.03,102.05,-0.127,0.0,0.0,-1.0,0.0,0,
490,0,72.91,84.89,0.143,0.0,0.0,-1.0,0.0,0,12.9
490,1,91.57,41.28,2.679,0.0,0.0,-1.0,0.0,0,59.1
490,2,36.25,27.78,0.679,0.974,0.0,0.325,0.09,8,
490,3,14.06,102.09,-0.284,0.093,0.0,-1.0,0.049,1,
491,0,72.91,84.89,-0.014,0.0,0.0,-1.0,0.0,0,12.9
491,1,91.57,41.28,2.522,0.0,0.0,-1.0,0.0,0,59.1
491,2,36.27,27.87,0.736,0.989,0.0,0.212,0.096,1,
491,3,14.08,102.12,-0.441,0.245,0.0,-1.0,0.031,1,
492,0,72.91,84.89,-0.171,0.0,0.0,-1.0,0.0,0,12.9
492,1,91.57,41.28,2.365,0.0,0.0,-1.0,0.0,0,59.1
492,2,36.3,27.97,0.776,0.996,0.0,0.124,0.101,1,
492,3,14.08,102.13,-0.598,0.392,0.0,-1.0,0.013,1,
493,0,73.02,84.87,-0.328,0.101,0.0,-1.0,0.12,0,12.9
493,1,91.57,41.28,2.208,0.0,0.0,-1.0,0.0,0,59.1
493,2,36.33,28.07,0.798,0.999,0.0,0.061,0.104,1,
493,3,14.08,102.12,-0.755,0.531,0.0,-1.0,0.006,1,
494,0,73.25,84.79,-0.485,0.246,0.0,-1.0,0.24,0,12.9
494,1,91.49,41.37,2.051,0.11,0.0,-1.0,0.12,0,59.1
494,2,36.35,28.17,0.803,1.0,0.0,0.022,0.106,1,
494,3,14.07,102.1,-0.912,0.657,0.0,-1.0,0.025,3,
495,0,73.57,84.63,-0.642,0.378,0.0,-1.0,0.36,0,12.7
495,1,91.38,41.59,1.893,0.259,0.0,-1.0,0.24,0,59.1
495,2,36.38,28.27,0.804,1.0,0.0,0.008,0.106,2,
495,3,14.04,102.06,-1.069,0.768,0.0,-0.994,0.044,2,
496,0,73.95,84.35,-0.799,0.496,0.0,-1.0,0.477,1,12.5
496,1,91.27,41.93,1.736,0.399,0.0,-1.0,0.36,0,59.0
496,2,36.41,28.38,0.804,1.0,0.0,-0.001,0.107,1,
496,3,14.01,102.01,-1.207,0.859,0.0,-0.767,0.061,2,
497,0,74.05,84.33,-0.956,0.599,0.0,-1.0,0.097,1,12.5
497,1,91.19,42.4,1.579,0.527,0.0,-1.0,0.48,0,58.9
497,2,36.45,28.48,0.802,1.0,0.0,-0.008,0.107,1,
497,3,13.97,101.95,-1.328,0.923,0.0,-0.565,0.075,1,
498,0,74.13,84.32,-1.113,0.711,0.0,-1.0,0.085,8,12.5
498,1,91.19,43.0,1.422,0.642,0.0,-1.0,0.6,0,58.6
498,2,36.48,28.58,0.8,1.0,0.0,-0.014,0.108,1,
498,3,13.93,101.87,-1.432,0.964,0.0,-0.387,0.086,1,
499,0,74.2,84.3,-1.255,0.809,0.0,-0.898,0.071,8,12.5
499,1,91.29,43.71,1.265,0.744,0.0,-1.0,0.72,0,58.1
499,2,36.51,28.68,0.797,1.0,0.0,-0.019,0.108,1,
499,3,13.88,101.79,-1.518,0.987,0.0,-0.233,0.095,2,
500,0,74.26,84.29,-1.378,0.881,0.0,-0.705,0.057,1,12.5
500,1,91.54,44.51,1.126,0.831,0.0,-0.843,0.84,0,57.5
500,2,36.55,28.79,0.794,1.0,0.0,-0.022,0.108,2,
500,3,13.83,101.7,-1.586,0.997,0.0,-0.103,0.102,1,
501,0,74.3,84.29,-1.484,0.931,0.0,-0.535,0.044,8,12.5
501,1,91.96,45.38,1.004,0.894,0.0,-0.662,0.96,0,56.8
501,2,36.58,28.89,0.79,1.0,0.0,-0.025,0.109,1,
501,3,13.78,101.61,-1.637,1.0,0.0,0.003,0.106,2,
502,0,74.34,84.28,-1.573,0.963,0.0,-0.388,0.033,1,12.5
502,1,92.54,46.29,0.899,0.938,0.0,-0.504,1.08,0,55.8
502,2,36.62,28.99,0.786,1.0,0.0,-0.027,0.109,1,
502,3,13.73,101.51,-1.671,0.998,0.0,0.083,0.109,1,
503,0,74.36,84.28,-1.644,0.983,0.0,-0.265,0.022,1,12.5
503,1,93.29,47.23,0.812,0.967,0.0,-0.369,1.2,0,54.7
503,2,36.66,29.1,0.781,1.0,0.0,-0.029,0.109,1,
503,3,13.68,101.41,-1.687,0.995,0.0,0.139,0.111,1,
504,0,74.37,84.27,-1.698,0.993,0.0,-0.166,0.014,1,12.5
504,1,94.19,48.19,0.742,0.984,0.0,-0.255,1.32,0,53.5
504,2,36.69,29.2,0.776,1.0,0.0,-0.03,0.109,8,
504,3,13.63,101.31,-1.686,0.993,0.0,0.17,0.112,1,
505,0,74.38,84.27,-1.734,0.998,0.0,-0.091,0.008,8,12.5
505,1,95.26,49.16,0.69,0.993,0.0,-0.164,1.44,0,52.1
505,2,36.73,29.3,0.771,1.0,0.0,-0.031,0.109,1,
505,3,13.58,101.21,-1.667,0.992,0.0,0.177,0.113,1,
506,0,74.38,84.27,-1.752,1.0,0.0,-0.041,0.003,1,12.5
506,1,96.41,50.11,0.656,0.998,0.0,-0.097,1.497,0,50.6
506,2,36.77,29.4,0.766,1.0,0.0,-0.032,0.11,8,
506,3,13.53,101.11,-1.642,0.994,0.0,0.158,0.112,1,
507,0,74.38,84.27,-1.755,1.0,0.0,-0.014,0.001,1,12.5
507,1,97.6,51.03,0.639,0.999,0.0,-0.053,1.499,0,49.2
507,2,36.81,29.5,0.761,1.0,0.0,-0.033,0.11,1,
507,3,13.48,101.01,-1.621,0.996,0.0,0.131,0.112,1,
508,0,74.38,84.27,-1.756,1.0,0.0,-0.011,0.001,1,12.5
508,1,98.8,51.92,0.633,1.0,0.0,-0.035,1.5,0,47.7
508,2,36.86,29.6,0.756,1.0,0.0,-0.034,0.11,1,
508,3,13.43,100.91,-1.604,0.997,0.0,0.11,0.111,1,
509,0,74.39,84.27,-1.758,1.0,0.0,-0.009,0.001,1,12.5
509,1,100.01,52.81,0.627,1.0,0.0,-0.036,1.5,0,46.2
509,2,36.9,29.71,0.75,1.0,0.0,-0.034,0.11,1,
509,3,13.38,100.81,-1.589,0.998,0.0,0.093,0.111,1,
510,0,74.39,84.27,-1.759,1.0,0.0,-0.007,0.001,1,12.5
510,1,101.22,53.69,0.621,1.0,0.0,-0.04,1.499,0,44.8
510,2,36.94,29.81,0.745,1.0,0.0,-0.035,0.11,1,
510,3,13.34,100.71,-1.577,0.998,0.0,0.081,0.111,1,
511,0,74.39,84.27,-1.76,1.0,0.0,-0.006,0.0,1,12.5
511,1,102.44,54.56,0.614,0.999,0.0,-0.048,1.499,0,43.3
511,2,36.99,29.91,0.739,1.0,0.0,-0.035,0.11,1,
511,3,13.29,100.61,-1.566,0.999,0.0,0.071,0.11,2,
512,0,74.39,84.27,-1.761,1.0,0.0,-0.004,0.0,8,12.5
512,1,103.67,55.43,0.605,0.999,0.0,-0.058,1.499,0,41.8
512,2,37.04,30.01,0.734,1.0,0.0,-0.036,0.111,1,
512,3,13.25,100.51,-1.556,0.999,0.0,0.063,0.11,1,
513,0,74.39,84.27,-1.761,1.0,0.0,-0.003,0.0,8,12.5
513,1,104.9,56.28,0.594,0.999,0.0,-0.069,1.498,0,40.4
513,2,37.08,30.11,0.728,1.0,0.0,-0.036,0.111,8,
513,3,13.21,100.41,-1.547,0.999,0.0,0.057,0.11,1,
514,0,74.39,84.27,-1.761,1.0,0.0,-0.003,0.0,8,12.5
514,1,106.14,57.12,0.581,0.998,0.0,-0.082,1.498,0,38.9
514,2,37.13,30.21,0.722,1.0,0.0,-0.036,0.111,1,
514,3,13.17,100.3,-1.538,0.999,0.0,0.053,0.11,1,
515,0,74.39,84.27,-1.762,1.0,0.0,-0.002,0.0,1,12.5
515,1,107.39,57.94,0.566,0.998,0.0,-0.095,1.497,0,37.4
515,2,37.18,30.31,0.717,1.0,0.0,-0.036,0.111,8,
515,3,13.13,100.2,-1.531,0.999,0.0,0.049,0.11,2,
516,0,74.39,84.27,-1.762,1.0,0.0,-0.002,0.0,1,12.5
516,1,108.66,58.74,0.549,0.997,0.0,-0.108,1.496,0,36.0
516,2,37.23,30.41,0.711,1.0,0.0,-0.037,0.111,1,
516,3,13.09,100.1,-1.523,0.999,0.0,0.047,0.11,1,
517,0,74.39,84.27,-1.762,1.0,0.0,-0.001,0.0,8,12.5
517,1,109.93,59.52,0.53,0.996,0.0,-0.121,1.495,0,34.5
517,2,37.28,30.51,0.705,1.0,0.0,-0.037,0.111,8,
517,3,13.05,100.0,-1.516,1.0,0.0,0.045,0.11,1,
518,0,74.39,84.27,-1.762,1.0,0.0,-0.001,0.0,1,12.5
518,1,111.22,60.27,0.509,0.996,0.0,-0.131,1.494,0,33.0
518,2,37.33,30.61,0.699,1.0,0.0,-0.037,0.112,1,
518,3,13.01,99.89,-1.509,1.0,0.0,0.043,0.11,2,
519,0,74.39,84.27,-1.763,1.0,0.0,-0.001,0.0,1,12.5
519,1,112.52,61.0,0.487,0.995,0.0,-0.139,1.493,0,31.5
519,2,37.38,30.7,0.693,1.0,0.0,-0.037,0.112,8,
519,3,12.97,99.79,-1.503,1.0,0.0,0.042,0.11,2,
520,0,74.39,84.27,-1.763,0.0,0.0,0.0,0.0,0,
520,1,113.7,61.63,0.483,0.0,0.0,0.0,1.333,0,
520,2,37.44,30.8,0.688,1.0,0.0,-0.038,0.112,1,
520,3,12.93,99.68,-1.496,1.0,0.0,0.041,0.111,1,
521,0,74.39,84.27,-1.763,0.0,0.0,0.0,0.0,0,
521,1,114.74,62.17,0.483,0.0,0.0,0.0,1.173,0,
521,2,37.49,30.9,0.682,1.0,0.0,-0.038,0.112,1,
521,3,12.9,99.58,-1.49,1.0,0.0,0.04,0.111,1,
522,0,74.39,84.27,-1.763,0.0,0.0,0.0,0.0,0,
522,1,115.64,62.64,0.483,0.0,0.0,0.0,1.013,0,
522,2,37.55,31.0,0.676,1.0,0.0,-0.038,0.112,8,
522,3,12.86,99.47,-1.484,1.0,0.0,0.04,0.111,1,
523,0,74.39,84.27,-1.763,0.0,0.0,0.0,0.0,0,
523,1,116.39,63.04,0.483,0.0,0.0,0.0,0.853,0,
523,2,37.6,31.09,0.67,1.0,0.0,-0.038,0.112,8,
523,3,12.83,99.37,-1.478,1.0,0.0,0.04,0.111,1,
524,0,74.39,84.27,-1.763,0.0,0.0,0.0,0.0,0,
524,1,117.01,63.36,0.483,0.0,0.0,0.0,0.693,0,
524,2,37.66,31.19,0.664,1.0,0.0,-0.038,0.112,8,
524,3,12.8,99.26,-1.471,1.0,0.0,0.039,0.111,1,
525,0,74.39,84.27,-1.763,0.0,0.0,0.0,0.0,0,
525,1,117.48,63.61,0.483,0.0,0.0,0.0,0.533,0,
525,2,37.72,31.29,0.658,1.0,0.0,-0.039,0.112,8,
525,3,12.77,99.16,-1.465,1.0,0.0,0.039,0.111,1,
526,0,74.39,84.27,-1.763,0.0,0.0,0.0,0.0,0,
526,1,117.81,63.78,0.483,0.0,0.0,0.0,0.373,0,
526,2,37.78,31.38,0.652,1.0,0.0,-0.039,0.113,1,
526,3,12.73,99.05,-1.459,1.0,0.0,0.039,0.111,1,
527,0,74.39,84.27,-1.763,0.0,0.0,0.0,0.0,0,
527,1,118.0,63.88,0.483,0.0,0.0,0.0,0.213,0,
527,2,37.84,31.48,0.645,1.0,0.0,-0.039,0.113,1,
527,3,12.7,98.94,-1.453,1.0,0.0,0.039,0.111,1,
528,0,74.39,84.27,-1.763,0.0,0.0,0.0,0.0,0,
528,1,118.04,63.9,0.483,0.0,0.0,0.0,0.053,0,
528,2,37.9,31.57,0.639,1.0,0.0,-0.039,0.113,8,
528,3,12.68,98.83,-1.447,1.0,0.0,0.039,0.112,2,
529,0,74.39,84.27,-1.763,0.0,0.0,0.0,0.0,0,
529,1,118.04,63.9,0.483,0.0,0.0,0.0,0.0,0,
529,2,37.96,31.67,0.633,1.0,0.0,-0.039,0.113,8,
529,3,12.65,98.73,-1.44,1.0,0.0,0.039,0.112,1,
530,0,74.39,84.27,-1.763,0.0,0.0,0.0,0.0,0,
530,1,118.04,63.9,0.483,0.0,0.0,0.0,0.0,0,
530,2,38.03,31.76,0.627,1.0,0.0,-0.039,0.113,8,
530,3,12.62,98.62,-1.434,1.0,0.0,0.039,0.112,1,
531,0,74.39,84.27,-1.763,0.0,0.0,0.0,0.0,0,
531,1,118.04,63.9,0.483,0.0,0.0,0.0,0.0,0,
531,2,38.09,31.85,0.621,1.0,0.0,-0.04,0.113,1,
531,3,12.59,98.51,-1.428,1.0,0.0,0.04,0.112,1,
532,0,74.39,84.27,-1.763,0.0,0.0,0.0,0.0,0,
532,1,118.04,63.9,0.483,0.0,0.0,0.0,0.0,0,
532,2,38.15,31.95,0.614,1.0,0.0,-0.04,0.113,1,
532,3,12.57,98.4,-1.422,1.0,0.0,0.04,0.112,1,
533,0,74.39,84.27,-1.763,0.0,0.0,0.0,0.0,0,
533,1,118.04,63.9,0.483,0.0,0.0,0.0,0.0,0,
533,2,38.22,32.04,0.608,1.0,0.0,-0.04,0.113,8,
533,3,12.54,98.29,-1.416,1.0,0.0,0.04,0.112,1,
534,0,74.39,84.27,-1.763,0.0,0.0,0.0,0.0,0,
534,1,118.04,63.9,0.483,0.0,0.0,0.0,0.0,0,
534,2,38.29,32.13,0.602,1.0,0.0,-0.04,0.113,8,
534,3,12.52,98.18,-1.409,1.0,0.0,0.04,0.112,1,
535,0,74.39,84.27,-1.763,0.0,0.0,0.0,0.0,0,
535,1,118.04,63.9,0.483,0.0,0.0,0.0,0.0,0,
535,2,38.35,32.22,0.596,1.0,0.0,-0.04,0.114,1,
535,3,12.5,98.07,-1.403,1.0,0.0,0.04,0.112,1,
536,0,74.39,84.27,-1.763,0.0,0.0,0.0,0.0,0,
536,1,118.04,63.9,0.483,0.0,0.0,0.0,0.0,0,
536,2,38.42,32.31,0.589,1.0,0.0,-0.04,0.114,1,
536,3,12.48,97.96,-1.397,1.0,0.0,0.04,0.112,1,
537,0,74.39,84.27,-1.763,0.0,0.0,0.0,0.0,0,
537,1,118.04,63.9,0.483,0.0,0.0,0.0,0.0,0,
537,2,38.49,32.4,0.583,1.0,0.0,-0.041,0.114,8,
537,3,12.46,97.85,-1.39,1.0,0.0,0.04,0.113,1,
538,0,74.39,84.27,-1.763,0.0,0.0,0.0,0.0,0,
538,1,118.04,63.9,0.483,0.0,0.0,0.0,0.0,0,
538,2,38.56,32.49,0.576,1.0,0.0,-0.041,0.114,1,
538,3,12.44,97.74,-1.384,1.0,0.0,0.04,0.113,1,
539,0,74.39,84.27,-1.763,0.0,0.0,0.0,0.0,0,
539,1,118.04,63.9,0.483,0.0,0.0,0.0,0.0,0,
539,2,38.63,32.58,0.57,1.0,0.0,-0.041,0.114,8,
539,3,12.42,97.63,-1.378,1.0,0.0,0.041,0.113,1,
540,0,74.39,84.27,-1.763,0.0,0.0,0.0,0.0,0,
540,1,118.04,63.9,0.483,0.0,0.0,0.0,0.0,0,
540,2,38.7,32.67,0.564,1.0,0.0,-0.041,0.114,8,
540,3,12.4,97.51,-1.371,1.0,0.0,0.041,0.113,1,
541,0,74.39,84.27,-1.763,0.0,0.0,0.0,0.0,0,
541,1,118.04,63.9,0.483,0.0,0.0,0.0,0.0,0,
541,2,38.78,32.76,0.557,1.0,0.0,-0.041,0.114,1,
541,3,12.38,97.4,-1.365,1.0,0.0,0.041,0.113,1,
542,0,74.39,84.27,-1.763,0.0,0.0,0.0,0.0,0,
542,1,118.04,63.9,0.483,0.0,0.0,0.0,0.0,0,
542,2,38.85,32.85,0.551,1.0,0.0,-0.041,0.114,1,
542,3,12.37,97.29,-1.358,1.0,0.0,0.041,0.113,1,
543,0,74.39,84.27,-1.763,0.0,0.0,0.0,0.0,0,
543,1,118.04,63.9,0.483,0.0,0.0,0.0,0.0,0,
543,2,38.92,32.93,0.544,1.0,0.0,-0.041,0.114,1,
543,3,12.35,97.18,-1.352,1.0,0.0,0.041,0.113,2,
544,0,74.39,84.27,-1.763,0.0,0.0,0.0,0.0,0,
544,1,118.04,63.9,0.483,0.0,0.0,0.0,0.0,0,
544,2,39.0,33.02,0.538,1.0,0.0,-0.041,0.114,1,
544,3,12.34,97.07,-1.346,1.0,0.0,0.041,0.113,1,
545,0,74.39,84.27,-1.763,0.0,0.0,0.0,0.0,0,
545,1,118.04,63.9,0.483,0.0,0.0,0.0,0.0,0,
545,2,39.08,33.11,0.531,1.0,0.0,-0.042,0.115,1,
545,3,12.33,96.95,-1.339,1.0,0.0,0.041,0.113,1,
546,0,74.39,84.27,-1.763,0.0,0.0,0.0,0.0,0,
546,1,118.04,63.9,0.483,0.0,0.0,0.0,0.0,0,
546,2,39.15,33.19,0.525,1.0,0.0,-0.042,0.115,1,
546,3,12.32,96.84,-1.333,1.0,0.0,0.041,0.114,1,
547,0,74.39,84.27,-1.763,0.0,0.0,0.0,0.0,0,
547,1,118.04,63.9,0.483,0.0,0.0,0.0,0.0,0,
547,2,39.23,33.28,0.518,1.0,0.0,-0.042,0.115,1,
547,3,12.3,96.73,-1.326,1.0,0.0,0.042,0.114,2,
548,0,74.39,84.27,-1.763,0.0,0.0,0.0,0.0,0,
548,1,118.04,63.9,0.483,0.0,0.0,0.0,0.0,0,
548,2,39.31,33.36,0.511,1.0,0.0,-0.042,0.115,1,
548,3,12.3,96.61,-1.319,1.0,0.0,0.042,0.114,1,
549,0,74.39,84.27,-1.763,0.0,0.0,0.0,0.0,0,
549,1,118.04,63.9,0.483,0.0,0.0,0.0,0.0,0,
549,2,39.39,33.44,0.505,1.0,0.0,-0.042,0.115,1,
549,3,12.29,96.5,-1.313,1.0,0.0,0.042,0.114,1,
550,0,74.39,84.27,-1.763,0.0,0.0,0.0,0.0,0,
550,1,118.04,63.9,0.483,0.0,0.0,0.0,0.0,0,
550,2,39.47,33.52,0.498,1.0,0.0,-0.042,0.115,1,
550,3,12.28,96.39,-1.306,1.0,0.0,0.042,0.114,1,
551,0,74.39,84.27,-1.763,0.0,0.0,0.0,0.0,0,
551,1,118.04,63.9,0.483,0.0,0.0,0.0,0.0,0,
551,2,39.55,33.61,0.492,1.0,0.0,-0.042,0.115,1,
551,3,12.27,96.27,-1.3,1.0,0.0,0.042,0.114,1,
552,0,74.39,84.27,-1.763,0.0,0.0,0.0,0.0,0,
552,1,118.04,63.9,0.483,0.0,0.0,0.0,0.0,0,
552,2,39.63,33.69,0.485,1.0,0.0,-0.042,0.115,1,
552,3,12.27,96.16,-1.293,1.0,0.0,0.042,0.114,1,
553,0,74.39,84.27,-1.763,0.0,0.0,0.0,0.0,0,
553,1,118.04,63.9,0.483,0.0,0.0,0.0,0.0,0,
553,2,39.72,33.77,0.478,1.0,0.0,-0.042,0.115,8,
553,3,12.26,96.04,-1.286,1.0,0.0,0.042,0.114,2,
554,0,74.39,84.27,-1.763,0.0,0.0,0.0,0.0,0,
554,1,118.04,63.9,0.483,0.0,0.0,0.0,0.0,0,
554,2,39.8,33.85,0.472,1.0,0.0,-0.043,0.115,8,
554,3,12.26,95.93,-1.28,1.0,0.0,0.042,0.114,1,
555,0,74.39,84.27,-1.763,0.0,0.0,0.0,0.0,0,
555,1,118.04,63.9,0.483,0.0,0.0,0.0,0.0,0,
555,2,39.88,33.93,0.465,1.0,0.0,-0.043,0.115,1,
555,3,12.26,95.82,-1.273,1.0,0.0,0.043,0.114,1,
556,0,74.39,84.27,-1.763,0.0,0.0,0.0,0.0,0,
556,1,118.04,63.9,0.483,0.0,0.0,0.0,0.0,0,
556,2,39.97,34.0,0.458,1.0,0.0,-0.043,0.116,8,
556,3,12.26,95.7,-1.266,1.0,0.0,0.043,0.114,1,
557,0,74.39,84.27,-1.763,0.0,0.0,0.0,0.0,0,
557,1,118.04,63.9,0.483,0.0,0.0,0.0,0.0,0,
557,2,40.05,34.08,0.452,1.0,0.0,-0.043,0.116,8,
557,3,12.26,95.59,-1.26,1.0,0.0,0.043,0.115,1,
558,0,74.39,84.27,-1.763,0.0,0.0,0.0,0.0,0,
558,1,118.04,63.9,0.483,0.0,0.0,0.0,0.0,0,
558,2,40.14,34.16,0.445,1.0,0.0,-0.043,0.116,1,
558,3,12.26,95.47,-1.253,1.0,0.0,0.043,0.115,2,
559,0,74.39,84.27,-1.763,0.0,0.0,0.0,0.0,0,
559,1,118.04,63.9,0.483,0.0,0.0,0.0,0.0,0,
559,2,40.23,34.23,0.438,1.0,0.0,-0.043,0.116,1,
559,3,12.26,95.36,-1.246,1.0,0.0,0.043,0.115,1,
560,0,74.39,84.27,-1.763,1.0,0.0,-0.001,0.0,1,12.5
560,1,118.15,63.96,0.501,0.498,0.0,1.0,0.12,0,31.7
560,2,40.32,34.31,0.414,0.957,0.0,-0.42,0.116,1,
560,3,12.26,95.36,-1.222,0.0,0.0,1.0,0.0,0,
561,0,74.39,84.27,-1.763,1.0,0.0,-0.0,0.0,1,12.5
561,1,118.36,64.07,0.536,0.51,0.0,1.0,0.24,0,31.6
561,2,40.41,34.38,0.372,0.962,0.0,-0.393,0.115,1,
561,3,12.26,95.36,-1.18,0.0,0.0,1.0,0.0,0,
562,0,74.39,84.27,-1.763,1.0,0.0,-0.0,0.0,1,12.5
562,1,118.67,64.26,0.588,0.534,0.0,1.0,0.36,0,31.4
562,2,40.49,34.46,0.319,0.972,0.0,-0.341,0.114,1,
562,3,12.26,95.36,-1.121,0.0,0.0,1.0,0.0,0,
563,0,74.39,84.27,-1.763,1.0,0.0,-0.0,0.0,8,12.5
563,1,119.07,64.52,0.658,0.57,0.0,1.0,0.48,0,31.1
563,2,40.58,34.53,0.276,0.982,0.0,-0.273,0.113,8,
563,3,12.26,95.36,-1.044,0.0,0.0,1.0,0.0,0,
564,0,74.39,84.27,-1.763,1.0,0.0,-0.0,0.0,1,12.5
564,1,119.54,64.89,0.746,0.616,0.0,1.0,0.6,0,30.7
564,2,40.67,34.6,0.241,0.988,0.0,-0.219,0.111,1,
564,3,12.26,95.36,-0.95,0.0,0.0,1.0,0.0,0,
565,0,74.39,84.27,-1.763,1.0,0.0,-0.0,0.0,1,12.5
565,1,120.07,65.38,0.851,0.671,0.0,1.0,0.72,0,30.3
565,2,40.76,34.66,0.213,0.992,0.0,-0.178,0.11,1,
565,3,12.26,95.36,-0.838,0.0,0.0,1.0,0.0,0,
566,0,74.39,84.27,-1.763,1.0,0.0,-0.0,0.0,8,12.5
566,1,120.63,66.01,0.973,0.733,0.0,1.0,0.84,0,29.6
566,2,40.84,34.73,0.191,0.995,0.0,-0.145,0.109,1,
566,3,12.26,95.36,-0.709,0.0,0.0,1.0,0.0,0,
567,0,74.39,84.27,-1.763,1.0,0.0,-0.0,0.0,8,12.5
567,1,121.17,66.8,1.113,0.8,0.0,0.92,0.96,0,28.9
567,2,40.93,34.79,0.172,0.996,0.0,-0.12,0.108,8,
567,3,12.26,95.36,-0.562,0.0,0.0,1.0,0.0,0,
568,0,74.39,84.27,-1.763,1.0,0.0,-0.0,0.0,8,12.5
568,1,121.64,67.77,1.236,0.866,0.0,0.749,1.08,0,28.0
568,2,41.01,34.86,0.156,0.998,0.0,-0.101,0.108,1,
568,3,12.26,95.36,-0.405,0.0,0.0,1.0,0.0,0,
569,0,74.39,84.27,-1.763,1.0,0.0,-0.0,0.0,1,12.5
569,1,122.04,68.91,1.341,0.913,0.0,0.602,1.2,0,26.9
569,2,41.1,34.92,0.142,0.998,0.0,-0.086,0.107,1,
569,3,12.26,95.36,-0.248,0.0,0.0,1.0,0.0,0,
570,0,74.39,84.27,-1.763,1.0,0.0,-0.0,0.0,1,12.5
570,1,122.34,70.19,1.428,0.945,0.0,0.478,1.32,0,25.6
570,2,41.19,34.98,0.131,0.999,0.0,-0.074,0.107,1,
570,3,12.26,95.33,-0.091,0.076,0.0,1.0,0.03,1,
571,0,74.39,84.27,-1.763,1.0,0.0,-0.0,0.0,1,12.5
571,1,122.54,71.62,1.498,0.965,0.0,0.377,1.44,0,24.2
571,2,41.28,35.04,0.121,0.999,0.0,-0.065,0.107,1,
571,3,12.26,95.31,0.066,0.229,0.0,1.0,0.014,1,
572,0,74.39,84.27,-1.763,1.0,0.0,-0.0,0.0,1,12.5
572,1,122.65,73.08,1.551,0.978,0.0,0.299,1.467,0,22.8
572,2,41.36,35.1,0.111,0.999,0.0,-0.058,0.107,1,
572,3,12.26,95.32,0.223,0.378,0.0,1.0,0.005,1,
573,0,74.39,84.27,-1.763,1.0,0.0,-0.0,0.0,1,12.5
573,1,122.68,74.56,1.589,0.986,0.0,0.243,1.478,0,21.3
573,2,41.45,35.16,0.103,0.999,0.0,-0.052,0.107,8,
573,3,12.26,95.34,0.38,0.518,0.0,1.0,0.024,1,
574,0,74.39,84.27,-1.763,1.0,0.0,-0.0,0.0,1,12.5
574,1,122.65,76.04,1.621,0.99,0.0,0.205,1.485,0,19.9
574,2,41.54,35.22,0.096,0.999,0.0,-0.048,0.107,1,
574,3,12.26,95.38,0.538,0.647,0.0,1.0,0.042,2,
575,0,74.39,84.27,-1.763,1.0,0.0,-0.0,0.0,1,12.5
575,1,122.58,77.53,1.648,0.993,0.0,0.175,1.489,0,18.4
575,2,41.63,35.28,0.089,1.0,0.0,-0.045,0.107,1,
575,3,12.26,95.44,0.695,0.76,0.0,1.0,0.06,1,
576,0,74.39,84.27,-1.763,1.0,0.0,-0.0,0.0,8,12.5
576,1,122.46,79.02,1.672,0.995,0.0,0.149,1.492,0,16.9
576,2,41.72,35.34,0.082,1.0,0.0,-0.043,0.107,1,
576,3,12.26,95.52,0.834,0.854,0.0,0.782,0.076,1,
577,0,74.39,84.27,-1.763,1.0,0.0,-0.0,0.0,1,12.5
577,1,122.31,80.5,1.692,0.996,0.0,0.129,1.494,0,15.4
577,2,41.81,35.39,0.076,1.0,0.0,-0.041,0.107,1,
577,3,12.26,95.61,0.956,0.92,0.0,0.576,0.089,1,
578,0,74.39,84.27,-1.763,1.0,0.0,-0.0,0.0,1,12.5
578,1,122.13,81.99,1.71,0.997,0.0,0.113,1.495,0,13.9
578,2,41.9,35.45,0.069,1.0,0.0,-0.039,0.107,1,
578,3,12.26,95.71,1.061,0.962,0.0,0.394,0.099,1,
579,0,74.39,84.27,-1.763,1.0,0.0,-0.0,0.0,8,12.5
579,1,121.95,83.31,1.71,0.321,0.0,-1.0,1.335,0,22.4
579,2,42.0,35.5,0.063,1.0,0.0,-0.038,0.107,1,
579,3,12.26,95.81,1.148,0.986,0.0,0.237,0.106,1,
580,0,74.39,84.27,-1.763,1.0,0.0,-0.0,0.0,1,12.5
580,1,122.02,83.43,1.693,0.176,0.0,-1.0,0.144,1,22.3
580,2,42.09,35.56,0.058,1.0,0.0,-0.037,0.107,1,
580,3,12.26,95.92,1.218,0.997,0.0,0.103,0.111,1,
581,0,74.39,84.27,-1.763,1.0,0.0,-0.0,0.0,1,12.5
581,1,122.03,83.44,1.658,0.185,0.0,-1.0,0.012,2,22.3
581,2,42.18,35.61,0.052,1.0,0.0,-0.037,0.107,1,
581,3,12.26,96.04,1.27,1.0,0.0,-0.006,0.114,1,
582,0,74.39,84.27,-1.763,1.0,0.0,-0.0,0.0,8,12.5
582,1,122.05,83.44,1.606,0.219,0.0,-1.0,0.017,8,22.3
582,2,42.28,35.67,0.046,1.0,0.0,-0.036,0.108,1,
582,3,12.27,96.15,1.304,0.998,0.0,-0.09,0.116,1,
583,0,74.39,84.27,-1.763,1.0,0.0,-0.0,0.0,8,12.5
583,1,122.07,83.45,1.536,0.271,0.0,-1.0,0.023,8,22.3
583,2,42.37,35.72,0.04,1.0,0.0,-0.036,0.108,1,
583,3,12.27,96.27,1.321,0.995,0.0,-0.149,0.117,1,
584,0,74.39,84.27,-1.763,1.0,0.0,-0.0,0.0,1,12.5
584,1,122.1,83.45,1.449,0.338,0.0,-1.0,0.031,8,22.2
584,2,42.46,35.77,0.035,1.0,0.0,-0.036,0.108,1,
584,3,12.28,96.39,1.321,0.992,0.0,-0.183,0.118,1,
585,0,74.39,84.27,-1.763,1.0,0.0,-0.0,0.0,1,12.5
585,1,122.14,83.46,1.344,0.42,0.0,-1.0,0.042,8,22.2
585,2,42.56,35.82,0.029,1.0,0.0,-0.036,0.108,1,
585,3,12.29,96.51,1.303,0.991,0.0,-0.193,0.118,1,
586,0,74.39,84.27,-1.763,1.0,0.0,-0.0,0.0,1,12.5
586,1,122.19,83.48,1.221,0.514,0.0,-1.0,0.054,8,22.1
586,2,42.66,35.87,0.024,1.0,0.0,-0.036,0.108,1,
586,3,12.3,96.62,1.275,0.992,0.0,-0.177,0.118,1,
587,0,74.39,84.27,-1.763,1.0,0.0,-0.0,0.0,1,12.5
587,1,122.26,83.49,1.082,0.617,0.0,-1.0,0.067,1,22.1
587,2,42.75,35.92,0.018,1.0,0.0,-0.036,0.108,8,
587,3,12.31,96.74,1.252,0.995,0.0,-0.148,0.117,2,
588,0,74.39,84.27,-1.763,1.0,0.0,-0.0,0.0,1,12.5
588,1,122.34,83.51,0.924,0.722,0.0,-1.0,0.081,1,22.0
588,2,42.85,35.97,0.012,1.0,0.0,-0.036,0.109,1,
588,3,12.32,96.86,1.232,0.996,0.0,-0.125,0.117,1,
589,0,74.39,84.27,-1.763,1.0,0.0,-0.0,0.0,1,12.5
589,1,122.43,83.53,0.785,0.823,0.0,-0.862,0.094,1,21.9
589,2,42.95,36.01,0.007,1.0,0.0,-0.036,0.109,1,
589,3,12.33,96.97,1.216,0.997,0.0,-0.107,0.117,1,
590,0,74.39,84.27,-1.763,1.0,0.0,-0.0,0.0,1,12.5
590,1,122.53,83.56,0.663,0.864,0.0,-0.753,0.104,8,21.8
590,2,43.05,36.06,0.001,1.0,0.0,-0.036,0.109,8,
590,3,12.34,97.09,1.201,0.998,0.0,-0.093,0.117,1,
591,0,74.39,84.27,-1.763,1.0,0.0,-0.0,0.0,8,12.5
591,1,122.64,83.59,0.558,0.922,0.0,-0.567,0.111,8,21.7
591,2,43.14,36.11,-0.005,1.0,0.0,-0.036,0.109,1,
591,3,12.36,97.21,1.188,0.998,0.0,-0.082,0.116,1,
592,0,74.39,84.27,-1.763,1.0,0.0,-0.0,0.0,8,12.5
592,1,122.75,83.62,0.471,0.96,0.0,-0.405,0.116,1,21.6
592,2,43.24,36.15,-0.01,1.0,0.0,-0.036,0.109,1,
592,3,12.37,97.32,1.177,0.999,0.0,-0.073,0.116,1,
593,0,74.39,84.27,-1.763,1.0,0.0,-0.0,0.0,8,12.5
593,1,122.86,83.66,0.402,0.983,0.0,-0.267,0.118,1,21.5
593,2,43.34,36.2,-0.016,1.0,0.0,-0.036,0.109,8,
593,3,12.39,97.44,1.166,0.999,0.0,-0.067,0.116,1,
594,0,74.39,84.27,-1.763,1.0,0.0,-0.0,0.0,1,12.5
594,1,122.98,83.69,0.35,0.994,0.0,-0.154,0.119,1,21.4
594,2,43.44,36.24,-0.022,1.0,0.0,-0.036,0.109,1,
594,3,12.41,97.55,1.156,0.999,0.0,-0.062,0.116,1,
595,0,74.39,84.27,-1.763,1.0,0.0,-0.0,0.0,8,12.5
595,1,123.09,83.73,0.315,0.999,0.0,-0.066,0.12,8,21.3
595,2,43.55,36.28,-0.028,1.0,0.0,-0.037,0.11,8,
595,3,12.42,97.67,1.147,0.999,0.0,-0.058,0.116,1,
596,0,74.39,84.27,-1.763,1.0,0.0,-0.0,0.0,1,12.5
596,1,123.2,83.77,0.298,1.0,0.0,-0.003,0.12,0,21.1
596,2,43.65,36.33,-0.033,1.0,0.0,-0.037,0.11,8,
596,3,12.44,97.78,1.139,0.999,0.0,-0.055,0.116,1,
597,0,74.39,84.27,-1.763,1.0,0.0,-0.0,0.0,8,12.5
597,1,123.43,83.84,0.298,1.0,0.0,0.035,0.24,0,20.9
597,2,43.75,36.37,-0.039,1.0,0.0,-0.037,0.11,2,
597,3,12.46,97.9,1.13,0.999,0.0,-0.053,0.116,2,
598,0,74.39,84.27,-1.763,1.0,0.0,-0.0,0.0,1,12.5
598,1,123.78,83.94,0.308,0.999,0.0,0.062,0.36,0,20.6
598,2,43.85,36.41,-0.045,1.0,0.0,-0.037,0.11,1,
598,3,12.49,98.01,1.122,0.999,0.0,-0.051,0.116,1,
599,0,74.39,84.27,-1.763,1.0,0.0,-0.0,0.0,1,12.5
599,1,124.23,84.09,0.322,0.998,0.0,0.089,0.48,0,20.1
599,2,43.95,36.45,-0.051,1.0,0.0,-0.037,0.11,1,
599,3,12.51,98.12,1.115,0.999,0.0,-0.049,0.116,1,
600,0,74.39,84.27,-1.781,0.0,0.0,-1.0,0.0,0,61.3
600,1,124.8,84.28,0.341,0.996,0.0,0.123,0.6,0,19.5
600,2,43.95,36.45,-0.074,0.0,0.0,-1.0,0.0,0,
600,3,12.53,98.24,1.107,0.999,0.0,-0.048,0.116,1,
601,0,74.39,84.27,-1.816,0.017,0.0,-1.0,0.0,8,61.2
601,1,125.48,84.52,0.367,0.993,0.0,0.163,0.72,0,18.8
601,2,43.95,36.45,-0.115,0.0,0.0,-1.0,0.0,0,
601,3,12.56,98.35,1.1,0.999,0.0,-0.047,0.116,1,
602,0,74.38,84.27,-1.868,0.053,0.0,-1.0,0.004,8,61.2
602,1,126.27,84.82,0.399,0.99,0.0,0.207,0.84,0,18.0
602,2,43.95,36.45,-0.173,0.0,0.0,-1.0,0.0,0,
602,3,12.58,98.46,1.092,0.999,0.0,-0.047,0.117,2,
603,0,74.37,84.27,-1.938,0.105,0.0,-1.0,0.013,1,61.2
603,1,127.15,85.19,0.439,0.984,0.0,0.253,0.96,0,17.1
603,2,43.95,36.45,-0.249,0.0,0.0,-1.0,0.0,0,
603,3,12.61,98.58,1.085,0.999,0.0,-0.046,0.117,1,
604,0,74.35,84.28,-2.026,0.175,0.0,-1.0,0.021,1,61.2
604,1,128.13,85.65,0.486,0.978,0.0,0.299,1.08,0,16.0
604,2,43.95,36.45,-0.343,0.0,0.0,-1.0,0.0,0,
604,3,12.64,98.69,1.078,0.999,0.0,-0.046,0.117,2,
605,0,74.32,84.28,-2.131,0.262,0.0,-1.0,0.032,8,61.2
605,1,128.94,86.08,0.551,0.0,0.0,1.0,0.92,0,15.1
605,2,43.95,36.45,-0.453,0.0,0.0,-1.0,0.0,0,
605,3,12.67,98.8,1.071,0.999,0.0,-0.045,0.117,1,
606,0,74.28,84.29,-2.253,0.365,0.0,-1.0,0.044,8,61.2
606,1,129.83,86.63,0.598,0.991,0.0,0.187,1.04,0,14.1
606,2,43.95,36.45,-0.582,0.0,0.0,-1.0,0.0,0,
606,3,12.7,98.92,1.064,1.0,0.0,-0.045,0.117,1,
607,0,74.22,84.3,-2.393,0.479,0.0,-1.0,0.058,8,61.1
607,1,130.79,87.28,0.627,0.996,0.0,0.134,1.16,0,13.0
607,2,43.95,36.45,-0.728,0.0,0.0,-1.0,0.0,0,
607,3,12.73,99.03,1.057,1.0,0.0,-0.045,0.117,1,
608,0,74.15,84.31,-2.55,0.6,0.0,-1.0,0.073,1,61.1
608,1,131.82,88.03,0.643,0.997,0.0,0.103,1.28,0,11.7
608,2,43.95,36.45,-0.885,0.0,0.0,-1.0,0.0,0,
608,3,12.76,99.14,1.05,1.0,0.0,-0.045,0.117,2,
609,0,74.06,84.33,-2.707,0.722,0.0,-1.0,0.087,8,61.0
609,1,132.94,88.87,0.658,0.998,0.0,0.091,1.4,0,10.3
609,2,43.95,36.45,-1.042,0.0,0.0,-1.0,0.0,0,
609,3,12.8,99.25,1.043,1.0,0.0,-0.044,0.117,2,
610,0,73.96,84.34,-2.847,0.825,0.0,-0.857,0.1,8,61.0
610,1,133.92,89.63,0.69,0.0,0.0,1.0,1.24,0,15.9
610,2,43.95,36.45,-1.199,0.0,0.0,-1.0,0.0,0,
610,3,12.83,99.37,1.036,1.0,0.0,-0.044,0.117,1,
611,0,73.86,84.36,-2.969,0.899,0.0,-0.646,0.108,1,60.9
611,1,134.76,90.32,0.739,0.0,0.0,1.0,1.08,0,16.4
611,2,43.95,36.45,-1.356,0.0,0.0,-1.0,0.0,0,
611,3,12.87,99.48,1.029,1.0,0.0,-0.044,0.117,2,
612,0,73.74,84.38,-3.073,0.949,0.0,-0.46,0.114,1,60.8
612,1,135.44,90.94,0.806,0.0,0.0,1.0,0.92,0,16.9
612,2,43.94,36.44,-1.513,0.091,0.0,-1.0,0.018,8,
612,3,12.9,99.59,1.022,1.0,0.0,-0.044,0.117,1,
613,0,73.63,84.39,3.123,0.978,0.0,-0.297,0.118,1,60.7
613,1,135.96,91.48,0.89,0.0,0.0,1.0,0.76,0,17.2
613,2,43.9,36.43,-1.67,0.246,0.0,-1.0,0.036,1,
613,3,12.94,99.7,1.015,1.0,0.0,-0.044,0.117,1,
614,0,73.51,84.41,3.053,0.994,0.0,-0.159,0.119,1,60.6
614,1,136.34,91.95,0.992,0.0,0.0,1.0,0.6,0,17.5
614,2,43.85,36.41,-1.827,0.395,0.0,-1.0,0.054,8,
614,3,12.98,99.81,1.008,1.0,0.0,-0.044,0.117,2,
615,0,73.39,84.42,3.001,0.999,0.0,-0.046,0.12,1,60.5
615,1,136.5,92.32,1.112,0.0,0.0,1.0,0.401,1,17.6
615,2,43.79,36.38,-1.984,0.535,0.0,-1.0,0.071,8,
615,3,13.02,99.92,1.001,1.0,0.0,-0.044,0.117,1,
616,0,73.27,84.44,2.966,1.0,0.0,0.042,0.12,0,60.4
616,1,136.5,92.32,1.248,0.0,0.0,1.0,0.0,0,17.6
616,2,43.71,36.35,-2.141,0.662,0.0,-1.0,0.086,8,
616,3,13.06,100.03,0.994,1.0,0.0,-0.044,0.117,2,
617,0,73.03,84.48,2.949,0.997,0.0,0.105,0.24,0,60.3
617,1,136.5,92.32,1.403,0.0,0.0,1.0,0.0,0,17.6
617,2,43.62,36.31,-2.296,0.772,0.0,-0.985,0.098,8,
617,3,13.1,100.14,0.988,1.0,0.0,-0.044,0.117,1,
618,0,72.68,84.55,2.95,0.994,0.0,0.157,0.36,0,60.0
618,1,136.5,92.35,1.56,0.021,0.0,1.0,0.031,1,17.6
618,2,43.52,36.27,-2.433,0.861,0.0,-0.761,0.108,1,
618,3,13.14,100.25,0.981,1.0,0.0,-0.043,0.118,2,
619,0,72.21,84.64,2.968,0.991,0.0,0.197,0.48,0,59.7
619,1,136.5,92.47,1.717,0.176,0.0,1.0,0.12,1,17.5
619,2,43.41,36.23,-2.553,0.923,0.0,-0.563,0.115,1,
619,3,13.19,100.36,0.974,1.0,0.0,-0.043,0.118,3,
620,0,71.62,84.75,3.003,0.988,0.0,0.225,0.6,0,59.3
620,1,136.48,92.59,1.874,0.321,0.0,1.0,0.12,0,17.5
620,2,43.3,36.18,-2.655,0.963,0.0,-0.389,0.118,1,
620,3,13.23,100.47,0.967,1.0,0.0,-0.043,0.118,1,
621,0,70.9,84.84,3.041,0.986,0.0,0.241,0.72,0,58.8
621,1,136.41,92.82,2.031,0.46,0.0,1.0,0.24,0,17.4
621,2,43.19,36.13,-2.74,0.986,0.0,-0.241,0.12,1,
621,3,13.28,100.58,0.96,1.0,0.0,-0.043,0.118,1,
622,0,70.07,84.93,3.083,0.983,0.0,0.265,0.84,0,58.2
622,1,136.25,93.14,2.188,0.583,0.0,1.0,0.36,0,17.2
622,2,43.08,36.08,-2.807,0.997,0.0,-0.118,0.12,0,
622,3,13.33,100.68,0.954,1.0,0.0,-0.043,0.118,1,
623,0,69.11,84.99,3.129,0.979,0.0,0.296,0.96,0,57.5
623,1,135.97,93.53,2.345,0.691,0.0,1.0,0.48,0,16.9
623,2,42.86,36.0,-2.857,1.0,0.0,-0.019,0.24,0,
623,3,13.37,100.79,0.947,1.0,0.0,-0.043,0.118,1,
624,0,68.03,85.0,-3.102,0.973,0.0,0.331,1.08,0,56.7
624,1,135.55,93.96,2.496,0.783,0.0,0.96,0.6,0,16.4
624,2,42.51,35.9,-2.889,0.999,0.0,0.061,0.36,0,
624,3,13.42,100.9,0.94,1.0,0.0,-0.043,0.118,2,
625,0,66.83,84.95,-3.033,0.89,0.0,0.676,1.2,0,55.7
625,1,134.98,94.39,2.629,0.856,0.0,0.777,0.72,0,15.8
625,2,42.05,35.78,-2.903,0.996,0.0,0.125,0.48,0,
625,3,13.47,101.0,0.934,1.0,0.0,-0.043,0.118,1,
626,0,65.52,84.81,-2.946,0.886,0.0,0.689,1.32,0,54.7
626,1,134.25,94.8,2.745,0.907,0.0,0.62,0.84,0,15.0
626,2,41.46,35.64,-2.901,0.993,0.0,0.173,0.6,0,
626,3,13.53,101.11,0.927,1.0,0.0,-0.042,0.118,1,
627,0,64.21,84.55,-2.841,0.889,0.0,0.679,1.334,0,53.5
627,1,133.36,95.18,2.843,0.942,0.0,0.489,0.96,0,14.1
627,2,40.76,35.47,-2.88,0.955,0.0,0.431,0.72,0,
627,3,13.58,101.22,0.92,1.0,0.0,-0.042,0.118,1,
628,0,62.92,84.15,-2.742,0.904,0.0,0.631,1.356,0,52.3
628,1,132.6,95.41,2.924,0.0,0.0,-1.0,0.8,0,8.1
628,2,39.95,35.25,-2.842,0.958,0.0,0.417,0.84,0,
628,3,13.63,101.32,0.914,1.0,0.0,-0.042,0.118,1,
629,0,61.62,83.6,-2.661,0.938,0.0,0.505,1.407,0,51.0
629,1,131.74,95.61,2.988,0.98,0.0,0.288,0.875,8,12.5
629,2,39.03,34.97,-2.787,0.965,0.0,0.38,0.96,0,
629,3,13.69,101.43,0.907,1.0,0.0,-0.042,0.118,1,
630,0,60.34,82.93,-2.596,0.961,0.0,0.402,1.441,0,49.6
630,1,131.74,95.63,3.068,0.185,0.0,1.0,0.018,8,43.2
630,2,38.02,34.59,-2.737,0.975,0.0,0.321,1.08,0,
630,3,13.74,101.53,0.901,1.0,0.0,-0.042,0.118,2,
631,0,59.09,82.18,-2.546,0.975,0.0,0.322,1.462,0,48.2
631,1,131.74,95.64,3.132,0.997,0.0,0.105,0.009,8,12.5
631,2,36.92,34.12,-2.695,0.982,0.0,0.268,1.2,0,
631,3,13.8,101.64,0.894,1.0,0.0,-0.041,0.118,1,
632,0,57.87,81.35,-2.505,0.984,0.0,0.26,1.475,0,46.7
632,1,131.74,95.64,-3.071,0.323,0.0,1.0,0.001,8,43.2
632,2,35.73,33.55,-2.659,0.987,0.0,0.227,1.32,0,
632,3,13.86,101.74,0.888,1.0,0.0,-0.041,0.118,2,
633,0,56.68,80.47,-2.472,0.989,0.0,0.21,1.484,0,45.3
633,1,131.74,95.63,-2.972,0.398,0.0,1.0,0.008,8,43.2
633,2,34.45,32.88,-2.628,0.991,0.0,0.196,1.44,0,
633,3,13.91,101.84,0.881,1.0,0.0,-0.041,0.118,1,
634,0,55.51,79.54,-2.446,0.993,0.0,0.169,1.489,0,43.8
634,1,131.74,95.61,-2.857,0.486,0.0,1.0,0.02,8,43.2
634,2,33.16,32.15,-2.601,0.993,0.0,0.173,1.489,0,
634,3,13.97,101.94,0.875,1.0,0.0,-0.041,0.118,1,
635,0,54.36,78.58,-2.424,0.995,0.0,0.137,1.493,0,42.3
635,1,131.74,95.57,-2.723,0.585,0.0,1.0,0.034,1,43.1
635,2,31.89,31.39,-2.562,0.985,0.0,0.249,1.477,0,
635,3,14.03,102.05,0.868,1.0,0.0,-0.041,0.119,1,
636,0,53.24,77.6,-2.407,0.997,0.0,0.111,1.495,0,40.8
636,1,131.74,95.53,-2.573,0.689,0.0,1.0,0.05,8,43.1
636,2,30.66,30.59,-2.513,0.977,0.0,0.309,1.465,0,
636,3,14.09,102.15,0.862,1.0,0.0,-0.04,0.119,3,
637,0,52.13,76.6,-2.392,0.998,0.0,0.09,1.497,0,39.3
637,1,131.74,95.46,-2.425,0.792,0.0,0.938,0.066,1,43.1
637,2,29.61,29.82,-2.447,0.0,0.0,1.0,1.305,0,
637,3,14.16,102.25,0.856,1.0,0.0,-0.04,0.119,2,
638,0,51.03,75.58,-2.381,0.999,0.0,0.073,1.498,0,37.8
638,1,131.74,95.38,-2.295,0.875,0.0,0.722,0.081,1,43.0
638,2,28.73,29.09,-2.399,0.0,0.0,-1.0,1.145,0,
638,3,14.22,102.35,0.849,1.0,0.0,-0.04,0.119,1,
639,0,49.94,74.54,-2.371,0.999,0.0,0.06,1.499,0,36.3
639,1,131.74,95.29,-2.148,0.762,0.0,1.0,0.092,8,43.0
639,2,28.0,28.42,-2.368,0.0,0.0,-1.0,0.985,0,
639,3,14.29,102.45,0.843,1.0,0.0,-0.04,0.119,3,
640,0,48.98,73.61,-2.371,0.0,0.0,0.0,1.339,0,
640,1,131.74,95.18,-2.018,0.523,0.0,-1.0,0.103,1,12.5
640,2,27.41,27.85,-2.354,0.0,0.0,-1.0,0.825,0,
640,3,14.29,102.45,0.819,0.0,0.0,-1.0,0.0,0,
641,0,48.14,72.79,-2.371,0.0,0.0,0.0,1.179,0,
641,1,131.73,95.07,-1.906,0.401,0.0,-1.0,0.11,1,12.5
641,2,26.94,27.38,-2.358,0.0,0.0,-1.0,0.665,0,
641,3,14.29,102.45,0.778,0.0,0.0,-1.0,0.0,0,
642,0,47.41,72.08,-2.371,0.0,0.0,0.0,1.019,0,
642,1,131.73,94.96,-1.811,0.287,0.0,-1.0,0.115,1,12.5
642,2,26.59,27.02,-2.379,0.0,0.0,-1.0,0.505,0,
642,3,14.29,102.45,0.719,0.0,0.0,-1.0,0.0,0,
643,0,46.79,71.48,-2.371,0.0,0.0,0.0,0.859,0,
643,1,131.72,94.84,-1.733,0.186,0.0,-1.0,0.118,1,12.5
643,2,26.34,26.78,-2.418,0.0,0.0,-1.0,0.345,0,
643,3,14.29,102.45,0.643,0.0,0.0,-1.0,0.0,0,
644,0,46.29,71.0,-2.371,0.0,0.0,0.0,0.699,0,
644,1,131.71,94.72,-1.673,0.1,0.0,-1.0,0.12,8,12.5
644,2,26.2,26.66,-2.475,0.0,0.0,-1.0,0.185,0,
644,3,14.29,102.45,0.55,0.0,0.0,-1.0,0.0,0,
645,0,45.9,70.62,-2.371,0.0,0.0,0.0,0.539,0,
645,1,131.71,94.68,-1.631,0.031,0.0,-1.0,0.046,8,12.5
645,2,26.18,26.64,-2.549,0.0,0.0,-1.0,0.025,0,
645,3,14.29,102.45,0.438,0.0,0.0,-1.0,0.0,0,
646,0,45.63,70.36,-2.371,0.0,0.0,0.0,0.379,0,
646,1,131.71,94.68,-1.606,0.0,0.0,-1.0,0.0,8,12.5
646,2,26.18,26.64,-2.64,0.0,0.0,-1.0,0.0,0,
646,3,14.29,102.45,0.31,0.0,0.0,-1.0,0.0,0,
647,0,45.47,70.21,-2.371,0.0,0.0,0.0,0.219,0,
647,1,131.71,94.68,-1.599,0.0,0.0,-1.0,0.0,8,12.5
647,2,26.18,26.64,-2.749,0.0,0.0,-1.0,0.0,0,
647,3,14.29,102.45,0.163,0.0,0.0,-1.0,0.0,0,
648,0,45.43,70.17,-2.371,0.0,0.0,0.0,0.059,0,
648,1,131.71,94.68,-1.609,0.0,0.0,-1.0,0.0,8,12.5
648,2,26.18,26.64,-2.875,0.0,0.0,-1.0,0.0,0,
648,3,14.29,102.45,0.006,0.0,0.0,-1.0,0.0,0,
649,0,45.43,70.17,-2.371,0.0,0.0,0.0,0.0,0,
649,1,131.71,94.68,-1.636,0.0,0.0,-1.0,0.0,8,12.5
649,2,26.18,26.64,-3.019,0.0,0.0,-1.0,0.0,0,
649,3,14.29,102.45,-0.151,0.0,0.0,-1.0,0.0,0,
650,0,45.43,70.17,-2.371,0.0,0.0,0.0,0.0,0,
650,1,131.71,94.68,-1.682,0.0,0.0,-1.0,0.0,8,12.5
650,2,26.18,26.64,3.107,0.0,0.0,-1.0,0.0,0,
650,3,14.31,102.49,-0.308,0.093,0.0,-1.0,0.05,1,
651,0,45.43,70.17,-2.371,0.0,0.0,0.0,0.0,0,
651,1,131.7,94.62,-1.744,0.035,0.0,-1.0,0.052,1,12.5
651,2,26.06,26.65,2.95,0.1,0.0,-1.0,0.12,0,
651,3,14.33,102.52,-0.465,0.245,0.0,-1.0,0.033,1,
652,0,45.43,70.17,-2.371,0.0,0.0,0.0,0.0,0,
652,1,131.69,94.5,-1.824,0.093,0.0,-1.0,0.12,8,12.5
652,2,25.82,26.69,2.793,0.249,0.0,-1.0,0.24,0,
652,3,14.34,102.53,-0.622,0.392,0.0,-1.0,0.014,1,
653,0,45.43,70.17,-2.371,0.0,0.0,0.0,0.0,0,
653,1,131.68,94.39,-1.922,0.163,0.0,-1.0,0.119,8,12.5
653,2,25.48,26.82,2.636,0.388,0.0,-1.0,0.36,0,
653,3,14.34,102.53,-0.779,0.531,0.0,-1.0,0.004,1,
654,0,45.43,70.17,-2.371,0.0,0.0,0.0,0.0,0,
654,1,131.67,94.27,-2.037,0.249,0.0,-1.0,0.116,1,12.5
654,2,25.06,27.05,2.478,0.514,0.0,-1.0,0.48,0,
654,3,14.32,102.51,-0.936,0.657,0.0,-1.0,0.023,2,
655,0,45.43,70.17,-2.371,0.0,0.0,0.0,0.0,0,
655,1,131.66,94.16,-2.17,0.35,0.0,-1.0,0.113,1,12.5
655,2,24.59,27.42,2.321,0.627,0.0,-1.0,0.6,0,
655,3,14.3,102.47,-1.092,0.768,0.0,-0.994,0.042,2,
656,0,45.43,70.17,-2.371,0.0,0.0,0.0,0.0,0,
656,1,131.65,94.05,-2.32,0.463,0.0,-1.0,0.107,8,12.5
656,2,24.1,27.94,2.164,0.726,0.0,-1.0,0.72,0,
656,3,14.27,102.42,-1.231,0.859,0.0,-0.768,0.059,2,
657,0,45.43,70.17,-2.371,0.0,0.0,0.0,0.0,0,
657,1,131.63,93.96,-2.477,0.583,0.0,-1.0,0.098,8,12.5
657,2,23.63,28.64,2.024,0.811,0.0,-0.894,0.84,0,
657,3,14.23,102.36,-1.352,0.923,0.0,-0.566,0.074,1,
658,0,45.43,70.17,-2.371,0.0,0.0,0.0,0.0,0,
658,1,131.62,93.87,-2.634,0.698,0.0,-1.0,0.087,8,12.5
658,2,23.21,29.5,1.901,0.873,0.0,-0.729,0.96,0,
658,3,14.18,102.29,-1.456,0.963,0.0,-0.387,0.085,1,
659,0,45.43,70.17,-2.371,0.0,0.0,0.0,0.0,0,
659,1,131.61,93.8,-2.779,0.797,0.0,-0.926,0.073,8,12.5
659,2,22.86,30.53,1.796,0.916,0.0,-0.589,1.08,0,
659,3,14.13,102.21,-1.542,0.987,0.0,-0.233,0.094,1,
660,0,45.43,70.17,-2.371,0.0,0.0,0.0,0.0,0,
660,1,131.6,93.74,-2.907,0.873,0.0,-0.727,0.059,1,12.5
660,2,22.59,31.7,1.708,0.946,0.0,-0.472,1.2,0,
660,3,14.08,102.12,-1.61,0.997,0.0,-0.104,0.101,1,
661,0,45.43,70.17,-2.371,0.0,0.0,0.0,0.0,0,
661,1,131.59,93.69,-3.018,0.927,0.0,-0.551,0.046,8,12.5
661,2,22.41,33.0,1.637,0.965,0.0,-0.38,1.32,0,
661,3,14.03,102.03,-1.661,1.0,0.0,0.002,0.105,1,
662,0,45.43,70.17,-2.371,0.0,0.0,0.0,0.0,0,
662,1,131.59,93.66,-3.111,0.961,0.0,-0.398,0.033,8,12.5
662,2,22.32,34.44,1.585,0.976,0.0,-0.311,1.44,0,
662,3,13.97,101.94,-1.695,0.998,0.0,0.082,0.109,1,
663,0,45.43,70.17,-2.371,0.0,0.0,0.0,0.0,0,
663,1,131.59,93.64,3.097,0.982,0.0,-0.269,0.023,2,12.5
663,2,22.3,35.91,1.543,0.983,0.0,-0.267,1.474,0,
663,3,13.91,101.84,-1.711,0.995,0.0,0.138,0.111,2,
664,0,45.43,70.17,-2.371,0.0,0.0,0.0,0.0,0,
664,1,131.58,93.62,3.039,0.993,0.0,-0.164,0.014,1,12.5
664,2,22.07,36.17,1.505,0.986,0.0,-0.238,0.343,1,
664,3,13.86,101.75,-1.71,0.993,0.0,0.169,0.112,2,
665,0,45.43,70.17,-2.371,0.0,0.0,0.0,0.0,0,
665,1,131.58,93.62,2.998,0.998,0.0,-0.082,0.007,8,12.5
665,2,22.05,36.17,1.471,0.989,0.0,-0.216,0.018,1,
665,3,13.8,101.65,-1.691,0.993,0.0,0.175,0.112,1,
666,0,45.43,70.17,-2.371,0.0,0.0,0.0,0.0,0,
666,1,131.58,93.62,2.975,1.0,0.0,-0.025,0.002,8,12.5
666,2,22.04,36.18,1.445,0.993,0.0,-0.169,0.014,8,
666,3,13.75,101.55,-1.666,0.994,0.0,0.156,0.112,1,
667,0,45.43,70.17,-2.371,0.0,0.0,0.0,0.0,0,
667,1,131.58,93.62,2.97,1.0,0.0,0.007,0.001,1,12.5
667,2,22.03,36.18,1.424,0.996,0.0,-0.133,0.011,8,
667,3,13.7,101.45,-1.646,0.996,0.0,0.129,0.111,1,
668,0,45.43,70.17,-2.371,0.0,0.0,0.0,0.0,0,
668,1,131.58,93.62,2.972,1.0,0.0,0.015,0.001,1,12.5
668,2,22.02,36.18,1.407,0.997,0.0,-0.104,0.009,1,
668,3,13.65,101.35,-1.629,0.997,0.0,0.108,0.11,1,
669,0,45.43,70.17,-2.371,0.0,0.0,0.0,0.0,0,
669,1,131.58,93.62,2.974,1.0,0.0,0.012,0.001,1,12.5
669,2,22.01,36.18,1.394,0.998,0.0,-0.082,0.007,8,
669,3,13.6,101.26,-1.615,0.998,0.0,0.092,0.11,1,
670,0,45.43,70.17,-2.371,0.0,0.0,0.0,0.0,0,
670,1,131.58,93.62,2.976,1.0,0.0,0.009,0.001,1,12.5
670,2,22.01,36.18,1.384,0.999,0.0,-0.064,0.005,1,
670,3,13.55,101.16,-1.602,0.998,0.0,0.08,0.11,2,
671,0,45.43,70.17,-2.371,0.0,0.0,0.0,0.0,0,
671,1,131.58,93.62,2.977,1.0,0.0,0.007,0.001,8,12.5
671,2,22.0,36.19,1.376,0.999,0.0,-0.051,0.004,1,
671,3,13.5,101.06,-1.591,0.999,0.0,0.07,0.11,1,
672,0,45.43,70.17,-2.371,0.0,0.0,0.0,0.0,0,
672,1,131.58,93.62,2.978,1.0,0.0,0.006,0.0,8,12.5
672,2,22.0,36.19,1.37,1.0,0.0,-0.04,0.003,8,
672,3,13.45,100.96,-1.581,0.999,0.0,0.062,0.11,1,
673,0,45.43,70.17,-2.371,0.0,0.0,0.0,0.0,0,
673,1,131.58,93.62,2.978,1.0,0.0,0.005,0.0,8,12.5
673,2,22.0,36.19,1.365,1.0,0.0,-0.031,0.003,1,
673,3,13.41,100.86,-1.572,0.999,0.0,0.057,0.109,1,
674,0,45.43,70.17,-2.371,0.0,0.0,0.0,0.0,0,
674,1,131.58,93.62,2.979,1.0,0.0,0.004,0.0,8,12.5
674,2,21.99,36.19,1.361,1.0,0.0,-0.025,0.002,1,
674,3,13.36,100.76,-1.564,0.999,0.0,0.052,0.109,3,
675,0,45.43,70.17,-2.371,0.0,0.0,0.0,0.0,0,
675,1,131.58,93.62,2.979,1.0,0.0,0.003,0.0,1,12.5
675,2,21.99,36.19,1.358,1.0,0.0,-0.019,0.002,1,
675,3,13.32,100.66,-1.557,0.999,0.0,0.049,0.109,1,
676,0,45.43,70.17,-2.371,0.0,0.0,0.0,0.0,0,
676,1,131.58,93.62,2.98,1.0,0.0,0.002,0.0,8,12.5
676,2,21.99,36.19,1.356,1.0,0.0,-0.015,0.001,8,
676,3,13.27,100.56,-1.549,0.999,0.0,0.046,0.11,1,
677,0,45.43,70.17,-2.371,0.0,0.0,0.0,0.0,0,
677,1,131.58,93.62,2.98,1.0,0.0,0.002,0.0,8,12.5
677,2,21.99,36.19,1.354,1.0,0.0,-0.012,0.001,2,
677,3,13.23,100.46,-1.542,1.0,0.0,0.044,0.11,1,
678,0,45.43,70.17,-2.371,0.0,0.0,0.0,0.0,0,
678,1,131.58,93.62,2.98,1.0,0.0,0.001,0.0,8,12.5
678,2,21.99,36.19,1.353,1.0,0.0,-0.009,0.001,1,
678,3,13.19,100.36,-1.536,1.0,0.0,0.042,0.11,2,
679,0,45.43,70.17,-2.371,0.0,0.0,0.0,0.0,0,
679,1,131.58,93.62,2.98,1.0,0.0,0.001,0.0,1,12.5
679,2,21.99,36.19,1.352,1.0,0.0,-0.007,0.001,1,
679,3,13.15,100.26,-1.529,1.0,0.0,0.041,0.11,1,
680,0,45.34,70.08,-2.362,0.999,0.0,0.059,0.12,0,29.9
680,1,131.58,93.62,2.998,0.0,0.0,1.0,0.0,0,42.0
680,2,21.99,36.19,1.333,0.096,0.0,-1.0,0.0,1,
680,3,13.11,100.16,-1.523,1.0,0.0,0.04,0.11,1,
681,0,45.17,69.91,-2.355,0.999,0.0,0.046,0.24,0,29.7
681,1,131.58,93.62,3.033,0.017,0.0,1.0,0.0,8,42.0
681,2,21.99,36.19,1.297,0.114,0.0,-1.0,0.002,1,
681,3,13.07,100.05,-1.517,1.0,0.0,0.04,0.11,1,
682,0,44.92,69.66,-2.349,1.0,0.0,0.036,0.36,0,29.3
682,1,131.58,93.62,3.086,0.052,0.0,1.0,0.004,8,42.0
682,2,22.0,36.19,1.243,0.15,0.0,-1.0,0.006,8,
682,3,13.03,99.95,-1.511,1.0,0.0,0.039,0.11,1,
683,0,44.58,69.32,-2.345,1.0,0.0,0.028,0.48,0,28.8
683,1,131.58,93.61,-3.127,0.105,0.0,1.0,0.013,8,41.9
683,2,22.01,36.18,1.172,0.203,0.0,-1.0,0.013,1,
683,3,12.99,99.85,-1.504,1.0,0.0,0.039,0.11,1,
684,0,44.16,68.89,-2.341,1.0,0.0,0.023,0.6,0,28.2
684,1,131.58,93.58,-3.04,0.176,0.0,1.0,0.021,1,41.9
684,2,22.03,36.18,1.083,0.273,0.0,-1.0,0.021,1,
684,3,12.95,99.74,-1.498,1.0,0.0,0.039,0.11,1,
685,0,43.66,68.37,-2.338,1.0,0.0,0.018,0.72,0,27.5
685,1,131.57,93.55,-2.934,0.263,0.0,1.0,0.032,1,41.9
685,2,22.06,36.17,0.977,0.358,0.0,-1.0,0.032,1,
685,3,12.92,99.64,-1.492,1.0,0.0,0.039,0.111,1,
686,0,43.08,67.77,-2.336,1.0,0.0,0.014,0.84,0,26.7
686,1,131.56,93.51,-2.812,0.365,0.0,1.0,0.044,8,41.9
686,2,22.1,36.16,0.853,0.456,0.0,-1.0,0.044,1,
686,3,12.88,99.53,-1.486,1.0,0.0,0.039,0.111,1,
687,0,42.41,67.07,-2.334,1.0,0.0,0.012,0.96,0,25.7
687,1,131.55,93.45,-2.672,0.479,0.0,1.0,0.058,8,41.8
687,2,22.16,36.15,0.712,0.563,0.0,-1.0,0.058,1,
687,3,12.85,99.43,-1.48,1.0,0.0,0.038,0.111,1,
688,0,41.67,66.29,-2.333,1.0,0.0,0.009,1.08,0,24.6
688,1,131.54,93.38,-2.514,0.601,0.0,1.0,0.073,1,41.8
688,2,22.23,36.14,0.555,0.676,0.0,-1.0,0.073,8,
688,3,12.82,99.32,-1.474,1.0,0.0,0.039,0.111,1,
689,0,40.84,65.43,-2.332,1.0,0.0,0.008,1.2,0,23.4
689,1,131.53,93.29,-2.357,0.723,0.0,1.0,0.087,8,41.7
689,2,22.32,36.12,0.405,0.784,0.0,-0.956,0.088,1,
689,3,12.78,99.21,-1.468,1.0,0.0,0.039,0.111,1,
690,0,39.93,64.47,-2.331,1.0,0.0,0.006,1.32,0,22.1
690,1,131.51,93.2,-2.218,0.826,0.0,0.856,0.1,8,41.7
690,2,22.42,36.1,0.272,0.87,0.0,-0.737,0.099,1,
690,3,12.75,99.11,-1.462,1.0,0.0,0.039,0.111,1,
691,0,38.94,63.43,-2.33,1.0,0.0,0.005,1.44,0,20.7
691,1,131.49,93.09,-2.096,0.9,0.0,0.645,0.108,1,41.6
691,2,22.52,36.08,0.157,0.929,0.0,-0.543,0.108,1,
691,3,12.72,99.0,-1.456,1.0,0.0,0.039,0.111,2,
692,0,37.9,62.34,-2.329,1.0,0.0,0.005,1.5,0,19.2
692,1,131.46,92.98,-1.991,0.949,0.0,0.459,0.114,8,41.5
692,2,22.63,36.06,0.06,0.966,0.0,-0.373,0.114,8,
692,3,12.69,98.89,-1.45,1.0,0.0,0.039,0.111,2,
693,0,36.87,61.25,-2.328,1.0,0.0,0.004,1.5,0,17.7
693,1,131.44,92.86,-1.904,0.979,0.0,0.296,0.118,1,41.4
693,2,22.75,36.04,-0.021,0.987,0.0,-0.228,0.117,8,
693,3,12.66,98.79,-1.444,1.0,0.0,0.039,0.112,1,
694,0,35.84,60.16,-2.328,1.0,0.0,0.003,1.5,0,16.2
694,1,131.41,92.75,-1.834,0.994,0.0,0.158,0.119,2,41.4
694,2,22.87,36.02,-0.083,0.997,0.0,-0.108,0.119,1,
694,3,12.64,98.68,-1.438,1.0,0.0,0.039,0.112,2,
695,0,34.81,59.07,-2.327,1.0,0.0,0.003,1.5,0,14.7
695,1,131.38,92.63,-1.782,0.999,0.0,0.045,0.12,1,41.3
695,2,22.98,36.0,-0.128,0.983,0.0,0.263,0.12,1,
695,3,12.61,98.57,-1.431,1.0,0.0,0.039,0.112,1,
696,0,33.89,58.09,-2.309,0.0,0.0,1.0,1.34,0,17.4
696,1,131.36,92.51,-1.748,1.0,0.0,-0.043,0.12,0,41.2
696,2,23.1,35.99,-0.156,0.973,0.0,0.332,0.12,8,
696,3,12.58,98.46,-1.425,1.0,0.0,0.039,0.112,1,
697,0,33.33,57.47,-2.274,0.0,0.0,1.0,0.837,1,17.6
697,1,131.31,92.28,-1.731,0.997,0.0,-0.106,0.24,0,41.0
697,2,23.22,35.97,-0.166,0.965,0.0,0.376,0.12,0,
697,3,12.56,98.35,-1.419,1.0,0.0,0.04,0.112,1,
698,0,33.33,57.47,-2.221,0.0,0.0,1.0,0.0,0,17.6
698,1,131.26,91.92,-1.731,0.994,0.0,-0.158,0.36,0,40.8
698,2,23.46,35.93,-0.159,0.962,0.0,0.396,0.24,0,
698,3,12.53,98.24,-1.413,1.0,0.0,0.04,0.112,1,
699,0,33.33,57.47,-2.151,0.0,0.0,1.0,0.0,0,17.6
699,1,131.18,91.45,-1.749,0.99,0.0,-0.198,0.48,0,40.5
699,2,23.81,35.87,-0.134,0.962,0.0,0.395,0.36,0,
699,3,12.51,98.13,-1.407,1.0,0.0,0.04,0.112,1,
700,0,33.33,57.47,-2.063,0.0,0.0,1.0,0.0,0,17.6
700,1,131.07,90.86,-1.784,0.988,0.0,-0.226,0.6,0,40.2
700,2,24.29,35.81,-0.092,0.966,0.0,0.373,0.48,0,
700,3,12.49,98.02,-1.4,1.0,0.0,0.04,0.112,1,
701,0,33.35,57.46,-1.957,0.052,0.0,1.0,0.02,1,17.6
701,1,130.92,90.15,-1.822,0.986,0.0,-0.242,0.72,0,39.7
701,2,24.89,35.75,-0.04,0.973,0.0,0.33,0.6,0,
701,3,12.47,97.91,-1.394,1.0,0.0,0.04,0.113,1,
702,0,33.38,57.43,-1.834,0.156,0.0,1.0,0.044,8,17.5
702,1,130.71,89.34,-1.864,0.983,0.0,-0.266,0.84,0,39.1
702,2,25.61,35.72,0.004,0.981,0.0,0.276,0.72,0,
702,3,12.45,97.8,-1.388,1.0,0.0,0.04,0.113,2,
703,0,33.42,57.39,-1.694,0.276,0.0,1.0,0.058,1,17.5
703,1,130.43,88.42,-1.911,0.979,0.0,-0.297,0.96,0,38.5
703,2,26.45,35.73,0.041,0.986,0.0,0.235,0.84,0,
703,3,12.43,97.69,-1.381,1.0,0.0,0.04,0.113,2,
704,0,33.47,57.34,-1.537,0.407,0.0,1.0,0.073,1,17.4
704,1,130.07,87.4,-1.963,0.973,0.0,-0.331,1.08,0,37.7
704,2,27.41,35.77,0.072,0.99,0.0,0.203,0.96,0,
704,3,12.41,97.58,-1.375,1.0,0.0,0.041,0.113,1,
705,0,33.54,57.28,-1.38,0.544,0.0,1.0,0.087,8,17.3
705,1,129.61,86.29,-2.032,0.869,0.0,-0.74,1.2,0,36.9
705,2,28.48,35.84,0.1,0.992,0.0,0.176,1.08,0,
705,3,12.39,97.47,-1.368,1.0,0.0,0.041,0.113,1,
706,0,33.61,57.21,-1.223,0.668,0.0,1.0,0.1,8,17.2
706,1,129.04,85.14,-2.119,0.859,0.0,-0.767,1.289,0,35.9
706,2,29.68,35.96,0.124,0.994,0.0,0.152,1.2,0,
706,3,12.38,97.35,-1.362,1.0,0.0,0.041,0.113,1,
707,0,33.61,57.21,-1.065,0.0,0.0,1.0,0.0,8,17.2
707,1,128.37,84.04,-2.224,0.857,0.0,-0.773,1.286,0,34.9
707,2,30.99,36.13,0.144,0.996,0.0,0.129,1.32,0,
707,3,12.36,97.24,-1.356,1.0,0.0,0.041,0.113,1,
708,0,33.61,57.21,-0.908,0.0,0.0,1.0,0.0,8,17.2
708,1,127.58,83.01,-2.341,0.867,0.0,-0.745,1.3,0,33.8
708,2,32.41,36.33,0.161,0.997,0.0,0.104,1.44,0,
708,3,12.35,97.13,-1.349,1.0,0.0,0.041,0.113,1,
709,0,33.61,57.21,-0.751,0.0,0.0,1.0,0.0,8,17.2
709,1,126.65,82.05,-2.446,0.892,0.0,-0.67,1.338,0,32.6
709,2,33.89,36.57,0.173,0.999,0.0,0.077,1.498,0,
709,3,12.33,97.02,-1.343,1.0,0.0,0.041,0.113,1,
710,0,33.61,57.21,-0.594,0.0,0.0,1.0,0.0,8,17.2
710,1,125.58,81.16,-2.534,0.928,0.0,-0.546,1.392,0,31.3
710,2,35.37,36.83,0.18,0.999,0.0,0.046,1.499,0,
710,3,12.32,96.9,-1.336,1.0,0.0,0.041,0.113,1,
711,0,33.61,57.21,-0.437,0.0,0.0,1.0,0.0,8,17.2
711,1,124.41,80.34,-2.604,0.952,0.0,-0.444,1.428,0,30.0
711,2,36.84,37.1,0.182,1.0,0.0,0.012,1.5,0,
711,3,12.31,96.79,-1.33,1.0,0.0,0.042,0.114,1,
712,0,33.72,57.15,-0.28,0.101,0.0,1.0,0.12,0,17.1
712,1,123.16,79.6,-2.661,0.968,0.0,-0.365,1.451,0,28.6
712,2,38.32,37.37,0.178,1.0,0.0,-0.024,1.5,0,
712,3,12.3,96.68,-1.323,1.0,0.0,0.042,0.114,1,
713,0,33.95,57.09,-0.123,0.256,0.0,1.0,0.24,0,16.9
713,1,121.86,78.92,-2.709,0.978,0.0,-0.301,1.467,0,27.1
713,2,39.79,37.64,0.169,0.999,0.0,-0.061,1.499,0,
713,3,12.29,96.56,-1.317,1.0,0.0,0.042,0.114,1,
714,0,34.3,57.04,0.034,0.408,0.0,1.0,0.36,0,16.5
714,1,120.52,78.3,-2.748,0.985,0.0,-0.25,1.477,0,25.7
714,2,41.27,37.89,0.153,0.998,0.0,-0.098,1.496,0,
714,3,12.28,96.45,-1.31,1.0,0.0,0.042,0.114,1,
715,0,34.78,57.06,0.191,0.553,0.0,1.0,0.48,0,16.1
715,1,119.15,77.73,-2.781,0.989,0.0,-0.208,1.484,0,24.2
715,2,42.75,38.12,0.132,0.996,0.0,-0.134,1.493,0,
715,3,12.28,96.34,-1.303,1.0,0.0,0.042,0.114,1,
716,0,35.37,57.17,0.348,0.689,0.0,1.0,0.6,0,15.7
716,1,117.76,77.21,-2.808,0.993,0.0,-0.174,1.489,0,22.7
716,2,44.22,38.31,0.106,0.993,0.0,-0.168,1.49,0,
716,3,12.27,96.22,-1.297,1.0,0.0,0.042,0.114,1,
717,0,36.05,57.42,0.488,0.587,0.0,-1.0,0.72,0,15.3
717,1,116.35,76.72,-2.831,0.995,0.0,-0.146,1.492,0,21.3
717,2,45.7,38.47,0.074,0.99,0.0,-0.2,1.485,0,
717,3,12.27,96.11,-1.29,1.0,0.0,0.042,0.114,2,
718,0,36.63,57.73,0.61,0.435,0.0,-1.0,0.653,0,15.0
718,1,114.92,76.26,-2.85,0.996,0.0,-0.124,1.494,0,19.8
718,2,47.18,38.58,0.039,0.987,0.0,-0.226,1.481,0,
718,3,12.26,95.99,-1.283,1.0,0.0,0.042,0.114,2,
719,0,37.03,58.01,0.714,0.285,0.0,-1.0,0.493,0,14.9
719,1,113.49,75.83,-2.867,0.997,0.0,-0.105,1.496,0,18.3
719,2,48.65,38.63,-0.0,0.985,0.0,-0.247,1.478,0,
719,3,12.26,95.88,-1.277,1.0,0.0,0.043,0.114,1,
720,0,37.28,58.23,0.802,0.152,0.0,-1.0,0.333,0,14.8
720,1,112.2,75.47,-2.866,0.0,0.0,1.0,1.336,0,30.1
720,2,50.04,38.63,-0.021,0.923,0.0,0.565,1.384,0,
720,3,12.26,95.88,-1.253,0.0,0.0,1.0,0.0,0,
721,0,37.4,58.35,0.871,0.043,0.0,-1.0,0.173,0,14.8
721,1,111.07,75.15,-2.848,0.0,0.0,1.0,1.176,0,31.2
721,2,51.39,38.61,-0.025,0.905,0.0,0.627,1.358,0,
721,3,12.26,95.88,-1.211,0.0,0.0,1.0,0.0,0,
722,0,37.41,58.36,0.923,0.0,0.0,-1.0,0.013,0,14.8
722,1,110.1,74.86,-2.812,0.0,0.0,1.0,1.016,0,32.1
722,2,52.73,38.57,-0.012,0.892,0.0,0.669,1.339,0,
722,3,12.26,95.88,-1.152,0.0,0.0,1.0,0.0,0,
723,0,37.41,58.36,0.958,0.0,0.0,-1.0,0.0,0,14.8
723,1,109.29,74.58,-2.758,0.0,0.0,1.0,0.856,0,32.9
723,2,54.06,38.56,0.02,0.886,0.0,0.689,1.329,0,
723,3,12.26,95.88,-1.075,0.0,0.0,1.0,0.0,0,
724,0,37.41,58.36,0.975,0.0,0.0,-1.0,0.0,0,14.8
724,1,108.64,74.32,-2.687,0.0,0.0,1.0,0.696,0,33.5
724,2,55.39,38.58,0.068,0.886,0.0,0.687,1.33,0,
724,3,12.26,95.88,-0.981,0.0,0.0,1.0,0.0,0,
725,0,37.41,58.36,0.974,0.0,0.0,-1.0,0.0,0,14.8
725,1,108.16,74.08,-2.599,0.0,0.0,1.0,0.536,0,34.0
725,2,56.73,38.67,0.135,0.894,0.0,0.664,1.341,0,
725,3,12.26,95.88,-0.869,0.0,0.0,1.0,0.0,0,
726,0,37.41,58.36,0.957,0.0,0.0,-1.0,0.0,0,14.8
726,1,107.84,73.89,-2.493,0.0,0.0,1.0,0.376,0,34.3
726,2,58.08,38.86,0.218,0.908,0.0,0.616,1.363,0,
726,3,12.26,95.88,-0.74,0.0,0.0,1.0,0.0,0,
727,0,37.41,58.36,0.921,0.0,0.0,-1.0,0.0,0,14.8
727,1,107.67,73.76,-2.369,0.0,0.0,1.0,0.216,0,34.5
727,2,59.44,39.16,0.304,0.928,0.0,0.545,1.392,0,
727,3,12.26,95.88,-0.593,0.0,0.0,1.0,0.0,0,
728,0,37.41,58.36,0.868,0.0,0.0,-1.0,0.0,0,14.8
728,1,107.63,73.72,-2.229,0.0,0.0,1.0,0.056,0,34.5
728,2,60.79,39.58,0.378,0.946,0.0,0.47,1.419,0,
728,3,12.26,95.88,-0.436,0.0,0.0,1.0,0.0,0,
729,0,37.41,58.36,0.798,0.0,0.0,-1.0,0.0,0,14.8
729,1,107.63,73.72,-2.071,0.0,0.0,1.0,0.0,0,34.5
729,2,62.13,40.11,0.442,0.959,0.0,0.411,1.438,0,
729,3,12.26,95.88,-0.279,0.0,0.0,1.0,0.0,0,
730,0,37.45,58.4,0.71,0.035,0.0,-1.0,0.052,0,14.8
730,1,107.63,73.72,-1.914,0.0,0.0,1.0,0.0,0,34.5
730,2,63.44,40.74,0.499,0.968,0.0,0.364,1.452,0,
730,3,12.26,95.85,-0.122,0.075,0.0,1.0,0.029,1,
731,0,37.58,58.51,0.604,0.119,0.0,-1.0,0.172,0,14.8
731,1,107.63,73.72,-1.757,0.0,0.0,1.0,0.0,0,34.5
731,2,64.72,41.43,0.551,0.974,0.0,0.328,1.461,0,
731,3,12.26,95.84,0.035,0.229,0.0,1.0,0.013,1,
732,0,37.82,58.68,0.482,0.211,0.0,-1.0,0.292,0,14.8
732,1,107.63,73.72,-1.6,0.0,0.0,1.0,0.0,0,34.5
732,2,65.97,42.2,0.598,0.978,0.0,0.301,1.467,0,
732,3,12.26,95.84,0.192,0.378,0.0,1.0,0.006,1,
733,0,38.18,58.87,0.341,0.311,0.0,-1.0,0.412,0,14.6
733,1,107.63,73.69,-1.443,0.02,0.0,1.0,0.031,0,34.5
733,2,67.05,42.94,0.663,0.065,0.0,1.0,1.307,0,
733,3,12.26,95.87,0.349,0.518,0.0,1.0,0.025,1,
734,0,38.68,59.04,0.184,0.417,0.0,-1.0,0.532,0,14.4
734,1,107.65,73.54,-1.286,0.176,0.0,1.0,0.151,0,34.5
734,2,67.96,43.64,0.745,0.092,0.0,1.0,1.147,0,
734,3,12.26,95.91,0.506,0.647,0.0,1.0,0.044,1,
735,0,39.32,59.16,0.027,0.526,0.0,-1.0,0.652,0,14.1
735,1,107.72,73.28,-1.129,0.324,0.0,1.0,0.271,0,34.4
735,2,68.68,44.31,0.845,0.141,0.0,1.0,0.987,0,
735,3,12.26,95.97,0.663,0.76,0.0,1.0,0.061,1,
736,0,40.1,59.18,-0.13,0.622,0.0,-1.0,0.772,0,13.6
736,1,107.89,72.93,-0.972,0.461,0.0,1.0,0.391,0,34.2
736,2,69.23,44.93,0.963,0.211,0.0,1.0,0.827,0,
736,3,12.26,96.05,0.803,0.854,0.0,0.782,0.077,1,
737,0,40.98,59.07,-0.287,0.707,0.0,-1.0,0.892,0,13.0
737,1,108.18,72.51,-0.815,0.586,0.0,1.0,0.511,0,33.9
737,2,69.61,45.48,1.098,0.302,0.0,1.0,0.667,0,
737,3,12.27,96.14,0.925,0.92,0.0,0.576,0.09,1,
738,0,41.95,58.78,-0.438,0.783,0.0,-0.96,1.012,0,12.2
738,1,108.61,72.05,-0.658,0.697,0.0,1.0,0.631,0,33.5
738,2,69.89,46.03,1.25,0.41,0.0,1.0,0.615,0,
738,3,12.27,96.24,1.03,0.962,0.0,0.394,0.099,1,
739,0,42.98,58.3,-0.571,0.846,0.0,-0.804,1.132,0,11.3
739,1,109.21,71.59,-0.51,0.792,0.0,0.938,0.751,0,32.9
739,2,70.12,46.72,1.407,0.53,0.0,1.0,0.735,0,
739,3,12.28,96.35,1.117,0.986,0.0,0.236,0.106,1,
740,0,44.03,57.62,-0.687,0.893,0.0,-0.668,1.252,0,10.2
740,1,109.97,71.16,-0.381,0.866,0.0,0.747,0.871,0,32.1
740,2,70.26,47.57,1.564,0.642,0.0,1.0,0.855,0,
740,3,12.28,96.46,1.186,0.997,0.0,0.102,0.111,1,
741,0,45.09,56.75,-0.785,0.928,0.0,-0.546,1.372,0,9.0
741,1,110.88,70.79,-0.268,0.918,0.0,0.581,0.991,0,31.2
741,2,70.27,48.54,1.721,0.74,0.0,1.0,0.975,0,
741,3,12.29,96.57,1.238,1.0,0.0,-0.006,0.114,1,
742,0,45.95,55.9,-0.901,0.0,0.0,-1.0,1.212,0,22.5
742,1,111.96,70.5,-0.174,0.953,0.0,0.439,1.111,0,30.2
742,2,70.1,49.63,1.861,0.825,0.0,0.858,1.095,0,
742,3,12.3,96.69,1.273,0.998,0.0,-0.091,0.116,1,
743,0,46.6,55.07,-1.035,0.0,0.0,-1.0,1.052,0,22.8
743,1,113.17,70.29,-0.096,0.975,0.0,0.319,1.231,0,29.0
743,2,69.76,50.79,1.983,0.887,0.0,0.687,1.215,0,
743,3,12.31,96.8,1.29,0.994,0.0,-0.15,0.118,1,
744,0,47.06,54.31,-1.185,0.0,0.0,-1.0,0.892,0,23.1
744,1,114.51,70.16,-0.037,0.988,0.0,0.222,1.351,0,27.6
744,2,69.22,52.01,2.087,0.93,0.0,0.539,1.335,0,
744,3,12.32,96.92,1.29,0.992,0.0,-0.184,0.118,1,
745,0,47.33,53.63,-1.342,0.0,0.0,-1.0,0.732,0,23.2
745,1,115.98,70.1,0.006,0.995,0.0,0.148,1.471,0,26.2
745,2,68.51,53.26,2.174,0.958,0.0,0.414,1.437,0,
745,3,12.34,97.04,1.272,0.991,0.0,-0.194,0.118,1,
746,0,47.46,53.07,-1.5,0.0,0.0,-1.0,0.572,0,23.2
746,1,117.48,70.11,0.031,0.998,0.0,0.095,1.497,0,24.7
746,2,67.68,54.47,2.244,0.976,0.0,0.311,1.465,0,
746,3,12.35,97.16,1.244,0.992,0.0,-0.178,0.118,2,
747,0,47.49,52.66,-1.657,0.132,0.0,-1.0,0.412,0,23.1
747,1,118.98,70.16,0.041,0.999,0.0,0.066,1.498,0,23.2
747,2,66.76,55.63,2.296,0.987,0.0,0.229,1.481,0,
747,3,12.37,97.27,1.22,0.995,0.0,-0.148,0.118,1,
748,0,47.45,52.26,-1.814,0.269,0.0,-1.0,0.403,0,23.0
748,1,120.47,70.22,0.05,0.999,0.0,0.055,1.499,0,21.7
748,2,65.77,56.74,2.331,0.993,0.0,0.168,1.49,0,
748,3,12.38,97.39,1.201,0.996,0.0,-0.125,0.117,1,
749,0,47.33,51.75,-1.971,0.401,0.0,-1.0,0.523,0,22.8
749,1,121.97,70.29,0.057,0.999,0.0,0.047,1.499,0,20.2
749,2,64.74,57.82,2.351,0.996,0.0,0.13,1.494,0,
749,3,12.4,97.51,1.184,0.997,0.0,-0.107,0.117,1,
750,0,47.08,51.16,-2.128,0.521,0.0,-1.0,0.643,0,22.5
750,1,123.47,70.38,0.063,1.0,0.0,0.04,1.499,0,18.7
750,2,63.69,58.89,2.368,0.997,0.0,0.109,1.496,0,
750,3,12.42,97.62,1.169,0.998,0.0,-0.093,0.117,1,
751,0,46.68,50.51,-2.285,0.63,0.0,-1.0,0.763,0,22.0
751,1,124.97,70.47,0.068,1.0,0.0,0.034,1.5,0,17.2
751,2,62.62,59.93,2.383,0.998,0.0,0.093,1.497,0,
751,3,12.44,97.74,1.156,0.998,0.0,-0.082,0.117,1,
752,0,46.1,49.84,-2.442,0.725,0.0,-1.0,0.883,0,21.4
752,1,126.46,70.58,0.073,1.0,0.0,0.029,1.5,0,15.7
752,2,61.53,60.96,2.395,0.998,0.0,0.08,1.498,0,
752,3,12.46,97.85,1.145,0.999,0.0,-0.074,0.117,1,
753,0,45.33,49.2,-2.584,0.807,0.0,-0.901,1.003,0,20.6
753,1,127.96,70.69,0.077,1.0,0.0,0.026,1.5,0,14.2
753,2,60.43,61.98,2.406,0.999,0.0,0.069,1.498,0,
753,3,12.48,97.97,1.134,0.999,0.0,-0.067,0.117,1,
754,0,44.38,48.6,-2.708,0.869,0.0,-0.74,1.123,0,19.6
754,1,129.45,70.8,0.081,1.0,0.0,0.023,1.5,0,12.7
754,2,59.32,62.99,2.416,0.999,0.0,0.06,1.499,0,
754,3,12.5,98.08,1.124,0.999,0.0,-0.062,0.117,2,
755,0,43.25,48.08,-2.814,0.912,0.0,-0.603,1.243,0,18.5
755,1,130.95,70.92,0.084,1.0,0.0,0.02,1.5,0,11.2
755,2,58.2,63.98,2.424,0.999,0.0,0.053,1.499,0,
755,3,12.52,98.2,1.115,0.999,0.0,-0.058,0.117,2,
756,0,41.96,47.64,-2.903,0.942,0.0,-0.491,1.363,0,17.2
756,1,132.44,71.05,0.087,1.0,0.0,0.018,1.5,0,9.7
756,2,57.07,64.97,2.431,0.999,0.0,0.047,1.499,0,
756,3,12.55,98.31,1.107,0.999,0.0,-0.055,0.117,1,
757,0,40.56,47.3,-2.975,0.961,0.0,-0.401,1.441,0,15.8
757,1,133.89,71.17,0.089,0.968,0.0,0.017,1.452,0,8.2
757,2,55.93,65.94,2.438,1.0,0.0,0.043,1.499,0,
757,3,12.57,98.42,1.098,0.999,0.0,-0.053,0.117,1,
758,0,39.12,47.06,-3.029,0.973,0.0,-0.335,1.459,0,14.4
758,1,135.18,71.29,0.092,0.823,0.0,0.016,1.292,0,6.9
758,2,54.83,66.88,2.444,0.968,0.0,0.04,1.452,0,
758,3,12.6,98.54,1.09,0.999,0.0,-0.051,0.117,1,
759,0,37.66,46.9,-3.075,0.979,0.0,-0.291,1.469,0,13.0
759,1,136.3,71.39,0.094,0.694,0.0,0.016,1.132,0,5.8
759,2,53.84,67.71,2.45,0.823,0.0,0.038,1.292,0,
759,3,12.63,98.65,1.083,0.999,0.0,-0.049,0.117,1,
760,0,37.14,46.7,-3.103,0.0,0.0,0.0,0.552,1,
760,1,136.5,71.48,0.094,0.0,0.0,0.0,0.216,1,
760,2,52.96,68.43,2.439,0.0,0.0,-1.0,1.132,0,
760,3,12.66,98.76,1.075,0.999,0.0,-0.048,0.117,2,
761,0,37.14,46.7,-3.114,0.0,0.0,0.0,0.0,0,
761,1,136.5,71.48,0.094,0.0,0.0,0.0,0.0,0,
761,2,52.22,69.06,2.41,0.0,0.0,-1.0,0.972,0,
761,3,12.69,98.88,1.068,0.999,0.0,-0.047,0.117,1,
762,0,37.14,46.7,-3.114,0.0,0.0,0.0,0.0,0,
762,1,136.5,71.48,0.094,0.0,0.0,0.0,0.0,0,
762,2,51.62,69.61,2.363,0.0,0.0,-1.0,0.812,0,
762,3,12.72,98.99,1.06,0.999,0.0,-0.047,0.117,1,
763,0,37.14,46.7,-3.114,0.0,0.0,0.0,0.0,0,
763,1,136.5,71.48,0.094,0.0,0.0,0.0,0.0,0,
763,2,51.15,70.06,2.299,0.0,0.0,-1.0,0.652,0,
763,3,12.75,99.1,1.053,0.999,0.0,-0.046,0.117,2,
764,0,37.14,46.7,-3.114,0.0,0.0,0.0,0.0,0,
764,1,136.5,71.48,0.094,0.0,0.0,0.0,0.0,0,
764,2,50.83,70.43,2.218,0.0,0.0,-1.0,0.492,0,
764,3,12.78,99.21,1.046,0.999,0.0,-0.046,0.117,1,
765,0,37.14,46.7,-3.114,0.0,0.0,0.0,0.0,0,
765,1,136.5,71.48,0.094,0.0,0.0,0.0,0.0,0,
765,2,50.63,70.69,2.118,0.0,0.0,-1.0,0.332,0,
765,3,12.82,99.33,1.039,1.0,0.0,-0.045,0.117,1,
766,0,37.14,46.7,-3.114,0.0,0.0,0.0,0.0,0,
766,1,136.5,71.48,0.094,0.0,0.0,0.0,0.0,0,
766,2,50.54,70.84,2.002,0.0,0.0,-1.0,0.172,0,
766,3,12.85,99.44,1.032,1.0,0.0,-0.045,0.117,1,
767,0,37.14,46.7,-3.114,0.0,0.0,0.0,0.0,0,
767,1,136.5,71.48,0.094,0.0,0.0,0.0,0.0,0,
767,2,50.53,70.85,1.868,0.0,0.0,-1.0,0.012,0,
767,3,12.89,99.55,1.025,1.0,0.0,-0.045,0.117,1,
768,0,37.14,46.7,-3.114,0.0,0.0,0.0,0.0,0,
768,1,136.5,71.48,0.094,0.0,0.0,0.0,0.0,0,
768,2,50.53,70.85,1.716,0.0,0.0,-1.0,0.0,0,
768,3,12.93,99.66,1.018,1.0,0.0,-0.044,0.117,1,
769,0,37.14,46.7,-3.114,0.0,0.0,0.0,0.0,0,
769,1,136.5,71.48,0.094,0.0,0.0,0.0,0.0,0,
769,2,50.53,70.85,1.559,0.0,0.0,-1.0,0.0,0,
769,3,12.96,99.77,1.011,1.0,0.0,-0.044,0.117,1,
770,0,37.14,46.7,-3.114,0.0,0.0,0.0,0.0,0,
770,1,136.5,71.48,0.094,0.0,0.0,0.0,0.0,0,
770,2,50.53,70.95,1.402,0.065,0.0,-1.0,0.097,0,
770,3,13.0,99.88,1.004,1.0,0.0,-0.044,0.117,2,
771,0,37.14,46.7,-3.114,0.0,0.0,0.0,0.0,0,
771,1,136.5,71.48,0.094,0.0,0.0,0.0,0.0,0,
771,2,50.57,71.16,1.245,0.216,0.0,-1.0,0.217,0,
771,3,13.04,99.99,0.997,1.0,0.0,-0.044,0.117,1,
772,0,37.14,46.7,-3.114,0.0,0.0,0.0,0.0,0,
772,1,136.5,71.48,0.094,0.0,0.0,0.0,0.0,0,
772,2,50.68,71.48,1.088,0.357,0.0,-1.0,0.337,0,
772,3,13.09,100.1,0.99,1.0,0.0,-0.044,0.117,1,
773,0,37.14,46.7,-3.114,0.0,0.0,0.0,0.0,0,
773,1,136.5,71.48,0.094,0.0,0.0,0.0,0.0,0,
773,2,50.89,71.89,0.931,0.486,0.0,-1.0,0.457,0,
773,3,13.13,100.21,0.983,1.0,0.0,-0.044,0.117,1,
774,0,37.14,46.7,-3.114,0.0,0.0,0.0,0.0,0,
774,1,136.5,71.48,0.094,0.0,0.0,0.0,0.0,0,
774,2,51.24,72.35,0.774,0.601,0.0,-1.0,0.577,0,
774,3,13.17,100.32,0.976,1.0,0.0,-0.043,0.118,1,
775,0,37.14,46.7,-3.114,0.0,0.0,0.0,0.0,0,
775,1,136.5,71.48,0.094,0.0,0.0,0.0,0.0,0,
775,2,51.73,72.84,0.617,0.703,0.0,-1.0,0.697,0,
775,3,13.22,100.43,0.97,1.0,0.0,-0.043,0.118,2,
776,0,37.14,46.7,-3.114,0.0,0.0,0.0,0.0,0,
776,1,136.5,71.48,0.094,0.0,0.0,0.0,0.0,0,
776,2,52.4,73.31,0.469,0.791,0.0,-0.94,0.817,0,
776,3,13.26,100.54,0.963,1.0,0.0,-0.043,0.118,1,
777,0,37.14,46.7,-3.114,0.0,0.0,0.0,0.0,0,
777,1,136.5,71.48,0.094,0.0,0.0,0.0,0.0,0,
777,2,53.24,73.74,0.339,0.86,0.0,-0.766,0.937,0,
777,3,13.31,100.64,0.956,1.0,0.0,-0.043,0.118,1,
778,0,37.14,46.7,-3.114,0.0,0.0,0.0,0.0,0,
778,1,136.5,71.48,0.094,0.0,0.0,0.0,0.0,0,
778,2,54.23,74.09,0.226,0.908,0.0,-0.616,1.057,0,
778,3,13.36,100.75,0.949,1.0,0.0,-0.043,0.118,1,
779,0,37.14,46.7,-3.114,0.0,0.0,0.0,0.0,0,
779,1,136.5,71.48,0.094,0.0,0.0,0.0,0.0,0,
779,2,55.38,74.35,0.131,0.942,0.0,-0.49,1.177,0,
779,3,13.41,100.86,0.943,1.0,0.0,-0.043,0.118,1,
780,0,37.14,46.7,-3.114,0.0,0.0,0.0,0.0,0,
780,1,136.5,71.48,0.094,0.0,0.0,0.0,0.0,0,
780,2,56.67,74.52,0.053,0.963,0.0,-0.388,1.297,0,
780,3,13.46,100.97,0.936,1.0,0.0,-0.043,0.118,1,
781,0,37.14,46.7,-3.114,0.0,0.0,0.0,0.0,0,
781,1,136.5,71.48,0.094,0.0,0.0,0.0,0.0,0,
781,2,58.08,74.6,-0.007,0.977,0.0,-0.309,1.417,0,
781,3,13.51,101.07,0.929,1.0,0.0,-0.042,0.118,2,
782,0,37.14,46.7,-3.114,0.0,0.0,0.0,0.0,0,
782,1,136.5,71.48,0.094,0.0,0.0,0.0,0.0,0,
782,2,59.56,74.59,-0.05,0.984,0.0,-0.254,1.476,0,
782,3,13.56,101.18,0.923,1.0,0.0,-0.042,0.118,1,
783,0,37.14,46.7,-3.114,0.0,0.0,0.0,0.0,0,
783,1,136.5,71.48,0.094,0.0,0.0,0.0,0.0,0,
783,2,59.82,74.79,-0.084,0.988,0.0,-0.222,0.33,1,
783,3,13.61,101.28,0.916,1.0,0.0,-0.042,0.118,1,
784,0,37.14,46.7,-3.114,0.0,0.0,0.0,0.0,0,
784,1,136.5,71.48,0.094,0.0,0.0,0.0,0.0,0,
784,2,59.82,74.81,-0.116,0.99,0.0,-0.201,0.017,1,
784,3,13.67,101.39,0.909,1.0,0.0,-0.042,0.118,2,
785,0,37.14,46.7,-3.114,0.0,0.0,0.0,0.0,0,
785,1,136.5,71.48,0.094,0.0,0.0,0.0,0.0,0,
785,2,59.82,74.82,-0.141,0.994,0.0,-0.158,0.013,1,
785,3,13.72,101.49,0.903,1.0,0.0,-0.042,0.118,1,
786,0,37.14,46.7,-3.114,0.0,0.0,0.0,0.0,0,
786,1,136.5,71.48,0.094,0.0,0.0,0.0,0.0,0,
786,2,59.83,74.83,-0.16,0.996,0.0,-0.124,0.011,1,
786,3,13.78,101.6,0.896,1.0,0.0,-0.042,0.118,2,
787,0,37.14,46.7,-3.114,0.0,0.0,0.0,0.0,0,
787,1,136.5,71.48,0.094,0.0,0.0,0.0,0.0,0,
787,2,59.83,74.84,-0.176,0.998,0.0,-0.097,0.008,1,
787,3,13.83,101.7,0.89,1.0,0.0,-0.041,0.118,1,
788,0,37.14,46.7,-3.114,0.0,0.0,0.0,0.0,0,
788,1,136.5,71.48,0.094,0.0,0.0,0.0,0.0,0,
788,2,59.83,74.85,-0.188,0.999,0.0,-0.077,0.006,1,
788,3,13.89,101.8,0.883,1.0,0.0,-0.041,0.118,1,
789,0,37.14,46.7,-3.114,0.0,0.0,0.0,0.0,0,
789,1,136.5,71.48,0.094,0.0,0.0,0.0,0.0,0,
789,2,59.83,74.85,-0.197,0.999,0.0,-0.06,0.005,8,
789,3,13.95,101.91,0.877,1.0,0.0,-0.041,0.118,2,
790,0,37.14,46.7,-3.114,0.0,0.0,0.0,0.0,0,
790,1,136.5,71.48,0.094,0.0,0.0,0.0,0.0,0,
790,2,59.83,74.86,-0.205,0.999,0.0,-0.047,0.004,8,
790,3,14.01,102.01,0.871,1.0,0.0,-0.041,0.119,1,
791,0,37.14,46.7,-3.114,0.0,0.0,0.0,0.0,0,
791,1,136.5,71.48,0.094,0.0,0.0,0.0,0.0,0,
791,2,59.83,74.86,-0.21,1.0,0.0,-0.037,0.003,1,
791,3,14.07,102.11,0.864,1.0,0.0,-0.04,0.119,2,
792,0,37.14,46.7,-3.114,0.0,0.0,0.0,0.0,0,
792,1,136.5,71.48,0.094,0.0,0.0,0.0,0.0,0,
792,2,59.83,74.86,-0.215,1.0,0.0,-0.029,0.002,8,
792,3,14.13,102.21,0.858,1.0,0.0,-0.04,0.119,2,
793,0,37.14,46.7,-3.114,0.0,0.0,0.0,0.0,0,
793,1,136.5,71.48,0.094,0.0,0.0,0.0,0.0,0,
793,2,59.83,74.86,-0.219,1.0,0.0,-0.023,0.002,1,
793,3,14.2,102.31,0.852,1.0,0.0,-0.04,0.119,2,
794,0,37.14,46.7,-3.114,0.0,0.0,0.0,0.0,0,
794,1,136.5,71.48,0.094,0.0,0.0,0.0,0.0,0,
794,2,59.83,74.86,-0.221,1.0,0.0,-0.018,0.002,1,
794,3,14.26,102.41,0.845,1.0,0.0,-0.04,0.119,1,
795,0,37.14,46.7,-3.114,0.0,0.0,0.0,0.0,0,
795,1,136.5,71.48,0.094,0.0,0.0,0.0,0.0,0,
795,2,59.83,74.87,-0.224,1.0,0.0,-0.014,0.001,1,
795,3,14.33,102.51,0.839,1.0,0.0,-0.039,0.119,1,
796,0,37.14,46.7,-3.114,0.0,0.0,0.0,0.0,0,
796,1,136.5,71.48,0.094,0.0,0.0,0.0,0.0,0,
796,2,59.83,74.87,-0.225,1.0,0.0,-0.011,0.001,8,
796,3,14.39,102.61,0.833,1.0,0.0,-0.039,0.119,1,
797,0,37.14,46.7,-3.114,0.0,0.0,0.0,0.0,0,
797,1,136.5,71.48,0.094,0.0,0.0,0.0,0.0,0,
797,2,59.83,74.87,-0.227,1.0,0.0,-0.009,0.001,1,
797,3,14.46,102.71,0.827,1.0,0.0,-0.039,0.119,1,
798,0,37.14,46.7,-3.114,0.0,0.0,0.0,0.0,0,
798,1,136.5,71.48,0.094,0.0,0.0,0.0,0.0,0,
798,2,59.83,74.87,-0.228,1.0,0.0,-0.007,0.001,1,
798,3,14.53,102.81,0.821,1.0,0.0,-0.039,0.119,8,
799,0,37.14,46.7,-3.114,0.0,0.0,0.0,0.0,0,
799,1,136.5,71.48,0.094,0.0,0.0,0.0,0.0,0,
799,2,59.83,74.87,-0.229,1.0,0.0,-0.005,0.0,2,
799,3,14.6,102.9,0.815,1.0,0.0,-0.038,0.119,1,
800,0,37.14,46.68,-3.131,0.987,0.0,-0.232,0.02,1,12.5
800,1,136.5,71.48,0.112,0.0,0.0,1.0,0.0,0,29.7
800,2,59.83,74.87,-0.247,0.0,0.0,-1.0,0.0,0,
800,3,14.67,103.0,0.809,1.0,0.0,-0.038,0.119,1,
801,0,37.14,46.66,3.119,0.989,0.0,-0.209,0.018,1,12.5
801,1,136.5,71.48,0.147,0.0,0.0,1.0,0.0,0,29.7
801,2,59.83,74.87,-0.283,0.0,0.0,-1.0,0.0,0,
801,3,14.74,103.1,0.803,1.0,0.0,-0.038,0.119,1,
802,0,37.14,46.65,3.093,0.993,0.0,-0.164,0.014,1,12.5
802,1,136.5,71.48,0.199,0.0,0.0,1.0,0.0,0,29.7
802,2,59.83,74.87,-0.336,0.0,0.0,-1.0,0.0,0,
802,3,14.81,103.19,0.797,1.0,0.0,-0.037,0.119,3,
803,0,37.13,46.64,3.073,0.996,0.0,-0.129,0.011,1,12.5
803,1,136.5,71.48,0.269,0.0,0.0,1.0,0.0,0,29.7
803,2,59.83,74.87,-0.407,0.0,0.0,-1.0,0.0,0,
803,3,14.88,103.29,0.791,1.0,0.0,-0.037,0.119,1,
804,0,37.13,46.63,3.057,0.997,0.0,-0.101,0.009,1,12.5
804,1,136.5,71.48,0.357,0.0,0.0,1.0,0.0,0,29.7
804,2,59.83,74.87,-0.495,0.0,0.0,-1.0,0.0,0,
804,3,14.95,103.38,0.786,1.0,0.0,-0.037,0.119,1,
805,0,37.13,46.62,3.045,0.998,0.0,-0.079,0.007,1,12.5
805,1,136.5,71.48,0.462,0.0,0.0,1.0,0.0,0,29.7
805,2,59.83,74.87,-0.601,0.0,0.0,-1.0,0.0,0,
805,3,15.03,103.47,0.78,1.0,0.0,-0.036,0.119,8,
806,0,37.13,46.62,3.035,0.999,0.0,-0.062,0.005,8,12.5
806,1,136.5,71.48,0.584,0.0,0.0,1.0,0.0,0,29.7
806,2,59.83,74.87,-0.725,0.0,0.0,-1.0,0.0,0,
806,3,15.1,103.57,0.774,1.0,0.0,-0.036,0.119,1,
807,0,37.13,46.62,3.027,0.999,0.0,-0.049,0.004,8,12.5
807,1,136.5,71.48,0.724,0.0,0.0,1.0,0.0,0,29.7
807,2,59.83,74.87,-0.865,0.0,0.0,-1.0,0.0,0,
807,3,15.18,103.66,0.769,1.0,0.0,-0.036,0.119,1,
808,0,37.13,46.61,3.021,1.0,0.0,-0.038,0.003,1,12.5
808,1,136.5,71.56,0.881,0.104,0.0,1.0,0.08,1,29.6
808,2,59.83,74.87,-1.022,0.0,0.0,-1.0,0.0,0,
808,3,15.26,103.75,0.763,1.0,0.0,-0.035,0.119,1,
809,0,37.13,46.61,3.016,1.0,0.0,-0.03,0.003,8,12.5
809,1,136.5,71.66,1.038,0.256,0.0,1.0,0.093,1,29.5
809,2,59.83,74.87,-1.18,0.0,0.0,-1.0,0.0,0,
809,3,15.34,103.84,0.758,1.0,0.0,-0.035,0.12,1,
810,0,37.13,46.61,3.013,1.0,0.0,-0.024,0.002,8,12.5
810,1,136.5,71.76,1.196,0.403,0.0,1.0,0.103,1,29.4
810,2,59.83,74.87,-1.337,0.0,0.0,-1.0,0.0,0,
810,3,15.42,103.93,0.752,1.0,0.0,-0.034,0.12,2,
811,0,37.13,46.61,3.01,1.0,0.0,-0.019,0.002,8,12.5
811,1,136.5,71.87,1.353,0.539,0.0,1.0,0.112,1,29.4
811,2,59.83,74.85,-1.494,0.011,0.0,-1.0,0.015,1,
811,3,15.5,104.02,0.747,1.0,0.0,-0.034,0.12,1,
812,0,37.13,46.6,3.007,1.0,0.0,-0.015,0.001,1,12.5
812,1,136.5,71.99,1.51,0.663,0.0,1.0,0.117,1,29.3
812,2,59.8,74.74,-1.651,0.166,0.0,-1.0,0.115,1,
812,3,15.58,104.11,0.742,1.0,0.0,-0.033,0.12,1,
813,0,37.13,46.6,3.005,1.0,0.0,-0.011,0.001,1,12.5
813,1,136.5,71.99,1.667,0.0,0.0,1.0,0.0,0,29.3
813,2,59.78,74.63,-1.808,0.31,0.0,-1.0,0.119,8,
813,3,15.66,104.19,0.737,1.0,0.0,-0.033,0.12,3,
814,0,37.13,46.6,3.004,1.0,0.0,-0.009,0.001,8,12.5
814,1,136.5,71.99,1.824,0.0,0.0,1.0,0.0,0,29.3
814,2,59.75,74.51,-1.965,0.447,0.0,-1.0,0.12,0,
814,3,15.74,104.28,0.731,1.0,0.0,-0.033,0.12,1,
815,0,37.13,46.6,3.003,1.0,0.0,-0.007,0.001,1,12.5
815,1,136.5,71.99,1.981,0.0,0.0,1.0,0.0,0,29.3
815,2,59.66,74.29,-2.122,0.574,0.0,-1.0,0.24,0,
815,3,15.82,104.37,0.726,1.0,0.0,-0.032,0.12,8,
816,0,37.13,46.6,3.002,1.0,0.0,-0.006,0.0,1,12.5
816,1,136.5,71.99,2.138,0.0,0.0,1.0,0.0,0,29.3
816,2,59.47,73.98,-2.279,0.683,0.0,-1.0,0.36,0,
816,3,15.91,104.45,0.721,1.0,0.0,-0.032,0.12,1,
817,0,37.13,46.6,3.001,1.0,0.0,-0.004,0.0,1,12.5
817,1,136.5,71.99,2.295,0.0,0.0,1.0,0.0,0,29.3
817,2,59.16,73.62,-2.433,0.774,0.0,-0.98,0.48,0,
817,3,15.99,104.54,0.717,1.0,0.0,-0.031,0.12,1,
818,0,37.13,46.6,3.001,1.0,0.0,-0.003,0.0,1,12.5
818,1,136.42,72.08,2.452,0.094,0.0,1.0,0.12,0,29.1
818,2,58.7,73.23,-2.569,0.847,0.0,-0.8,0.6,0,
818,3,16.08,104.62,0.712,1.0,0.0,-0.031,0.12,8,
819,0,37.13,46.6,3.0,1.0,0.0,-0.003,0.0,1,12.5
819,1,136.24,72.23,2.609,0.249,0.0,1.0,0.24,0,28.9
819,2,58.1,72.84,-2.688,0.899,0.0,-0.649,0.72,0,
819,3,16.17,104.7,0.707,1.0,0.0,-0.03,0.12,1,
820,0,37.13,46.6,3.0,1.0,0.0,-0.002,0.0,8,12.5
820,1,135.93,72.41,2.766,0.399,0.0,1.0,0.36,0,28.6
820,2,57.59,72.59,-2.825,0.0,0.0,-1.0,0.56,0,
820,3,16.25,104.78,0.702,1.0,0.0,-0.03,0.12,1,
821,0,37.13,46.6,3.0,1.0,0.0,-0.002,0.0,1,12.5
821,1,135.48,72.59,2.923,0.542,0.0,1.0,0.48,0,28.2
821,2,57.21,72.47,-2.979,0.0,0.0,-1.0,0.4,0,
821,3,16.34,104.87,0.698,1.0,0.0,-0.029,0.12,8,
822,0,37.13,46.6,3.0,1.0,0.0,-0.001,0.0,1,12.5
822,1,134.89,72.72,3.081,0.673,0.0,1.0,0.6,0,27.7
822,2,56.98,72.43,-3.136,0.0,0.0,-1.0,0.24,0,
822,3,16.43,104.95,0.693,1.0,0.0,-0.029,0.12,1,
823,0,37.13,46.6,2.999,1.0,0.0,-0.001,0.0,1,12.5
823,1,134.17,72.76,-3.054,0.79,0.0,0.944,0.72,0,27.3
823,2,56.9,72.43,2.991,0.0,0.0,-1.0,0.08,0,
823,3,16.52,105.03,0.689,1.0,0.0,-0.028,0.12,1,
824,0,37.13,46.6,2.999,1.0,0.0,-0.001,0.0,1,12.5
824,1,133.34,72.69,-2.924,0.882,0.0,0.702,0.84,0,26.9
824,2,56.9,72.43,2.833,0.0,0.0,-1.0,0.0,0,
824,3,16.61,105.1,0.684,1.0,0.0,-0.028,0.12,1,
825,0,37.13,46.6,2.999,1.0,0.0,-0.001,0.0,1,12.5
825,1,132.4,72.48,-2.811,0.945,0.0,0.476,0.96,0,26.6
825,2,56.9,72.43,2.676,0.0,0.0,-1.0,0.0,0,
825,3,16.7,105.18,0.68,1.0,0.0,-0.027,0.12,8,
826,0,37.13,46.6,2.999,1.0,0.0,-0.0,0.0,8,12.5
826,1,131.38,72.13,-2.715,0.983,0.0,0.266,1.08,0,26.4
826,2,56.86,72.45,2.519,0.03,0.0,-1.0,0.045,0,
826,3,16.79,105.26,0.676,1.0,0.0,-0.026,0.12,8,
827,0,37.13,46.6,2.999,1.0,0.0,-0.0,0.0,1,12.5
827,1,130.29,71.63,-2.637,0.999,0.0,0.071,1.2,0,26.4
827,2,56.72,72.54,2.362,0.182,0.0,-1.0,0.165,0,
827,3,16.89,105.33,0.672,1.0,0.0,-0.026,0.12,8,
828,0,37.13,46.6,2.999,1.0,0.0,-0.0,0.0,1,12.5
828,1,129.13,71.0,-2.576,0.997,0.0,-0.105,1.32,0,26.5
828,2,56.52,72.74,2.205,0.317,0.0,-1.0,0.285,0,
828,3,16.98,105.41,0.668,1.0,0.0,-0.025,0.12,1,
829,0,37.13,46.6,2.999,1.0,0.0,-0.0,0.0,1,12.5
829,1,127.92,70.22,-2.533,0.983,0.0,-0.263,1.44,0,26.8
829,2,56.28,73.07,2.048,0.436,0.0,-1.0,0.405,0,
829,3,17.07,105.48,0.664,1.0,0.0,-0.025,0.12,0,
830,0,37.13,46.6,2.999,1.0,0.0,-0.0,0.0,8,12.5
830,1,126.73,69.4,-2.507,0.961,0.0,-0.4,1.442,0,27.3
830,2,56.04,73.54,1.891,0.54,0.0,-1.0,0.525,0,
830,3,17.26,105.63,0.66,1.0,0.0,-0.024,0.24,0,
831,0,37.13,46.6,2.999,1.0,0.0,-0.0,0.0,1,12.5
831,1,125.6,68.57,-2.499,0.937,0.0,-0.509,1.406,0,27.8
831,2,55.83,74.15,1.734,0.63,0.0,-1.0,0.645,0,
831,3,17.55,105.85,0.656,1.0,0.0,-0.029,0.36,0,
832,0,37.13,46.6,2.999,1.0,0.0,-0.0,0.0,1,12.5
832,1,124.5,67.74,-2.508,0.916,0.0,-0.589,1.374,0,28.4
832,2,55.71,74.91,1.577,0.708,0.0,-1.0,0.765,0,
832,3,17.93,106.15,0.65,1.0,0.0,-0.037,0.48,0,
833,0,37.13,46.6,2.999,1.0,0.0,-0.0,0.0,1,12.5
833,1,123.41,66.94,-2.535,0.902,0.0,-0.639,1.353,0,29.0
833,2,55.7,75.79,1.426,0.782,0.0,-0.961,0.885,0,
833,3,18.41,106.51,0.642,0.999,0.0,-0.049,0.6,0,
834,0,37.13,46.6,2.999,1.0,0.0,-0.0,0.0,1,12.5
834,1,122.31,66.18,-2.579,0.895,0.0,-0.661,1.342,0,29.6
834,2,55.85,76.79,1.293,0.856,0.0,-0.776,1.005,0,
834,3,18.98,106.94,0.632,0.999,0.0,-0.064,0.72,0,
835,0,37.13,46.6,2.999,1.0,0.0,-0.0,0.0,1,12.5
835,1,121.17,65.46,-2.641,0.897,0.0,-0.655,1.345,0,30.2
835,2,56.16,77.87,1.177,0.909,0.0,-0.615,1.125,0,
835,3,19.66,107.44,0.62,0.998,0.0,-0.081,0.84,0,
836,0,37.13,46.6,2.999,1.0,0.0,-0.0,0.0,1,12.5
836,1,119.98,64.81,-2.72,0.906,0.0,-0.624,1.359,0,30.8
836,2,56.64,79.02,1.078,0.945,0.0,-0.478,1.245,0,
836,3,20.44,107.99,0.604,0.998,0.0,-0.1,0.96,0,
837,0,37.13,46.6,2.999,1.0,0.0,-0.0,0.0,1,12.5
837,1,118.72,64.24,-2.809,0.922,0.0,-0.568,1.383,0,31.4
837,2,57.28,80.22,0.997,0.968,0.0,-0.363,1.365,0,
837,3,21.33,108.61,0.571,0.976,0.0,-0.316,1.08,0,
838,0,37.13,46.6,2.999,1.0,0.0,-0.0,0.0,1,12.5
838,1,117.56,63.84,-2.916,0.0,0.0,-1.0,1.223,0,31.8
838,2,58.08,81.46,0.934,0.982,0.0,-0.27,1.473,0,
838,3,22.34,109.26,0.527,0.981,0.0,-0.28,1.2,0,
839,0,37.13,46.6,2.999,1.0,0.0,-0.0,0.0,8,12.5
839,1,116.52,63.6,-3.04,0.0,0.0,-1.0,1.063,0,32.1
839,2,58.96,82.65,0.888,0.99,0.0,-0.2,1.485,0,
839,3,23.48,109.92,0.491,0.987,0.0,-0.229,1.32,0,
840,0,37.13,46.6,2.999,1.0,0.0,-0.0,0.0,8,12.5
840,1,115.62,63.51,3.101,0.0,0.0,-1.0,0.903,0,27.8
840,2,59.8,83.68,0.825,0.0,0.0,-1.0,1.325,0,
840,3,24.68,110.56,0.472,0.908,0.0,0.618,1.362,0,
841,0,37.13,46.6,2.999,1.0,0.0,-0.0,0.0,1,12.5
841,1,114.88,63.54,2.944,0.0,0.0,-1.0,0.743,0,28.5
841,2,60.59,84.54,0.744,0.0,0.0,-1.0,1.165,0,
841,3,25.86,111.16,0.471,0.879,0.0,0.711,1.318,0,
842,0,37.13,46.6,2.999,1.0,0.0,-0.0,0.0,1,12.5
842,1,114.31,63.66,2.787,0.0,0.0,-1.0,0.583,0,29.0
842,2,61.33,85.22,0.646,0.0,0.0,-1.0,1.005,0,
842,3,27.0,111.74,0.488,0.855,0.0,0.779,1.283,0,
843,0,37.13,46.6,2.999,1.0,0.0,-0.0,0.0,1,12.5
843,1,113.91,63.8,2.63,0.0,0.0,-1.0,0.423,0,29.3
843,2,62.01,85.73,0.53,0.034,0.0,-1.0,0.845,0,
843,3,28.11,112.33,0.522,0.84,0.0,0.818,1.261,0,
844,0,37.13,46.6,2.999,1.0,0.0,-0.0,0.0,8,12.5
844,1,113.68,63.93,2.473,0.0,0.0,-1.0,0.263,0,29.5
844,2,62.6,86.07,0.396,0.099,0.0,-1.0,0.685,0,
844,3,29.2,112.96,0.573,0.836,0.0,0.83,1.254,0,
845,0,37.13,46.6,2.999,1.0,0.0,-0.0,0.0,1,12.5
845,1,113.6,64.0,2.316,0.0,0.0,-1.0,0.103,0,29.6
845,2,63.08,86.28,0.245,0.192,0.0,-1.0,0.525,0,
845,3,30.26,113.64,0.642,0.843,0.0,0.811,1.265,0,
846,0,37.13,46.6,2.999,1.0,0.0,-0.0,0.0,8,12.5
846,1,113.6,64.0,2.159,0.0,0.0,-1.0,0.0,0,29.6
846,2,63.53,86.39,0.088,0.308,0.0,-1.0,0.462,0,
846,3,31.3,114.42,0.729,0.861,0.0,0.761,1.292,0,
847,0,37.13,46.6,2.999,1.0,0.0,-0.0,0.0,1,12.5
847,1,113.6,64.0,2.002,0.0,0.0,-1.0,0.0,0,29.6
847,2,64.11,86.44,-0.069,0.429,0.0,-1.0,0.582,0,
847,3,32.29,115.31,0.833,0.89,0.0,0.677,1.335,0,
848,0,37.13,46.6,2.999,1.0,0.0,-0.0,0.0,1,12.5
848,1,113.6,64.0,1.844,0.0,0.0,-1.0,0.0,0,29.6
848,2,64.81,86.39,-0.226,0.539,0.0,-1.0,0.702,0,
848,3,33.23,116.33,0.92,0.925,0.0,0.556,1.388,0,
849,0,37.13,46.6,2.999,1.0,0.0,-0.0,0.0,1,12.5
849,1,113.6,64.0,1.687,0.0,0.0,-1.0,0.0,0,29.6
849,2,65.61,86.21,-0.383,0.636,0.0,-1.0,0.822,0,
849,3,34.09,117.47,0.99,0.953,0.0,0.441,1.429,0,
850,0,37.13,46.6,2.999,1.0,0.0,-0.0,0.0,1,12.5
850,1,113.59,64.12,1.53,0.157,0.0,-1.0,0.12,0,29.6
850,2,66.49,85.85,-0.54,0.721,0.0,-1.0,0.942,0,
850,3,34.89,118.69,1.042,0.973,0.0,0.331,1.46,0,
851,0,37.13,46.6,2.999,1.0,0.0,-0.0,0.0,8,12.5
851,1,113.6,64.36,1.373,0.305,0.0,-1.0,0.24,0,29.5
851,2,67.4,85.31,-0.686,0.795,0.0,-0.931,1.062,0,
851,3,35.64,119.97,1.078,0.987,0.0,0.228,1.481,0,
852,0,37.13,46.6,2.999,1.0,0.0,-0.0,0.0,1,12.5
852,1,113.67,64.71,1.216,0.444,0.0,-1.0,0.36,0,29.3
852,2,68.31,84.56,-0.815,0.852,0.0,-0.788,1.182,0,
852,3,36.05,121.34,1.098,0.996,0.0,0.129,1.427,1,
853,0,37.13,46.6,2.999,1.0,0.0,-0.0,0.0,8,12.5
853,1,113.84,65.16,1.059,0.569,0.0,-1.0,0.48,0,29.1
853,2,69.07,84.15,-0.926,0.892,0.0,-0.671,0.865,1,
853,3,36.07,121.45,1.101,1.0,0.0,0.003,0.115,1,
854,0,37.13,46.6,2.999,1.0,0.0,-0.0,0.0,8,12.5
854,1,114.13,65.69,0.902,0.681,0.0,-1.0,0.6,0,28.7
854,2,69.12,84.16,-1.02,0.918,0.0,-0.583,0.048,1,
854,3,36.09,121.56,1.099,1.0,0.0,-0.01,0.115,8,
855,0,37.13,46.6,2.999,1.0,0.0,-0.0,0.0,1,12.5
855,1,114.58,66.25,0.749,0.778,0.0,-0.971,0.72,0,28.1
855,2,69.16,84.17,-1.097,0.95,0.0,-0.454,0.038,8,
855,3,36.12,121.68,1.097,1.0,0.0,-0.018,0.115,1,
856,0,37.13,46.6,2.999,1.0,0.0,-0.0,0.0,1,12.5
856,1,115.19,66.82,0.614,0.856,0.0,-0.776,0.84,0,27.4
856,2,69.18,84.18,-1.155,0.97,0.0,-0.35,0.029,1,
856,3,36.14,121.79,1.093,1.0,0.0,-0.024,0.116,8,
857,0,37.13,46.6,2.999,1.0,0.0,-0.0,0.0,1,12.5
857,1,115.98,67.38,0.497,0.911,0.0,-0.606,0.96,0,26.5
857,2,69.21,84.18,-1.198,0.982,0.0,-0.269,0.023,1,
857,3,36.16,121.9,1.088,1.0,0.0,-0.028,0.116,8,
858,0,37.13,46.6,2.999,1.0,0.0,-0.0,0.0,1,12.5
858,1,116.93,67.89,0.397,0.949,0.0,-0.459,1.08,0,25.5
858,2,69.22,84.19,-1.231,0.989,0.0,-0.211,0.018,1,
858,3,36.19,122.02,1.083,1.0,0.0,-0.032,0.116,1,
859,0,37.13,46.6,2.999,1.0,0.0,-0.0,0.0,1,12.5
859,1,118.03,68.36,0.314,0.973,0.0,-0.336,1.2,0,24.3
859,2,69.24,84.19,-1.257,0.993,0.0,-0.166,0.014,1,
859,3,36.22,122.13,1.078,1.0,0.0,-0.035,0.116,8,
860,0,37.13,46.6,2.999,1.0,0.0,-0.0,0.0,8,12.5
860,1,119.29,68.76,0.249,0.987,0.0,-0.234,1.32,0,23.0
860,2,69.25,84.19,-1.277,0.996,0.0,-0.13,0.011,8,
860,3,36.24,122.24,1.072,1.0,0.0,-0.037,0.116,8,
861,0,37.13,46.6,2.999,1.0,0.0,-0.0,0.0,1,12.5
861,1,120.69,69.12,0.202,0.994,0.0,-0.155,1.44,0,21.6
861,2,69.26,84.2,-1.293,0.997,0.0,-0.102,0.009,8,
861,3,36.27,122.35,1.066,1.0,0.0,-0.038,0.116,1,
862,0,37.13,46.6,2.999,1.0,0.0,-0.0,0.0,1,12.5
862,1,122.15,69.42,0.172,0.998,0.0,-0.097,1.497,0,20.1
862,2,69.26,84.2,-1.306,0.998,0.0,-0.08,0.007,1,
862,3,36.3,122.47,1.06,1.0,0.0,-0.04,0.116,1,
863,0,37.13,46.6,2.999,1.0,0.0,-0.0,0.0,1,12.5
863,1,123.63,69.68,0.159,0.999,0.0,-0.061,1.499,0,18.6
863,2,69.27,84.2,-1.316,0.999,0.0,-0.063,0.005,1,
863,3,36.33,122.58,1.053,1.0,0.0,-0.041,0.117,1,
864,0,37.13,46.6,2.999,1.0,0.0,-0.0,0.0,1,12.5
864,1,125.11,69.91,0.152,0.999,0.0,-0.048,1.499,0,17.1
864,2,69.27,84.2,-1.324,0.999,0.0,-0.05,0.004,1,
864,3,36.36,122.69,1.047,1.0,0.0,-0.042,0.117,8,
865,0,37.13,46.6,2.999,1.0,0.0,-0.0,0.0,1,12.5
865,1,126.59,70.14,0.145,1.0,0.0,-0.042,1.499,0,15.6
865,2,69.28,84.2,-1.33,1.0,0.0,-0.039,0.003,1,
865,3,36.4,122.8,1.04,1.0,0.0,-0.042,0.117,1,
866,0,37.13,46.6,2.999,1.0,0.0,-0.0,0.0,1,12.5
866,1,128.08,70.36,0.139,1.0,0.0,-0.036,1.5,0,14.1
866,2,69.28,84.2,-1.335,1.0,0.0,-0.031,0.003,1,
866,3,36.43,122.92,1.034,1.0,0.0,-0.043,0.117,1,
867,0,37.13,46.6,2.999,1.0,0.0,-0.0,0.0,1,12.5
867,1,129.56,70.56,0.134,1.0,0.0,-0.032,1.5,0,12.6
867,2,69.28,84.2,-1.338,1.0,0.0,-0.024,0.002,1,
867,3,36.46,123.03,1.027,1.0,0.0,-0.043,0.117,1,
868,0,37.13,46.6,2.999,1.0,0.0,-0.0,0.0,1,12.5
868,1,131.05,70.76,0.13,1.0,0.0,-0.029,1.5,0,11.1
868,2,69.28,84.2,-1.341,1.0,0.0,-0.019,0.002,1,
868,3,36.5,123.14,1.02,1.0,0.0,-0.043,0.117,1,
869,0,37.13,46.6,2.999,1.0,0.0,-0.0,0.0,1,12.5
869,1,132.53,70.96,0.126,1.0,0.0,-0.026,1.5,0,9.6
869,2,69.28,84.2,-1.344,1.0,0.0,-0.015,0.001,1,
869,3,36.54,123.25,1.013,1.0,0.0,-0.043,0.117,1,
870,0,37.13,46.6,2.999,1.0,0.0,-0.0,0.0,1,12.5
870,1,133.96,71.14,0.122,0.96,0.0,-0.024,1.44,0,8.2
870,2,69.28,84.2,-1.345,1.0,0.0,-0.012,0.001,8,
870,3,36.58,123.36,1.007,1.0,0.0,-0.043,0.117,1,
871,0,37.13,46.6,2.999,1.0,0.0,-0.0,0.0,1,12.5
871,1,135.23,71.29,0.118,0.816,0.0,-0.023,1.28,0,6.9
871,2,69.29,84.2,-1.347,1.0,0.0,-0.009,0.001,1,
871,3,36.61,123.47,1.0,1.0,0.0,-0.043,0.117,1,
872,0,37.13,46.6,2.999,1.0,0.0,-0.0,0.0,8,12.5
872,1,136.35,71.43,0.115,0.688,0.0,-0.022,1.12,0,5.8
872,2,69.29,84.2,-1.348,1.0,0.0,-0.007,0.001,1,
872,3,36.65,123.58,0.993,1.0,0.0,-0.044,0.117,2,
873,0,37.13,46.6,2.999,1.0,0.0,-0.0,0.0,2,12.5
873,1,136.5,71.54,0.111,0.576,0.0,-0.022,0.19,1,5.6
873,2,69.29,84.2,-1.349,1.0,0.0,-0.006,0.0,8,
873,3,36.7,123.69,0.986,1.0,0.0,-0.044,0.117,1,
874,0,37.13,46.6,2.999,1.0,0.0,-0.0,0.0,1,12.5
874,1,136.5,71.55,0.105,0.56,0.0,-0.041,0.013,1,5.6
874,2,69.29,84.2,-1.35,1.0,0.0,-0.004,0.0,8,
874,3,36.74,123.8,0.979,1.0,0.0,-0.044,0.117,1,
875,0,37.13,46.6,2.999,1.0,0.0,-0.0,0.0,1,12.5
875,1,136.5,71.56,0.099,0.56,0.0,-0.035,0.013,1,5.6
875,2,69.29,84.2,-1.35,1.0,0.0,-0.003,0.0,1,
875,3,36.78,123.91,0.972,1.0,0.0,-0.043,0.117,1,
876,0,37.13,46.6,2.999,1.0,0.0,-0.0,0.0,8,12.5
876,1,136.5,71.57,0.095,0.559,0.0,-0.03,0.012,1,5.6
876,2,69.29,84.2,-1.351,1.0,0.0,-0.003,0.0,8,
876,3,36.83,124.02,0.966,1.0,0.0,-0.043,0.117,1,
877,0,37.13,46.6,2.999,1.0,0.0,-0.0,0.0,1,12.5
877,1,136.5,71.59,0.091,0.559,0.0,-0.027,0.011,1,5.6
877,2,69.29,84.2,-1.351,1.0,0.0,-0.002,0.0,1,
877,3,36.87,124.13,0.959,1.0,0.0,-0.043,0.118,1,
878,0,37.13,46.6,2.999,1.0,0.0,-0.0,0.0,8,12.5
878,1,136.5,71.6,0.087,0.559,0.0,-0.023,0.011,1,5.6
878,2,69.29,84.2,-1.351,1.0,0.0,-0.002,0.0,8,
878,3,36.92,124.23,0.952,1.0,0.0,-0.043,0.118,1,
879,0,37.13,46.6,2.999,1.0,0.0,-0.0,0.0,2,12.5
879,1,136.5,71.61,0.084,0.559,0.0,-0.021,0.01,1,5.6
879,2,69.29,84.2,-1.351,1.0,0.0,-0.001,0.0,1,
879,3,36.96,124.34,0.945,1.0,0.0,-0.043,0.118,8,
880,0,37.13,46.6,2.999,1.0,0.0,-0.0,0.0,1,12.5
880,1,136.5,71.61,0.063,0.0,0.0,-1.0,0.0,0,28.9
880,2,69.29,84.2,-1.334,0.286,0.0,1.0,0.0,8,
880,3,37.01,124.45,0.956,0.973,0.0,0.335,0.118,1,
881,0,37.13,46.6,2.999,1.0,0.0,-0.0,0.0,1,12.5
881,1,136.5,71.61,0.024,0.0,0.0,-1.0,0.0,0,28.9
881,2,69.29,84.2,-1.299,0.303,0.0,1.0,0.002,8,
881,3,37.06,124.56,0.984,0.976,0.0,0.316,0.118,8,
882,0,37.13,46.6,2.999,1.0,0.0,-0.0,0.0,1,12.5
882,1,136.5,71.61,-0.031,0.0,0.0,-1.0,0.0,0,28.9
882,2,69.3,84.2,-1.247,0.336,0.0,1.0,0.006,1,
882,3,37.11,124.66,1.027,0.982,0.0,0.272,0.119,2,
883,0,37.13,46.6,2.999,1.0,0.0,-0.0,0.0,1,12.5
883,1,136.5,71.61,-0.07,0.0,0.0,1.0,0.0,0,28.9
883,2,69.31,84.21,-1.177,0.385,0.0,1.0,0.013,8,
883,3,37.17,124.77,1.059,0.99,0.0,0.207,0.12,1,
884,0,37.13,46.6,2.999,1.0,0.0,-0.0,0.0,8,12.5
884,1,136.5,71.61,-0.09,0.0,0.0,1.0,0.0,0,28.9
884,2,69.33,84.21,-1.09,0.449,0.0,1.0,0.021,1,
884,3,37.22,124.88,1.084,0.994,0.0,0.157,0.12,8,
885,0,37.13,46.6,2.999,1.0,0.0,-0.0,0.0,1,12.5
885,1,136.5,71.61,-0.094,0.0,0.0,1.0,0.0,0,28.9
885,2,69.36,84.22,-0.985,0.526,0.0,1.0,0.032,8,
885,3,37.27,124.99,1.102,0.997,0.0,0.118,0.12,1,
886,0,37.13,46.6,2.999,1.0,0.0,-0.0,0.0,1,12.5
886,1,136.5,71.61,-0.08,0.0,0.0,1.0,0.0,0,28.9
886,2,69.4,84.23,-0.863,0.614,0.0,1.0,0.044,8,
886,3,37.33,125.09,1.116,0.998,0.0,0.088,0.12,0,
887,0,37.13,46.6,2.999,1.0,0.0,-0.0,0.0,1,12.5
887,1,136.5,71.61,-0.048,0.0,0.0,1.0,0.0,0,28.9
887,2,69.46,84.24,-0.723,0.707,0.0,1.0,0.058,8,
887,3,37.43,125.31,1.126,0.999,0.0,0.065,0.24,0,
888,0,37.13,46.6,2.999,1.0,0.0,-0.0,0.0,1,12.5
888,1,136.5,71.61,0.001,0.0,0.0,1.0,0.0,0,28.9
888,2,69.53,84.25,-0.579,0.801,0.0,0.917,0.073,1,
888,3,37.59,125.63,1.133,1.0,0.0,0.042,0.36,0,
889,0,37.13,46.6,2.999,1.0,0.0,-0.0,0.0,1,12.5
889,1,136.5,71.61,0.068,0.0,0.0,1.0,0.0,0,28.9
889,2,69.62,84.27,-0.452,0.881,0.0,0.705,0.086,8,
889,3,37.79,126.07,1.136,1.0,0.0,0.02,0.48,0,
890,0,37.13,46.6,2.999,1.0,0.0,-0.0,0.0,8,12.5
890,1,136.5,71.61,0.152,0.0,0.0,1.0,0.0,0,28.9
890,2,69.71,84.29,-0.343,0.935,0.0,0.517,0.096,8,
890,3,38.05,126.61,1.135,1.0,0.0,-0.004,0.6,0,
891,0,37.13,46.6,2.999,1.0,0.0,-0.0,0.0,1,12.5
891,1,136.5,71.61,0.254,0.0,0.0,1.0,0.0,0,28.9
891,2,69.81,84.31,-0.252,0.97,0.0,0.354,0.104,1,
891,3,38.35,127.27,1.131,1.0,0.0,-0.029,0.72,0,
892,0,37.13,46.6,2.999,1.0,0.0,-0.0,0.0,1,12.5
892,1,136.5,71.61,0.373,0.0,0.0,1.0,0.0,0,28.9
892,2,69.92,84.33,-0.178,0.989,0.0,0.214,0.11,1,
892,3,38.71,128.03,1.109,0.98,0.0,-0.288,0.84,0,
893,0,37.13,46.6,2.999,1.0,0.0,-0.0,0.0,1,12.5
893,1,136.5,71.61,0.51,0.0,0.0,1.0,0.0,0,28.9
893,2,70.03,84.34,-0.121,0.998,0.0,0.099,0.113,8,
893,3,39.13,128.88,1.069,0.982,0.0,-0.271,0.96,0,
894,0,37.13,46.6,2.999,1.0,0.0,-0.0,0.0,8,12.5
894,1,136.5,71.61,0.664,0.0,0.0,1.0,0.0,0,28.9
894,2,70.15,84.36,-0.082,1.0,0.0,0.009,0.116,1,
894,3,39.65,129.83,1.033,0.987,0.0,-0.232,1.08,0,
895,0,37.13,46.6,2.999,1.0,0.0,-0.0,0.0,8,12.5
895,1,136.5,71.61,0.821,0.0,0.0,1.0,0.0,0,28.9
895,2,70.26,84.38,-0.06,0.999,0.0,-0.056,0.117,1,
895,3,40.27,130.86,1.002,0.99,0.0,-0.198,1.2,0,
896,0,37.13,46.6,2.999,1.0,0.0,-0.0,0.0,8,12.5
896,1,136.5,71.61,0.978,0.0,0.0,1.0,0.0,0,28.9
896,2,70.38,84.39,-0.056,0.998,0.0,-0.096,0.118,1,
896,3,40.98,131.97,0.975,0.993,0.0,-0.172,1.32,0,
897,0,37.13,46.6,2.999,1.0,0.0,-0.0,0.0,1,12.5
897,1,136.5,71.66,1.135,0.046,0.0,1.0,0.058,1,29.0
897,2,70.5,84.41,-0.07,0.997,0.0,-0.112,0.118,8,
897,3,41.79,133.17,0.951,0.994,0.0,-0.153,1.44,0,
898,0,37.13,46.6,2.999,1.0,0.0,-0.0,0.0,2,12.5
898,1,136.5,71.77,1.292,0.201,0.0,1.0,0.109,1,29.1
898,2,70.61,84.42,-0.086,0.997,0.0,-0.102,0.118,8,
898,3,42.65,134.38,0.929,0.995,0.0,-0.141,1.493,0,
899,0,37.13,46.6,2.999,1.0,0.0,-0.0,0.0,1,12.5
899,1,136.5,71.89,1.449,0.35,0.0,1.0,0.115,1,29.2
899,2,70.73,84.44,-0.1,0.998,0.0,-0.089,0.118,1,
899,3,43.45,135.45,0.889,0.405,0.0,-1.0,1.333,0,
900,0,37.13,46.6,2.999,1.0,0.0,-0.0,0.0,8,12.5
900,1,136.5,72.01,1.607,0.49,0.0,1.0,0.119,1,29.3
900,2,70.85,84.45,-0.112,0.998,0.0,-0.078,0.118,8,
900,3,44.19,136.36,0.832,0.36,0.0,-1.0,1.173,0,
901,0,37.13,46.6,2.999,1.0,0.0,-0.0,0.0,8,12.5
901,1,136.5,72.13,1.764,0.618,0.0,1.0,0.12,0,29.4
901,2,70.97,84.46,-0.123,0.999,0.0,-0.07,0.118,1,
901,3,44.87,136.5,0.757,0.338,0.0,-1.0,0.697,1,
902,0,37.13,46.6,2.999,1.0,0.0,-0.0,0.0,8,12.5
902,1,136.45,72.36,1.921,0.732,0.0,1.0,0.24,0,29.5
902,2,71.08,84.47,-0.133,0.999,0.0,-0.064,0.118,1,
902,3,44.96,136.5,0.665,0.373,0.0,-1.0,0.087,1,
903,0,37.13,46.6,2.999,1.0,0.0,-0.0,0.0,1,12.5
903,1,136.33,72.7,2.06,0.826,0.0,0.855,0.36,0,29.7
903,2,71.2,84.47,-0.142,0.999,0.0,-0.059,0.118,8,
903,3,45.06,136.5,0.556,0.454,0.0,-1.0,0.094,1,
904,0,37.13,46.6,2.999,1.0,0.0,-0.0,0.0,1,12.5
904,1,136.1,73.13,2.182,0.892,0.0,0.67,0.48,0,29.9
904,2,71.32,84.48,-0.151,0.999,0.0,-0.055,0.118,8,
904,3,45.16,136.5,0.428,0.545,0.0,-1.0,0.102,1,
905,0,37.13,46.6,2.999,1.0,0.0,-0.0,0.0,1,12.5
905,1,135.76,73.62,2.287,0.935,0.0,0.516,0.6,0,30.2
905,2,71.44,84.49,-0.159,0.999,0.0,-0.052,0.118,8,
905,3,45.27,136.5,0.284,0.643,0.0,-1.0,0.109,1,
906,0,37.13,46.6,2.999,1.0,0.0,-0.0,0.0,8,12.5
906,1,135.28,74.16,2.374,0.962,0.0,0.393,0.72,0,30.4
906,2,71.55,84.49,-0.167,0.999,0.0,-0.05,0.118,1,
906,3,45.38,136.5,0.127,0.744,0.0,-1.0,0.115,1,
907,0,37.13,46.6,2.999,1.0,0.0,-0.0,0.0,1,12.5
907,1,134.68,74.74,2.444,0.978,0.0,0.301,0.84,0,30.6
907,2,71.67,84.5,-0.175,0.999,0.0,-0.048,0.118,1,
907,3,45.5,136.5,-0.013,0.836,0.0,-0.829,0.119,1,
908,0,37.13,46.6,2.999,1.0,0.0,-0.0,0.0,1,12.5
908,1,134.16,75.18,2.531,0.0,0.0,1.0,0.68,0,30.7
908,2,71.79,84.5,-0.182,0.999,0.0,-0.046,0.118,1,
908,3,45.62,136.5,-0.135,0.902,0.0,-0.637,0.12,0,
909,0,37.13,46.6,2.999,1.0,0.0,-0.0,0.0,1,12.5
909,1,133.73,75.48,2.635,0.0,0.0,1.0,0.52,0,30.7
909,2,71.91,84.5,-0.189,1.0,0.0,-0.045,0.118,1,
909,3,45.86,136.47,-0.24,0.946,0.0,-0.471,0.24,0,
910,0,37.13,46.6,2.999,1.0,0.0,-0.0,0.0,1,12.5
910,1,133.42,75.65,2.757,0.0,0.0,1.0,0.36,0,30.7
910,2,72.03,84.5,-0.196,1.0,0.0,-0.044,0.118,8,
910,3,46.21,136.38,-0.327,0.973,0.0,-0.335,0.36,0,
911,0,37.13,46.6,2.999,1.0,0.0,-0.0,0.0,1,12.5
911,1,133.23,75.73,2.897,0.095,0.0,1.0,0.2,0,30.7
911,2,72.14,84.5,-0.203,1.0,0.0,-0.043,0.118,1,
911,3,46.66,136.23,-0.396,0.987,0.0,-0.228,0.48,0,
912,0,37.13,46.6,2.999,1.0,0.0,-0.0,0.0,1,12.5
912,1,132.92,75.81,3.054,0.226,0.0,1.0,0.32,0,30.6
912,2,72.26,84.5,-0.21,1.0,0.0,-0.043,0.118,1,
912,3,47.22,136.0,-0.448,0.995,0.0,-0.149,0.6,0,
913,0,37.13,46.6,2.999,1.0,0.0,-0.0,0.0,8,12.5
913,1,132.48,75.84,-3.072,0.366,0.0,1.0,0.44,0,30.5
913,2,72.38,84.49,-0.216,1.0,0.0,-0.042,0.118,1,
913,3,47.87,135.68,-0.483,0.998,0.0,-0.098,0.72,0,
914,0,37.13,46.6,2.999,1.0,0.0,-0.0,0.0,1,12.5
914,1,131.92,75.81,-2.915,0.496,0.0,1.0,0.56,0,30.2
914,2,72.5,84.49,-0.223,1.0,0.0,-0.042,0.118,1,
914,3,48.61,135.29,-0.5,0.999,0.0,-0.074,0.84,0,
915,0,37.13,46.6,2.999,1.0,0.0,-0.0,0.0,8,12.5
915,1,131.26,75.65,-2.758,0.613,0.0,1.0,0.68,0,29.8
915,2,72.62,84.48,-0.229,1.0,0.0,-0.041,0.118,8,
915,3,49.45,134.83,-0.513,0.998,0.0,-0.081,0.96,0,
916,0,37.13,46.6,2.999,1.0,0.0,-0.0,0.0,1,12.5
916,1,130.52,75.35,-2.601,0.716,0.0,1.0,0.8,0,29.2
916,2,72.73,84.48,-0.236,1.0,0.0,-0.041,0.118,8,
916,3,50.39,134.3,-0.528,0.998,0.0,-0.1,1.08,0,
917,0,37.13,46.6,2.999,1.0,0.0,-0.0,0.0,1,12.5
917,1,129.73,74.88,-2.459,0.806,0.0,0.906,0.92,0,28.5
917,2,72.85,84.47,-0.242,1.0,0.0,-0.04,0.118,1,
917,3,51.43,133.7,-0.548,0.996,0.0,-0.124,1.2,0,
918,0,37.13,46.6,2.999,1.0,0.0,-0.0,0.0,8,12.5
918,1,128.92,74.22,-2.334,0.872,0.0,0.73,1.04,0,27.6
918,2,72.97,84.46,-0.248,1.0,0.0,-0.04,0.118,1,
918,3,52.56,133.01,-0.572,0.994,0.0,-0.154,1.32,0,
919,0,37.13,46.6,2.999,1.0,0.0,-0.0,0.0,8,12.5
919,1,128.12,73.38,-2.226,0.919,0.0,0.578,1.16,0,26.5
919,2,73.09,84.45,-0.254,1.0,0.0,-0.04,0.118,1,
919,3,53.77,132.23,-0.602,0.991,0.0,-0.188,1.44,0,
920,0,37.13,46.6,2.999,1.0,0.0,-0.0,0.0,8,12.5
920,1,127.51,72.59,-2.137,0.0,0.0,-1.0,1.0,0,24.5
920,2,73.09,84.45,-0.243,0.0,0.0,1.0,0.0,0,
920,3,54.82,131.51,-0.649,0.207,0.0,-1.0,1.28,0,
921,0,37.13,46.6,2.999,1.0,0.0,-0.0,0.0,8,12.5
921,1,127.06,71.88,-2.064,0.0,0.0,-1.0,0.84,0,25.0
921,2,73.09,84.45,-0.214,0.0,0.0,1.0,0.0,0,
921,3,55.71,130.83,-0.713,0.164,0.0,-1.0,1.12,0,
922,0,37.13,46.6,2.999,1.0,0.0,-0.0,0.0,8,12.5
922,1,126.74,71.28,-2.01,0.0,0.0,-1.0,0.68,0,25.5
922,2,73.09,84.45,-0.168,0.0,0.0,1.0,0.0,0,
922,3,56.44,130.2,-0.795,0.148,0.0,-1.0,0.96,0,
923,0,37.13,46.6,2.999,1.0,0.0,-0.0,0.0,8,12.5
923,1,126.52,70.81,-1.972,0.0,0.0,-1.0,0.52,0,25.9
923,2,73.09,84.45,-0.104,0.0,0.0,1.0,0.0,0,
923,3,57.0,129.63,-0.895,0.16,0.0,-1.0,0.8,0,
924,0,37.13,46.6,2.999,1.0,0.0,-0.0,0.0,8,12.5
924,1,126.38,70.48,-1.952,0.0,0.0,-1.0,0.36,0,26.1
924,2,73.09,84.45,-0.023,0.0,0.0,1.0,0.0,0,
924,3,57.4,129.13,-1.012,0.2,0.0,-1.0,0.64,0,
925,0,37.13,46.6,2.999,1.0,0.0,-0.0,0.0,8,12.5
925,1,126.3,70.3,-1.95,0.0,0.0,-1.0,0.2,0,26.3
925,2,73.09,84.45,0.076,0.0,0.0,1.0,0.0,0,
925,3,57.66,128.72,-1.146,0.269,0.0,-1.0,0.48,0,
926,0,37.13,46.6,2.999,1.0,0.0,-0.0,0.0,8,12.5
926,1,126.29,70.26,-1.965,0.0,0.0,-1.0,0.04,0,26.3
926,2,73.17,84.46,0.192,0.057,0.0,1.0,0.085,0,
926,3,57.88,128.23,-1.298,0.363,0.0,-1.0,0.545,0,
927,0,37.13,46.6,2.999,1.0,0.0,-0.0,0.0,8,12.5
927,1,126.29,70.26,-1.998,0.0,0.0,-1.0,0.0,0,26.3
927,2,73.37,84.5,0.326,0.171,0.0,1.0,0.205,0,
927,3,58.06,127.59,-1.455,0.466,0.0,-1.0,0.665,0,
928,0,37.13,46.6,2.999,1.0,0.0,-0.0,0.0,8,12.5
928,1,126.29,70.26,-2.048,0.0,0.0,-1.0,0.0,0,26.3
928,2,73.68,84.6,0.477,0.297,0.0,1.0,0.325,0,
928,3,58.26,126.9,-1.612,0.561,0.0,-1.0,0.721,1,
929,0,37.13,46.6,2.999,1.0,0.0,-0.0,0.0,8,12.5
929,1,126.29,70.26,-2.116,0.0,0.0,-1.0,0.0,0,26.3
929,2,74.08,84.81,0.634,0.433,0.0,1.0,0.445,0,
929,3,58.32,126.82,-1.77,0.645,0.0,-1.0,0.092,1,
930,0,37.13,46.6,2.999,1.0,0.0,-0.0,0.0,8,12.5
930,1,126.29,70.26,-2.201,0.0,0.0,-1.0,0.0,0,26.3
930,2,74.53,85.14,0.791,0.563,0.0,1.0,0.565,0,
930,3,58.37,126.76,-1.927,0.751,0.0,-1.0,0.08,1,
931,0,37.13,46.6,2.999,1.0,0.0,-0.0,0.0,8,12.5
931,1,126.29,70.26,-2.304,0.0,0.0,-1.0,0.0,0,26.3
931,2,75.01,85.63,0.948,0.679,0.0,1.0,0.685,0,
931,3,58.41,126.71,-2.066,0.842,0.0,-0.814,0.065,1,
932,0,37.13,46.6,2.999,1.0,0.0,-0.0,0.0,8,12.5
932,1,126.29,70.26,-2.424,0.0,0.0,-1.0,0.0,0,26.3
932,2,75.48,86.28,1.1,0.78,0.0,0.966,0.805,0,
932,3,58.44,126.67,-2.188,0.907,0.0,-0.622,0.051,1,
933,0,37.13,46.6,2.999,1.0,0.0,-0.0,0.0,8,12.5
933,1,126.29,70.26,-2.562,0.0,0.0,-1.0,0.0,0,26.3
933,2,75.9,87.11,1.234,0.861,0.0,0.762,0.925,0,
933,3,58.46,126.64,-2.293,0.95,0.0,-0.454,0.038,1,
934,0,37.13,46.6,2.999,1.0,0.0,-0.0,0.0,8,12.5
934,1,126.29,70.26,-2.717,0.0,0.0,-1.0,0.0,0,26.3
934,2,76.25,88.09,1.351,0.918,0.0,0.582,1.045,0,
934,3,58.47,126.61,-2.38,0.977,0.0,-0.309,0.026,1,
935,0,37.13,46.6,2.999,1.0,0.0,-0.0,0.0,8,12.5
935,1,126.29,70.26,-2.874,0.0,0.0,-1.0,0.0,0,26.3
935,2,76.5,89.23,1.45,0.956,0.0,0.427,1.165,0,
935,3,58.48,126.6,-2.449,0.991,0.0,-0.187,0.016,8,
936,0,37.13,46.6,2.999,1.0,0.0,-0.0,0.0,8,12.5
936,1,126.28,70.26,-3.031,0.004,0.0,-1.0,0.005,0,26.3
936,2,76.66,90.5,1.532,0.979,0.0,0.294,1.285,0,
936,3,58.49,126.6,-2.502,0.998,0.0,-0.09,0.008,1,
937,0,37.13,46.6,2.999,1.0,0.0,-0.0,0.0,8,12.5
937,1,126.16,70.24,3.095,0.16,0.0,-1.0,0.125,0,26.3
937,2,76.71,91.91,1.596,0.992,0.0,0.185,1.405,0,
937,3,58.49,126.59,-2.536,1.0,0.0,-0.016,0.001,1,
938,0,37.13,46.6,2.999,1.0,0.0,-0.0,0.0,8,12.5
938,1,125.92,70.26,2.938,0.308,0.0,-1.0,0.245,0,26.2
938,2,76.68,93.4,1.643,0.998,0.0,0.098,1.496,0,
938,3,58.49,126.6,-2.553,1.0,0.0,0.033,0.003,8,
939,0,37.13,46.6,2.999,1.0,0.0,-0.0,0.0,8,12.5
939,1,125.56,70.33,2.781,0.445,0.0,-1.0,0.365,0,26.1
939,2,76.57,94.9,1.672,1.0,0.0,0.034,1.5,0,
939,3,58.48,126.6,-2.553,0.999,0.0,0.058,0.005,8,
940,0,37.13,46.6,2.999,1.0,0.0,-0.0,0.0,8,12.5
940,1,125.1,70.5,2.624,0.569,0.0,-1.0,0.485,0,25.8
940,2,76.42,96.39,1.683,1.0,0.0,-0.006,1.5,0,
940,3,58.48,126.6,-2.544,0.999,0.0,0.058,0.005,2,
941,0,37.13,46.6,2.999,1.0,0.0,-0.0,0.0,8,12.5
941,1,124.58,70.8,2.467,0.68,0.0,-1.0,0.605,0,25.4
941,2,76.25,97.88,1.68,1.0,0.0,-0.023,1.5,0,
941,3,58.48,126.61,-2.537,0.999,0.0,0.045,0.004,1,
942,0,37.13,46.6,2.999,1.0,0.0,-0.0,0.0,8,12.5
942,1,124.01,71.25,2.313,0.775,0.0,-0.977,0.725,0,24.8
942,2,76.08,99.37,1.677,1.0,0.0,-0.019,1.5,0,
942,3,58.48,126.61,-2.531,1.0,0.0,0.036,0.003,8,
943,0,37.13,46.6,2.999,1.0,0.0,-0.0,0.0,8,12.5
943,1,123.44,71.88,2.177,0.853,0.0,-0.784,0.845,0,24.1
943,2,75.93,100.87,1.674,1.0,0.0,-0.015,1.5,0,
943,3,58.48,126.61,-2.527,1.0,0.0,0.028,0.002,8,
944,0,37.13,46.6,2.999,1.0,0.0,-0.0,0.0,8,12.5
944,1,122.89,72.67,2.059,0.908,0.0,-0.616,0.965,0,23.2
944,2,75.77,102.36,1.672,1.0,0.0,-0.012,1.5,0,
944,3,58.47,126.61,-2.523,1.0,0.0,0.022,0.002,8,
945,0,37.13,46.6,2.999,1.0,0.0,-0.0,0.0,8,12.5
945,1,122.38,73.63,1.957,0.946,0.0,-0.472,1.085,0,22.2
945,2,75.62,103.85,1.671,1.0,0.0,-0.01,1.5,0,
945,3,58.47,126.61,-2.52,1.0,0.0,0.017,0.001,1,
946,0,37.13,46.6,2.999,1.0,0.0,-0.0,0.0,8,12.5
946,1,121.93,74.74,1.874,0.97,0.0,-0.35,1.205,0,21.0
946,2,75.47,105.34,1.67,1.0,0.0,-0.008,1.5,0,
946,3,58.47,126.62,-2.518,1.0,0.0,0.014,0.001,1,
947,0,37.13,46.6,2.999,1.0,0.0,-0.0,0.0,8,12.5
947,1,121.53,76.01,1.808,0.985,0.0,-0.251,1.325,0,19.7
947,2,75.32,106.83,1.669,1.0,0.0,-0.007,1.5,0,
947,3,58.47,126.62,-2.517,1.0,0.0,0.011,0.001,1,
948,0,37.13,46.6,2.999,1.0,0.0,-0.0,0.0,8,12.5
948,1,121.19,77.41,1.759,0.993,0.0,-0.173,1.445,0,18.3
948,2,75.17,108.33,1.668,1.0,0.0,-0.005,1.5,0,
948,3,58.47,126.62,-2.515,1.0,0.0,0.008,0.001,1,
949,0,37.13,46.6,2.999,1.0,0.0,-0.0,0.0,8,12.5
949,1,120.91,78.88,1.728,0.997,0.0,-0.117,1.495,0,16.8
949,2,75.03,109.82,1.667,1.0,0.0,-0.004,1.5,0,
949,3,58.47,126.62,-2.514,1.0,0.0,0.007,0.001,1,
950,0,37.13,46.6,2.999,1.0,0.0,-0.0,0.0,8,12.5
950,1,120.68,80.36,1.715,0.998,0.0,-0.083,1.497,0,15.3
950,2,74.88,111.31,1.666,1.0,0.0,-0.004,1.5,0,
950,3,58.47,126.62,-2.514,1.0,0.0,0.005,0.0,2,
951,0,37.13,46.6,2.999,1.0,0.0,-0.0,0.0,8,12.5
951,1,120.46,81.84,1.704,0.999,0.0,-0.072,1.498,0,13.8
951,2,74.74,112.81,1.666,1.0,0.0,-0.003,1.5,0,
951,3,58.47,126.62,-2.513,1.0,0.0,0.004,0.0,1,
952,0,37.13,46.6,2.999,1.0,0.0,-0.0,0.0,8,12.5
952,1,120.28,83.16,1.694,0.999,0.0,-0.064,1.333,8,12.5
952,2,74.6,114.3,1.666,1.0,0.0,-0.003,1.5,0,
952,3,58.47,126.62,-2.512,1.0,0.0,0.003,0.0,1,
953,0,37.13,46.6,2.999,1.0,0.0,-0.0,0.0,8,12.5
953,1,120.27,83.16,1.685,0.999,0.0,-0.057,0.005,8,12.5
953,2,74.46,115.79,1.665,1.0,0.0,-0.002,1.5,0,
953,3,58.47,126.62,-2.512,1.0,0.0,0.002,0.0,1,
954,0,37.13,46.6,2.999,1.0,0.0,-0.0,0.0,8,12.5
954,1,120.27,83.16,1.677,1.0,0.0,-0.045,0.004,8,12.5
954,2,74.32,117.29,1.665,1.0,0.0,-0.002,1.5,0,
954,3,58.47,126.62,-2.512,1.0,0.0,0.002,0.0,8,
955,0,37.13,46.6,2.999,1.0,0.0,-0.0,0.0,8,12.5
955,1,120.26,83.16,1.672,1.0,0.0,-0.035,0.003,1,12.5
955,2,74.17,118.78,1.665,1.0,0.0,-0.001,1.5,0,
955,3,58.47,126.62,-2.511,1.0,0.0,0.002,0.0,1,
956,0,37.13,46.6,2.999,1.0,0.0,-0.0,0.0,8,12.5
956,1,120.26,83.16,1.668,1.0,0.0,-0.028,0.002,8,12.5
956,2,74.03,120.27,1.665,1.0,0.0,-0.001,1.5,0,
956,3,58.47,126.62,-2.511,1.0,0.0,0.001,0.0,8,
957,0,37.13,46.6,2.999,1.0,0.0,-0.0,0.0,8,12.5
957,1,120.26,83.16,1.664,1.0,0.0,-0.022,0.002,8,12.5
957,2,73.89,121.77,1.664,1.0,0.0,-0.001,1.5,0,
957,3,58.47,126.62,-2.511,1.0,0.0,0.001,0.0,1,
958,0,37.13,46.6,2.999,1.0,0.0,-0.0,0.0,8,12.5
958,1,120.26,83.16,1.661,1.0,0.0,-0.017,0.001,8,12.5
958,2,73.75,123.26,1.664,1.0,0.0,-0.001,1.5,0,
958,3,58.47,126.62,-2.511,1.0,0.0,0.001,0.0,8,
959,0,37.13,46.6,2.999,1.0,0.0,-0.0,0.0,8,12.5
959,1,120.26,83.16,1.659,1.0,0.0,-0.013,0.001,1,12.5
959,2,73.61,124.75,1.664,1.0,0.0,-0.001,1.5,0,
959,3,58.47,126.62,-2.511,1.0,0.0,0.001,0.0,1,
960,0,37.13,46.6,2.999,1.0,0.0,-0.0,0.0,8,12.5
960,1,120.26,83.16,1.675,0.0,0.0,1.0,0.0,0,27.0
960,2,73.47,126.25,1.664,1.0,0.0,-0.001,1.5,0,
960,3,58.47,126.62,-2.493,0.0,0.0,1.0,0.0,0,
961,0,37.13,46.6,2.999,1.0,0.0,-0.0,0.0,8,12.5
961,1,120.26,83.16,1.708,0.0,0.0,1.0,0.0,0,27.0
961,2,73.42,127.75,1.664,1.0,0.0,-0.001,1.501,1,
961,3,58.46,126.64,-2.458,0.0,0.0,1.0,0.025,2,
962,0,37.13,46.6,2.999,1.0,0.0,-0.0,0.0,8,12.5
962,1,120.26,83.16,1.758,0.0,0.0,1.0,0.0,0,27.0
962,2,73.41,127.87,1.665,1.0,0.0,0.008,0.12,1,
962,3,58.46,126.64,-2.406,0.023,0.0,1.0,0.001,3,
963,0,37.13,46.6,2.999,1.0,0.0,-0.0,0.0,8,12.5
963,1,120.24,83.16,1.811,0.972,0.0,0.34,0.013,1,27.0
963,2,73.4,127.99,1.666,1.0,0.0,0.006,0.12,1,
963,3,58.46,126.63,-2.336,0.076,0.0,1.0,0.01,4,
964,0,37.13,46.6,2.999,1.0,0.0,-0.0,0.0,8,12.5
964,1,120.23,83.16,1.853,0.983,0.0,0.264,0.019,1,27.0
964,2,73.4,128.11,1.667,1.0,0.0,0.005,0.12,1,
964,3,58.47,126.62,-2.248,0.145,0.0,1.0,0.018,4,
965,0,37.13,46.6,2.999,1.0,0.0,-0.0,0.0,8,12.5
965,1,120.2,83.16,1.885,0.99,0.0,0.205,0.024,8,27.0
965,2,73.4,128.23,1.668,1.0,0.0,0.005,0.121,1,
965,3,58.49,126.59,-2.143,0.231,0.0,1.0,0.028,3,
966,0,37.13,46.6,2.999,1.0,0.0,-0.0,0.0,8,12.5
966,1,120.17,83.16,1.91,0.994,0.0,0.16,0.029,1,27.0
966,2,73.41,128.35,1.669,1.0,0.0,0.005,0.122,1,
966,3,58.51,126.56,-2.02,0.332,0.0,1.0,0.039,4,
967,0,37.13,46.6,2.999,1.0,0.0,-0.0,0.0,8,12.5
967,1,120.14,83.15,1.93,0.996,0.0,0.124,0.032,1,26.9
967,2,73.42,128.47,1.67,1.0,0.0,0.006,0.123,1,
967,3,58.54,126.52,-1.88,0.445,0.0,1.0,0.052,3,
968,0,37.13,46.6,2.999,1.0,0.0,-0.0,0.0,8,12.5
968,1,120.11,83.15,1.945,0.998,0.0,0.097,0.034,8,26.9
968,2,73.43,128.59,1.671,1.0,0.0,0.007,0.124,1,
968,3,58.58,126.47,-1.723,0.565,0.0,1.0,0.066,10,
969,0,37.13,46.6,2.999,1.0,0.0,-0.0,0.0,8,12.5
969,1,120.07,83.15,1.957,0.999,0.0,0.076,0.036,1,26.9
969,2,73.45,128.72,1.672,1.0,0.0,0.008,0.125,1,
969,3,58.63,126.4,-1.566,0.687,0.0,1.0,0.08,3,
970,0,37.13,46.6,2.999,1.0,0.0,-0.0,0.0,8,12.5
970,1,120.03,83.15,1.966,0.999,0.0,0.06,0.038,1,26.8
970,2,73.47,128.84,1.673,1.0,0.0,0.01,0.126,1,
970,3,58.68,126.32,-1.419,0.793,0.0,0.937,0.092,4,
971,0,37.13,46.6,2.999,1.0,0.0,-0.0,0.0,8,12.5
971,1,119.99,83.14,1.974,0.999,0.0,0.047,0.04,1,26.8
971,2,73.49,128.97,1.675,1.0,0.0,0.011,0.127,1,
971,3,58.74,126.24,-1.289,0.873,0.0,0.727,0.101,3,
972,0,37.13,46.6,2.999,1.0,0.0,-0.0,0.0,8,12.5
972,1,119.95,83.14,1.98,1.0,0.0,0.037,0.041,1,26.8
972,2,73.5,129.09,1.677,1.0,0.0,0.012,0.127,1,
972,3,58.8,126.15,-1.177,0.929,0.0,0.541,0.108,4,
973,0,37.13,46.6,2.999,1.0,0.0,-0.0,0.0,8,12.5
973,1,119.91,83.14,1.984,1.0,0.0,0.03,0.042,1,26.7
973,2,73.52,129.22,1.679,1.0,0.0,0.013,0.127,1,
973,3,58.86,126.06,-1.082,0.965,0.0,0.381,0.112,4,
974,0,37.13,46.6,2.999,1.0,0.0,-0.0,0.0,8,12.5
974,1,119.87,83.14,1.988,1.0,0.0,0.024,0.043,1,26.7
974,2,73.53,129.34,1.681,1.0,0.0,0.013,0.126,1,
974,3,58.92,125.96,-1.005,0.985,0.0,0.246,0.115,10,
975,0,37.13,46.6,2.999,1.0,0.0,-0.0,0.0,8,12.5
975,1,119.82,83.14,1.991,1.0,0.0,0.019,0.043,1,26.6
975,2,73.54,129.47,1.683,1.0,0.0,0.013,0.125,1,
975,3,58.98,125.86,-0.946,0.995,0.0,0.136,0.116,2,
976,0,37.13,46.6,2.999,1.0,0.0,-0.0,0.0,8,12.5
976,1,119.78,83.13,1.993,1.0,0.0,0.016,0.044,8,26.6
976,2,73.55,129.59,1.685,1.0,0.0,0.013,0.124,1,
976,3,59.04,125.76,-0.904,0.999,0.0,0.051,0.116,2,
977,0,37.13,46.6,2.999,1.0,0.0,-0.0,0.0,8,12.5
977,1,119.74,83.13,1.995,1.0,0.0,0.013,0.045,1,26.6
977,2,73.55,129.72,1.687,1.0,0.0,0.012,0.123,1,
977,3,59.1,125.67,-0.879,1.0,0.0,-0.009,0.115,1,
978,0,37.13,46.6,2.999,1.0,0.0,-0.0,0.0,8,12.5
978,1,119.69,83.13,1.997,1.0,0.0,0.011,0.046,1,26.5
978,2,73.55,129.84,1.689,1.0,0.0,0.011,0.123,1,
978,3,59.17,125.57,-0.872,1.0,0.0,-0.044,0.115,1,
979,0,37.13,46.6,2.999,1.0,0.0,-0.0,0.0,8,12.5
979,1,119.64,83.13,1.999,1.0,0.0,0.01,0.046,1,26.5
979,2,73.54,129.96,1.691,1.0,0.0,0.01,0.123,1,
979,3,59.23,125.47,-0.88,0.999,0.0,-0.054,0.116,1,
980,0,37.13,46.6,2.999,1.0,0.0,-0.0,0.0,8,12.5
980,1,119.6,83.13,2.0,1.0,0.0,0.008,0.047,1,26.4
980,2,73.54,130.09,1.692,1.0,0.0,0.01,0.123,1,
980,3,59.3,125.38,-0.887,1.0,0.0,-0.042,0.117,1,
981,0,37.13,46.6,2.999,1.0,0.0,-0.0,0.0,8,12.5
981,1,119.55,83.13,2.001,1.0,0.0,0.008,0.047,1,26.4
981,2,73.53,130.21,1.694,1.0,0.0,0.009,0.122,1,
981,3,59.37,125.28,-0.892,1.0,0.0,-0.032,0.117,1,
982,0,37.13,46.6,2.999,1.0,0.0,-0.0,0.0,8,12.5
982,1,119.5,83.12,2.002,1.0,0.0,0.007,0.048,1,26.3
982,2,73.53,130.33,1.695,1.0,0.0,0.008,0.122,1,
982,3,59.43,125.19,-0.896,1.0,0.0,-0.025,0.118,1,
983,0,37.13,46.6,2.999,1.0,0.0,-0.0,0.0,8,12.5
983,1,119.45,83.12,2.003,1.0,0.0,0.006,0.048,8,26.3
983,2,73.51,130.45,1.696,1.0,0.0,0.007,0.121,1,
983,3,59.5,125.09,-0.899,1.0,0.0,-0.019,0.119,1,
984,0,37.13,46.6,2.999,1.0,0.0,-0.0,0.0,8,12.5
984,1,119.41,83.12,2.004,1.0,0.0,0.006,0.049,1,26.3
984,2,73.5,130.57,1.697,1.0,0.0,0.006,0.121,1,
984,3,59.58,125.0,-0.901,1.0,0.0,-0.015,0.119,1,
985,0,37.13,46.6,2.999,1.0,0.0,-0.0,0.0,8,12.5
985,1,119.36,83.12,2.005,1.0,0.0,0.006,0.049,1,26.2
985,2,73.49,130.69,1.698,1.0,0.0,0.005,0.12,1,
985,3,59.65,124.9,-0.903,1.0,0.0,-0.012,0.12,1,
986,0,37.13,46.6,2.999,1.0,0.0,-0.0,0.0,8,12.5
986,1,119.31,83.12,2.006,1.0,0.0,0.006,0.05,8,26.2
986,2,73.47,130.81,1.698,1.0,0.0,0.004,0.12,0,
986,3,59.72,124.81,-0.904,1.0,0.0,-0.009,0.12,0,
987,0,37.13,46.6,2.999,1.0,0.0,-0.0,0.0,8,12.5
987,1,119.26,83.12,2.007,1.0,0.0,0.005,0.05,8,26.1
987,2,73.44,131.05,1.699,1.0,0.0,0.003,0.24,0,
987,3,59.87,124.62,-0.905,1.0,0.0,-0.007,0.24,0,
988,0,37.13,46.6,2.999,1.0,0.0,-0.0,0.0,8,12.5
988,1,119.2,83.12,2.008,1.0,0.0,0.005,0.051,1,26.1
988,2,73.4,131.4,1.699,1.0,0.0,0.003,0.36,0,
988,3,60.1,124.33,-0.906,1.0,0.0,-0.005,0.36,0,
989,0,37.13,46.6,2.999,1.0,0.0,-0.0,0.0,8,12.5
989,1,119.15,83.12,2.009,1.0,0.0,0.005,0.052,1,26.0
989,2,73.34,131.88,1.7,1.0,0.0,0.002,0.48,0,
989,3,60.39,123.96,-0.907,1.0,0.0,-0.004,0.48,0,
990,0,37.13,46.6,2.999,1.0,0.0,-0.0,0.0,8,12.5
990,1,119.1,83.12,2.009,1.0,0.0,0.005,0.052,8,26.0
990,2,73.26,132.47,1.7,1.0,0.0,0.002,0.6,0,
990,3,60.76,123.48,-0.907,1.0,0.0,-0.003,0.6,0,
991,0,37.13,46.6,2.999,1.0,0.0,-0.0,0.0,8,12.5
991,1,119.05,83.12,2.01,1.0,0.0,0.005,0.053,1,25.9
991,2,73.17,133.19,1.7,0.969,0.0,0.001,0.72,0,
991,3,61.2,122.92,-0.908,1.0,0.0,-0.003,0.72,0,
992,0,37.13,46.6,2.999,1.0,0.0,-0.0,0.0,8,12.5
992,1,118.99,83.12,2.011,1.0,0.0,0.005,0.053,1,25.9
992,2,73.06,134.02,1.7,0.897,0.0,0.001,0.84,0,
992,3,61.72,122.26,-0.908,1.0,0.0,-0.002,0.84,0,
993,0,37.13,46.6,2.999,1.0,0.0,-0.0,0.0,8,12.5
993,1,118.94,83.13,2.012,1.0,0.0,0.006,0.054,8,25.8
993,2,72.93,134.97,1.701,0.813,0.0,0.001,0.96,0,
993,3,62.31,121.5,-0.908,1.0,0.0,-0.002,0.96,0,
994,0,37.13,46.6,2.999,1.0,0.0,-0.0,0.0,8,12.5
994,1,118.89,83.13,2.013,1.0,0.0,0.006,0.054,8,25.8
994,2,72.79,136.04,1.701,0.717,0.0,0.001,1.075,0,
994,3,62.98,120.65,-0.909,1.0,0.0,-0.001,1.08,0,
995,0,37.13,46.6,2.999,1.0,0.0,-0.0,0.0,8,12.5
995,1,118.83,83.13,2.014,1.0,0.0,0.006,0.055,1,25.7
995,2,72.67,136.5,1.701,0.609,0.0,0.001,0.476,1,
995,3,63.71,119.7,-0.909,1.0,0.0,-0.001,1.2,0,
996,0,37.13,46.6,2.999,1.0,0.0,-0.0,0.0,8,12.5
996,1,118.78,83.13,2.015,1.0,0.0,0.006,0.055,8,25.7
996,2,72.66,136.5,1.699,0.562,0.0,-0.014,0.016,1,
996,3,64.53,118.66,-0.909,1.0,0.0,-0.001,1.32,0,
997,0,37.13,46.6,2.999,1.0,0.0,-0.0,0.0,8,12.5
997,1,118.72,83.13,2.016,1.0,0.0,0.006,0.056,8,25.6
997,2,72.64,136.5,1.696,0.562,0.0,-0.015,0.015,1,
997,3,65.41,117.52,-0.909,1.0,0.0,-0.001,1.44,0,
998,0,37.13,46.6,2.999,1.0,0.0,-0.0,0.0,8,12.5
998,1,118.66,83.14,2.017,1.0,0.0,0.006,0.057,8,25.6
998,2,72.63,136.5,1.694,0.562,0.0,-0.015,0.015,1,
998,3,66.33,116.34,-0.909,1.0,0.0,-0.0,1.5,0,
999,0,37.13,46.6,2.999,1.0,0.0,-0.0,0.0,8,12.5
999,1,118.61,83.14,2.018,1.0,0.0,0.006,0.057,1,25.5
999,2,72.61,136.5,1.692,0.561,0.0,-0.016,0.015,1,
999,3,67.25,115.16,-0.909,1.0,0.0,-0.0,1.5,0,
1000,0,37.13,46.6,2.999,1.0,0.0,-0.0,0.0,8,12.5
1000,1,118.55,83.14,2.036,0.477,0.0,1.0,0.058,1,42.8
1000,2,72.61,136.5,1.672,0.0,0.0,-1.0,0.0,0,
1000,3,68.09,114.08,-0.927,0.912,0.0,-0.605,1.368,0,
1001,0,37.13,46.6,2.999,1.0,0.0,-0.0,0.0,8,12.5
1001,1,118.49,83.14,2.072,0.498,0.0,1.0,0.06,8,42.7
1001,2,72.61,136.5,1.634,0.0,0.0,-1.0,0.0,0,
1001,3,68.91,112.99,-0.962,0.907,0.0,-0.622,1.36,0,
1002,0,37.13,46.6,2.999,1.0,0.0,-0.0,0.0,8,12.5
1002,1,118.42,83.15,2.126,0.533,0.0,1.0,0.064,1,42.7
1002,2,72.61,136.5,1.579,0.0,0.0,-1.0,0.0,0,
1002,3,69.69,111.87,-1.014,0.908,0.0,-0.619,1.361,0,
1003,0,37.13,46.6,2.999,1.0,0.0,-0.0,0.0,8,12.5
1003,1,118.35,83.15,2.197,0.581,0.0,1.0,0.07,1,42.7
1003,2,72.61,136.5,1.507,0.0,0.0,-1.0,0.0,0,
1003,3,70.42,110.71,-1.084,0.915,0.0,-0.593,1.372,0,
1004,0,37.13,46.6,2.999,1.0,0.0,-0.0,0.0,8,12.5
1004,1,118.28,83.16,2.285,0.642,0.0,1.0,0.078,8,42.6
1004,2,72.61,136.5,1.417,0.0,0.0,-1.0,0.0,0,
1004,3,71.07,109.48,-1.17,0.928,0.0,-0.545,1.392,0,
1005,0,37.13,46.6,2.999,1.0,0.0,-0.0,0.0,8,12.5
1005,1,118.19,83.17,2.391,0.711,0.0,1.0,0.086,1,42.6
1005,2,72.61,136.5,1.309,0.0,0.0,-1.0,0.0,0,
1005,3,71.62,108.17,-1.245,0.945,0.0,-0.476,1.417,0,
1006,0,37.13,46.6,2.999,1.0,0.0,-0.0,0.0,8,12.5
1006,1,118.1,83.17,2.514,0.786,0.0,0.952,0.095,8,42.5
1006,2,72.61,136.5,1.184,0.0,0.0,-1.0,0.0,0,
1006,3,72.08,106.81,-1.307,0.962,0.0,-0.396,1.443,0,
1007,0,37.13,46.6,2.999,1.0,0.0,-0.0,0.0,8,12.5
1007,1,117.99,83.18,2.635,0.86,0.0,0.765,0.104,1,42.4
1007,2,72.61,136.5,1.042,0.0,0.0,-1.0,0.0,0,
1007,3,72.45,105.46,-1.387,0.932,0.0,-0.531,1.398,0,
1008,0,37.13,46.6,2.999,1.0,0.0,-0.0,0.0,8,12.5
1008,1,117.88,83.2,2.737,0.918,0.0,0.581,0.111,1,42.4
1008,2,72.61,136.5,0.885,0.0,0.0,-1.0,0.0,0,
1008,3,72.7,104.11,-1.449,0.912,0.0,0.602,1.369,0,
1009,0,37.13,46.6,2.999,1.0,0.0,-0.0,0.0,8,12.5
1009,1,117.77,83.21,2.822,0.957,0.0,0.422,0.115,8,42.3
1009,2,72.61,136.5,0.728,0.0,0.0,-1.0,0.0,0,
1009,3,72.86,102.8,-1.493,0.879,0.0,0.711,1.318,0,
1010,0,37.13,46.6,2.999,1.0,0.0,-0.0,0.0,8,12.5
1010,1,117.65,83.22,2.89,0.98,0.0,0.287,0.118,1,42.2
1010,2,72.61,136.5,0.571,0.0,0.0,-1.0,0.0,0,
1010,3,72.95,101.54,-1.521,0.848,0.0,0.799,1.272,0,
1011,0,37.13,46.6,2.999,1.0,0.0,-0.0,0.0,8,12.5
1011,1,117.53,83.24,2.94,0.992,0.0,0.177,0.119,1,42.1
1011,2,72.61,136.5,0.414,0.0,0.0,-1.0,0.0,0,
1011,3,73.02,100.3,-1.53,0.823,0.0,0.863,1.234,0,
1012,0,37.13,46.6,2.999,1.0,0.0,-0.0,0.0,8,12.5
1012,1,117.42,83.26,2.973,0.998,0.0,0.092,0.12,8,42.1
1012,2,72.62,136.5,0.257,0.001,0.0,-1.0,0.002,1,
1012,3,73.07,99.1,-1.522,0.806,0.0,0.905,1.209,0,
1013,0,37.13,46.6,2.999,1.0,0.0,-0.0,0.0,8,12.5
1013,1,117.3,83.27,2.988,1.0,0.0,0.032,0.12,1,42.0
1013,2,72.73,136.5,0.099,0.158,0.0,-1.0,0.116,1,
1013,3,73.12,97.9,-1.497,0.799,0.0,0.923,1.198,0,
1014,0,37.13,46.6,2.999,1.0,0.0,-0.0,0.0,8,12.5
1014,1,117.18,83.29,2.987,1.0,0.0,-0.004,0.12,0,41.9
1014,2,72.85,136.5,-0.058,0.306,0.0,-1.0,0.119,1,
1014,3,73.21,96.7,-1.454,0.801,0.0,0.917,1.202,0,
1015,0,37.13,46.6,2.999,1.0,0.0,-0.0,0.0,8,12.5
1015,1,116.94,83.33,2.985,1.0,0.0,-0.017,0.24,0,41.8
1015,2,72.97,136.49,-0.215,0.447,0.0,-1.0,0.12,0,
1015,3,73.35,95.49,-1.394,0.814,0.0,0.886,1.221,0,
1016,0,37.13,46.6,2.999,1.0,0.0,-0.0,0.0,8,12.5
1016,1,116.59,83.39,2.978,1.0,0.0,-0.04,0.36,0,41.5
1016,2,73.21,136.44,-0.372,0.578,0.0,-1.0,0.24,0,
1016,3,73.57,94.25,-1.316,0.835,0.0,0.831,1.253,0,
1017,0,37.13,46.6,2.999,1.0,0.0,-0.0,0.0,8,12.5
1017,1,116.11,83.46,2.967,0.999,0.0,-0.072,0.48,0,41.2
1017,2,73.54,136.31,-0.529,0.692,0.0,-1.0,0.36,0,
1017,3,73.9,93.0,-1.221,0.865,0.0,0.751,1.297,0,
1018,0,37.13,46.6,2.999,1.0,0.0,-0.0,0.0,8,12.5
1018,1,115.52,83.57,2.95,0.997,0.0,-0.111,0.6,0,40.8
1018,2,73.96,136.07,-0.677,0.789,0.0,-0.945,0.48,0,
1018,3,74.36,91.73,-1.119,0.899,0.0,0.646,1.349,0,
1019,0,37.13,46.6,2.999,1.0,0.0,-0.0,0.0,8,12.5
1019,1,114.81,83.71,2.925,0.994,0.0,-0.154,0.72,0,40.4
1019,2,74.42,135.69,-0.808,0.864,0.0,-0.755,0.6,0,
1019,3,74.97,90.47,-1.035,0.932,0.0,0.53,1.398,0,
1020,0,37.13,46.6,2.999,1.0,0.0,-0.0,0.0,8,12.5
1020,1,113.99,83.89,2.894,0.99,0.0,-0.2,0.84,0,39.8
1020,2,74.92,135.17,-0.922,0.915,0.0,-0.592,0.72,0,
1020,3,75.7,89.24,-0.967,0.954,0.0,0.436,1.431,0,
1021,0,37.13,46.6,2.999,1.0,0.0,-0.0,0.0,8,12.5
1021,1,113.06,84.12,2.855,0.985,0.0,-0.247,0.96,0,39.2
1021,2,75.43,134.5,-1.018,0.95,0.0,-0.455,0.84,0,
1021,3,76.53,88.05,-0.91,0.968,0.0,0.362,1.452,0,
1022,0,37.13,46.6,2.999,1.0,0.0,-0.0,0.0,8,12.5
1022,1,112.03,84.43,2.809,0.979,0.0,-0.295,1.08,0,38.5
1022,2,75.93,133.69,-1.096,0.971,0.0,-0.343,0.96,0,
1022,3,77.43,86.89,-0.863,0.978,0.0,0.301,1.467,0,
1023,0,37.13,46.6,2.999,1.0,0.0,-0.0,0.0,8,12.5
1023,1,110.89,84.82,2.755,0.971,0.0,-0.343,1.2,0,37.7
1023,2,76.43,132.73,-1.157,0.984,0.0,-0.254,1.08,0,
1023,3,78.39,85.77,-0.823,0.984,0.0,0.252,1.477,0,
1024,0,37.13,46.6,2.999,1.0,0.0,-0.0,0.0,8,12.5
1024,1,109.67,85.32,2.694,0.963,0.0,-0.388,1.32,0,36.7
1024,2,76.91,131.63,-1.2,0.991,0.0,-0.187,1.2,0,
1024,3,79.4,84.68,-0.79,0.989,0.0,0.213,1.483,0,
1025,0,37.13,46.6,2.999,1.0,0.0,-0.0,0.0,8,12.5
1025,1,108.38,85.94,2.627,0.955,0.0,-0.43,1.433,0,35.7
1025,2,77.39,130.4,-1.226,0.995,0.0,-0.14,1.32,0,
1025,3,80.45,83.62,-0.761,0.992,0.0,0.18,1.488,0,
1026,0,37.13,46.6,2.999,1.0,0.0,-0.0,0.0,8,12.5
1026,1,107.14,86.64,2.553,0.947,0.0,-0.468,1.42,0,34.6
1026,2,77.87,129.04,-1.244,0.997,0.0,-0.112,1.44,0,
1026,3,81.52,82.6,-0.734,0.993,0.0,0.172,1.489,0,
1027,0,37.13,46.6,2.999,1.0,0.0,-0.0,0.0,8,12.5
1027,1,105.97,87.42,2.476,0.942,0.0,-0.491,1.412,0,33.5
1027,2,78.35,127.62,-1.258,0.998,0.0,-0.091,1.497,0,
1027,3,82.63,81.6,-0.714,0.996,0.0,0.128,1.494,0,
1028,0,37.13,46.6,2.999,1.0,0.0,-0.0,0.0,8,12.5
1028,1,104.86,88.29,2.397,0.939,0.0,-0.502,1.408,0,32.3
1028,2,78.81,126.2,-1.269,0.999,0.0,-0.069,1.498,0,
1028,3,83.76,80.62,-0.697,0.997,0.0,0.111,1.495,0,
1029,0,37.13,46.6,2.999,1.0,0.0,-0.0,0.0,8,12.5
1029,1,103.83,89.24,2.317,0.938,0.0,-0.507,1.407,0,31.1
1029,2,79.26,124.77,-1.276,0.999,0.0,-0.045,1.499,0,
1029,3,84.91,79.66,-0.681,0.998,0.0,0.098,1.496,0,
1030,0,37.13,46.6,2.999,1.0,0.0,-0.0,0.0,8,12.5
1030,1,102.98,90.16,2.255,0.461,0.0,1.0,1.247,0,30.0
1030,2,79.69,123.33,-1.28,1.0,0.0,-0.02,1.5,0,
1030,3,86.07,78.71,-0.668,0.998,0.0,0.087,1.497,0,
1031,0,37.13,46.6,2.999,1.0,0.0,-0.0,0.0,8,12.5
1031,1,102.29,91.0,2.211,0.423,0.0,1.0,1.087,0,29.0
1031,2,80.12,121.89,-1.279,1.0,0.0,0.005,1.5,0,
1031,3,87.25,77.79,-0.655,0.998,0.0,0.078,1.498,0,
1032,0,37.13,46.6,2.999,1.0,0.0,-0.0,0.0,8,12.5
1032,1,101.74,91.74,2.184,0.397,0.0,1.0,0.927,0,28.2
1032,2,80.56,120.46,-1.274,1.0,0.0,0.03,1.5,0,
1032,3,88.44,76.87,-0.644,0.999,0.0,0.072,1.498,0,
1033,0,37.13,46.6,2.999,1.0,0.0,-0.0,0.0,8,12.5
1033,1,101.3,92.37,2.174,0.384,0.0,1.0,0.767,0,27.5
1033,2,80.99,119.02,-1.266,0.999,0.0,0.053,1.499,0,
1033,3,89.51,76.07,-0.633,0.867,0.0,0.069,1.338,0,
1034,0,37.13,46.6,2.999,1.0,0.0,-0.0,0.0,8,12.5
1034,1,100.95,92.87,2.182,0.385,0.0,1.0,0.607,0,26.9
1034,2,81.44,117.6,-1.254,0.999,0.0,0.076,1.498,0,
1034,3,90.46,75.37,-0.623,0.734,0.0,0.066,1.178,0,
1035,0,37.13,46.6,2.999,1.0,0.0,-0.0,0.0,8,12.5
1035,1,100.61,93.36,2.207,0.4,0.0,1.0,0.6,0,26.4
1035,2,81.91,116.17,-1.239,0.998,0.0,0.095,1.497,0,
1035,3,91.28,74.78,-0.613,0.616,0.0,0.064,1.018,0,
1036,0,37.13,46.6,2.999,1.0,0.0,-0.0,0.0,8,12.5
1036,1,100.23,93.88,2.25,0.431,0.0,1.0,0.647,0,25.8
1036,2,82.4,114.76,-1.222,0.997,0.0,0.111,1.495,0,
1036,3,91.99,74.28,-0.603,0.515,0.0,0.062,0.858,0,
1037,0,37.13,46.6,2.999,1.0,0.0,-0.0,0.0,8,12.5
1037,1,99.77,94.44,2.311,0.479,0.0,1.0,0.719,0,25.1
1037,2,82.91,113.35,-1.202,0.996,0.0,0.123,1.494,0,
1037,3,92.56,73.89,-0.594,0.429,0.0,0.06,0.698,0,
1038,0,37.13,46.6,2.999,1.0,0.0,-0.0,0.0,8,12.5
1038,1,99.21,95.06,2.353,0.84,0.0,-0.82,0.839,0,24.4
1038,2,83.45,111.96,-1.182,0.996,0.0,0.131,1.494,0,
1038,3,93.01,73.59,-0.585,0.359,0.0,0.058,0.539,0,
1039,0,37.13,46.6,2.999,1.0,0.0,-0.0,0.0,8,12.5
1039,1,98.53,95.74,2.379,0.805,0.0,-0.908,0.959,0,23.7
1039,2,84.01,110.58,-1.154,0.992,0.0,0.177,1.489,0,
1039,3,93.39,73.33,-0.575,0.306,0.0,0.06,0.458,0,
1040,0,37.13,46.6,2.981,0.0,0.0,-1.0,0.0,8,24.6
1040,1,97.95,96.29,2.422,0.0,0.0,1.0,0.799,0,50.4
1040,2,84.62,109.22,-1.132,0.995,0.0,0.141,1.493,0,
1040,3,93.64,73.17,-0.583,0.0,0.0,-1.0,0.298,0,
1041,0,37.13,46.6,2.946,0.0,0.0,-1.0,0.0,8,24.6
1041,1,97.47,96.71,2.482,0.0,0.0,1.0,0.639,0,51.0
1041,2,85.25,107.87,-1.114,0.997,0.0,0.112,1.495,0,
1041,3,93.76,73.1,-0.609,0.0,0.0,-1.0,0.138,0,
1042,0,37.13,46.6,2.894,0.0,0.0,-1.0,0.0,8,24.6
1042,1,97.22,96.9,2.56,0.0,0.0,1.0,0.321,1,51.3
1042,2,85.79,106.62,-1.1,0.998,0.0,0.089,1.354,1,
1042,3,93.76,73.1,-0.652,0.0,0.0,-1.0,0.0,0,
1043,0,37.13,46.6,2.824,0.0,0.0,-1.0,0.0,8,24.6
1043,1,97.26,96.87,2.655,0.0,0.0,1.0,0.055,1,51.3
1043,2,85.8,106.55,-1.089,0.999,0.0,0.072,0.072,1,
1043,3,93.76,73.1,-0.712,0.0,0.0,-1.0,0.0,0,
1044,0,37.13,46.6,2.736,0.0,0.0,-1.0,0.0,8,24.6
1044,1,97.3,96.83,2.768,0.0,0.0,1.0,0.056,1,51.2
1044,2,85.82,106.48,-1.08,0.999,0.0,0.057,0.072,1,
1044,3,93.76,73.1,-0.79,0.0,0.0,-1.0,0.0,0,
1045,0,37.13,46.6,2.631,0.0,0.0,-1.0,0.0,8,24.6
1045,1,97.34,96.8,2.899,0.0,0.0,1.0,0.056,1,51.1
1045,2,85.83,106.41,-1.073,1.0,0.0,0.044,0.072,1,
1045,3,93.76,73.1,-0.886,0.0,0.0,-1.0,0.0,0,
1046,0,37.13,46.6,2.509,0.0,0.0,-1.0,0.0,8,24.6
1046,1,97.39,96.76,3.047,0.0,0.0,1.0,0.056,1,51.1
1046,2,85.85,106.34,-1.067,1.0,0.0,0.035,0.071,1,
1046,3,93.76,73.1,-0.999,0.0,0.0,-1.0,0.0,0,
1047,0,37.13,46.6,2.369,0.0,0.0,-1.0,0.0,8,24.6
1047,1,97.43,96.73,-3.08,0.0,0.0,1.0,0.056,1,51.0
1047,2,85.86,106.27,-1.063,1.0,0.0,0.028,0.071,1,
1047,3,93.76,73.1,-1.13,0.0,0.0,-1.0,0.0,0,
1048,0,37.13,46.6,2.212,0.0,0.0,-1.0,0.0,8,24.6
1048,1,97.47,96.69,-2.922,0.0,0.0,1.0,0.056,1,51.0
1048,2,85.88,106.2,-1.06,1.0,0.0,0.022,0.071,1,
1048,3,93.76,73.1,-1.278,0.0,0.0,-1.0,0.0,0,
1049,0,37.13,46.6,2.055,0.0,0.0,-1.0,0.0,8,24.6
1049,1,97.52,96.66,-2.765,0.0,0.0,1.0,0.056,1,50.9
1049,2,85.89,106.13,-1.057,1.0,0.0,0.017,0.071,1,
1049,3,93.76,73.1,-1.435,0.0,0.0,-1.0,0.0,0,
1050,0,37.13,46.6,1.898,0.0,0.0,-1.0,0.0,8,24.6
1050,1,97.56,96.62,-2.608,0.0,0.0,1.0,0.056,1,50.9
1050,2,85.91,106.07,-1.055,1.0,0.0,0.014,0.071,1,
1050,3,93.76,73.1,-1.592,0.0,0.0,-1.0,0.0,0,
1051,0,37.14,46.71,1.741,0.148,0.0,-1.0,0.107,1,24.7
1051,1,97.52,96.51,-2.469,0.862,0.0,0.76,0.118,1,50.9
1051,2,85.91,106.01,-1.053,1.0,0.0,0.011,0.056,1,
1051,3,93.75,72.99,-1.749,0.071,0.0,-1.0,0.107,0,
1052,0,37.16,46.82,1.583,0.299,0.0,-1.0,0.115,1,24.8
1052,1,97.47,96.39,-2.347,0.923,0.0,0.564,0.125,1,50.8
1052,2,85.91,105.95,-1.051,1.0,0.0,0.009,0.061,1,
1052,3,93.71,72.77,-1.906,0.222,0.0,-1.0,0.227,0,
1053,0,37.17,46.94,1.426,0.442,0.0,-1.0,0.119,1,24.9
1053,1,97.44,96.27,-2.242,0.962,0.0,0.393,0.13,1,50.8
1053,2,85.93,105.88,-1.05,1.0,0.0,0.008,0.066,1,
1053,3,93.6,72.44,-2.063,0.362,0.0,-1.0,0.347,0,
1054,0,37.19,47.06,1.269,0.575,0.0,-1.0,0.12,0,25.0
1054,1,97.4,96.14,-2.155,0.985,0.0,0.248,0.133,1,50.8
1054,2,85.94,105.81,-1.049,1.0,0.0,0.007,0.071,1,
1054,3,93.38,72.03,-2.22,0.49,0.0,-1.0,0.467,0,
1055,0,37.26,47.29,1.112,0.694,0.0,-1.0,0.24,0,25.1
1055,1,97.38,96.01,-2.085,0.996,0.0,0.127,0.135,1,50.7
1055,2,85.97,105.74,-1.048,1.0,0.0,0.005,0.075,1,
1055,3,93.02,71.56,-2.377,0.606,0.0,-1.0,0.587,0,
1056,0,37.42,47.61,0.966,0.794,0.0,-0.934,0.36,0,25.3
1056,1,97.35,95.87,-2.033,1.0,0.0,0.031,0.136,1,50.7
1056,2,85.99,105.67,-1.048,1.0,0.0,0.005,0.079,1,
1056,3,92.51,71.07,-2.534,0.707,0.0,-1.0,0.707,0,
1057,0,37.69,48.0,0.836,0.869,0.0,-0.741,0.48,0,25.6
1057,1,97.33,95.74,-1.999,1.0,0.0,-0.04,0.137,1,50.7
1057,2,86.02,105.59,-1.047,1.0,0.0,0.004,0.082,1,
1057,3,91.83,70.6,-2.681,0.794,0.0,-0.932,0.827,0,
1058,0,38.1,48.45,0.725,0.919,0.0,-0.579,0.6,0,25.8
1058,1,97.31,95.6,-1.982,0.998,0.0,-0.085,0.137,1,50.6
1058,2,86.05,105.51,-1.046,1.0,0.0,0.003,0.083,1,
1058,3,90.99,70.18,-2.81,0.862,0.0,-0.759,0.947,0,
1059,0,38.64,48.93,0.63,0.951,0.0,-0.45,0.72,0,26.1
1059,1,97.29,95.47,-1.982,0.997,0.0,-0.106,0.137,1,50.6
1059,2,86.08,105.44,-1.046,1.0,0.0,0.003,0.084,1,
1059,3,89.98,69.83,-2.921,0.91,0.0,-0.611,1.067,0,
1060,0,39.31,49.42,0.554,0.97,0.0,-0.353,0.84,0,26.3
1060,1,97.27,95.33,-1.998,0.997,0.0,-0.102,0.137,1,50.5
1060,2,86.11,105.36,-1.046,1.0,0.0,0.002,0.084,1,
1060,3,88.82,69.57,-3.015,0.943,0.0,-0.487,1.187,0,
1061,0,40.13,49.93,0.494,0.98,0.0,-0.288,0.96,0,26.5
1061,1,97.25,95.2,-2.01,0.999,0.0,-0.075,0.137,1,50.5
1061,2,86.14,105.28,-1.045,1.0,0.0,0.002,0.084,1,
1061,3,87.52,69.4,-3.092,0.964,0.0,-0.386,1.307,0,
1062,0,41.08,50.44,0.453,0.984,0.0,-0.254,1.08,0,26.7
1062,1,97.23,95.06,-2.019,0.999,0.0,-0.055,0.137,1,50.4
1062,2,86.18,105.2,-1.045,1.0,0.0,0.002,0.083,1,
1062,3,86.1,69.33,3.133,0.977,0.0,-0.308,1.427,0,
1063,0,42.16,50.96,0.413,0.985,0.0,-0.251,1.2,0,26.9
1063,1,97.2,94.93,-2.025,1.0,0.0,-0.039,0.137,1,50.4
1063,2,86.21,105.13,-1.045,1.0,0.0,0.002,0.083,1,
1063,3,84.83,69.34,3.091,0.0,0.0,1.0,1.267,0,
1064,0,43.37,51.49,0.373,0.984,0.0,-0.257,1.32,0,27.2
1064,1,97.18,94.79,-2.029,1.0,0.0,-0.026,0.137,1,50.4
1064,2,86.24,105.05,-1.044,1.0,0.0,0.002,0.083,1,
1064,3,84.2,69.29,3.067,0.0,0.0,1.0,0.63,1,
1065,0,44.45,51.92,0.315,0.0,0.0,-1.0,1.16,0,27.4
1065,1,97.16,94.65,-2.031,1.0,0.0,-0.017,0.137,1,50.3
1065,2,86.27,104.97,-1.044,1.0,0.0,0.002,0.082,1,
1065,3,84.2,69.29,3.061,0.0,0.0,1.0,0.0,0,
1066,0,45.4,52.23,0.239,0.0,0.0,-1.0,1.0,0,27.6
1066,1,97.13,94.52,-2.033,1.0,0.0,-0.009,0.137,1,50.3
1066,2,86.3,104.9,-1.044,1.0,0.0,0.001,0.082,1,
1066,3,84.2,69.29,3.072,0.0,0.0,1.0,0.0,0,
1067,0,46.22,52.42,0.146,0.0,0.0,-1.0,0.84,0,27.8
1067,1,97.11,94.38,-2.033,1.0,0.0,-0.003,0.137,1,50.2
1067,2,86.33,104.82,-1.044,1.0,0.0,0.001,0.082,1,
1067,3,84.2,69.29,3.1,0.0,0.0,1.0,0.0,0,
1068,0,46.89,52.52,0.036,0.0,0.0,-1.0,0.68,0,27.8
1068,1,97.08,94.25,-2.033,1.0,0.0,0.001,0.137,1,50.2
1068,2,86.36,104.74,-1.044,1.0,0.0,0.001,0.083,1,
1068,3,84.2,69.29,-3.137,0.0,0.0,1.0,0.0,0,
1069,0,47.41,52.54,-0.092,0.018,0.0,-1.0,0.52,0,27.8
1069,1,97.06,94.11,-2.033,1.0,0.0,0.005,0.137,1,50.2
1069,2,86.4,104.67,-1.043,1.0,0.0,0.001,0.083,1,
1069,3,84.2,69.29,-3.073,0.0,0.0,1.0,0.0,0,
1070,0,47.77,52.51,-0.237,0.127,0.0,-1.0,0.36,0,27.8
1070,1,97.03,93.98,-2.031,1.0,0.0,0.007,0.138,1,50.1
1070,2,86.43,104.59,-1.043,1.0,0.0,0.001,0.083,1,
1070,3,84.2,69.29,-2.992,0.0,0.0,1.0,0.0,0,
1071,0,48.14,52.42,-0.395,0.257,0.0,-1.0,0.385,0,27.7
1071,1,97.0,93.84,-2.03,1.0,0.0,0.009,0.138,1,50.1
1071,2,86.46,104.52,-1.043,1.0,0.0,0.001,0.083,1,
1071,3,84.2,69.29,-2.894,0.0,0.0,1.0,0.0,0,
1072,0,48.61,52.22,-0.552,0.392,0.0,-1.0,0.505,0,27.5
1072,1,96.98,93.71,-2.028,1.0,0.0,0.011,0.138,1,50.1
1072,2,86.5,104.44,-1.043,1.0,0.0,0.001,0.083,1,
1072,3,84.2,69.29,-2.778,0.0,0.0,1.0,0.0,0,
1073,0,49.14,51.9,-0.709,0.517,0.0,-1.0,0.625,0,27.2
1073,1,96.95,93.57,-2.026,1.0,0.0,0.012,0.138,1,50.0
1073,2,86.53,104.36,-1.043,1.0,0.0,0.001,0.084,1,
1073,3,84.2,69.29,-2.644,0.0,0.0,1.0,0.0,0,
1074,0,49.7,51.41,-0.866,0.629,0.0,-1.0,0.745,0,26.7
1074,1,96.92,93.44,-2.024,1.0,0.0,0.013,0.138,1,50.0
1074,2,86.57,104.29,-1.043,1.0,0.0,0.001,0.084,1,
1074,3,84.2,69.29,-2.493,0.0,0.0,1.0,0.0,0,
1075,0,50.27,50.75,-1.023,0.728,0.0,-1.0,0.865,0,26.1
1075,1,96.9,93.3,-2.022,1.0,0.0,0.014,0.138,1,50.0
1075,2,86.6,104.21,-1.042,1.0,0.0,0.001,0.084,1,
1075,3,84.2,69.29,-2.336,0.0,0.0,1.0,0.0,0,
1076,0,50.78,49.91,-1.162,0.814,0.0,-0.886,0.985,0,25.3
1076,1,96.87,93.17,-2.002,0.155,0.0,1.0,0.138,1,49.9
1076,2,86.64,104.13,-1.042,1.0,0.0,0.001,0.084,1,
1076,3,84.2,69.29,-2.179,0.0,0.0,1.0,0.0,0,
1077,0,51.22,48.9,-1.284,0.876,0.0,-0.719,1.105,0,24.3
1077,1,96.84,93.03,-1.965,0.167,0.0,1.0,0.138,1,49.9
1077,2,86.67,104.06,-1.042,1.0,0.0,0.001,0.086,1,
1077,3,84.2,69.29,-2.022,0.0,0.0,1.0,0.0,0,
1078,0,51.56,47.72,-1.389,0.92,0.0,-0.576,1.225,0,23.2
1078,1,96.82,92.9,-1.91,0.196,0.0,1.0,0.138,1,49.8
1078,2,86.71,103.98,-1.042,1.0,0.0,0.001,0.088,1,
1078,3,84.18,69.18,-1.865,0.087,0.0,1.0,0.117,8,
1079,0,51.81,46.4,-1.476,0.949,0.0,-0.456,1.345,0,21.9
1079,1,96.8,92.76,-1.838,0.242,0.0,1.0,0.137,1,49.8
1079,2,86.75,103.9,-1.042,1.0,0.0,0.001,0.091,1,
1079,3,84.15,69.06,-1.708,0.239,0.0,1.0,0.12,1,
1080,0,51.92,45.22,-1.546,0.0,0.0,0.0,1.185,0,
1080,1,96.79,92.63,-1.783,0.978,0.0,0.3,0.136,1,20.7
1080,2,86.79,103.81,-1.059,0.967,0.0,-0.368,0.094,1,
1080,3,84.13,68.94,-1.55,0.386,0.0,1.0,0.12,0,
1081,0,51.94,44.2,-1.598,0.0,0.0,0.0,1.025,0,
1081,1,96.78,92.49,-1.746,0.988,0.0,0.223,0.135,1,20.5
1081,2,86.84,103.73,-1.094,0.971,0.0,-0.344,0.097,1,
1081,3,84.14,68.7,-1.393,0.523,0.0,1.0,0.24,0,
1082,0,51.92,43.33,-1.632,0.0,0.0,0.0,0.865,0,
1082,1,96.77,92.36,-1.719,0.993,0.0,0.17,0.134,1,20.4
1082,2,86.88,103.63,-1.14,0.979,0.0,-0.295,0.1,1,
1082,3,84.2,68.35,-1.236,0.646,0.0,1.0,0.36,0,
1083,0,51.88,42.63,-1.649,0.0,0.0,0.0,0.705,0,
1083,1,96.76,92.23,-1.699,0.996,0.0,0.132,0.133,1,20.3
1083,2,86.92,103.54,-1.176,0.987,0.0,-0.23,0.102,1,
1083,3,84.36,67.9,-1.079,0.753,0.0,1.0,0.48,0,
1084,0,51.83,42.09,-1.649,0.0,0.0,0.0,0.545,0,
1084,1,96.76,92.09,-1.683,0.997,0.0,0.102,0.132,1,20.1
1084,2,86.95,103.44,-1.205,0.992,0.0,-0.179,0.104,1,
1084,3,84.64,67.37,-0.94,0.842,0.0,0.813,0.6,0,
1085,0,51.8,41.7,-1.649,0.0,0.0,0.0,0.385,0,
1085,1,96.76,91.96,-1.67,0.998,0.0,0.079,0.131,1,20.0
1085,2,86.98,103.34,-1.226,0.995,0.0,-0.139,0.105,1,
1085,3,85.07,66.79,-0.818,0.906,0.0,0.625,0.72,0,
1086,0,51.79,41.48,-1.649,0.0,0.0,0.0,0.225,0,
1086,1,96.76,91.83,-1.661,0.999,0.0,0.061,0.131,1,19.9
1086,2,87.01,103.24,-1.243,0.997,0.0,-0.108,0.106,1,
1086,3,85.64,66.17,-0.713,0.948,0.0,0.462,0.84,0,
1087,0,51.78,41.41,-1.649,0.0,0.0,0.0,0.065,0,
1087,1,96.75,91.7,-1.653,0.999,0.0,0.047,0.13,1,19.7
1087,2,87.04,103.14,-1.256,0.998,0.0,-0.084,0.107,1,
1087,3,86.37,65.55,-0.626,0.975,0.0,0.323,0.96,0,
1088,0,51.78,41.41,-1.649,0.0,0.0,0.0,0.0,0,
1088,1,96.75,91.57,-1.648,1.0,0.0,0.036,0.13,1,19.6
1088,2,87.07,103.03,-1.267,0.999,0.0,-0.065,0.108,1,
1088,3,87.24,64.91,-0.556,0.99,0.0,0.207,1.08,0,
1089,0,51.78,41.41,-1.649,0.0,0.0,0.0,0.0,0,
1089,1,96.75,91.44,-1.643,1.0,0.0,0.027,0.129,1,19.5
1089,2,87.1,102.93,-1.275,0.999,0.0,-0.05,0.109,1,
1089,3,88.26,64.28,-0.504,0.997,0.0,0.113,1.2,0,
1090,0,51.78,41.41,-1.649,0.0,0.0,0.0,0.0,0,
1090,1,96.75,91.32,-1.64,1.0,0.0,0.021,0.129,1,19.3
1090,2,87.13,102.82,-1.281,1.0,0.0,-0.039,0.109,1,
1090,3,89.42,63.64,-0.47,1.0,0.0,0.043,1.32,0,
1091,0,51.78,41.41,-1.649,0.0,0.0,0.0,0.0,0,
1091,1,96.75,91.19,-1.638,1.0,0.0,0.016,0.129,1,19.2
1091,2,87.15,102.72,-1.285,1.0,0.0,-0.03,0.109,1,
1091,3,90.7,62.99,-0.453,1.0,0.0,-0.005,1.44,0,
1092,0,51.78,41.41,-1.649,0.0,0.0,0.0,0.0,0,
1092,1,96.75,91.06,-1.636,1.0,0.0,0.012,0.129,1,19.1
1092,2,87.18,102.61,-1.289,1.0,0.0,-0.023,0.109,1,
1092,3,92.05,62.33,-0.453,1.0,0.0,-0.029,1.5,0,
1093,0,51.78,41.41,-1.649,0.0,0.0,0.0,0.0,0,
1093,1,96.75,90.93,-1.634,1.0,0.0,0.009,0.129,1,19.0
1093,2,87.21,102.5,-1.292,1.0,0.0,-0.018,0.11,1,
1093,3,93.4,61.68,-0.458,1.0,0.0,-0.03,1.5,0,
1094,0,51.78,41.41,-1.649,0.0,0.0,0.0,0.0,0,
1094,1,96.75,90.8,-1.633,1.0,0.0,0.006,0.128,1,18.8
1094,2,87.23,102.4,-1.294,1.0,0.0,-0.014,0.11,1,
1094,3,94.75,61.02,-0.462,1.0,0.0,-0.025,1.5,0,
1095,0,51.78,41.41,-1.649,0.0,0.0,0.0,0.0,0,
1095,1,96.75,90.67,-1.633,1.0,0.0,0.004,0.128,1,18.7
1095,2,87.26,102.29,-1.296,1.0,0.0,-0.011,0.11,1,
1095,3,96.09,60.35,-0.465,1.0,0.0,-0.021,1.5,0,
1096,0,51.78,41.41,-1.649,0.0,0.0,0.0,0.0,0,
1096,1,96.75,90.54,-1.632,1.0,0.0,0.003,0.128,1,18.6
1096,2,87.28,102.18,-1.297,1.0,0.0,-0.008,0.11,1,
1096,3,97.43,59.68,-0.468,1.0,0.0,-0.017,1.5,0,
1097,0,51.78,41.41,-1.649,0.0,0.0,0.0,0.0,0,
1097,1,96.75,90.42,-1.632,1.0,0.0,0.002,0.128,1,18.4
1097,2,87.31,102.08,-1.298,1.0,0.0,-0.006,0.11,1,
1097,3,98.77,59.0,-0.47,1.0,0.0,-0.015,1.5,0,
1098,0,51.78,41.41,-1.649,0.0,0.0,0.0,0.0,0,
1098,1,96.75,90.29,-1.632,1.0,0.0,0.001,0.128,1,18.3
1098,2,87.34,101.97,-1.299,1.0,0.0,-0.005,0.11,1,
1098,3,100.11,58.32,-0.472,1.0,0.0,-0.012,1.5,0,
1099,0,51.78,41.41,-1.649,0.0,0.0,0.0,0.0,0,
1099,1,96.74,90.16,-1.632,1.0,0.0,-0.0,0.128,1,18.2
1099,2,87.36,101.86,-1.299,1.0,0.0,-0.003,0.11,1,
1099,3,101.44,57.64,-0.473,1.0,0.0,-0.01,1.5,0,
1100,0,51.78,41.41,-1.649,0.0,0.0,0.0,0.0,0,
1100,1,96.74,90.03,-1.632,1.0,0.0,-0.001,0.128,1,18.1
1100,2,87.39,101.75,-1.3,1.0,0.0,-0.002,0.11,1,
1100,3,102.78,56.95,-0.475,1.0,0.0,-0.009,1.5,0,
1101,0,51.78,41.41,-1.649,0.0,0.0,0.0,0.0,0,
1101,1,96.74,89.9,-1.632,1.0,0.0,-0.001,0.128,1,17.9
1101,2,87.41,101.65,-1.3,1.0,0.0,-0.002,0.11,1,
1101,3,104.11,56.27,-0.476,1.0,0.0,-0.008,1.5,0,
1102,0,51.78,41.41,-1.649,0.0,0.0,0.0,0.0,0,
1102,1,96.74,89.77,-1.633,1.0,0.0,-0.001,0.128,1,17.8
1102,2,87.44,101.54,-1.3,1.0,0.0,-0.001,0.11,1,
1102,3,105.44,55.58,-0.477,1.0,0.0,-0.006,1.5,0,
1103,0,51.78,41.41,-1.649,0.0,0.0,0.0,0.0,0,
1103,1,96.74,89.65,-1.633,1.0,0.0,-0.002,0.128,1,17.7
1103,2,87.46,101.43,-1.3,1.0,0.0,-0.001,0.11,1,
1103,3,106.78,54.89,-0.478,1.0,0.0,-0.006,1.5,0,
1104,0,51.78,41.41,-1.649,0.0,0.0,0.0,0.0,0,
1104,1,96.74,89.52,-1.633,1.0,0.0,-0.002,0.128,1,17.6
1104,2,87.49,101.33,-1.3,1.0,0.0,-0.0,0.11,1,
1104,3,108.11,54.2,-0.479,1.0,0.0,-0.005,1.5,0,
1105,0,51.78,41.41,-1.649,0.0,0.0,0.0,0.0,0,
1105,1,96.74,89.39,-1.633,1.0,0.0,-0.002,0.128,1,17.4
1105,2,87.51,101.22,-1.3,1.0,0.0,-0.0,0.11,1,
1105,3,108.17,54.18,-0.479,1.0,0.0,-0.004,0.068,1,
1106,0,51.78,41.41,-1.649,0.0,0.0,0.0,0.0,0,
1106,1,96.74,89.26,-1.634,1.0,0.0,-0.002,0.128,1,17.3
1106,2,87.54,101.11,-1.3,1.0,0.0,0.0,0.11,1,
1106,3,108.17,54.18,-0.48,1.0,0.0,-0.004,0.0,1,
1107,0,51.78,41.41,-1.649,0.0,0.0,0.0,0.0,0,
1107,1,96.74,89.13,-1.634,1.0,0.0,-0.002,0.128,1,17.2
1107,2,87.57,101.0,-1.3,1.0,0.0,0.0,0.11,1,
1107,3,108.17,54.18,-0.481,1.0,0.0,-0.003,0.0,1,
1108,0,51.78,41.41,-1.649,0.0,0.0,0.0,0.0,0,
1108,1,96.74,89.01,-1.635,1.0,0.0,-0.002,0.128,1,17.0
1108,2,87.59,100.9,-1.3,1.0,0.0,0.0,0.11,1,
1108,3,108.17,54.18,-0.481,1.0,0.0,-0.003,0.0,1,
1109,0,51.78,41.41,-1.649,0.0,0.0,0.0,0.0,0,
1109,1,96.74,88.88,-1.635,1.0,0.0,-0.002,0.128,1,16.9
1109,2,87.62,100.79,-1.3,1.0,0.0,0.001,0.11,1,
1109,3,108.17,54.18,-0.481,1.0,0.0,-0.002,0.0,1,
1110,0,51.78,41.41,-1.649,0.0,0.0,0.0,0.0,0,
1110,1,96.73,88.75,-1.635,1.0,0.0,-0.002,0.128,1,16.8
1110,2,87.64,100.68,-1.3,1.0,0.0,0.001,0.11,1,
1110,3,108.17,54.18,-0.482,1.0,0.0,-0.002,0.0,1,
1111,0,51.78,41.41,-1.649,0.0,0.0,0.0,0.0,0,
1111,1,96.73,88.62,-1.636,1.0,0.0,-0.003,0.128,1,16.7
1111,2,87.67,100.57,-1.3,1.0,0.0,0.001,0.11,1,
1111,3,108.17,54.18,-0.482,1.0,0.0,-0.001,0.0,1,
1112,0,51.78,41.41,-1.649,0.0,0.0,0.0,0.0,0,
1112,1,96.73,88.49,-1.636,1.0,0.0,-0.003,0.128,1,16.5
1112,2,87.69,100.47,-1.3,1.0,0.0,0.001,0.11,1,
1112,3,108.17,54.18,-0.482,1.0,0.0,-0.001,0.0,8,
1113,0,51.78,41.41,-1.649,0.0,0.0,0.0,0.0,0,
1113,1,96.73,88.37,-1.637,1.0,0.0,-0.003,0.128,1,16.4
1113,2,87.72,100.36,-1.3,1.0,0.0,0.001,0.11,1,
1113,3,108.17,54.18,-0.482,1.0,0.0,-0.001,0.0,1,
1114,0,51.78,41.41,-1.649,0.0,0.0,0.0,0.0,0,
1114,1,96.73,88.24,-1.637,1.0,0.0,-0.003,0.128,1,16.3
1114,2,87.75,100.25,-1.299,1.0,0.0,0.001,0.11,1,
1114,3,108.17,54.18,-0.482,1.0,0.0,-0.001,0.0,8,
1115,0,51.78,41.41,-1.649,0.0,0.0,0.0,0.0,0,
1115,1,96.73,88.11,-1.637,1.0,0.0,-0.003,0.128,1,16.1
1115,2,87.77,100.14,-1.299,1.0,0.0,0.001,0.11,1,
1115,3,108.17,54.18,-0.482,1.0,0.0,-0.0,0.0,8,
1116,0,51.78,41.41,-1.649,0.0,0.0,0.0,0.0,0,
1116,1,96.72,87.98,-1.638,1.0,0.0,-0.003,0.128,1,16.0
1116,2,87.8,100.04,-1.299,1.0,0.0,0.001,0.11,1,
1116,3,108.17,54.18,-0.482,1.0,0.0,-0.0,0.0,8,
1117,0,51.78,41.41,-1.649,0.0,0.0,0.0,0.0,0,
1117,1,96.72,87.85,-1.638,1.0,0.0,-0.003,0.128,1,15.9
1117,2,87.82,99.93,-1.299,1.0,0.0,0.001,0.11,1,
1117,3,108.17,54.18,-0.482,1.0,0.0,-0.0,0.0,8,
1118,0,51.78,41.41,-1.649,0.0,0.0,0.0,0.0,0,
1118,1,96.72,87.73,-1.639,1.0,0.0,-0.003,0.128,1,15.8
1118,2,87.85,99.82,-1.299,1.0,0.0,0.001,0.11,1,
1118,3,108.17,54.18,-0.482,1.0,0.0,-0.0,0.0,1,
1119,0,51.78,41.41,-1.649,0.0,0.0,0.0,0.0,0,
1119,1,96.72,87.6,-1.639,1.0,0.0,-0.003,0.128,1,15.6
1119,2,87.88,99.72,-1.299,1.0,0.0,0.001,0.11,1,
1119,3,108.17,54.18,-0.482,1.0,0.0,-0.0,0.0,8,
1120,0,51.77,41.3,-1.667,0.992,0.0,-0.175,0.12,0,16.9
1120,1,96.75,87.55,-1.657,0.0,0.0,-1.0,0.056,1,31.7
1120,2,87.88,99.65,-1.299,1.0,0.0,0.001,0.07,1,
1120,3,108.17,54.18,-0.482,1.0,0.0,-0.0,0.0,8,
1121,0,51.75,41.06,-1.691,0.994,0.0,-0.152,0.24,0,16.6
1121,1,96.78,87.51,-1.692,0.0,0.0,-1.0,0.056,1,31.8
1121,2,87.87,99.57,-1.298,1.0,0.0,0.002,0.07,1,
1121,3,108.17,54.18,-0.482,1.0,0.0,-0.0,0.0,8,
1122,0,51.71,40.7,-1.71,0.996,0.0,-0.12,0.36,0,16.3
1122,1,96.82,87.46,-1.745,0.0,0.0,-1.0,0.056,1,31.8
1122,2,87.87,99.5,-1.298,1.0,0.0,0.002,0.071,1,
1122,3,108.17,54.18,-0.482,1.0,0.0,-0.0,0.0,8,
1123,0,51.64,40.22,-1.725,0.998,0.0,-0.096,0.48,0,15.8
1123,1,96.81,87.33,-1.816,0.211,0.0,-1.0,0.131,1,31.9
1123,2,87.9,99.4,-1.298,1.0,0.0,0.003,0.106,1,
1123,3,108.17,54.18,-0.482,1.0,0.0,-0.0,0.0,8,
1124,0,51.55,39.63,-1.737,0.999,0.0,-0.077,0.6,0,15.2
1124,1,96.79,87.2,-1.904,0.278,0.0,-1.0,0.132,1,32.1
1124,2,87.92,99.3,-1.297,1.0,0.0,0.002,0.103,1,
1124,3,108.17,54.18,-0.482,1.0,0.0,-0.0,0.0,1,
1125,0,51.43,38.92,-1.747,0.999,0.0,-0.063,0.72,0,14.5
1125,1,96.76,87.07,-2.009,0.361,0.0,-1.0,0.134,1,32.2
1125,2,87.94,99.2,-1.297,1.0,0.0,0.002,0.1,1,
1125,3,108.17,54.18,-0.482,1.0,0.0,-0.0,0.0,8,
1126,0,51.33,38.37,-1.739,0.0,0.0,1.0,0.56,0,55.6
1126,1,96.73,86.94,-2.132,0.456,0.0,-1.0,0.135,1,32.3
1126,2,87.95,99.11,-1.297,1.0,0.0,0.002,0.095,1,
1126,3,108.17,54.18,-0.482,1.0,0.0,-0.0,0.0,1,
1127,0,51.26,37.97,-1.714,0.0,0.0,1.0,0.4,0,55.9
1127,1,96.68,86.81,-2.272,0.561,0.0,-1.0,0.136,1,32.5
1127,2,87.97,99.02,-1.296,1.0,0.0,0.002,0.089,1,
1127,3,108.17,54.18,-0.482,1.0,0.0,-0.0,0.0,8,
1128,0,51.23,37.74,-1.671,0.0,0.0,1.0,0.24,0,56.1
1128,1,96.63,86.69,-2.43,0.67,0.0,-1.0,0.137,1,32.6
1128,2,87.98,98.94,-1.296,1.0,0.0,0.002,0.082,1,
1128,3,108.17,54.18,-0.482,1.0,0.0,-0.0,0.0,1,
1129,0,51.22,37.66,-1.611,0.0,0.0,1.0,0.08,0,56.1
1129,1,96.57,86.57,-2.582,0.777,0.0,-0.973,0.135,1,32.7
1129,2,87.98,98.86,-1.296,1.0,0.0,0.002,0.074,1,
1129,3,108.17,54.18,-0.482,1.0,0.0,-0.0,0.0,8,
1130,0,51.22,37.66,-1.533,0.0,0.0,1.0,0.0,0,56.1
1130,1,96.5,86.45,-2.718,0.863,0.0,-0.758,0.132,1,32.8
1130,2,87.98,98.8,-1.295,1.0,0.0,0.003,0.066,1,
1130,3,108.17,54.18,-0.482,1.0,0.0,-0.0,0.0,8,
1131,0,51.22,37.66,-1.438,0.0,0.0,1.0,0.0,0,56.1
1131,1,96.43,86.35,-2.836,0.922,0.0,-0.567,0.127,1,32.9
1131,2,87.97,98.74,-1.295,1.0,0.0,0.003,0.06,1,
1131,3,108.17,54.18,-0.482,1.0,0.0,-0.0,0.0,1,
1132,0,51.22,37.66,-1.326,0.0,0.0,1.0,0.0,0,56.1
1132,1,96.35,86.25,-2.936,0.961,0.0,-0.402,0.122,1,33.0
1132,2,87.96,98.68,-1.294,1.0,0.0,0.004,0.055,1,
1132,3,108.17,54.18,-0.482,1.0,0.0,-0.0,0.0,1,
1133,0,51.22,37.66,-1.196,0.0,0.0,1.0,0.0,0,56.1
1133,1,96.28,86.16,-3.019,0.983,0.0,-0.262,0.117,1,33.1
1133,2,87.95,98.64,-1.293,1.0,0.0,0.004,0.051,1,
1133,3,108.17,54.18,-0.5,0.0,0.0,-1.0,0.0,0,
1134,0,51.22,37.66,-1.048,0.0,0.0,1.0,0.0,0,56.1
1134,1,96.21,86.07,-3.084,0.995,0.0,-0.147,0.112,1,33.2
1134,2,87.94,98.59,-1.293,1.0,0.0,0.004,0.047,1,
1134,3,108.17,54.18,-0.535,0.0,0.0,-1.0,0.0,0,
1135,0,51.22,37.66,-0.891,0.0,0.0,1.0,0.0,0,56.1
1135,1,96.14,85.99,-3.132,0.999,0.0,-0.057,0.108,1,33.3
1135,2,87.92,98.55,-1.292,1.0,0.0,0.005,0.045,1,
1135,3,108.17,54.18,-0.587,0.0,0.0,-1.0,0.0,0,
1136,0,51.24,37.63,-0.734,0.022,0.0,1.0,0.032,0,56.1
1136,1,96.06,85.92,3.121,1.0,0.0,0.008,0.104,1,33.3
1136,2,87.91,98.51,-1.291,1.0,0.0,0.005,0.043,1,
1136,3,108.17,54.18,-0.657,0.0,0.0,-1.0,0.0,0,
1137,0,51.35,37.53,-0.594,0.95,0.0,0.455,0.152,0,56.0
1137,1,95.99,85.84,3.108,0.999,0.0,0.049,0.103,1,33.4
1137,2,87.89,98.47,-1.29,1.0,0.0,0.005,0.042,1,
1137,3,108.16,54.16,-0.745,0.054,0.0,-1.0,0.014,1,
1138,0,51.58,37.38,-0.472,0.984,0.0,0.259,0.272,0,55.7
1138,1,95.92,85.77,3.113,0.999,0.0,0.064,0.102,1,33.5
1138,2,87.88,98.43,-1.29,1.0,0.0,0.005,0.041,1,
1138,3,108.15,54.14,-0.85,0.141,0.0,-1.0,0.032,1,
1139,0,51.93,37.2,-0.368,0.998,0.0,0.083,0.392,0,55.3
1139,1,95.85,85.7,3.121,0.999,0.0,0.054,0.103,1,33.5
1139,2,87.86,98.39,-1.289,1.0,0.0,0.006,0.041,1,
1139,3,108.13,54.1,-0.972,0.244,0.0,-1.0,0.044,8,
1140,0,52.41,37.02,-0.28,0.999,0.0,-0.076,0.512,0,54.8
1140,1,95.78,85.62,3.127,1.0,0.0,0.039,0.104,1,33.6
1140,2,87.85,98.35,-1.288,1.0,0.0,0.006,0.041,1,
1140,3,108.1,54.05,-1.112,0.361,0.0,-1.0,0.058,1,
1141,0,53.02,36.84,-0.211,0.988,0.0,-0.222,0.632,0,54.2
1141,1,95.71,85.55,3.132,1.0,0.0,0.027,0.104,1,33.7
1141,2,87.83,98.32,-1.287,1.0,0.0,0.006,0.041,1,
1141,3,108.07,53.98,-1.269,0.488,0.0,-1.0,0.072,1,
1142,0,53.75,36.68,-0.159,0.969,0.0,-0.357,0.752,0,53.5
1142,1,95.63,85.47,3.134,1.0,0.0,0.018,0.105,1,33.8
1142,2,87.82,98.28,-1.286,1.0,0.0,0.006,0.041,1,
1142,3,108.03,53.9,-1.427,0.619,0.0,-1.0,0.087,1,
1143,0,54.61,36.54,-0.124,0.943,0.0,-0.484,0.872,0,52.8
1143,1,95.56,85.4,3.136,1.0,0.0,0.011,0.106,1,33.8
1143,2,87.81,98.24,-1.285,1.0,0.0,0.006,0.041,1,
1143,3,107.99,53.81,-1.584,0.735,0.0,-1.0,0.099,1,
1144,0,55.6,36.42,-0.107,0.912,0.0,-0.602,0.992,0,52.0
1144,1,95.49,85.32,3.137,1.0,0.0,0.005,0.106,1,33.9
1144,2,87.8,98.2,-1.284,1.0,0.0,0.006,0.04,1,
1144,3,107.94,53.72,-1.723,0.832,0.0,-0.84,0.109,8,
1145,0,56.7,36.3,-0.108,0.878,0.0,-0.712,1.112,0,51.0
1145,1,95.41,85.24,3.137,1.0,0.0,0.001,0.107,1,34.0
1145,2,87.78,98.16,-1.283,1.0,0.0,0.005,0.04,1,
1145,3,107.89,53.61,-1.845,0.901,0.0,-0.639,0.115,8,
1146,0,57.93,36.17,-0.125,0.843,0.0,-0.81,1.232,0,50.0
1146,1,95.34,85.17,3.137,1.0,0.0,-0.002,0.107,1,34.1
1146,2,87.77,98.12,-1.283,1.0,0.0,0.005,0.04,1,
1146,3,107.84,53.5,-1.95,0.948,0.0,-0.464,0.119,1,
1147,0,59.16,36.01,-0.161,0.83,0.0,-0.845,1.245,0,49.0
1147,1,95.26,85.09,3.136,1.0,0.0,-0.005,0.107,1,34.2
1147,2,87.76,98.08,-1.282,1.0,0.0,0.005,0.04,1,
1147,3,107.79,53.39,-2.037,0.976,0.0,-0.314,0.12,8,
1148,0,60.41,35.81,-0.214,0.842,0.0,-0.815,1.262,0,47.9
1148,1,95.18,85.02,3.135,1.0,0.0,-0.007,0.108,1,34.2
1148,2,87.75,98.05,-1.281,1.0,0.0,0.005,0.039,1,
1148,3,107.74,53.29,-2.107,0.991,0.0,-0.19,0.12,0,
1149,0,61.67,35.54,-0.284,0.862,0.0,-0.76,1.293,0,46.8
1149,1,95.11,84.94,3.133,1.0,0.0,-0.009,0.108,1,34.3
1149,2,87.74,98.01,-1.28,1.0,0.0,0.005,0.039,1,
1149,3,107.62,53.08,-2.159,0.998,0.0,-0.089,0.24,0,
1150,0,62.95,35.16,-0.372,0.889,0.0,-0.679,1.334,0,45.6
1150,1,95.03,84.86,3.132,1.0,0.0,-0.01,0.108,1,34.4
1150,2,87.74,97.97,-1.279,1.0,0.0,0.005,0.039,1,
1150,3,107.42,52.78,-2.193,0.983,0.0,0.267,0.36,0,
1151,0,64.24,34.66,-0.462,0.921,0.0,-0.573,1.381,0,44.4
1151,1,94.95,84.79,3.13,1.0,0.0,-0.011,0.109,1,34.5
1151,2,87.73,97.93,-1.279,1.0,0.0,0.005,0.039,1,
1151,3,107.14,52.39,-2.21,0.975,0.0,0.32,0.48,0,
1152,0,65.51,34.03,-0.535,0.948,0.0,-0.461,1.422,0,43.0
1152,1,94.87,84.71,3.128,1.0,0.0,-0.011,0.109,1,34.5
1152,2,87.72,97.9,-1.278,1.0,0.0,0.005,0.038,1,
1152,3,106.78,51.91,-2.21,0.97,0.0,0.349,0.6,0,
1153,0,66.76,33.29,-0.593,0.966,0.0,-0.373,1.449,0,41.6
1153,1,94.8,84.64,3.127,1.0,0.0,-0.012,0.109,1,34.6
1153,2,87.71,97.86,-1.277,1.0,0.0,0.005,0.038,1,
1153,3,106.35,51.33,-2.192,0.969,0.0,0.356,0.72,0,
1154,0,67.98,32.47,-0.641,0.978,0.0,-0.302,1.467,0,40.2
1154,1,94.72,84.56,3.125,1.0,0.0,-0.013,0.109,1,34.7
1154,2,87.71,97.82,-1.276,1.0,0.0,0.005,0.038,1,
1154,3,105.86,50.65,-2.157,0.972,0.0,0.339,0.84,0,
1155,0,69.16,31.59,-0.679,0.985,0.0,-0.245,1.478,0,38.7
1155,1,94.64,84.48,3.123,1.0,0.0,-0.013,0.11,1,34.8
1155,2,87.7,97.78,-1.276,1.0,0.0,0.004,0.038,1,
1155,3,105.33,49.85,-2.11,0.978,0.0,0.299,0.96,0,
1156,0,70.32,30.65,-0.71,0.99,0.0,-0.2,1.485,0,37.3
1156,1,94.56,84.41,3.12,1.0,0.0,-0.013,0.11,1,34.9
1156,2,87.7,97.75,-1.275,1.0,0.0,0.004,0.037,1,
1156,3,104.78,48.92,-2.072,0.986,0.0,0.242,1.08,0,
1157,0,71.45,29.68,-0.736,0.994,0.0,-0.163,1.49,0,35.8
1157,1,94.48,84.33,3.118,1.0,0.0,-0.013,0.11,1,34.9
1157,2,87.69,97.71,-1.274,1.0,0.0,0.004,0.037,1,
1157,3,104.2,47.87,-2.04,0.99,0.0,0.198,1.2,0,
1158,0,72.55,28.68,-0.757,0.996,0.0,-0.133,1.493,0,34.3
1158,1,94.4,84.26,3.116,1.0,0.0,-0.014,0.111,1,35.0
1158,2,87.69,97.67,-1.274,1.0,0.0,0.004,0.037,1,
1158,3,103.6,46.69,-2.015,0.993,0.0,0.163,1.32,0,
1159,0,73.64,27.65,-0.775,0.997,0.0,-0.114,1.495,0,32.8
1159,1,94.32,84.18,3.114,1.0,0.0,-0.014,0.111,1,35.1
1159,2,87.68,97.64,-1.273,1.0,0.0,0.004,0.037,1,
1159,3,102.99,45.39,-1.993,0.995,0.0,0.136,1.44,0,
1160,0,74.6,26.72,-0.775,0.0,0.0,0.0,1.335,0,
1160,1,94.34,84.13,3.129,0.0,0.0,1.0,0.059,1,12.2
1160,2,87.69,97.58,-1.29,0.982,0.0,-0.27,0.062,1,
1160,3,102.46,44.22,-1.99,0.0,0.0,-1.0,1.28,0,
1161,0,75.43,25.9,-0.775,0.0,0.0,0.0,1.175,0,
1161,1,94.37,84.08,-3.121,0.0,0.0,1.0,0.059,1,12.1
1161,2,87.7,97.51,-1.324,0.985,0.0,-0.246,0.063,1,
1161,3,102.0,43.2,-2.003,0.0,0.0,-1.0,1.12,0,
1162,0,76.16,25.19,-0.775,0.0,0.0,0.0,1.015,0,
1162,1,94.39,84.02,-3.071,0.0,0.0,1.0,0.059,1,12.1
1162,2,87.7,97.45,-1.355,0.991,0.0,-0.197,0.064,1,
1162,3,101.6,42.33,-2.035,0.0,0.0,-1.0,0.96,0,
1163,0,76.77,24.59,-0.775,0.0,0.0,0.0,0.855,0,
1163,1,94.42,83.97,-3.003,0.0,0.0,1.0,0.058,1,12.0
1163,2,87.7,97.38,-1.379,0.994,0.0,-0.153,0.065,1,
1163,3,101.12,41.36,-2.083,0.727,0.0,-1.0,1.08,0,
1164,0,77.27,24.1,-0.775,0.0,0.0,0.0,0.695,0,
1164,1,94.39,83.9,-2.917,0.039,0.0,1.0,0.073,1,12.0
1164,2,87.7,97.33,-1.398,0.997,0.0,-0.118,0.058,1,
1164,3,100.58,40.4,-2.149,0.735,0.0,-1.0,1.103,0,
1165,0,77.65,23.73,-0.775,0.0,0.0,0.0,0.535,0,
1165,1,94.42,83.85,-2.815,0.0,0.0,1.0,0.057,1,25.4
1165,2,87.69,97.26,-1.412,0.998,0.0,-0.091,0.067,1,
1165,3,99.96,39.45,-2.233,0.757,0.0,-1.0,1.135,0,
1166,0,77.92,23.46,-0.775,0.0,0.0,0.0,0.375,0,
1166,1,94.44,83.8,-2.694,0.0,0.0,1.0,0.057,1,25.4
1166,2,87.68,97.19,-1.423,0.999,0.0,-0.071,0.068,1,
1166,3,99.23,38.52,-2.334,0.791,0.0,-0.941,1.186,0,
1167,0,78.07,23.31,-0.775,0.0,0.0,0.0,0.215,0,
1167,1,94.47,83.75,-2.556,0.0,0.0,1.0,0.057,1,25.4
1167,2,87.68,97.12,-1.432,0.999,0.0,-0.055,0.068,1,
1167,3,98.36,37.61,-2.453,0.836,0.0,-0.83,1.254,0,
1168,0,78.11,23.27,-0.775,0.0,0.0,0.0,0.055,0,
1168,1,94.39,83.64,-2.401,0.103,0.0,1.0,0.135,1,25.2
1168,2,87.67,97.05,-1.439,1.0,0.0,-0.042,0.075,1,
1168,3,97.38,37.13,-2.56,0.889,0.0,-0.68,1.088,1,
1169,0,78.11,23.27,-0.775,0.0,0.0,0.0,0.0,0,
1169,1,94.32,83.52,-2.244,0.258,0.0,1.0,0.137,1,25.1
1169,2,87.67,96.97,-1.444,1.0,0.0,-0.032,0.083,1,
1169,3,97.29,37.14,-2.649,0.939,0.0,-0.5,0.091,8,
1170,0,78.11,23.27,-0.775,0.0,0.0,0.0,0.0,0,
1170,1,94.26,83.4,-2.087,0.409,0.0,1.0,0.136,1,25.0
1170,2,87.67,96.88,-1.448,1.0,0.0,-0.025,0.091,1,
1170,3,97.2,37.16,-2.721,0.968,0.0,-0.365,0.098,8,
1171,0,78.11,23.27,-0.775,0.0,0.0,0.0,0.0,0,
1171,1,94.21,83.28,-1.93,0.549,0.0,1.0,0.134,1,24.9
1171,2,87.67,96.78,-1.451,1.0,0.0,-0.019,0.099,1,
1171,3,97.1,37.17,-2.775,0.984,0.0,-0.254,0.103,8,
1172,0,78.11,23.27,-0.775,0.0,0.0,0.0,0.0,0,
1172,1,94.18,83.15,-1.773,0.676,0.0,1.0,0.131,1,24.8
1172,2,87.68,96.67,-1.453,1.0,0.0,-0.015,0.106,1,
1172,3,96.99,37.18,-2.812,0.993,0.0,-0.168,0.107,1,
1173,0,78.11,23.27,-0.775,0.0,0.0,0.0,0.0,0,
1173,1,94.16,83.02,-1.623,0.785,0.0,0.954,0.127,1,24.7
1173,2,87.69,96.56,-1.455,1.0,0.0,-0.011,0.112,1,
1173,3,96.88,37.19,-2.831,0.997,0.0,-0.107,0.109,8,
1174,0,78.11,23.27,-0.775,0.0,0.0,0.0,0.0,0,
1174,1,94.15,82.9,-1.491,0.871,0.0,0.734,0.124,1,24.7
1174,2,87.7,96.45,-1.456,1.0,0.0,-0.009,0.116,1,
1174,3,96.77,37.2,-2.842,0.999,0.0,-0.07,0.11,8,
1175,0,78.11,23.27,-0.775,0.0,0.0,0.0,0.0,0,
1175,1,94.16,82.78,-1.376,0.93,0.0,0.539,0.121,1,24.6
1175,2,87.72,96.33,-1.457,1.0,0.0,-0.007,0.119,1,
1175,3,96.66,37.21,-2.849,0.999,0.0,-0.045,0.111,8,
1176,0,78.11,23.27,-0.775,0.0,0.0,0.0,0.0,0,
1176,1,94.18,82.66,-1.278,0.967,0.0,0.368,0.12,0,24.6
1176,2,87.73,96.21,-1.458,1.0,0.0,-0.005,0.12,0,
1176,3,96.55,37.22,-2.853,1.0,0.0,-0.026,0.112,1,
1177,0,78.11,23.27,-0.775,0.0,0.0,0.0,0.0,0,
1177,1,94.25,82.43,-1.198,0.988,0.0,0.222,0.24,0,24.6
1177,2,87.76,95.97,-1.459,1.0,0.0,-0.004,0.24,0,
1177,3,96.44,37.23,-2.855,1.0,0.0,-0.011,0.113,1,
1178,0,78.11,23.27,-0.775,0.0,0.0,0.0,0.0,0,
1178,1,94.38,82.1,-1.136,0.998,0.0,0.094,0.36,0,24.6
1178,2,87.8,95.61,-1.459,1.0,0.0,-0.003,0.36,0,
1178,3,96.32,37.24,-2.855,1.0,0.0,0.001,0.113,8,
1179,0,78.11,23.27,-0.775,0.0,0.0,0.0,0.0,0,
1179,1,94.52,81.82,-1.056,0.0,0.0,1.0,0.309,1,24.6
1179,2,87.8,95.23,-1.459,1.0,0.0,-0.002,0.379,1,
1179,3,96.21,37.24,-2.853,1.0,0.0,0.011,0.113,1,
1180,0,78.11,23.27,-0.775,0.0,0.0,0.0,0.0,0,
1180,1,94.54,81.77,-0.959,0.0,0.0,1.0,0.056,1,24.6
1180,2,87.79,95.16,-1.46,1.0,0.0,-0.001,0.07,1,
1180,3,96.1,37.25,-2.85,1.0,0.0,0.018,0.114,8,
1181,0,78.11,23.27,-0.775,0.0,0.0,0.0,0.0,0,
1181,1,94.61,81.67,-0.879,0.979,0.0,-0.29,0.12,0,24.6
1181,2,87.81,95.04,-1.46,1.0,0.0,-0.001,0.12,0,
1181,3,95.98,37.25,-2.847,1.0,0.0,0.023,0.114,1,
1182,0,78.11,23.27,-0.775,0.0,0.0,0.0,0.0,0,
1182,1,94.76,81.49,-0.817,0.959,0.0,-0.411,0.24,0,24.7
1182,2,87.83,94.81,-1.46,1.0,0.0,-0.0,0.24,0,
1182,3,95.87,37.25,-2.842,1.0,0.0,0.028,0.114,8,
1183,0,78.11,23.27,-0.775,0.0,0.0,0.0,0.0,0,
1183,1,95.01,81.22,-0.772,0.936,0.0,-0.513,0.36,0,24.8
1183,2,87.87,94.45,-1.46,1.0,0.0,-0.0,0.36,0,
1183,3,95.75,37.26,-2.837,1.0,0.0,0.031,0.114,1,
1184,0,78.11,23.27,-0.775,0.0,0.0,0.0,0.0,0,
1184,1,95.36,80.89,-0.744,0.914,0.0,-0.597,0.48,0,25.0
1184,2,87.92,93.97,-1.46,1.0,0.0,-0.0,0.48,0,
1184,3,95.64,37.26,-2.832,1.0,0.0,0.034,0.114,8,
1185,0,78.11,23.27,-0.775,0.0,0.0,0.0,0.0,0,
1185,1,95.8,80.48,-0.735,0.895,0.0,-0.661,0.6,0,25.3
1185,2,87.99,93.37,-1.46,1.0,0.0,-0.0,0.6,0,
1185,3,95.53,37.26,-2.826,1.0,0.0,0.036,0.115,1,
1186,0,78.11,23.27,-0.775,0.0,0.0,0.0,0.0,0,
1186,1,96.33,80.0,-0.742,0.88,0.0,-0.706,0.72,0,25.6
1186,2,88.07,92.66,-1.46,1.0,0.0,-0.0,0.72,0,
1186,3,95.41,37.25,-2.821,1.0,0.0,0.038,0.115,8,
1187,0,78.11,23.27,-0.775,0.0,0.0,0.0,0.0,0,
1187,1,96.77,79.59,-0.732,0.0,0.0,1.0,0.6,1,25.9
1187,2,88.14,91.86,-1.46,1.0,0.0,-0.0,0.804,1,
1187,3,95.3,37.25,-2.814,1.0,0.0,0.039,0.115,2,
1188,0,78.11,23.27,-0.775,0.0,0.0,0.0,0.0,0,
1188,1,96.86,79.51,-0.74,0.857,0.0,-0.773,0.12,0,26.0
1188,2,88.15,91.74,-1.46,1.0,0.0,0.0,0.12,0,
1188,3,95.18,37.25,-2.808,1.0,0.0,0.04,0.115,2,
1189,0,78.11,23.27,-0.775,0.0,0.0,0.0,0.0,0,
1189,1,97.03,79.34,-0.765,0.859,0.0,-0.768,0.24,0,26.1
1189,2,88.18,91.5,-1.46,1.0,0.0,0.0,0.24,0,
1189,3,95.07,37.24,-2.802,1.0,0.0,0.041,0.115,1,
1190,0,78.11,23.27,-0.775,0.0,0.0,0.0,0.0,0,
1190,1,97.15,79.21,-0.808,0.0,0.0,-1.0,0.177,1,26.2
1190,2,88.16,91.22,-1.46,1.0,0.0,0.0,0.28,1,
1190,3,94.95,37.24,-2.795,1.0,0.0,0.042,0.115,2,
1191,0,78.11,23.27,-0.775,0.0,0.0,0.0,0.0,0,
1191,1,97.18,79.17,-0.868,0.0,0.0,-1.0,0.052,1,26.2
1191,2,88.14,91.14,-1.46,1.0,0.0,0.001,0.08,1,
1191,3,94.84,37.23,-2.789,1.0,0.0,0.042,0.115,8,
1192,0,78.11,23.27,-0.775,0.0,0.0,0.0,0.0,0,
1192,1,97.21,79.13,-0.945,0.0,0.0,-1.0,0.052,1,26.2
1192,2,88.13,91.06,-1.459,1.0,0.0,0.002,0.08,1,
1192,3,94.72,37.22,-2.782,1.0,0.0,0.042,0.115,1,
1193,0,78.11,23.27,-0.775,0.0,0.0,0.0,0.0,0,
1193,1,97.24,79.09,-1.041,0.0,0.0,-1.0,0.051,1,26.2
1193,2,88.11,90.99,-1.459,1.0,0.0,0.002,0.081,1,
1193,3,94.61,37.21,-2.775,1.0,0.0,0.043,0.115,1,
1194,0,78.11,23.27,-0.775,0.0,0.0,0.0,0.0,0,
1194,1,97.27,79.05,-1.153,0.0,0.0,-1.0,0.051,1,26.2
1194,2,88.09,90.91,-1.459,1.0,0.0,0.002,0.081,1,
1194,3,94.49,37.2,-2.768,1.0,0.0,0.043,0.115,1,
1195,0,78.11,23.27,-0.775,0.0,0.0,0.0,0.0,0,
1195,1,97.31,79.01,-1.283,0.0,0.0,-1.0,0.051,1,26.3
1195,2,88.07,90.83,-1.459,1.0,0.0,0.002,0.081,1,
1195,3,94.38,37.19,-2.762,1.0,0.0,0.043,0.116,1,
1196,0,78.11,23.27,-0.775,0.0,0.0,0.0,0.0,0,
1196,1,97.34,78.97,-1.431,0.0,0.0,-1.0,0.051,1,26.3
1196,2,88.05,90.75,-1.476,0.983,0.0,-0.261,0.081,1,
1196,3,94.26,37.18,-2.755,1.0,0.0,0.043,0.116,1,
1197,0,78.11,23.27,-0.775,0.0,0.0,0.0,0.0,0,
1197,1,97.37,78.93,-1.588,0.0,0.0,-1.0,0.05,1,26.3
1197,2,88.03,90.67,-1.51,0.987,0.0,-0.234,0.082,1,
1197,3,94.15,37.17,-2.748,1.0,0.0,0.044,0.116,8,
1198,0,78.11,23.27,-0.775,0.0,0.0,0.0,0.0,0,
1198,1,97.4,78.89,-1.745,0.0,0.0,-1.0,0.049,1,26.3
1198,2,88.01,90.59,-1.539,0.992,0.0,-0.182,0.085,1,
1198,3,94.03,37.15,-2.741,1.0,0.0,0.044,0.116,1,
1199,0,78.11,23.27,-0.775,0.0,0.0,0.0,0.0,0,
1199,1,97.43,78.85,-1.902,0.0,0.0,-1.0,0.048,1,26.3
1199,2,87.98,90.5,-1.561,0.995,0.0,-0.139,0.087,1,
1199,3,93.92,37.14,-2.734,1.0,0.0,0.044,0.116,8,
1200,0,78.2,23.19,-0.793,0.476,0.0,-1.0,0.12,0,22.2
1200,1,97.4,78.73,-2.059,0.367,0.0,-1.0,0.129,1,40.6
1200,2,87.98,90.4,-1.577,0.997,0.0,-0.105,0.108,1,
1200,3,93.8,37.12,-2.727,1.0,0.0,0.044,0.116,1,
1201,0,78.36,23.02,-0.828,0.488,0.0,-1.0,0.24,0,22.0
1201,1,97.36,78.6,-2.216,0.508,0.0,-1.0,0.131,1,40.7
1201,2,87.96,90.29,-1.59,0.998,0.0,-0.08,0.103,1,
1201,3,93.69,37.11,-2.72,1.0,0.0,0.044,0.116,1,
1202,0,78.61,22.75,-0.88,0.51,0.0,-1.0,0.36,0,21.9
1202,1,97.31,78.48,-2.373,0.635,0.0,-1.0,0.131,1,40.8
1202,2,87.94,90.2,-1.599,0.999,0.0,-0.06,0.098,1,
1202,3,93.57,37.09,-2.713,1.0,0.0,0.044,0.116,1,
1203,0,78.91,22.38,-0.95,0.542,0.0,-1.0,0.48,0,21.6
1203,1,97.24,78.37,-2.531,0.747,0.0,-1.0,0.13,1,40.9
1203,2,87.91,90.11,-1.606,1.0,0.0,-0.044,0.093,1,
1203,3,93.46,37.07,-2.707,1.0,0.0,0.044,0.116,1,
1204,0,79.26,21.9,-1.038,0.585,0.0,-1.0,0.6,0,21.3
1204,1,97.18,78.26,-2.67,0.841,0.0,-0.816,0.127,1,41.0
1204,2,87.87,90.03,-1.611,1.0,0.0,-0.032,0.088,1,
1204,3,93.34,37.05,-2.7,1.0,0.0,0.044,0.116,1,
1205,0,79.63,21.28,-1.143,0.636,0.0,-1.0,0.72,0,20.8
1205,1,97.11,78.16,-2.792,0.907,0.0,-0.619,0.123,1,41.1
1205,2,87.83,89.95,-1.615,1.0,0.0,-0.021,0.085,1,
1205,3,93.23,37.02,-2.693,1.0,0.0,0.044,0.116,8,
1206,0,79.98,20.51,-1.265,0.694,0.0,-1.0,0.84,0,20.2
1206,1,97.03,78.07,-2.897,0.951,0.0,-0.448,0.117,1,41.2
1206,2,87.79,89.88,-1.617,1.0,0.0,-0.013,0.083,1,
1206,3,93.12,37.0,-2.686,1.0,0.0,0.044,0.116,1,
1207,0,80.27,19.6,-1.405,0.758,0.0,-1.0,0.96,0,19.5
1207,1,96.96,77.99,-2.984,0.978,0.0,-0.301,0.112,1,41.3
1207,2,87.74,89.82,-1.618,1.0,0.0,-0.006,0.081,1,
1207,3,93.0,36.98,-2.679,1.0,0.0,0.044,0.116,1,
1208,0,80.44,18.53,-1.541,0.824,0.0,-0.861,1.08,0,18.6
1208,1,96.89,77.91,-3.053,0.992,0.0,-0.179,0.107,1,41.4
1208,2,87.69,89.76,-1.618,1.0,0.0,-0.0,0.08,1,
1208,3,92.89,36.95,-2.672,1.0,0.0,0.044,0.116,1,
1209,0,80.48,17.33,-1.658,0.877,0.0,-0.715,1.2,0,17.6
1209,1,96.81,77.84,-3.106,0.998,0.0,-0.082,0.102,1,41.4
1209,2,87.64,89.7,-1.617,1.0,0.0,0.004,0.079,1,
1209,3,92.77,36.93,-2.665,1.0,0.0,0.044,0.117,8,
1210,0,80.36,16.02,-1.759,0.915,0.0,-0.594,1.32,0,16.4
1210,1,96.74,77.77,-3.14,1.0,0.0,-0.01,0.098,1,41.5
1210,2,87.58,89.64,-1.616,1.0,0.0,0.008,0.078,1,
1210,3,92.66,36.9,-2.658,1.0,0.0,0.044,0.117,1,
1211,0,80.1,14.63,-1.842,0.94,0.0,-0.497,1.41,0,15.1
1211,1,96.67,77.7,3.126,1.0,0.0,0.037,0.096,1,41.6
1211,2,87.53,89.59,-1.614,1.0,0.0,0.011,0.078,1,
1211,3,92.55,36.87,-2.651,1.0,0.0,0.044,0.117,2,
1212,0,79.72,13.25,-1.908,0.956,0.0,-0.424,1.434,0,13.7
1212,1,96.6,77.64,3.126,0.999,0.0,0.058,0.094,1,41.6
1212,2,87.47,89.54,-1.612,1.0,0.0,0.013,0.078,1,
1212,3,92.43,36.84,-2.644,1.0,0.0,0.044,0.117,8,
1213,0,79.24,11.88,-1.967,0.966,0.0,-0.373,1.449,0,12.3
1213,1,96.54,77.57,3.135,0.999,0.0,0.055,0.095,1,41.7
1213,2,87.41,89.48,-1.61,1.0,0.0,0.015,0.077,1,
1213,3,92.32,36.81,-2.637,1.0,0.0,0.044,0.117,1,
1214,0,78.68,10.53,-2.019,0.973,0.0,-0.332,1.46,0,10.9
1214,1,96.47,77.51,3.141,1.0,0.0,0.041,0.095,1,41.7
1214,2,87.36,89.43,-1.607,1.0,0.0,0.016,0.077,1,
1214,3,92.21,36.78,-2.63,1.0,0.0,0.044,0.117,1,
1215,0,78.04,9.21,-2.066,0.978,0.0,-0.302,1.467,0,9.5
1215,1,96.4,77.44,-3.137,1.0,0.0,0.029,0.096,1,41.8
1215,2,87.31,89.37,-1.604,1.0,0.0,0.017,0.077,1,
1215,3,92.1,36.75,-2.623,1.0,0.0,0.044,0.117,8,
1216,0,77.38,7.99,-2.11,0.929,0.0,-0.281,1.393,0,8.1
1216,1,96.33,77.38,-3.134,1.0,0.0,0.02,0.096,1,41.9
1216,2,87.25,89.32,-1.601,1.0,0.0,0.018,0.076,1,
1216,3,91.98,36.71,-2.616,1.0,0.0,0.044,0.117,8,
1217,0,76.74,7.5,-2.152,0.797,0.0,-0.266,0.799,1,7.3
1217,1,96.26,77.31,-3.132,1.0,0.0,0.013,0.097,1,41.9
1217,2,87.2,89.27,-1.599,1.0,0.0,0.019,0.076,1,
1217,3,91.87,36.68,-2.609,1.0,0.0,0.044,0.117,1,
1218,0,76.68,7.5,-2.18,0.727,0.0,-0.176,0.066,1,7.3
1218,1,96.19,77.24,-3.131,1.0,0.0,0.008,0.097,1,42.0
1218,2,87.14,89.21,-1.595,1.0,0.0,0.019,0.076,1,
1218,3,91.76,36.64,-2.602,1.0,0.0,0.044,0.117,1,
1219,0,76.61,7.5,-2.2,0.725,0.0,-0.127,0.069,1,7.2
1219,1,96.11,77.17,-3.13,1.0,0.0,0.004,0.097,1,42.1
1219,2,87.09,89.16,-1.592,1.0,0.0,0.019,0.075,1,
1219,3,91.65,36.61,-2.596,1.0,0.0,0.044,0.117,8,
1220,0,76.54,7.5,-2.214,0.722,0.0,-0.088,0.071,1,7.2
1220,1,96.04,77.11,-3.13,1.0,0.0,0.0,0.097,1,42.1
1220,2,87.04,89.1,-1.589,1.0,0.0,0.02,0.075,1,
1220,3,91.54,36.57,-2.589,1.0,0.0,0.044,0.117,8,
1221,0,76.47,7.5,-2.223,0.719,0.0,-0.058,0.072,1,7.1
1221,1,95.97,77.04,-3.13,1.0,0.0,-0.002,0.098,1,42.2
1221,2,86.99,89.05,-1.586,1.0,0.0,0.02,0.075,1,
1221,3,91.43,36.53,-2.582,1.0,0.0,0.044,0.117,2,
1222,0,76.39,7.5,-2.228,0.715,0.0,-0.033,0.073,1,7.1
1222,1,95.9,76.97,-3.131,1.0,0.0,-0.004,0.098,1,42.3
1222,2,86.94,89.0,-1.583,1.0,0.0,0.02,0.074,1,
1222,3,91.32,36.49,-2.575,1.0,0.0,0.044,0.117,1,
1223,0,76.32,7.5,-2.23,0.71,0.0,-0.015,0.073,1,7.1
1223,1,95.83,76.9,-3.132,1.0,0.0,-0.006,0.098,1,42.3
1223,2,86.89,88.94,-1.58,1.0,0.0,0.02,0.074,1,
1223,3,91.21,36.45,-2.568,1.0,0.0,0.044,0.117,1,
1224,0,76.25,7.5,-2.23,0.706,0.0,0.0,0.074,1,7.0
1224,1,95.76,76.84,-3.133,1.0,0.0,-0.007,0.098,1,42.4
1224,2,86.83,88.89,-1.577,1.0,0.0,0.02,0.073,1,
1224,3,91.1,36.41,-2.561,1.0,0.0,0.043,0.118,1,
1225,0,76.17,7.5,-2.228,0.701,0.0,0.012,0.074,1,7.0
1225,1,95.69,76.77,-3.134,1.0,0.0,-0.008,0.098,1,42.5
1225,2,86.78,88.84,-1.574,1.0,0.0,0.02,0.073,1,
1225,3,90.99,36.37,-2.554,1.0,0.0,0.043,0.118,1,
1226,0,76.1,7.5,-2.225,0.697,0.0,0.021,0.073,1,6.9
1226,1,95.62,76.7,-3.135,1.0,0.0,-0.008,0.098,1,42.5
1226,2,86.73,88.78,-1.571,1.0,0.0,0.019,0.073,1,
1226,3,90.88,36.32,-2.548,1.0,0.0,0.043,0.118,1,
1227,0,76.03,7.5,-2.22,0.692,0.0,0.029,0.073,1,6.9
1227,1,95.55,76.63,-3.137,1.0,0.0,-0.009,0.098,1,42.6
1227,2,86.69,88.73,-1.568,1.0,0.0,0.019,0.072,1,
1227,3,90.77,36.28,-2.541,1.0,0.0,0.043,0.118,8,
1228,0,75.96,7.5,-2.215,0.688,0.0,0.034,0.073,1,6.8
1228,1,95.48,76.56,-3.138,1.0,0.0,-0.009,0.098,1,42.7
1228,2,86.64,88.68,-1.565,1.0,0.0,0.019,0.072,1,
1228,3,90.66,36.23,-2.534,1.0,0.0,0.043,0.118,1,
1229,0,75.88,7.5,-2.209,0.684,0.0,0.039,0.072,1,6.8
1229,1,95.41,76.5,-3.14,1.0,0.0,-0.009,0.098,1,42.7
1229,2,86.59,88.63,-1.562,1.0,0.0,0.019,0.071,1,
1229,3,90.55,36.18,-2.527,1.0,0.0,0.043,0.118,1,
1230,0,75.81,7.5,-2.202,0.679,0.0,0.043,0.071,1,6.8
1230,1,95.34,76.43,-3.141,1.0,0.0,-0.01,0.098,1,42.8
1230,2,86.54,88.58,-1.559,1.0,0.0,0.019,0.071,1,
1230,3,90.45,36.13,-2.521,1.0,0.0,0.043,0.118,8,
1231,0,75.74,7.5,-2.195,0.675,0.0,0.045,0.071,1,6.7
1231,1,95.27,76.36,3.14,1.0,0.0,-0.01,0.098,1,42.9
1231,2,86.49,88.52,-1.556,1.0,0.0,0.019,0.07,1,
1231,3,90.34,36.08,-2.514,1.0,0.0,0.043,0.118,1,
1232,0,75.67,7.5,-2.187,0.671,0.0,0.048,0.07,1,6.7
1232,1,95.2,76.29,3.139,1.0,0.0,-0.01,0.098,1,43.0
1232,2,86.44,88.47,-1.553,1.0,0.0,0.019,0.07,1,
1232,3,90.23,36.03,-2.507,1.0,0.0,0.042,0.118,8,
1233,0,75.6,7.5,-2.18,0.667,0.0,0.049,0.069,1,6.6
1233,1,95.13,76.22,3.137,1.0,0.0,-0.01,0.098,1,43.0
1233,2,86.4,88.42,-1.55,1.0,0.0,0.018,0.07,1,
1233,3,90.13,35.98,-2.501,1.0,0.0,0.042,0.118,8,
1234,0,75.53,7.5,-2.172,0.664,0.0,0.051,0.069,1,6.6
1234,1,95.06,76.15,3.136,1.0,0.0,-0.01,0.098,1,43.1
1234,2,86.35,88.37,-1.547,1.0,0.0,0.018,0.069,1,
1234,3,90.02,35.93,-2.494,1.0,0.0,0.042,0.118,2,
1235,0,75.47,7.5,-2.164,0.66,0.0,0.052,0.068,1,6.6
1235,1,94.98,76.09,3.134,1.0,0.0,-0.01,0.099,1,43.2
1235,2,86.3,88.32,-1.544,1.0,0.0,0.018,0.069,1,
1235,3,89.92,35.88,-2.488,1.0,0.0,0.042,0.118,8,
1236,0,75.4,7.5,-2.155,0.656,0.0,0.053,0.067,1,6.5
1236,1,94.91,76.02,3.132,1.0,0.0,-0.01,0.099,1,43.2
1236,2,86.26,88.27,-1.542,1.0,0.0,0.018,0.068,1,
1236,3,89.81,35.82,-2.481,1.0,0.0,0.042,0.118,8,
1237,0,75.33,7.5,-2.147,0.653,0.0,0.053,0.066,1,6.5
1237,1,94.84,75.95,3.131,1.0,0.0,-0.01,0.099,1,43.3
1237,2,86.21,88.22,-1.539,1.0,0.0,0.018,0.068,1,
1237,3,89.71,35.77,-2.475,1.0,0.0,0.041,0.118,8,
1238,0,75.27,7.5,-2.138,0.649,0.0,0.054,0.065,1,6.5
1238,1,94.77,75.88,3.129,1.0,0.0,-0.01,0.099,1,43.4
1238,2,86.17,88.17,-1.536,1.0,0.0,0.018,0.067,1,
1238,3,89.6,35.71,-2.468,1.0,0.0,0.041,0.118,1,
1239,0,75.2,7.5,-2.13,0.646,0.0,0.054,0.065,1,6.4
1239,1,94.7,75.81,3.128,1.0,0.0,-0.01,0.099,1,43.4
1239,2,86.12,88.12,-1.533,1.0,0.0,0.017,0.067,1,
1239,3,89.5,35.65,-2.462,1.0,0.0,0.041,0.118,1,
1240,0,75.2,7.5,-2.139,0.0,0.0,-1.0,0.0,0,20.8
1240,1,94.73,75.77,-3.14,0.0,0.0,1.0,0.05,1,23.0
1240,2,86.1,88.04,-1.513,0.313,0.0,1.0,0.082,1,
1240,3,89.4,35.59,-2.473,0.913,0.0,-0.601,0.118,1,
1241,0,75.2,7.5,-2.165,0.0,0.0,-1.0,0.0,0,20.8
1241,1,94.76,75.73,-3.106,0.0,0.0,1.0,0.051,1,23.1
1241,2,86.08,87.96,-1.475,0.33,0.0,1.0,0.081,1,
1241,3,89.29,35.53,-2.501,0.917,0.0,-0.587,0.119,1,
1242,0,75.2,7.5,-2.209,0.0,0.0,-1.0,0.0,0,20.8
1242,1,94.79,75.69,-3.055,0.0,0.0,1.0,0.052,1,23.1
1242,2,86.06,87.88,-1.42,0.364,0.0,1.0,0.079,1,
1242,3,89.19,35.47,-2.547,0.928,0.0,-0.547,0.119,1,
1243,0,75.2,7.5,-2.271,0.0,0.0,-1.0,0.0,0,20.8
1243,1,94.73,75.61,-3.022,0.074,0.0,-1.0,0.099,1,23.0
1243,2,86.03,87.83,-1.347,0.414,0.0,1.0,0.06,1,
1243,3,89.09,35.41,-2.611,0.944,0.0,-0.482,0.12,1,
1244,0,75.2,7.5,-2.35,0.0,0.0,-1.0,0.0,0,20.8
1244,1,94.76,75.57,-2.971,0.0,0.0,1.0,0.055,1,23.0
1244,2,86.02,87.76,-1.257,0.478,0.0,1.0,0.072,1,
1244,3,88.98,35.35,-2.672,0.962,0.0,-0.393,0.12,0,
1245,0,75.2,7.5,-2.446,0.0,0.0,-1.0,0.0,0,20.8
1245,1,94.77,75.51,-2.903,0.015,0.0,1.0,0.056,1,23.0
1245,2,86.02,87.7,-1.149,0.554,0.0,1.0,0.064,1,
1245,3,88.77,35.24,-2.72,0.977,0.0,-0.306,0.24,0,
1246,0,75.2,7.5,-2.56,0.0,0.0,-1.0,0.0,0,20.8
1246,1,94.7,75.42,-2.817,0.086,0.0,1.0,0.117,1,23.0
1246,2,86.03,87.65,-1.024,0.64,0.0,1.0,0.043,1,
1246,3,88.44,35.1,-2.758,0.986,0.0,-0.239,0.36,0,
1247,0,75.2,7.5,-2.692,0.0,0.0,-1.0,0.0,0,20.8
1247,1,94.63,75.32,-2.714,0.174,0.0,1.0,0.123,1,22.9
1247,2,86.04,87.61,-0.881,0.73,0.0,1.0,0.043,1,
1247,3,88.0,34.92,-2.787,0.991,0.0,-0.187,0.48,0,
1248,0,75.2,7.5,-2.841,0.0,0.0,-1.0,0.0,0,20.8
1248,1,94.56,75.21,-2.593,0.279,0.0,1.0,0.128,1,22.8
1248,2,86.08,87.58,-0.745,0.82,0.0,0.871,0.05,1,
1248,3,87.43,34.71,-2.811,0.995,0.0,-0.147,0.6,0,
1249,0,75.2,7.5,-2.998,0.0,0.0,-1.0,0.0,0,20.8
1249,1,94.6,75.16,-2.489,0.0,0.0,-1.0,0.058,1,22.8
1249,2,86.14,87.55,-0.625,0.89,0.0,0.676,0.064,1,
1249,3,86.75,34.47,-2.829,0.997,0.0,-0.117,0.72,0,
1250,0,75.2,7.5,3.128,0.0,0.0,-1.0,0.0,0,20.8
1250,1,94.53,75.04,-2.368,0.491,0.0,1.0,0.134,1,22.7
1250,2,86.2,87.52,-0.523,0.938,0.0,0.506,0.073,1,
1250,3,85.95,34.21,-2.843,0.998,0.0,-0.093,0.84,0,
1251,0,75.2,7.5,2.971,0.0,0.0,-1.0,0.0,0,20.8
1251,1,94.56,75.0,-2.265,0.0,0.0,-1.0,0.054,1,22.8
1251,2,86.28,87.5,-0.439,0.968,0.0,0.361,0.076,1,
1251,3,85.04,33.93,-2.855,0.999,0.0,-0.074,0.96,0,
1252,0,75.2,7.5,2.814,0.0,0.0,-1.0,0.0,0,20.8
1252,1,94.59,74.95,-2.179,0.0,0.0,-1.0,0.051,1,22.8
1252,2,86.36,87.5,-0.372,0.986,0.0,0.24,0.081,1,
1252,3,84.0,33.63,-2.864,0.999,0.0,-0.059,1.08,0,
1253,0,75.09,7.54,2.657,0.124,0.0,-1.0,0.12,0,21.0
1253,1,94.53,74.83,-2.076,0.74,0.0,1.0,0.132,1,22.7
1253,2,86.46,87.47,-0.323,0.995,0.0,0.144,0.1,1,
1253,3,82.85,33.3,-2.872,0.999,0.0,-0.048,1.2,0,
1254,0,74.88,7.65,2.5,0.277,0.0,-1.0,0.24,0,21.2
1254,1,94.48,74.71,-1.955,0.808,0.0,0.9,0.129,1,22.6
1254,2,86.56,87.45,-0.291,0.999,0.0,0.074,0.107,1,
1254,3,81.57,32.95,-2.878,1.0,0.0,-0.038,1.32,0,
1255,0,74.59,7.87,2.343,0.421,0.0,-1.0,0.36,0,21.5
1255,1,94.44,74.6,-1.842,0.876,0.0,0.72,0.126,1,22.6
1255,2,86.67,87.42,-0.277,1.0,0.0,0.028,0.113,1,
1255,3,80.18,32.57,-2.883,1.0,0.0,-0.031,1.44,0,
1256,0,74.25,8.21,2.186,0.552,0.0,-1.0,0.48,0,21.9
1256,1,94.41,74.48,-1.746,0.926,0.0,0.551,0.122,1,22.5
1256,2,86.79,87.39,-0.276,1.0,0.0,0.008,0.118,1,
1256,3,78.73,32.19,-2.887,1.0,0.0,-0.026,1.5,0,
1257,0,73.91,8.7,2.029,0.667,0.0,-1.0,0.6,0,22.4
1257,1,94.39,74.36,-1.668,0.96,0.0,0.408,0.12,0,22.5
1257,2,86.9,87.36,-0.275,1.0,0.0,0.006,0.12,0,
1257,3,77.28,31.81,-2.89,1.0,0.0,-0.021,1.5,0,
1258,0,73.59,9.35,1.872,0.764,0.0,-1.0,0.72,0,22.8
1258,1,94.37,74.12,-1.607,0.98,0.0,0.289,0.24,0,22.5
1258,2,87.13,87.3,-0.274,1.0,0.0,0.005,0.24,0,
1258,3,75.83,31.44,-2.893,1.0,0.0,-0.017,1.5,0,
1259,0,73.34,10.15,1.732,0.843,0.0,-0.812,0.84,0,23.3
1259,1,94.36,73.76,-1.564,0.991,0.0,0.187,0.36,0,22.4
1259,2,87.48,87.2,-0.273,1.0,0.0,0.004,0.36,0,
1259,3,74.38,31.07,-2.895,1.0,0.0,-0.014,1.5,0,
1260,0,73.19,11.1,1.61,0.896,0.0,-0.656,0.96,0,23.8
1260,1,94.36,73.28,-1.539,0.997,0.0,0.103,0.48,0,22.4
1260,2,87.94,87.07,-0.273,1.0,0.0,0.003,0.48,0,
1260,3,72.92,30.7,-2.897,1.0,0.0,-0.012,1.5,0,
1261,0,73.14,12.17,1.505,0.931,0.0,-0.534,1.08,0,24.2
1261,1,94.38,72.68,-1.53,1.0,0.0,0.036,0.6,0,22.4
1261,2,88.52,86.91,-0.273,1.0,0.0,0.002,0.6,0,
1261,3,71.47,30.34,-2.899,1.0,0.0,-0.01,1.5,0,
1262,0,73.22,13.37,1.418,0.952,0.0,-0.444,1.2,0,24.6
1262,1,94.4,72.24,-1.505,0.0,0.0,1.0,0.44,0,22.4
1262,2,89.21,86.71,-0.272,1.0,0.0,0.002,0.72,0,
1262,3,70.01,29.98,-2.9,1.0,0.0,-0.008,1.5,0,
1263,0,73.42,14.68,1.349,0.967,0.0,0.367,1.32,0,23.7
1263,1,94.43,71.68,-1.497,0.998,0.0,-0.079,0.56,0,22.4
1263,2,90.02,86.49,-0.272,1.0,0.0,0.001,0.84,0,
1263,3,68.55,29.62,-2.901,1.0,0.0,-0.007,1.5,0,
1264,0,73.79,15.97,1.297,0.963,0.0,0.39,1.349,1,23.3
1264,1,94.48,71.0,-1.506,0.996,0.0,-0.126,0.68,0,22.5
1264,2,90.95,86.23,-0.272,1.0,0.0,0.001,0.96,0,
1264,3,67.04,29.37,-2.902,1.0,0.0,-0.006,1.532,1,
1265,0,73.84,16.06,1.227,0.267,0.0,-1.0,0.1,1,23.2
1265,1,94.54,70.21,-1.53,0.994,0.0,-0.156,0.8,0,22.6
1265,2,91.99,85.94,-0.272,1.0,0.0,0.001,1.08,0,
1265,3,66.91,29.37,-2.901,1.0,0.0,0.004,0.13,1,
1266,0,73.89,16.15,1.14,0.329,0.0,-1.0,0.105,1,23.2
1266,1,94.57,69.29,-1.557,0.993,0.0,-0.171,0.92,0,22.7
1266,2,93.14,85.62,-0.272,1.0,0.0,0.001,1.2,0,
1266,3,66.78,29.36,-2.901,1.0,0.0,0.005,0.129,1,
1267,0,73.95,16.24,1.035,0.407,0.0,-1.0,0.109,1,23.1
1267,1,94.59,68.25,-1.587,0.991,0.0,-0.19,1.04,0,22.9
1267,2,94.41,85.26,-0.272,1.0,0.0,0.001,1.32,0,
1267,3,66.66,29.35,-2.9,1.0,0.0,0.006,0.127,1,
1268,0,74.02,16.34,0.913,0.496,0.0,-1.0,0.114,1,23.1
1268,1,94.57,67.09,-1.62,0.989,0.0,-0.212,1.16,0,23.1
1268,2,95.8,84.88,-0.272,1.0,0.0,0.0,1.44,0,
1268,3,66.53,29.33,-2.899,1.0,0.0,0.006,0.124,1,
1269,0,74.1,16.43,0.774,0.595,0.0,-1.0,0.118,1,23.0
1269,1,94.5,65.81,-1.657,0.986,0.0,-0.235,1.28,0,23.3
1269,2,97.25,84.47,-0.272,1.0,0.0,0.0,1.5,0,
1269,3,66.41,29.31,-2.898,1.0,0.0,0.006,0.122,1,
1270,0,74.18,16.51,0.617,0.698,0.0,-1.0,0.12,0,22.9
1270,1,94.41,64.69,-1.677,0.0,0.0,1.0,1.12,0,23.6
1270,2,98.69,84.07,-0.272,1.0,0.0,0.0,1.5,0,
1270,3,66.3,29.28,-2.897,1.0,0.0,0.005,0.12,0,
1271,0,74.38,16.65,0.472,0.799,0.0,-0.921,0.24,0,22.7
1271,1,94.28,63.46,-1.714,0.978,0.0,-0.299,1.24,0,23.9
1271,2,100.14,83.67,-0.271,1.0,0.0,0.0,1.5,0,
1271,3,66.06,29.22,-2.896,1.0,0.0,0.004,0.24,0,
1272,0,74.7,16.81,0.345,0.875,0.0,-0.723,0.36,0,22.4
1272,1,94.12,62.39,-1.768,0.0,0.0,-1.0,1.08,0,24.1
1272,2,101.58,83.27,-0.271,1.0,0.0,0.0,1.5,0,
1272,3,65.72,29.13,-2.896,1.0,0.0,0.003,0.36,0,
1273,0,75.15,16.97,0.235,0.926,0.0,-0.553,0.48,0,21.9
1273,1,93.94,61.49,-1.84,0.0,0.0,-1.0,0.92,0,24.3
1273,2,103.03,82.86,-0.271,1.0,0.0,0.0,1.5,0,
1273,3,65.25,29.02,-2.896,1.0,0.0,0.002,0.48,0,
1274,0,75.74,17.11,0.143,0.96,0.0,-0.408,0.6,0,21.4
1274,1,93.74,60.76,-1.93,0.0,0.0,-1.0,0.76,0,24.5
1274,2,104.47,82.46,-0.271,1.0,0.0,0.0,1.5,0,
1274,3,64.67,28.87,-2.895,1.0,0.0,0.002,0.6,0,
1275,0,76.45,17.22,0.069,0.98,0.0,-0.288,0.72,0,20.7
1275,1,93.53,60.19,-2.037,0.0,0.0,-1.0,0.6,0,24.6
1275,2,105.92,82.06,-0.271,1.0,0.0,0.0,1.5,0,
1275,3,63.97,28.69,-2.895,1.0,0.0,0.002,0.72,0,
1276,0,77.29,17.27,0.011,0.991,0.0,-0.191,0.84,0,19.8
1276,1,93.33,59.8,-2.161,0.0,0.0,-1.0,0.44,0,24.6
1276,2,107.36,81.66,-0.271,1.0,0.0,0.0,1.5,0,
1276,3,63.15,28.49,-2.895,1.0,0.0,0.001,0.84,0,
1277,0,78.25,17.29,-0.028,0.997,0.0,-0.117,0.96,0,18.9
1277,1,93.17,59.57,-2.303,0.071,0.0,-1.0,0.28,0,24.6
1277,2,108.81,81.26,-0.271,1.0,0.0,0.0,1.5,0,
1277,3,62.22,28.26,-2.895,1.0,0.0,0.001,0.96,0,
1278,0,79.33,17.25,-0.05,0.999,0.0,-0.067,1.08,0,17.8
1278,1,92.97,59.35,-2.46,0.2,0.0,-1.0,0.3,0,24.5
1278,2,110.25,80.85,-0.271,1.0,0.0,0.0,1.5,0,
1278,3,61.18,27.99,-2.895,1.0,0.0,0.001,1.08,0,
1279,0,80.52,17.19,-0.056,1.0,0.0,-0.039,1.2,0,16.6
1279,1,92.65,59.08,-2.617,0.34,0.0,-1.0,0.42,0,24.4
1279,2,111.7,80.45,-0.271,1.0,0.0,0.0,1.5,0,
1279,3,60.5,27.82,-2.894,1.0,0.0,0.001,0.701,1,
1280,0,81.56,17.14,-0.056,0.0,0.0,0.0,1.04,0,
1280,1,92.42,58.95,-2.774,0.0,0.0,-1.0,0.26,0,45.4
1280,2,113.14,80.05,-0.271,1.0,0.0,0.0,1.5,0,
1280,3,60.5,27.82,-2.894,1.0,0.0,0.001,0.0,1,
1281,0,82.44,17.09,-0.056,0.0,0.0,0.0,0.88,0,
1281,1,92.33,58.91,-2.931,0.0,0.0,-1.0,0.1,0,45.5
1281,2,114.59,79.65,-0.271,1.0,0.0,0.0,1.5,0,
1281,3,60.5,27.82,-2.894,1.0,0.0,0.001,0.0,1,
1282,0,83.16,17.05,-0.056,0.0,0.0,0.0,0.72,0,
1282,1,92.33,58.91,-3.088,0.0,0.0,-1.0,0.0,0,45.5
1282,2,116.03,79.25,-0.271,1.0,0.0,0.0,1.5,0,
1282,3,60.5,27.82,-2.894,1.0,0.0,0.0,0.0,1,
1283,0,83.72,17.01,-0.056,0.0,0.0,0.0,0.56,0,
1283,1,92.33,58.91,3.038,0.0,0.0,-1.0,0.0,0,45.5
1283,2,117.48,78.84,-0.271,1.0,0.0,0.0,1.5,0,
1283,3,60.5,27.82,-2.894,1.0,0.0,0.0,0.0,2,
1284,0,84.12,16.99,-0.056,0.0,0.0,0.0,0.4,0,
1284,1,92.33,58.91,2.881,0.0,0.0,-1.0,0.0,0,45.5
1284,2,118.92,78.44,-0.271,1.0,0.0,0.0,1.5,0,
1284,3,60.5,27.82,-2.894,1.0,0.0,0.0,0.0,1,
1285,0,84.36,16.98,-0.056,0.0,0.0,0.0,0.24,0,
1285,1,92.33,58.91,2.724,0.0,0.0,-1.0,0.0,0,45.5
1285,2,120.37,78.04,-0.271,1.0,0.0,0.0,1.5,0,
1285,3,60.5,27.82,-2.894,1.0,0.0,0.0,0.0,8,
1286,0,84.44,16.97,-0.056,0.0,0.0,0.0,0.08,0,
1286,1,92.33,58.91,2.566,0.0,0.0,-1.0,0.0,0,45.5
1286,2,121.81,77.64,-0.271,1.0,0.0,0.0,1.5,0,
1286,3,60.5,27.82,-2.894,1.0,0.0,0.0,0.0,8,
1287,0,84.44,16.97,-0.056,0.0,0.0,0.0,0.0,0,
1287,1,92.33,58.91,2.409,0.0,0.0,-1.0,0.0,0,45.5
1287,2,123.26,77.24,-0.271,1.0,0.0,0.0,1.5,0,
1287,3,60.5,27.82,-2.894,1.0,0.0,0.0,0.0,1,
1288,0,84.44,16.97,-0.056,0.0,0.0,0.0,0.0,0,
1288,1,92.24,59.0,2.252,0.099,0.0,-1.0,0.12,0,45.5
1288,2,124.7,76.83,-0.271,1.0,0.0,0.0,1.5,0,
1288,3,60.5,27.82,-2.894,1.0,0.0,0.0,0.0,8,
1289,0,84.44,16.97,-0.056,0.0,0.0,0.0,0.0,0,
1289,1,92.09,59.18,2.095,0.251,0.0,-1.0,0.24,0,45.4
1289,2,126.15,76.43,-0.271,1.0,0.0,0.0,1.5,0,
1289,3,60.5,27.82,-2.894,1.0,0.0,0.0,0.0,8,
1290,0,84.44,16.97,-0.056,0.0,0.0,0.0,0.0,0,
1290,1,91.91,59.49,1.938,0.395,0.0,-1.0,0.36,0,45.3
1290,2,127.59,76.03,-0.271,1.0,0.0,0.0,1.5,0,
1290,3,60.5,27.82,-2.894,1.0,0.0,0.0,0.0,1,
1291,0,84.44,16.97,-0.056,0.0,0.0,0.0,0.0,0,
1291,1,91.74,59.94,1.781,0.528,0.0,-1.0,0.48,0,45.1
1291,2,129.04,75.63,-0.271,1.0,0.0,0.0,1.5,0,
1291,3,60.5,27.82,-2.894,1.0,0.0,0.0,0.0,8,
1292,0,84.44,16.97,-0.056,0.0,0.0,0.0,0.0,0,
1292,1,91.61,60.53,1.624,0.647,0.0,-1.0,0.6,0,44.7
1292,2,130.48,75.23,-0.271,1.0,0.0,0.0,1.5,0,
1292,3,60.5,27.82,-2.894,1.0,0.0,0.0,0.0,8,
1293,0,84.44,16.97,-0.056,0.0,0.0,0.0,0.0,0,
1293,1,91.57,61.25,1.467,0.752,0.0,-1.0,0.72,0,44.1
1293,2,131.93,74.82,-0.271,1.0,0.0,0.0,1.5,0,
1293,3,60.5,27.82,-2.894,1.0,0.0,0.0,0.0,1,
1294,0,84.44,16.97,-0.056,0.0,0.0,0.0,0.0,0,
1294,1,91.66,62.08,1.327,0.84,0.0,-0.82,0.84,0,43.4
1294,2,133.37,74.42,-0.271,1.0,0.0,0.0,1.5,0,
1294,3,60.5,27.82,-2.894,1.0,0.0,0.0,0.0,1,
1295,0,84.44,16.97,-0.056,0.0,0.0,0.0,0.0,0,
1295,1,91.89,63.01,1.205,0.903,0.0,-0.635,0.96,0,42.6
1295,2,134.68,74.06,-0.271,0.904,0.0,0.0,1.355,0,
1295,3,60.5,27.82,-2.894,1.0,0.0,0.0,0.0,1,
1296,0,84.44,16.97,-0.056,0.0,0.0,0.0,0.0,0,
1296,1,92.28,64.02,1.101,0.945,0.0,-0.475,1.08,0,41.5
1296,2,135.83,73.74,-0.271,0.768,0.0,0.0,1.195,0,
1296,3,60.5,27.82,-2.894,1.0,0.0,0.0,0.0,8,
1297,0,84.44,16.97,-0.056,0.0,0.0,0.0,0.0,0,
1297,1,92.82,65.09,1.014,0.972,0.0,-0.338,1.2,0,40.4
1297,2,136.5,73.46,-0.271,0.649,0.0,0.0,0.725,1,
1297,3,60.5,27.82,-2.894,1.0,0.0,0.0,0.0,8,
1298,0,84.44,16.97,-0.056,0.0,0.0,0.0,0.0,0,
1298,1,93.52,66.21,0.944,0.988,0.0,-0.223,1.32,0,39.1
1298,2,136.5,73.43,-0.268,0.577,0.0,0.022,0.032,1,
1298,3,60.5,27.82,-2.894,1.0,0.0,0.0,0.0,1,
1299,0,84.44,16.97,-0.056,0.0,0.0,0.0,0.0,0,
1299,1,94.36,67.38,0.892,0.996,0.0,-0.131,1.44,0,37.6
1299,2,136.5,73.4,-0.264,0.576,0.0,0.025,0.032,1,
1299,3,60.5,27.82,-2.894,1.0,0.0,0.0,0.0,1,
1300,0,84.44,16.97,-0.056,0.0,0.0,0.0,0.0,0,
1300,1,95.3,68.55,0.857,0.999,0.0,-0.062,1.499,0,36.1
1300,2,136.5,73.37,-0.26,0.575,0.0,0.027,0.031,1,
1300,3,60.5,27.82,-2.894,1.0,0.0,0.0,0.0,1,
1301,0,84.44,16.97,-0.056,0.0,0.0,0.0,0.0,0,
1301,1,96.29,69.68,0.84,1.0,0.0,-0.015,1.5,0,34.6
1301,2,136.5,73.33,-0.255,0.574,0.0,0.028,0.031,1,
1301,3,60.5,27.82,-2.894,1.0,0.0,0.0,0.0,1,
1302,0,84.44,16.97,-0.056,0.0,0.0,0.0,0.0,0,
1302,1,97.29,70.8,0.841,1.0,0.0,0.009,1.5,0,33.1
1302,2,136.5,73.3,-0.251,0.573,0.0,0.029,0.03,1,
1302,3,60.5,27.82,-2.894,1.0,0.0,0.0,0.0,1,
1303,0,84.44,16.97,-0.056,0.0,0.0,0.0,0.0,0,
1303,1,98.29,71.91,0.842,1.0,0.0,0.009,1.5,0,31.6
1303,2,136.5,73.27,-0.246,0.573,0.0,0.03,0.03,1,
1303,3,60.5,27.82,-2.894,1.0,0.0,0.0,0.0,1,
1304,0,84.44,16.97,-0.056,0.0,0.0,0.0,0.0,0,
1304,1,99.29,73.03,0.843,1.0,0.0,0.007,1.5,0,30.1
1304,2,136.5,73.25,-0.241,0.572,0.0,0.031,0.029,1,
1304,3,60.5,27.82,-2.894,1.0,0.0,0.0,0.0,1,
1305,0,84.44,16.97,-0.056,0.0,0.0,0.0,0.0,0,
1305,1,100.28,74.15,0.844,1.0,0.0,0.006,1.5,0,28.6
1305,2,136.5,73.22,-0.236,0.571,0.0,0.031,0.029,1,
1305,3,60.5,27.82,-2.894,1.0,0.0,0.0,0.0,1,
1306,0,84.44,16.97,-0.056,0.0,0.0,0.0,0.0,0,
1306,1,101.28,75.27,0.845,1.0,0.0,0.005,1.5,0,27.1
1306,2,136.5,73.19,-0.231,0.571,0.0,0.031,0.028,1,
1306,3,60.5,27.82,-2.894,1.0,0.0,0.0,0.0,1,
1307,0,84.44,16.97,-0.056,0.0,0.0,0.0,0.0,0,
1307,1,102.28,76.4,0.845,1.0,0.0,0.004,1.5,0,25.6
1307,2,136.5,73.16,-0.227,0.57,0.0,0.031,0.028,1,
1307,3,60.5,27.82,-2.894,0.0,0.0,0.0,0.0,0,
1308,0,84.44,16.97,-0.056,0.0,0.0,0.0,0.0,0,
1308,1,103.27,77.52,0.846,1.0,0.0,0.003,1.5,0,24.1
1308,2,136.5,73.13,-0.222,0.57,0.0,0.031,0.027,1,
1308,3,60.5,27.82,-2.894,0.0,0.0,0.0,0.0,0,
1309,0,84.44,16.97,-0.056,0.0,0.0,0.0,0.0,0,
1309,1,104.27,78.64,0.846,1.0,0.0,0.003,1.5,0,22.6
1309,2,136.5,73.11,-0.217,0.569,0.0,0.03,0.026,1,
1309,3,60.5,27.82,-2.894,0.0,0.0,0.0,0.0,0,
1310,0,84.44,16.97,-0.056,0.0,0.0,0.0,0.0,0,
1310,1,105.26,79.76,0.847,1.0,0.0,0.002,1.5,0,21.1
1310,2,136.5,73.08,-0.212,0.569,0.0,0.03,0.026,1,
1310,3,60.5,27.82,-2.894,0.0,0.0,0.0,0.0,0,
1311,0,84.44,16.97,-0.056,0.0,0.0,0.0,0.0,0,
1311,1,106.25,80.89,0.847,1.0,0.0,0.002,1.5,0,19.6
1311,2,136.5,73.06,-0.208,0.568,0.0,0.03,0.025,1,
1311,3,60.5,27.82,-2.894,0.0,0.0,0.0,0.0,0,
1312,0,84.44,16.97,-0.056,0.0,0.0,0.0,0.0,0,
1312,1,107.25,82.01,0.847,1.0,0.0,0.002,1.5,0,18.1
1312,2,136.5,73.03,-0.203,0.568,0.0,0.029,0.025,1,
1312,3,60.5,27.82,-2.894,0.0,0.0,0.0,0.0,0,
1313,0,84.44,16.97,-0.056,0.0,0.0,0.0,0.0,0,
1313,1,108.24,83.14,0.848,1.0,0.0,0.001,1.5,0,16.6
1313,2,136.5,73.01,-0.199,0.567,0.0,0.029,0.024,1,
1313,3,60.5,27.82,-2.894,0.0,0.0,0.0,0.0,0,
1314,0,84.44,16.97,-0.056,0.0,0.0,0.0,0.0,0,
1314,1,109.23,84.26,0.848,1.0,0.0,0.001,1.5,0,15.1
1314,2,136.5,73.01,-0.211,0.0,0.0,-1.0,0.0,0,
1314,3,60.5,27.82,-2.894,0.0,0.0,0.0,0.0,0,
1315,0,84.44,16.97,-0.056,0.0,0.0,0.0,0.0,0,
1315,1,110.23,85.39,0.848,1.0,0.0,0.001,1.5,0,13.6
1315,2,136.5,73.01,-0.242,0.0,0.0,-1.0,0.0,0,
1315,3,60.5,27.82,-2.894,0.0,0.0,0.0,0.0,0,
1316,0,84.44,16.97,-0.056,0.0,0.0,0.0,0.0,0,
1316,1,110.98,86.24,0.848,1.0,0.0,0.001,1.142,8,12.5
1316,2,136.5,73.01,-0.29,0.0,0.0,-1.0,0.0,0,
1316,3,60.5,27.82,-2.894,0.0,0.0,0.0,0.0,0,
1317,0,84.44,16.97,-0.056,0.0,0.0,0.0,0.0,0,
1317,1,110.98,86.24,0.848,1.0,0.0,0.001,0.0,8,12.5
1317,2,136.5,73.01,-0.355,0.0,0.0,-1.0,0.0,0,
1317,3,60.5,27.82,-2.894,0.0,0.0,0.0,0.0,0,
1318,0,84.44,16.97,-0.056,0.0,0.0,0.0,0.0,0,
1318,1,110.98,86.24,0.848,1.0,0.0,0.001,0.0,8,12.5
1318,2,136.5,73.01,-0.438,0.0,0.0,-1.0,0.0,0,
1318,3,60.5,27.82,-2.894,0.0,0.0,0.0,0.0,0,
1319,0,84.44,16.97,-0.056,0.0,0.0,0.0,0.0,0,
1319,1,110.98,86.24,0.848,1.0,0.0,0.001,0.0,1,12.5
1319,2,136.5,73.01,-0.539,0.0,0.0,-1.0,0.0,0,
1319,3,60.5,27.82,-2.894,0.0,0.0,0.0,0.0,0,
1320,0,84.56,16.97,-0.063,1.0,0.0,-0.044,0.12,0,12.6
1320,1,110.98,86.24,0.831,0.046,0.0,-1.0,0.0,1,34.2
1320,2,136.5,73.01,-0.657,0.0,0.0,-1.0,0.0,0,
1320,3,60.5,27.82,-2.876,0.0,0.0,1.0,0.0,0,
1321,0,84.8,16.95,-0.069,1.0,0.0,-0.034,0.24,0,12.3
1321,1,110.98,86.24,0.796,0.063,0.0,-1.0,0.002,1,34.2
1321,2,136.5,73.01,-0.792,0.0,0.0,-1.0,0.0,0,
1321,3,60.5,27.82,-2.841,0.0,0.0,1.0,0.0,0,
1322,0,85.16,16.93,-0.073,1.0,0.0,-0.027,0.36,0,12.0
1322,1,110.99,86.24,0.744,0.098,0.0,-1.0,0.006,1,34.2
1322,2,136.5,73.01,-0.945,0.0,0.0,-1.0,0.0,0,
1322,3,60.5,27.82,-2.789,0.0,0.0,1.0,0.0,0,
1323,0,85.63,16.89,-0.076,1.0,0.0,-0.022,0.48,0,11.5
1323,1,111.0,86.23,0.674,0.15,0.0,-1.0,0.013,8,34.2
1323,2,136.5,73.01,-1.102,0.0,0.0,-1.0,0.0,0,
1323,3,60.5,27.82,-2.719,0.0,0.0,1.0,0.0,0,
1324,0,86.06,16.7,-0.079,1.0,0.0,-0.018,0.468,8,11.0
1324,1,111.01,86.21,0.586,0.219,0.0,-1.0,0.021,8,34.2
1324,2,136.5,72.9,-1.259,0.086,0.0,-1.0,0.107,1,
1324,3,60.5,27.82,-2.631,0.0,0.0,1.0,0.0,0,
1325,0,86.12,16.64,-0.078,1.0,0.0,0.006,0.085,1,11.0
1325,1,111.04,86.19,0.481,0.304,0.0,-1.0,0.032,8,34.1
1325,2,136.5,72.79,-1.416,0.236,0.0,-1.0,0.114,1,
1325,3,60.5,27.82,-2.526,0.0,0.0,1.0,0.0,0,
1326,0,86.17,16.57,-0.076,1.0,0.0,0.012,0.085,8,10.9
1326,1,111.07,86.16,0.359,0.365,0.0,-1.0,0.044,8,34.1
1326,2,136.5,72.67,-1.574,0.379,0.0,-1.0,0.119,1,
1326,3,60.5,27.82,-2.404,0.0,0.0,1.0,0.0,0,
1327,0,86.23,16.51,-0.074,1.0,0.0,0.017,0.086,3,10.9
1327,1,111.12,86.13,0.219,0.479,0.0,-1.0,0.058,1,34.0
1327,2,136.5,72.55,-1.731,0.514,0.0,-1.0,0.12,0,
1327,3,60.5,27.82,-2.264,0.0,0.0,1.0,0.0,0,
1328,0,86.29,16.44,-0.07,1.0,0.0,0.022,0.086,8,10.8
1328,1,111.17,86.08,0.062,0.6,0.0,-1.0,0.073,1,34.0
1328,2,136.46,72.31,-1.888,0.637,0.0,-1.0,0.24,0,
1328,3,60.5,27.82,-2.107,0.0,0.0,1.0,0.0,0,
1329,0,86.34,16.38,-0.066,1.0,0.0,0.025,0.086,1,10.7
1329,1,111.24,86.02,-0.095,0.722,0.0,-1.0,0.087,1,33.9
1329,2,136.35,71.97,-2.045,0.741,0.0,-1.0,0.36,0,
1329,3,60.52,27.74,-1.95,0.073,0.0,1.0,0.078,1,
1330,0,86.4,16.32,-0.062,1.0,0.0,0.027,0.087,1,10.7
1330,1,111.31,85.96,-0.235,0.825,0.0,-0.857,0.1,1,33.8
1330,2,136.13,71.54,-2.184,0.827,0.0,-0.854,0.48,0,
1330,3,60.54,27.65,-1.793,0.227,0.0,1.0,0.098,8,
1331,0,86.46,16.25,-0.057,1.0,0.0,0.029,0.087,1,10.6
1331,1,111.4,85.89,-0.357,0.899,0.0,-0.647,0.108,8,33.7
1331,2,135.78,71.05,-2.306,0.886,0.0,-0.688,0.6,0,
1331,3,60.56,27.54,-1.636,0.375,0.0,1.0,0.108,1,
1332,0,86.52,16.19,-0.053,1.0,0.0,0.031,0.087,8,10.6
1332,1,111.49,85.82,-0.461,0.949,0.0,-0.46,0.114,1,33.6
1332,2,135.3,70.52,-2.411,0.926,0.0,-0.552,0.72,0,
1332,3,60.59,27.43,-1.479,0.514,0.0,1.0,0.115,1,
1333,0,86.58,16.12,-0.047,1.0,0.0,0.032,0.087,1,10.5
1333,1,111.58,85.75,-0.548,0.978,0.0,-0.297,0.118,1,33.5
1333,2,134.68,69.96,-2.498,0.952,0.0,-0.444,0.84,0,
1333,3,60.61,27.31,-1.321,0.641,0.0,1.0,0.119,8,
1334,0,86.64,16.06,-0.042,1.0,0.0,0.034,0.087,8,10.4
1334,1,111.67,85.67,-0.618,0.994,0.0,-0.16,0.119,8,33.3
1334,2,133.91,69.38,-2.568,0.968,0.0,-0.361,0.96,0,
1334,3,60.64,27.2,-1.164,0.752,0.0,1.0,0.12,0,
1335,0,86.7,16.0,-0.037,1.0,0.0,0.034,0.088,1,10.4
1335,1,111.77,85.6,-0.67,0.999,0.0,-0.046,0.12,8,33.2
1335,2,133.0,68.79,-2.62,0.978,0.0,-0.302,1.08,0,
1335,3,60.74,26.98,-1.025,0.845,0.0,0.807,0.24,0,
1336,0,86.76,15.94,-0.031,1.0,0.0,0.035,0.088,1,10.3
1336,1,111.86,85.53,-0.705,1.0,0.0,0.042,0.12,0,33.1
1336,2,131.96,68.2,-2.661,0.983,0.0,-0.264,1.2,0,
1336,3,60.92,26.67,-0.903,0.91,0.0,0.612,0.36,0,
1337,0,86.83,15.87,-0.026,1.0,0.0,0.036,0.088,4,10.2
1337,1,112.05,85.37,-0.722,0.997,0.0,0.105,0.24,0,32.9
1337,2,130.79,67.59,-2.698,0.986,0.0,-0.236,1.32,0,
1337,3,61.22,26.29,-0.798,0.952,0.0,0.443,0.48,0,
1338,0,86.89,15.81,-0.02,1.0,0.0,0.036,0.088,1,10.2
1338,1,112.32,85.13,-0.721,0.994,0.0,0.156,0.36,0,32.5
1338,2,129.49,66.97,-2.731,0.989,0.0,-0.207,1.44,0,
1338,3,61.64,25.86,-0.711,0.978,0.0,0.298,0.6,0,
1339,0,86.95,15.75,-0.014,1.0,0.0,0.037,0.088,1,10.1
1339,1,112.68,84.82,-0.703,0.991,0.0,0.197,0.48,0,32.1
1339,2,128.12,66.37,-2.758,0.992,0.0,-0.176,1.489,0,
1339,3,62.19,25.39,-0.641,0.992,0.0,0.178,0.72,0,
1340,0,87.02,15.69,-0.008,1.0,0.0,0.037,0.088,1,10.1
1340,1,113.14,84.43,-0.668,0.988,0.0,0.225,0.6,0,31.5
1340,2,126.74,65.82,-2.781,0.995,0.0,-0.141,1.493,0,
1340,3,62.86,24.89,-0.589,0.998,0.0,0.082,0.84,0,
1341,0,87.08,15.63,-0.002,1.0,0.0,0.038,0.088,2,10.0
1341,1,113.7,83.98,-0.63,0.986,0.0,0.241,0.72,0,30.8
1341,2,125.34,65.29,-2.797,0.997,0.0,-0.101,1.496,0,
1341,3,63.66,24.36,-0.555,1.0,0.0,0.01,0.96,0,
1342,0,87.15,15.57,0.021,0.682,0.0,1.0,0.088,3,12.5
1342,1,114.38,83.49,-0.589,0.983,0.0,0.265,0.84,0,30.0
1342,2,123.93,64.78,-2.806,0.999,0.0,-0.059,1.499,0,
1342,3,64.58,23.79,-0.538,1.0,0.0,-0.04,1.08,0,
1343,0,87.21,15.51,0.027,0.551,0.0,-1.0,0.087,3,14.8
1343,1,114.94,83.11,-0.564,0.194,0.0,-1.0,0.68,0,29.3
1343,2,122.51,64.29,-2.808,1.0,0.0,-0.014,1.5,0,
1343,3,65.61,23.17,-0.538,0.999,0.0,-0.065,1.2,0,
1344,0,87.27,15.45,0.015,0.545,0.0,-1.0,0.087,1,14.7
1344,1,115.38,82.83,-0.558,0.175,0.0,-1.0,0.52,0,28.8
1344,2,121.1,63.8,-2.803,1.0,0.0,0.031,1.5,0,
1344,3,66.74,22.5,-0.549,0.999,0.0,-0.067,1.32,0,
1345,0,87.34,15.39,-0.014,0.553,0.0,-1.0,0.089,1,14.7
1345,1,115.69,82.64,-0.569,0.171,0.0,-1.0,0.36,0,28.5
1345,2,119.68,63.3,-2.791,0.999,0.0,0.078,1.498,0,
1345,3,67.97,21.75,-0.557,0.999,0.0,-0.054,1.44,0,
1346,0,87.41,15.33,-0.06,0.576,0.0,-1.0,0.092,8,14.6
1346,1,115.92,82.49,-0.597,0.184,0.0,-1.0,0.276,0,28.2
1346,2,118.28,62.78,-2.771,0.996,0.0,0.125,1.494,0,
1346,3,69.24,20.95,-0.564,1.0,0.0,-0.044,1.499,0,
1347,0,87.48,15.27,-0.124,0.612,0.0,-1.0,0.096,1,14.5
1347,1,116.19,82.31,-0.643,0.214,0.0,-1.0,0.321,0,27.9
1347,2,116.89,62.25,-2.744,0.993,0.0,0.171,1.489,0,
1347,3,70.51,20.15,-0.57,1.0,0.0,-0.037,1.5,0,
1348,0,87.56,15.21,-0.206,0.66,0.0,-1.0,0.101,1,14.4
1348,1,116.5,82.08,-0.706,0.261,0.0,-1.0,0.391,0,27.5
1348,2,115.52,61.67,-2.711,0.989,0.0,0.214,1.483,0,
1348,3,71.77,19.34,-0.575,1.0,0.0,-0.03,1.5,0,
1349,0,87.64,15.14,-0.305,0.718,0.0,-1.0,0.107,5,14.3
1349,1,116.87,81.76,-0.787,0.325,0.0,-1.0,0.487,0,27.0
1349,2,114.18,61.05,-2.671,0.984,0.0,0.253,1.476,0,
1349,3,73.03,18.53,-0.579,1.0,0.0,-0.025,1.499,1,
1350,0,87.73,15.06,-0.421,0.782,0.0,-0.961,0.118,8,14.2
1350,1,117.3,81.33,-0.885,0.405,0.0,-1.0,0.607,0,26.5
1350,2,112.87,60.39,-2.626,0.98,0.0,0.288,1.47,0,
1350,3,73.12,18.46,-0.582,1.0,0.0,-0.021,0.114,1,
1351,0,87.83,14.99,-0.547,0.848,0.0,-0.798,0.12,13,14.0
1351,1,117.76,80.77,-0.966,0.865,0.0,0.75,0.727,0,25.9
1351,2,111.6,59.67,-2.576,0.976,0.0,0.315,1.464,0,
1351,3,73.22,18.4,-0.584,1.0,0.0,-0.016,0.116,1,
1352,0,87.92,14.91,-0.655,0.907,0.0,-0.622,0.122,5,13.9
1352,1,118.24,80.07,-1.029,0.814,0.0,0.885,0.847,0,25.2
1352,2,110.37,58.89,-2.524,0.973,0.0,0.334,1.459,0,
1352,3,73.32,18.33,-0.586,1.0,0.0,-0.012,0.118,1,
1353,0,88.02,14.84,-0.745,0.946,0.0,-0.472,0.122,5,13.8
1353,1,118.74,79.25,-1.075,0.763,0.0,1.0,0.967,0,24.4
1353,2,109.18,58.04,-2.47,0.971,0.0,0.344,1.457,0,
1353,3,73.41,18.27,-0.588,1.0,0.0,-0.01,0.118,1,
1354,0,88.11,14.75,-0.818,0.971,0.0,-0.347,0.123,1,13.7
1354,1,119.25,78.3,-1.103,0.715,0.0,1.0,1.073,0,23.7
1354,2,108.04,57.13,-2.419,0.975,0.0,0.321,1.462,0,
1354,3,73.51,18.2,-0.589,1.0,0.0,-0.008,0.116,1,
1355,0,88.2,14.66,-0.873,0.985,0.0,-0.247,0.125,1,13.6
1355,1,119.7,77.4,-1.114,0.672,0.0,1.0,1.008,0,23.0
1355,2,106.93,56.16,-2.378,0.983,0.0,0.265,1.474,0,
1355,3,73.6,18.14,-0.59,1.0,0.0,-0.006,0.114,1,
1356,0,88.28,14.57,-0.911,0.993,0.0,-0.17,0.127,1,13.5
1356,1,120.13,76.54,-1.108,0.639,0.0,1.0,0.959,0,22.4
1356,2,105.86,55.13,-2.345,0.99,0.0,0.206,1.484,0,
1356,3,73.7,18.07,-0.591,1.0,0.0,-0.004,0.112,1,
1357,0,88.36,14.47,-0.931,0.997,0.0,-0.118,0.127,1,13.3
1357,1,120.54,75.71,-1.083,0.619,0.0,1.0,0.928,0,21.9
1357,2,104.81,54.06,-2.327,0.997,0.0,0.118,1.495,0,
1357,3,73.79,18.01,-0.591,1.0,0.0,-0.003,0.111,1,
1358,0,88.45,14.37,-0.945,0.998,0.0,-0.091,0.128,1,13.2
1358,1,120.97,74.9,-1.042,0.612,0.0,1.0,0.917,0,21.3
1358,2,103.78,52.97,-2.319,0.999,0.0,0.051,1.499,0,
1358,3,73.88,17.94,-0.591,1.0,0.0,-0.002,0.111,1,
1359,0,88.53,14.27,-0.957,0.999,0.0,-0.072,0.128,1,13.1
1359,1,121.44,74.1,-0.982,0.618,0.0,1.0,0.926,0,20.7
1359,2,102.76,51.87,-2.319,1.0,0.0,0.001,1.5,0,
1359,3,73.97,17.88,-0.592,1.0,0.0,-0.002,0.11,1,
1360,0,88.61,14.17,-0.966,0.999,0.0,-0.057,0.129,1,12.9
1360,1,121.86,73.46,-0.941,0.0,0.0,0.0,0.766,0,
1360,2,101.85,50.89,-2.301,0.882,0.0,0.701,1.34,0,
1360,3,74.05,17.81,-0.592,1.0,0.0,-0.001,0.11,1,
1361,0,88.69,14.07,-0.973,0.999,0.0,-0.046,0.129,1,12.8
1361,1,122.22,72.97,-0.917,0.0,0.0,0.0,0.606,0,
1361,2,100.97,49.91,-2.266,0.879,0.0,0.709,1.319,0,
1361,3,74.14,17.75,-0.592,1.0,0.0,-0.001,0.109,1,
1362,0,88.76,13.97,-0.979,1.0,0.0,-0.037,0.129,1,12.7
1362,1,122.49,72.62,-0.91,0.0,0.0,0.0,0.446,0,
1362,2,100.12,48.89,-2.213,0.884,0.0,0.694,1.326,0,
1362,3,74.23,17.69,-0.592,1.0,0.0,-0.0,0.109,1,
1363,0,88.84,13.87,-0.983,1.0,0.0,-0.03,0.129,1,12.6
1363,1,122.67,72.39,-0.91,0.0,0.0,0.0,0.286,0,
1363,2,99.31,47.81,-2.143,0.897,0.0,0.655,1.345,0,
1363,3,74.32,17.62,-0.592,1.0,0.0,-0.0,0.109,1,
1364,0,88.92,13.77,-0.987,1.0,0.0,-0.024,0.129,1,12.4
1364,1,122.75,72.29,-0.91,0.0,0.0,0.0,0.126,0,
1364,2,98.57,46.66,-2.056,0.916,0.0,0.591,1.373,0,
1364,3,74.41,17.56,-0.592,1.0,0.0,0.0,0.109,1,
1365,0,89.0,13.66,-0.99,1.0,0.0,-0.02,0.129,1,12.3
1365,1,122.75,72.29,-0.91,0.0,0.0,0.0,0.0,0,
1365,2,97.91,45.41,-1.977,0.939,0.0,0.501,1.409,0,
1365,3,74.5,17.49,-0.592,1.0,0.0,0.0,0.109,1,
1366,0,89.08,13.56,-0.993,1.0,0.0,-0.017,0.129,1,12.2
1366,1,122.75,72.29,-0.91,0.0,0.0,0.0,0.0,0,
1366,2,97.35,44.09,-1.911,0.957,0.0,0.422,1.435,0,
1366,3,74.58,17.43,-0.592,1.0,0.0,0.001,0.109,1,
1367,0,89.15,13.45,-0.995,1.0,0.0,-0.014,0.129,1,12.0
1367,1,122.75,72.29,-0.91,0.0,0.0,0.0,0.0,0,
1367,2,96.86,42.72,-1.854,0.969,0.0,0.358,1.453,0,
1367,3,74.67,17.37,-0.592,1.0,0.0,0.001,0.109,1,
1368,0,89.23,13.35,-0.997,1.0,0.0,-0.012,0.129,1,11.9
1368,1,122.75,72.29,-0.91,0.0,0.0,0.0,0.0,0,
1368,2,96.45,41.32,-1.806,0.977,0.0,0.306,1.466,0,
1368,3,74.76,17.3,-0.592,1.0,0.0,0.001,0.109,1,
1369,0,89.31,13.25,-0.999,1.0,0.0,-0.01,0.129,1,11.8
1369,1,122.75,72.29,-0.91,0.0,0.0,0.0,0.0,0,
1369,2,96.11,39.88,-1.765,0.983,0.0,0.265,1.474,0,
1369,3,74.85,17.24,-0.592,1.0,0.0,0.001,0.109,1,
1370,0,89.38,13.14,-1.0,1.0,0.0,-0.009,0.129,1,11.7
1370,1,122.75,72.29,-0.91,0.0,0.0,0.0,0.0,0,
1370,2,95.82,38.43,-1.728,0.987,0.0,0.231,1.48,0,
1370,3,74.94,17.17,-0.591,1.0,0.0,0.001,0.109,1,
1371,0,89.46,13.04,-1.001,1.0,0.0,-0.008,0.129,1,11.5
1371,1,122.75,72.29,-0.91,0.0,0.0,0.0,0.0,0,
1371,2,95.59,37.26,-1.696,0.99,0.0,0.204,1.196,1,
1371,3,75.02,17.11,-0.591,1.0,0.0,0.001,0.109,1,
1372,0,89.54,12.93,-1.003,1.0,0.0,-0.007,0.129,1,11.4
1372,1,122.75,72.29,-0.91,0.0,0.0,0.0,0.0,0,
1372,2,95.58,37.26,-1.668,0.992,0.0,0.183,0.015,1,
1372,3,75.11,17.05,-0.591,1.0,0.0,0.001,0.109,1,
1373,0,89.61,12.83,-1.004,1.0,0.0,-0.007,0.129,1,11.3
1373,1,122.75,72.29,-0.91,0.0,0.0,0.0,0.0,0,
1373,2,95.56,37.26,-1.645,0.995,0.0,0.144,0.012,1,
1373,3,75.2,16.98,-0.591,1.0,0.0,0.001,0.109,1,
1374,0,89.69,12.73,-0.987,0.859,0.0,0.767,0.129,1,46.3
1374,1,122.75,72.29,-0.91,0.0,0.0,0.0,0.0,0,
1374,2,95.55,37.26,-1.627,0.997,0.0,0.113,0.01,1,
1374,3,75.29,16.92,-0.591,1.0,0.0,0.001,0.109,1,
1375,0,89.77,12.62,-0.953,0.863,0.0,0.756,0.129,1,46.3
1375,1,122.75,72.29,-0.91,0.0,0.0,0.0,0.0,0,
1375,2,95.55,37.26,-1.613,0.998,0.0,0.089,0.008,1,
1375,3,75.38,16.86,-0.591,1.0,0.0,0.001,0.109,1,
1376,0,89.85,12.52,-0.902,0.876,0.0,0.72,0.128,1,46.4
1376,1,122.75,72.29,-0.91,0.0,0.0,0.0,0.0,0,
1376,2,95.54,37.26,-1.602,0.999,0.0,0.07,0.006,1,
1376,3,75.47,16.79,-0.591,1.0,0.0,0.001,0.11,1,
1377,0,89.93,12.42,-0.833,0.896,0.0,0.658,0.127,1,46.4
1377,1,122.75,72.29,-0.91,0.0,0.0,0.0,0.0,0,
1377,2,95.54,37.26,-1.594,0.999,0.0,0.055,0.005,1,
1377,3,75.56,16.73,-0.59,1.0,0.0,0.001,0.112,1,
1378,0,90.01,12.33,-0.747,0.921,0.0,0.572,0.125,1,46.4
1378,1,122.75,72.29,-0.91,0.0,0.0,0.0,0.0,0,
1378,2,95.53,37.26,-1.587,1.0,0.0,0.043,0.004,1,
1378,3,75.65,16.66,-0.59,1.0,0.0,0.001,0.114,1,
1379,0,90.11,12.25,-0.674,0.948,0.0,0.461,0.123,1,46.4
1379,1,122.75,72.29,-0.91,0.0,0.0,0.0,0.0,0,
1379,2,95.53,37.26,-1.582,1.0,0.0,0.034,0.003,1,
1379,3,75.75,16.6,-0.59,1.0,0.0,0.001,0.117,1,
1380,0,90.2,12.18,-0.616,0.967,0.0,0.37,0.122,1,46.4
1380,1,122.75,72.29,-0.91,0.0,0.0,0.0,0.0,0,
1380,2,95.53,37.26,-1.578,1.0,0.0,0.026,0.002,8,
1380,3,75.85,16.53,-0.59,1.0,0.0,0.001,0.118,1,
1381,0,90.3,12.11,-0.569,0.978,0.0,0.299,0.12,1,46.4
1381,1,122.75,72.29,-0.91,0.0,0.0,0.0,0.0,0,
1381,2,95.53,37.26,-1.574,1.0,0.0,0.021,0.002,8,
1381,3,75.95,16.46,-0.59,1.0,0.0,0.001,0.12,1,
1382,0,90.4,12.04,-0.531,0.985,0.0,0.244,0.12,0,46.4
1382,1,122.75,72.29,-0.91,0.0,0.0,0.0,0.0,0,
1382,2,95.52,37.26,-1.572,1.0,0.0,0.016,0.001,1,
1382,3,76.05,16.4,-0.59,1.0,0.0,0.0,0.12,0,
1383,0,90.61,11.92,-0.499,0.99,0.0,0.202,0.24,0,46.4
1383,1,122.75,72.29,-0.91,0.0,0.0,0.0,0.0,0,
1383,2,95.52,37.26,-1.57,1.0,0.0,0.013,0.001,8,
1383,3,76.25,16.26,-0.59,1.0,0.0,0.0,0.24,0,
1384,0,90.92,11.75,-0.471,0.992,0.0,0.181,0.36,0,46.3
1384,1,122.75,72.29,-0.91,0.0,0.0,0.0,0.0,0,
1384,2,95.52,37.26,-1.568,1.0,0.0,0.01,0.001,1,
1384,3,76.54,16.06,-0.59,1.0,0.0,0.0,0.36,0,
1385,0,91.35,11.53,-0.443,0.992,0.0,0.177,0.48,0,46.2
1385,1,122.75,72.29,-0.91,0.0,0.0,0.0,0.0,0,
1385,2,95.52,37.26,-1.567,1.0,0.0,0.008,0.001,1,
1385,3,76.94,15.8,-0.59,1.0,0.0,0.0,0.48,0,
1386,0,91.89,11.27,-0.414,0.991,0.0,0.186,0.6,0,46.1
1386,1,122.75,72.29,-0.91,0.0,0.0,0.0,0.0,0,
1386,2,95.52,37.26,-1.566,1.0,0.0,0.006,0.001,1,
1386,3,77.44,15.46,-0.59,1.0,0.0,0.0,0.6,0,
1387,0,92.55,10.98,-0.381,0.99,0.0,0.205,0.72,0,45.9
1387,1,122.75,72.29,-0.91,0.0,0.0,0.0,0.0,0,
1387,2,95.52,37.26,-1.565,1.0,0.0,0.005,0.0,8,
1387,3,78.04,15.06,-0.59,1.0,0.0,0.0,0.72,0,
1388,0,93.33,10.67,-0.345,0.987,0.0,0.231,0.84,0,45.8
1388,1,122.75,72.29,-0.91,0.0,0.0,0.0,0.0,0,
1388,2,95.52,37.26,-1.565,1.0,0.0,0.004,0.0,1,
1388,3,78.74,14.6,-0.59,1.0,0.0,0.0,0.84,0,
1389,0,94.24,10.35,-0.304,0.983,0.0,0.263,0.96,0,45.5
1389,1,122.75,72.29,-0.91,0.0,0.0,0.0,0.0,0,
1389,2,95.52,37.26,-1.564,1.0,0.0,0.003,0.0,1,
1389,3,79.54,14.06,-0.59,1.0,0.0,0.0,0.96,0,
1390,0,95.27,10.02,-0.257,0.978,0.0,0.297,1.08,0,45.2
1390,1,122.75,72.29,-0.91,0.0,0.0,0.0,0.0,0,
1390,2,95.52,37.26,-1.564,1.0,0.0,0.002,0.0,1,
1390,3,80.43,13.46,-0.59,1.0,0.0,0.0,1.08,0,
1391,0,96.43,9.72,-0.205,0.973,0.0,0.333,1.2,0,44.9
1391,1,122.75,72.29,-0.91,0.0,0.0,0.0,0.0,0,
1391,2,95.52,37.26,-1.564,1.0,0.0,0.002,0.0,1,
1391,3,81.43,12.79,-0.59,1.0,0.0,0.0,1.2,0,
1392,0,97.72,9.45,-0.147,0.967,0.0,0.369,1.32,0,44.5
1392,1,122.75,72.29,-0.91,0.0,0.0,0.0,0.0,0,
1392,2,95.52,37.26,-1.563,1.0,0.0,0.001,0.0,1,
1392,3,82.53,12.06,-0.59,1.0,0.0,0.0,1.32,0,
1393,0,99.14,9.24,-0.083,0.96,0.0,0.404,1.44,0,44.0
1393,1,122.75,72.29,-0.91,0.0,0.0,0.0,0.0,0,
1393,2,95.52,37.26,-1.563,1.0,0.0,0.001,0.0,8,
1393,3,83.72,11.26,-0.59,1.0,0.0,0.0,1.44,0,
1394,0,100.57,9.12,-0.015,0.953,0.0,0.438,1.43,0,43.5
1394,1,122.75,72.29,-0.91,0.0,0.0,0.0,0.0,0,
1394,2,95.52,37.26,-1.563,1.0,0.0,0.001,0.0,8,
1394,3,84.97,10.42,-0.59,1.0,0.0,0.0,1.5,0,
1395,0,101.99,9.1,0.057,0.949,0.0,0.459,1.423,0,42.9
1395,1,122.75,72.29,-0.91,0.0,0.0,0.0,0.0,0,
1395,2,95.52,37.26,-1.563,1.0,0.0,0.001,0.0,1,
1395,3,86.22,9.59,-0.59,1.0,0.0,0.0,1.5,0,
1396,0,103.25,9.17,0.147,0.0,0.0,1.0,1.263,0,42.3
1396,1,122.75,72.29,-0.91,0.0,0.0,0.0,0.0,0,
1396,2,95.52,37.26,-1.563,1.0,0.0,0.001,0.0,1,
1396,3,87.46,8.76,-0.59,1.0,0.0,0.0,1.5,0,
1397,0,104.34,9.33,0.254,0.0,0.0,1.0,1.103,0,41.8
1397,1,122.75,72.29,-0.91,0.0,0.0,0.0,0.0,0,
1397,2,95.52,37.26,-1.563,1.0,0.0,0.0,0.0,1,
1397,3,88.58,8.01,-0.572,0.0,0.0,1.0,1.34,0,
1398,0,105.26,9.57,0.379,0.0,0.0,1.0,0.943,0,41.3
1398,1,122.75,72.29,-0.91,0.0,0.0,0.0,0.0,0,
1398,2,95.52,37.26,-1.563,1.0,0.0,0.0,0.0,8,
1398,3,89.57,7.5,-0.537,0.0,0.0,1.0,1.116,1,
1399,0,106.2,9.95,0.521,0.679,0.0,1.0,1.019,0,40.6
1399,1,122.75,72.29,-0.91,0.0,0.0,0.0,0.0,0,
1399,2,95.52,37.26,-1.563,1.0,0.0,0.0,0.0,1,
1399,3,89.57,7.5,-0.485,0.0,0.0,1.0,0.0,0,
1400,0,106.95,10.37,0.678,0.0,0.0,1.0,0.859,0,36.0
1400,1,122.75,72.29,-0.91,0.0,0.0,0.0,0.0,0,
1400,2,95.52,37.26,-1.545,0.0,0.0,1.0,0.0,0,
1400,3,89.57,7.5,-0.415,0.0,0.0,1.0,0.0,0,
1401,0,107.49,10.81,0.835,0.0,0.0,1.0,0.699,0,36.6
1401,1,122.75,72.29,-0.91,0.0,0.0,0.0,0.0,0,
1401,2,95.52,37.26,-1.51,0.0,0.0,1.0,0.0,0,
1401,3,89.57,7.5,-0.327,0.0,0.0,1.0,0.0,0,
1402,0,107.85,11.21,0.992,0.0,0.0,1.0,0.539,0,37.0
1402,1,122.75,72.29,-0.91,0.0,0.0,0.0,0.0,0,
1402,2,95.52,37.26,-1.458,0.0,0.0,1.0,0.0,0,
1402,3,89.59,7.5,-0.222,0.01,0.0,1.0,0.014,1,
1403,0,108.06,11.53,1.149,0.0,0.0,1.0,0.379,0,37.3
1403,1,122.75,72.29,-0.91,0.0,0.0,0.0,0.0,0,
1403,2,95.52,37.26,-1.388,0.0,0.0,1.0,0.0,0,
1403,3,89.7,7.5,-0.1,0.114,0.0,1.0,0.117,1,
1404,0,108.15,11.73,1.306,0.0,0.0,1.0,0.219,0,37.5
1404,1,122.75,72.29,-0.91,0.0,0.0,0.0,0.0,0,
1404,2,95.52,37.26,-1.3,0.0,0.0,1.0,0.0,0,
1404,3,89.82,7.5,0.04,0.229,0.0,1.0,0.119,1,
1405,0,108.17,11.78,1.463,0.0,0.0,1.0,0.059,0,37.5
1405,1,122.75,72.29,-0.91,0.0,0.0,0.0,0.0,0,
1405,2,95.52,37.26,-1.195,0.0,0.0,1.0,0.0,0,
1405,3,89.94,7.5,0.197,0.357,0.0,1.0,0.12,0,
1406,0,108.17,11.78,1.62,0.0,0.0,1.0,0.0,0,37.5
1406,1,122.75,72.29,-0.91,0.0,0.0,0.0,0.0,0,
1406,2,95.52,37.26,-1.072,0.0,0.0,1.0,0.0,0,
1406,3,90.18,7.55,0.355,0.493,0.0,1.0,0.24,0,
1407,0,108.17,11.78,1.777,0.0,0.0,1.0,0.0,0,37.5
1407,1,122.75,72.29,-0.91,0.0,0.0,0.0,0.0,0,
1407,2,95.52,37.26,-0.932,0.0,0.0,1.0,0.0,0,
1407,3,90.51,7.68,0.512,0.614,0.0,1.0,0.36,0,
1408,0,108.17,11.78,1.934,0.0,0.0,1.0,0.0,0,37.5
1408,1,122.75,72.29,-0.91,0.0,0.0,0.0,0.0,0,
1408,2,95.52,37.26,-0.775,0.0,0.0,1.0,0.0,0,
1408,3,90.93,7.91,0.669,0.719,0.0,1.0,0.48,0,
1409,0,108.12,11.9,2.091,0.097,0.0,1.0,0.12,0,37.5
1409,1,122.75,72.29,-0.91,0.0,0.0,0.0,0.0,0,
1409,2,95.52,37.26,-0.618,0.0,0.0,1.0,0.0,0,
1409,3,91.4,8.28,0.81,0.808,0.0,0.901,0.6,0,
1410,0,108.0,12.1,2.248,0.249,0.0,1.0,0.24,0,37.4
1410,1,122.75,72.29,-0.91,0.0,0.0,0.0,0.0,0,
1410,2,95.52,37.26,-0.461,0.0,0.0,1.0,0.0,0,
1410,3,91.9,8.81,0.934,0.873,0.0,0.728,0.72,0,
1411,0,107.78,12.38,2.406,0.391,0.0,1.0,0.36,0,37.3
1411,1,122.75,72.29,-0.91,0.0,0.0,0.0,0.0,0,
1411,2,95.52,37.26,-0.304,0.0,0.0,1.0,0.0,0,
1411,3,92.4,9.48,1.041,0.918,0.0,0.582,0.84,0,
1412,0,107.55,12.73,2.563,0.523,0.0,1.0,0.411,1,37.2
1412,1,122.75,72.29,-0.91,0.0,0.0,0.0,0.0,0,
1412,2,95.52,37.26,-0.147,0.0,0.0,1.0,0.0,0,
1412,3,92.75,10.29,1.13,0.949,0.0,0.46,0.881,1,
1413,0,107.53,12.81,2.72,0.642,0.0,1.0,0.082,1,37.2
1413,1,122.75,72.29,-0.91,0.0,0.0,0.0,0.0,0,
1413,2,95.52,37.26,0.01,0.0,0.0,1.0,0.0,0,
1413,3,92.73,10.38,1.201,0.97,0.0,0.351,0.099,1,
1414,0,107.5,12.87,2.877,0.752,0.0,1.0,0.069,1,37.2
1414,1,122.75,72.29,-0.91,0.0,0.0,0.0,0.0,0,
1414,2,95.54,37.26,0.167,0.013,0.0,1.0,0.02,0,
1414,3,92.69,10.48,1.255,0.985,0.0,0.244,0.105,1,
1415,0,107.47,12.91,3.016,0.845,0.0,0.806,0.056,1,37.1
1415,1,122.75,72.29,-0.91,0.0,0.0,0.0,0.0,0,
1415,2,95.68,37.28,0.324,0.169,0.0,1.0,0.14,0,
1415,3,92.65,10.58,1.292,0.994,0.0,0.162,0.11,1,
1416,0,107.43,12.94,3.138,0.911,0.0,0.608,0.046,1,37.1
1416,1,122.75,72.29,-0.91,0.0,0.0,0.0,0.0,0,
1416,2,95.92,37.36,0.481,0.317,0.0,1.0,0.26,0,
1416,3,92.6,10.69,1.311,0.997,0.0,0.103,0.114,1,
1417,0,107.39,12.95,-3.04,0.954,0.0,0.435,0.04,1,37.1
1417,1,122.75,72.29,-0.91,0.0,0.0,0.0,0.0,0,
1417,2,96.26,37.54,0.638,0.455,0.0,1.0,0.38,0,
1417,3,92.55,10.79,1.322,0.999,0.0,0.069,0.116,1,
1418,0,107.35,12.95,-2.953,0.98,0.0,0.287,0.037,1,37.0
1418,1,122.75,72.29,-0.91,0.0,0.0,0.0,0.0,0,
1418,2,96.66,37.84,0.796,0.581,0.0,1.0,0.5,0,
1418,3,92.5,10.9,1.329,0.999,0.0,0.046,0.117,1,
1419,0,107.32,12.94,-2.884,0.994,0.0,0.163,0.039,1,37.0
1419,1,122.75,72.29,-0.91,0.0,0.0,0.0,0.0,0,
1419,2,97.09,38.28,0.953,0.693,0.0,1.0,0.62,0,
1419,3,92.44,11.0,1.333,1.0,0.0,0.029,0.118,1,
1420,0,107.28,12.92,-2.831,0.999,0.0,0.063,0.041,1,37.0
1420,1,122.75,72.29,-0.91,0.0,0.0,0.0,0.0,0,
1420,2,97.52,38.88,1.101,0.789,0.0,0.945,0.74,0,
1420,3,92.39,11.11,1.336,1.0,0.0,0.015,0.119,1,
1421,0,107.3,12.92,-2.797,0.0,0.0,-1.0,0.021,1,37.0
1421,1,122.75,72.29,-0.91,0.0,0.0,0.0,0.0,0,
1421,2,97.91,39.65,1.232,0.864,0.0,0.753,0.86,0,
1421,3,92.4,11.22,1.336,1.0,0.0,0.004,0.115,1,
1422,0,107.32,12.92,-2.78,0.0,0.0,-1.0,0.02,1,37.0
1422,1,122.75,72.29,-0.91,0.0,0.0,0.0,0.0,0,
1422,2,98.24,40.57,1.346,0.917,0.0,0.585,0.98,0,
1422,3,92.41,11.34,1.336,1.0,0.0,0.001,0.115,1,
1423,0,107.34,12.93,-2.78,0.0,0.0,-1.0,0.02,1,37.0
1423,1,122.75,72.29,-0.91,0.0,0.0,0.0,0.0,0,
1423,2,98.48,41.64,1.442,0.953,0.0,0.44,1.1,0,
1423,3,92.41,11.45,1.336,1.0,0.0,-0.001,0.115,1,
1424,0,107.36,12.93,-2.798,0.0,0.0,-1.0,0.019,1,37.0
1424,1,122.75,72.29,-0.91,0.0,0.0,0.0,0.0,0,
1424,2,98.64,42.85,1.52,0.975,0.0,0.319,1.22,0,
1424,3,92.42,11.57,1.336,1.0,0.0,-0.003,0.115,1,
1425,0,107.38,12.93,-2.834,0.0,0.0,-1.0,0.019,1,37.1
1425,1,122.75,72.29,-0.91,0.0,0.0,0.0,0.0,0,
1425,2,98.71,44.19,1.581,0.988,0.0,0.22,1.34,0,
1425,3,92.43,11.68,1.335,1.0,0.0,-0.004,0.115,1,
1426,0,107.4,12.93,-2.886,0.0,0.0,-1.0,0.019,1,37.1
1426,1,122.75,72.29,-0.91,0.0,0.0,0.0,0.0,0,
1426,2,98.69,45.65,1.625,0.995,0.0,0.143,1.46,0,
1426,3,92.44,11.8,1.334,1.0,0.0,-0.005,0.116,1,
1427,0,107.38,12.92,-2.957,0.046,0.0,-1.0,0.021,1,37.1
1427,1,122.75,72.29,-0.91,0.0,0.0,0.0,0.0,0,
1427,2,98.61,47.15,1.651,0.998,0.0,0.089,1.497,0,
1427,3,92.42,11.91,1.333,1.0,0.0,-0.006,0.116,1,
1428,0,107.34,12.9,-3.045,0.116,0.0,-1.0,0.044,1,37.0
1428,1,122.75,72.29,-0.91,0.0,0.0,0.0,0.0,0,
1428,2,98.49,48.64,1.66,0.999,0.0,0.057,1.499,0,
1428,3,92.37,12.02,1.332,1.0,0.0,-0.01,0.122,1,
1429,0,107.3,12.89,3.133,0.203,0.0,-1.0,0.043,1,37.0
1429,1,122.75,72.29,-0.91,0.0,0.0,0.0,0.0,0,
1429,2,98.36,50.13,1.667,0.999,0.0,0.048,1.499,0,
1429,3,92.32,12.14,1.329,1.0,0.0,-0.016,0.123,1,
1430,0,107.26,12.9,3.01,0.305,0.0,-1.0,0.043,1,36.9
1430,1,122.75,72.29,-0.91,0.0,0.0,0.0,0.0,0,
1430,2,98.21,51.62,1.673,1.0,0.0,0.04,1.499,0,
1430,3,92.27,12.25,1.326,1.0,0.0,-0.021,0.123,1,
1431,0,107.21,12.91,2.87,0.42,0.0,-1.0,0.047,1,36.9
1431,1,122.75,72.29,-0.91,0.0,0.0,0.0,0.0,0,
1431,2,98.06,53.12,1.679,1.0,0.0,0.034,1.5,0,
1431,3,92.22,12.36,1.322,1.0,0.0,-0.024,0.123,1,
1432,0,107.17,12.95,2.713,0.543,0.0,-1.0,0.054,1,36.9
1432,1,122.75,72.29,-0.91,0.0,0.0,0.0,0.0,0,
1432,2,97.9,54.61,1.683,1.0,0.0,0.029,1.5,0,
1432,3,92.18,12.48,1.318,1.0,0.0,-0.027,0.122,1,
1433,0,107.13,13.0,2.555,0.669,0.0,-1.0,0.065,1,36.8
1433,1,122.75,72.29,-0.91,0.0,0.0,0.0,0.0,0,
1433,2,97.73,56.1,1.687,1.0,0.0,0.025,1.5,0,
1433,3,92.14,12.59,1.313,1.0,0.0,-0.029,0.121,1,
1434,0,107.1,13.07,2.416,0.208,0.0,1.0,0.076,1,36.8
1434,1,122.75,72.29,-0.91,0.0,0.0,0.0,0.0,0,
1434,2,97.56,57.59,1.691,1.0,0.0,0.022,1.5,0,
1434,3,92.1,12.71,1.309,1.0,0.0,-0.031,0.12,1,
1435,0,107.07,13.14,2.294,0.069,0.0,1.0,0.077,1,36.8
1435,1,122.75,72.29,-0.91,0.0,0.0,0.0,0.0,0,
1435,2,97.38,59.08,1.694,1.0,0.0,0.019,1.5,0,
1435,3,92.07,12.76,1.304,1.0,0.0,-0.031,0.06,2,
1436,0,107.07,13.14,2.189,0.0,0.0,1.0,0.001,1,36.8
1436,1,122.75,72.29,-0.91,0.0,0.0,0.0,0.0,0,
1436,2,97.19,60.56,1.696,1.0,0.0,0.017,1.5,0,
1436,3,92.07,12.77,1.299,1.0,0.0,-0.029,0.014,2,
1437,0,107.07,13.14,2.102,0.0,0.0,1.0,0.0,0,36.8
1437,1,122.75,72.29,-0.91,0.0,0.0,0.0,0.0,0,
1437,2,97.01,62.05,1.699,1.0,0.0,0.015,1.5,0,
1437,3,92.07,12.77,1.295,1.0,0.0,-0.023,0.002,2,
1438,0,107.07,13.14,2.033,0.0,0.0,1.0,0.0,0,36.8
1438,1,122.75,72.29,-0.91,0.0,0.0,0.0,0.0,0,
1438,2,96.81,63.54,1.701,1.0,0.0,0.014,1.5,0,
1438,3,92.07,12.77,1.293,1.0,0.0,-0.018,0.002,1,
1439,0,107.07,13.14,1.98,0.0,0.0,1.0,0.0,0,36.8
1439,1,122.75,72.29,-0.91,0.0,0.0,0.0,0.0,0,
1439,2,96.64,64.87,1.686,0.0,0.0,-1.0,1.34,0,
1439,3,92.07,12.77,1.29,1.0,0.0,-0.014,0.001,1,
1440,0,107.04,13.25,1.911,0.36,0.0,-1.0,0.114,1,37.2
1440,1,122.82,72.2,-0.892,0.626,0.0,1.0,0.12,0,19.3
1440,2,96.5,66.04,1.653,0.0,0.0,-1.0,1.18,0,
1440,3,92.05,12.77,1.271,0.303,0.0,-1.0,0.021,2,
1441,0,107.02,13.36,1.824,0.427,0.0,-1.0,0.116,1,37.1
1441,1,122.97,72.01,-0.857,0.636,0.0,1.0,0.24,0,19.1
1441,2,96.42,67.06,1.603,0.0,0.0,-1.0,1.02,0,
1441,3,92.03,12.78,1.233,0.321,0.0,-1.0,0.017,2,
1442,0,107.01,13.48,1.719,0.508,0.0,-1.0,0.118,1,37.0
1442,1,123.21,71.74,-0.805,0.655,0.0,1.0,0.36,0,18.9
1442,2,96.39,67.92,1.535,0.0,0.0,-1.0,0.86,0,
1442,3,92.02,12.78,1.179,0.355,0.0,-1.0,0.01,3,
1443,0,107.0,13.6,1.597,0.599,0.0,-1.0,0.119,1,36.9
1443,1,123.54,71.39,-0.735,0.683,0.0,1.0,0.48,0,18.5
1443,2,96.42,68.62,1.45,0.0,0.0,-1.0,0.7,0,
1443,3,92.02,12.78,1.106,0.405,0.0,-1.0,0.001,2,
1444,0,107.01,13.72,1.458,0.695,0.0,-1.0,0.121,1,36.8
1444,1,123.98,70.99,-0.647,0.72,0.0,1.0,0.6,0,18.1
1444,2,96.48,69.15,1.347,0.0,0.0,-1.0,0.54,0,
1444,3,92.04,12.78,1.017,0.47,0.0,-1.0,0.013,3,
1445,0,107.02,13.84,1.31,0.792,0.0,-0.938,0.121,1,36.6
1445,1,124.56,70.56,-0.542,0.763,0.0,1.0,0.72,0,17.6
1445,2,96.57,69.52,1.227,0.0,0.0,-1.0,0.38,0,
1445,3,92.06,12.77,0.909,0.548,0.0,-1.0,0.027,2,
1446,0,107.06,13.95,1.18,0.876,0.0,-0.719,0.12,1,36.5
1446,1,125.28,70.12,-0.42,0.811,0.0,0.892,0.84,0,16.9
1446,2,96.64,69.73,1.089,0.0,0.0,-1.0,0.22,0,
1446,3,92.1,12.76,0.785,0.635,0.0,-1.0,0.043,3,
1447,0,107.1,14.07,1.068,0.934,0.0,-0.524,0.12,0,36.4
1447,1,126.15,69.73,-0.301,0.862,0.0,0.759,0.96,0,16.1
1447,2,96.67,69.78,0.934,0.0,0.0,-1.0,0.06,0,
1447,3,92.16,12.75,0.642,0.728,0.0,-1.0,0.058,1,
1448,0,107.22,14.28,0.973,0.97,0.0,-0.353,0.24,0,36.2
1448,1,127.19,69.41,-0.199,0.904,0.0,0.632,1.08,0,15.1
1448,2,96.67,69.78,0.777,0.0,0.0,-1.0,0.0,0,
1448,3,92.23,12.73,0.506,0.82,0.0,-0.871,0.073,1,
1449,0,107.42,14.57,0.896,0.991,0.0,-0.196,0.36,0,35.8
1449,1,128.36,69.17,-0.115,0.932,0.0,0.53,1.2,0,14.0
1449,2,96.71,69.82,0.62,0.035,0.0,-1.0,0.053,0,
1449,3,92.31,12.7,0.386,0.892,0.0,-0.67,0.086,1,
1450,0,107.72,14.95,0.836,0.999,0.0,-0.053,0.48,0,35.4
1450,1,129.67,69.02,-0.043,0.95,0.0,0.454,1.32,0,12.8
1450,2,96.85,69.92,0.463,0.189,0.0,-1.0,0.173,0,
1450,3,92.4,12.68,0.284,0.941,0.0,-0.492,0.096,1,
1451,0,108.12,15.39,0.794,0.999,0.0,0.077,0.6,0,34.8
1451,1,131.11,68.96,0.019,0.961,0.0,0.399,1.44,0,11.4
1451,2,97.11,70.05,0.306,0.336,0.0,-1.0,0.293,0,
1451,3,92.5,12.65,0.2,0.972,0.0,-0.339,0.103,1,
1452,0,108.63,15.91,0.769,0.991,0.0,0.192,0.72,0,34.2
1452,1,132.56,68.99,0.075,0.969,0.0,0.359,1.453,0,10.0
1452,2,97.5,70.18,0.149,0.471,0.0,-1.0,0.413,0,
1452,3,92.61,12.62,0.133,0.989,0.0,-0.21,0.108,2,
1453,0,109.23,16.49,0.761,0.979,0.0,0.292,0.84,0,33.4
1453,1,134.02,69.1,0.127,0.971,0.0,0.33,1.457,0,8.6
1453,2,98.03,70.25,-0.009,0.594,0.0,-1.0,0.533,0,
1453,3,92.72,12.6,0.084,0.997,0.0,-0.105,0.112,1,
1454,0,109.93,17.15,0.771,0.965,0.0,0.377,0.96,0,32.6
1454,1,135.3,69.26,0.176,0.836,0.0,0.312,1.297,0,7.3
1454,2,98.68,70.25,-0.166,0.702,0.0,-1.0,0.653,0,
1454,3,92.83,12.57,0.052,1.0,0.0,-0.025,0.114,1,
1455,0,110.7,17.91,0.799,0.952,0.0,0.444,1.08,0,31.6
1455,1,136.42,69.46,0.223,0.715,0.0,0.297,1.137,0,6.2
1455,2,99.44,70.12,-0.312,0.796,0.0,-0.929,0.773,0,
1455,3,92.94,12.55,0.038,1.0,0.0,0.03,0.116,2,
1456,0,111.34,18.57,0.844,0.0,0.0,1.0,0.92,0,30.8
1456,1,136.5,69.68,0.268,0.608,0.0,0.284,0.229,1,6.0
1456,2,100.29,69.85,-0.44,0.868,0.0,-0.744,0.893,0,
1456,3,93.06,12.52,0.041,0.999,0.0,0.06,0.116,2,
1457,0,111.85,19.13,0.907,0.0,0.0,1.0,0.76,0,30.2
1457,1,136.5,69.71,0.296,0.599,0.0,0.181,0.032,1,6.0
1457,2,101.21,69.42,-0.551,0.918,0.0,-0.582,1.013,0,
1457,3,93.17,12.5,0.051,0.999,0.0,0.065,0.117,1,
1458,0,112.22,19.61,0.987,0.0,0.0,1.0,0.6,0,29.6
1458,1,136.5,69.75,0.317,0.6,0.0,0.134,0.035,1,6.0
1458,2,102.17,68.82,-0.645,0.952,0.0,-0.444,1.133,0,
1458,3,93.29,12.48,0.06,0.999,0.0,0.06,0.117,1,
1459,0,112.46,19.97,1.085,0.0,0.0,1.0,0.44,0,29.2
1459,1,136.5,69.78,0.332,0.6,0.0,0.096,0.037,1,6.0
1459,2,103.18,68.07,-0.721,0.974,0.0,-0.329,1.253,0,
1459,3,93.4,12.46,0.069,0.999,0.0,0.056,0.117,1,
1460,0,112.59,20.22,1.2,0.0,0.0,1.0,0.28,0,28.9
1460,1,136.5,69.82,0.342,0.6,0.0,0.066,0.039,1,6.0
1460,2,104.21,67.16,-0.779,0.986,0.0,-0.237,1.373,0,
1460,3,93.51,12.43,0.078,0.999,0.0,0.053,0.117,1,
1461,0,112.63,20.33,1.332,0.0,0.0,1.0,0.12,0,28.8
1461,1,136.5,69.86,0.349,0.599,0.0,0.043,0.04,1,6.0
1461,2,105.27,66.12,-0.82,0.993,0.0,-0.167,1.49,0,
1461,3,93.63,12.42,0.086,0.999,0.0,0.051,0.117,1,
1462,0,112.63,20.33,1.483,0.0,0.0,1.0,0.0,0,28.8
1462,1,136.5,69.9,0.353,0.597,0.0,0.024,0.041,1,6.0
1462,2,106.29,65.02,-0.844,0.997,0.0,-0.119,1.495,0,
1462,3,93.75,12.4,0.093,0.999,0.0,0.049,0.117,1,
1463,0,112.64,20.45,1.64,0.143,0.0,1.0,0.12,0,28.7
1463,1,136.5,69.94,0.354,0.596,0.0,0.009,0.041,1,5.9
1463,2,107.28,63.91,-0.858,0.998,0.0,-0.094,1.497,0,
1463,3,93.86,12.38,0.101,0.999,0.0,0.048,0.117,1,
1464,0,112.63,20.69,1.797,0.296,0.0,1.0,0.24,0,28.5
1464,1,136.5,69.99,0.354,0.595,0.0,-0.002,0.042,1,5.9
1464,2,108.26,62.77,-0.871,0.998,0.0,-0.08,1.498,0,
1464,3,93.98,12.36,0.108,0.999,0.0,0.047,0.117,2,
1465,0,112.55,21.04,1.954,0.444,0.0,1.0,0.36,0,28.1
1465,1,136.5,70.03,0.352,0.593,0.0,-0.011,0.042,1,5.9
1465,2,109.23,61.63,-0.882,0.999,0.0,-0.069,1.498,0,
1465,3,94.09,12.35,0.115,0.999,0.0,0.046,0.117,1,
1466,0,112.37,21.49,2.111,0.584,0.0,1.0,0.48,0,27.8
1466,1,136.5,70.07,0.35,0.592,0.0,-0.018,0.041,1,5.9
1466,2,110.18,60.47,-0.891,0.999,0.0,-0.06,1.499,0,
1466,3,94.21,12.34,0.123,1.0,0.0,0.045,0.117,1,
1467,0,112.06,22.0,2.268,0.711,0.0,1.0,0.6,0,27.3
1467,1,136.5,70.11,0.346,0.59,0.0,-0.023,0.041,1,5.9
1467,2,111.12,59.3,-0.899,0.999,0.0,-0.052,1.499,0,
1467,3,94.32,12.32,0.13,1.0,0.0,0.045,0.117,1,
1468,0,111.6,22.55,2.408,0.821,0.0,0.868,0.72,0,26.9
1468,1,136.5,70.15,0.342,0.589,0.0,-0.028,0.041,1,5.9
1468,2,111.83,58.44,-0.907,0.999,0.0,-0.046,1.116,1,
1468,3,94.44,12.31,0.136,1.0,0.0,0.044,0.117,2,
1469,0,110.97,23.12,2.53,0.902,0.0,0.637,0.84,0,26.6
1469,1,136.5,70.19,0.337,0.588,0.0,-0.031,0.04,1,5.9
1469,2,111.83,58.44,-0.913,1.0,0.0,-0.041,0.004,1,
1469,3,94.56,12.3,0.143,1.0,0.0,0.044,0.117,2,
1470,0,110.19,23.67,2.634,0.957,0.0,0.422,0.96,0,26.3
1470,1,136.5,70.23,0.332,0.586,0.0,-0.033,0.04,1,5.9
1470,2,111.83,58.44,-0.918,1.0,0.0,-0.033,0.003,8,
1470,3,94.67,12.29,0.15,1.0,0.0,0.043,0.117,1,
1471,0,109.49,24.06,2.721,0.155,0.0,-1.0,0.8,0,26.2
1471,1,136.5,70.27,0.326,0.585,0.0,-0.035,0.039,1,5.8
1471,2,111.83,58.44,-0.922,1.0,0.0,-0.026,0.002,8,
1471,3,94.79,12.28,0.157,1.0,0.0,0.043,0.117,2,
1472,0,108.9,24.32,2.791,0.039,0.0,-1.0,0.64,0,26.2
1472,1,136.5,70.31,0.32,0.584,0.0,-0.036,0.038,1,5.8
1472,2,111.84,58.45,-0.925,1.0,0.0,-0.02,0.002,1,
1472,3,94.91,12.28,0.164,1.0,0.0,0.043,0.117,1,
1473,0,108.45,24.48,2.843,0.0,0.0,-1.0,0.48,0,26.2
1473,1,136.5,70.35,0.315,0.583,0.0,-0.037,0.038,1,5.8
1473,2,111.84,58.45,-0.928,1.0,0.0,-0.016,0.001,8,
1473,3,95.03,12.27,0.17,1.0,0.0,0.043,0.117,2,
1474,0,108.15,24.58,2.878,0.0,0.0,-1.0,0.32,0,26.3
1474,1,136.5,70.38,0.309,0.582,0.0,-0.038,0.037,1,5.8
1474,2,111.84,58.45,-0.93,1.0,0.0,-0.012,0.001,1,
1474,3,95.14,12.27,0.177,1.0,0.0,0.043,0.117,1,
1475,0,108.12,24.62,2.895,0.0,0.0,-1.0,0.048,1,26.2
1475,1,136.5,70.42,0.303,0.581,0.0,-0.038,0.036,1,5.8
1475,2,111.84,58.45,-0.931,1.0,0.0,-0.01,0.001,1,
1475,3,95.26,12.26,0.184,1.0,0.0,0.042,0.117,1,
1476,0,108.12,24.62,2.894,0.0,0.0,-1.0,0.0,0,26.2
1476,1,136.5,70.46,0.297,0.58,0.0,-0.038,0.036,1,5.8
1476,2,111.84,58.45,-0.932,1.0,0.0,-0.008,0.001,8,
1476,3,95.38,12.26,0.19,1.0,0.0,0.042,0.118,2,
1477,0,108.12,24.62,2.876,0.0,0.0,-1.0,0.0,0,26.2
1477,1,136.5,70.49,0.291,0.579,0.0,-0.038,0.035,1,5.8
1477,2,111.84,58.45,-0.933,1.0,0.0,-0.006,0.001,1,
1477,3,95.49,12.26,0.197,1.0,0.0,0.042,0.118,1,
1478,0,108.12,24.62,2.841,0.0,0.0,-1.0,0.0,0,26.2
1478,1,136.5,70.53,0.285,0.578,0.0,-0.038,0.034,1,5.8
1478,2,111.84,58.45,-0.934,1.0,0.0,-0.005,0.0,1,
1478,3,95.61,12.26,0.204,1.0,0.0,0.042,0.118,1,
1479,0,108.12,24.62,2.788,0.0,0.0,-1.0,0.0,0,26.2
1479,1,136.5,70.56,0.279,0.577,0.0,-0.038,0.034,1,5.8
1479,2,111.84,58.45,-0.935,1.0,0.0,-0.004,0.0,8,
1479,3,95.73,12.26,0.21,1.0,0.0,0.042,0.118,1,
1480,0,108.12,24.66,2.718,0.541,0.0,-1.0,0.041,1,59.5
1480,1,136.5,70.56,0.255,0.0,0.0,-1.0,0.0,0,30.4
1480,2,111.84,58.45,-0.918,0.328,0.0,1.0,0.0,2,
1480,3,95.73,12.26,0.199,0.0,0.0,-1.0,0.0,0,
1481,0,108.12,24.71,2.63,0.6,0.0,-1.0,0.049,1,59.5
1481,1,136.5,70.56,0.215,0.0,0.0,-1.0,0.0,0,30.4
1481,2,111.84,58.45,-0.883,0.344,0.0,1.0,0.002,1,
1481,3,95.73,12.26,0.171,0.0,0.0,-1.0,0.0,0,
1482,0,108.12,24.77,2.524,0.67,0.0,-1.0,0.059,8,59.5
1482,1,136.5,70.56,0.156,0.0,0.0,-1.0,0.0,0,30.4
1482,2,111.85,58.45,-0.831,0.376,0.0,1.0,0.006,1,
1482,3,95.73,12.26,0.125,0.0,0.0,-1.0,0.0,0,
1483,0,108.12,24.84,2.401,0.747,0.0,-1.0,0.07,8,59.4
1483,1,136.5,70.56,0.08,0.0,0.0,-1.0,0.0,0,30.4
1483,2,111.86,58.46,-0.762,0.424,0.0,1.0,0.013,8,
1483,3,95.73,12.26,0.061,0.0,0.0,-1.0,0.0,0,
1484,0,108.12,24.92,2.261,0.679,0.0,-1.0,0.082,8,59.3
1484,1,136.5,70.56,-0.013,0.0,0.0,-1.0,0.0,0,30.4
1484,2,111.87,58.47,-0.675,0.486,0.0,1.0,0.021,1,
1484,3,95.73,12.26,-0.02,0.0,0.0,-1.0,0.0,0,
1485,0,108.12,25.01,2.109,0.779,0.0,-0.967,0.094,8,59.3
1485,1,136.5,70.56,-0.124,0.0,0.0,-1.0,0.0,0,30.4
1485,2,111.9,58.49,-0.571,0.561,0.0,1.0,0.032,1,
1485,3,95.73,12.26,-0.118,0.0,0.0,-1.0,0.0,0,
1486,0,108.12,25.12,1.974,0.869,0.0,-0.739,0.105,1,59.2
1486,1,136.5,70.56,-0.252,0.0,0.0,-1.0,0.0,0,30.4
1486,2,111.94,58.52,-0.449,0.646,0.0,1.0,0.044,8,
1486,3,95.73,12.26,-0.234,0.0,0.0,-1.0,0.0,0,
1487,0,108.11,25.23,1.858,0.931,0.0,-0.535,0.112,1,59.1
1487,1,136.5,70.56,-0.398,0.0,0.0,-1.0,0.0,0,30.4
1487,2,111.98,58.55,-0.309,0.736,0.0,1.0,0.058,8,
1487,3,95.73,12.26,-0.367,0.0,0.0,-1.0,0.0,0,
1488,0,108.11,25.35,1.758,0.969,0.0,-0.356,0.117,8,59.0
1488,1,136.5,70.56,-0.555,0.0,0.0,-1.0,0.0,0,30.4
1488,2,112.04,58.59,-0.175,0.825,0.0,0.858,0.072,8,
1488,3,95.73,12.26,-0.518,0.0,0.0,-1.0,0.0,0,
1489,0,108.1,25.46,1.676,0.99,0.0,-0.2,0.119,8,58.9
1489,1,136.5,70.56,-0.712,0.0,0.0,-1.0,0.0,0,30.4
1489,2,112.11,58.64,-0.057,0.895,0.0,0.659,0.085,2,
1489,3,95.73,12.26,-0.675,0.0,0.0,-1.0,0.0,0,
1490,0,108.09,25.58,1.612,0.999,0.0,-0.07,0.12,1,58.8
1490,1,136.5,70.56,-0.87,0.0,0.0,-1.0,0.0,0,30.4
1490,2,112.19,58.7,0.042,0.943,0.0,0.484,0.095,1,
1490,3,95.73,12.26,-0.832,0.0,0.0,-1.0,0.0,0,
1491,0,108.09,25.7,1.565,1.0,0.0,0.036,0.12,0,58.7
1491,1,136.5,70.56,-1.027,0.0,0.0,-1.0,0.0,0,30.4
1491,2,112.27,58.75,0.125,0.973,0.0,0.333,0.102,1,
1491,3,95.73,12.26,-0.989,0.0,0.0,-1.0,0.0,0,
1492,0,108.09,25.94,1.535,0.997,0.0,0.117,0.24,0,58.5
1492,1,136.5,70.48,-1.184,0.059,0.0,-1.0,0.075,1,30.5
1492,2,112.36,58.81,0.19,0.99,0.0,0.206,0.108,8,
1492,3,95.73,12.26,-1.147,0.0,0.0,-1.0,0.0,0,
1493,0,108.1,26.3,1.523,0.992,0.0,0.186,0.36,0,58.2
1493,1,136.5,70.37,-1.341,0.213,0.0,-1.0,0.111,1,30.6
1493,2,112.46,58.87,0.237,0.997,0.0,0.104,0.111,1,
1493,3,95.73,12.26,-1.304,0.0,0.0,-1.0,0.0,0,
1494,0,108.13,26.78,1.529,0.985,0.0,0.244,0.48,0,57.9
1494,1,136.5,70.26,-1.498,0.361,0.0,-1.0,0.117,1,30.7
1494,2,112.55,58.94,0.267,1.0,0.0,0.027,0.114,1,
1494,3,95.76,12.14,-1.461,0.143,0.0,-1.0,0.12,0,
1495,0,108.15,27.38,1.552,0.98,0.0,0.289,0.6,0,57.4
1495,1,136.5,70.14,-1.655,0.501,0.0,-1.0,0.12,1,30.8
1495,2,112.65,59.0,0.279,1.0,0.0,-0.026,0.115,1,
1495,3,95.79,11.9,-1.618,0.292,0.0,-1.0,0.24,0,
1496,0,108.17,28.1,1.593,0.975,0.0,0.322,0.72,0,56.9
1496,1,136.49,70.02,-1.812,0.628,0.0,-1.0,0.12,0,30.9
1496,2,112.75,59.06,0.274,0.999,0.0,-0.054,0.116,8,
1496,3,95.77,11.54,-1.775,0.43,0.0,-1.0,0.36,0,
1497,0,108.15,28.94,1.646,0.972,0.0,0.341,0.84,0,56.2
1497,1,136.43,69.78,-1.969,0.741,0.0,-1.0,0.24,0,31.0
1497,2,112.85,59.12,0.265,0.999,0.0,-0.057,0.116,1,
1497,3,95.67,11.07,-1.932,0.555,0.0,-1.0,0.48,0,
1498,0,108.07,29.9,1.702,0.97,0.0,0.353,0.96,0,55.4
1498,1,136.29,69.45,-2.109,0.833,0.0,-0.836,0.36,0,31.2
1498,2,112.95,59.18,0.256,0.999,0.0,-0.054,0.116,1,
1498,3,95.46,10.51,-2.089,0.667,0.0,-1.0,0.6,0,
1499,0,107.93,30.97,1.76,0.966,0.0,0.373,1.08,0,54.5
1499,1,136.05,69.04,-2.231,0.898,0.0,-0.651,0.48,0,31.4
1499,2,113.05,59.23,0.248,0.999,0.0,-0.052,0.116,2,
1499,3,95.11,9.89,-2.246,0.764,0.0,-1.0,0.72,0,
1500,0,107.71,32.15,1.823,0.962,0.0,0.397,1.2,0,53.5
1500,1,135.68,68.57,-2.335,0.94,0.0,-0.496,0.6,0,31.7
1500,2,113.15,59.29,0.24,0.999,0.0,-0.051,0.116,8,
1500,3,94.58,9.23,-2.386,0.845,0.0,-0.805,0.84,0,
1501,0,107.38,33.43,1.889,0.956,0.0,0.425,1.32,0,52.3
1501,1,135.18,68.05,-2.422,0.966,0.0,-0.372,0.72,0,31.9
1501,2,113.25,59.35,0.232,0.999,0.0,-0.05,0.116,1,
1501,3,93.88,8.57,-2.508,0.904,0.0,-0.633,0.96,0,
1502,0,106.93,34.78,1.96,0.95,0.0,0.453,1.425,0,51.0
1502,1,134.55,67.49,-2.492,0.981,0.0,-0.279,0.84,0,32.0
1502,2,113.35,59.4,0.224,0.999,0.0,-0.049,0.116,8,
1502,3,93.01,7.93,-2.612,0.943,0.0,-0.484,1.08,0,
1503,0,106.39,36.09,2.036,0.944,0.0,0.479,1.416,0,49.7
1503,1,133.78,66.91,-2.544,0.989,0.0,-0.216,0.96,0,32.2
1503,2,113.45,59.46,0.217,0.999,0.0,-0.048,0.116,1,
1503,3,91.98,7.5,-2.699,0.969,0.0,-0.358,1.122,1,
1504,0,105.83,37.21,2.129,0.0,0.0,1.0,1.256,0,48.5
1504,1,132.89,66.3,-2.579,0.992,0.0,-0.184,1.08,0,32.3
1504,2,113.56,59.51,0.209,0.999,0.0,-0.048,0.116,1,
1504,3,91.87,7.5,-2.769,0.986,0.0,-0.243,0.108,1,
1505,0,105.25,38.14,2.239,0.0,0.0,1.0,1.096,0,47.5
1505,1,132.11,65.81,-2.631,0.0,0.0,-1.0,0.92,0,32.5
1505,2,113.66,59.56,0.202,0.999,0.0,-0.047,0.116,2,
1505,3,91.76,7.5,-2.821,0.995,0.0,-0.141,0.112,1,
1506,0,104.67,38.88,2.367,0.0,0.0,1.0,0.936,0,46.5
1506,1,131.45,65.44,-2.7,0.0,0.0,-1.0,0.76,0,32.6
1506,2,113.77,59.61,0.194,0.999,0.0,-0.047,0.116,1,
1506,3,91.64,7.5,-2.856,0.999,0.0,-0.065,0.114,1,
1507,0,104.12,39.42,2.512,0.017,0.0,1.0,0.776,0,45.7
1507,1,130.91,65.19,-2.787,0.0,0.0,-1.0,0.6,0,32.6
1507,2,113.87,59.66,0.187,0.999,0.0,-0.047,0.116,8,
1507,3,91.53,7.5,-2.873,1.0,0.0,-0.013,0.115,1,
1508,0,103.62,39.79,2.669,0.162,0.0,1.0,0.616,0,45.1
1508,1,130.5,65.03,-2.892,0.012,0.0,-1.0,0.44,0,32.6
1508,2,113.98,59.71,0.18,0.999,0.0,-0.047,0.116,1,
1508,3,91.41,7.5,-2.872,1.0,0.0,0.014,0.116,1,
1509,0,102.96,40.12,2.809,0.949,0.0,-0.46,0.736,0,44.4
1509,1,130.22,64.96,-3.014,0.103,0.0,-1.0,0.28,0,32.6
1509,2,114.08,59.76,0.172,0.999,0.0,-0.047,0.116,8,
1509,3,91.3,7.5,-2.87,1.0,0.0,0.015,0.116,1,
1510,0,102.15,40.4,2.931,0.893,0.0,-0.667,0.856,0,43.7
1510,1,129.9,64.92,3.13,0.215,0.0,-1.0,0.322,0,32.5
1510,2,114.19,59.81,0.165,0.999,0.0,-0.047,0.116,1,
1510,3,91.18,7.5,-2.868,1.0,0.0,0.014,0.116,1,
1511,0,101.2,40.6,3.035,0.827,0.0,-0.854,0.976,0,42.9
1511,1,129.46,64.93,2.972,0.339,0.0,-1.0,0.442,0,32.4
1511,2,114.29,59.86,0.158,0.999,0.0,-0.046,0.117,1,
1511,3,91.06,7.5,-2.866,1.0,0.0,0.013,0.116,1,
1512,0,100.11,40.72,3.122,0.755,0.0,-1.0,1.096,0,42.1
1512,1,128.91,65.02,2.815,0.471,0.0,-1.0,0.562,0,32.1
1512,2,114.4,59.9,0.151,0.999,0.0,-0.046,0.117,1,
1512,3,90.95,7.5,-2.864,1.0,0.0,0.013,0.115,1,
1513,0,99.08,40.74,-3.091,0.683,0.0,-1.0,1.024,0,41.4
1513,1,128.39,65.29,2.658,0.591,0.0,-1.0,0.587,1,31.7
1513,2,114.39,59.9,0.143,0.999,0.0,-0.046,0.016,2,
1513,3,90.83,7.5,-2.862,1.0,0.0,0.012,0.115,1,
1514,0,98.16,40.69,-3.039,0.616,0.0,-1.0,0.924,0,40.8
1514,1,128.37,65.38,2.501,0.7,0.0,-1.0,0.093,1,31.6
1514,2,114.4,59.91,0.138,1.0,0.0,-0.035,0.019,3,
1514,3,90.72,7.5,-2.86,1.0,0.0,0.012,0.115,1,
1515,0,97.33,40.61,-3.005,0.559,0.0,-1.0,0.839,0,40.3
1515,1,128.36,65.48,2.358,0.804,0.0,-0.91,0.106,1,31.5
1515,2,114.43,59.91,0.133,1.0,0.0,-0.029,0.027,2,
1515,3,90.6,7.5,-2.858,1.0,0.0,0.011,0.115,1,
1516,0,96.56,40.5,-2.988,0.516,0.0,-1.0,0.774,0,39.9
1516,1,128.35,65.6,2.233,0.881,0.0,-0.705,0.116,1,31.4
1516,2,114.46,59.93,0.129,1.0,0.0,-0.024,0.035,3,
1516,3,90.49,7.5,-2.856,1.0,0.0,0.011,0.115,1,
1517,0,95.84,40.39,-2.988,0.487,0.0,-1.0,0.73,0,39.6
1517,1,128.34,65.72,2.125,0.933,0.0,-0.525,0.123,1,31.3
1517,2,114.5,59.94,0.126,1.0,0.0,-0.022,0.042,10,
1517,3,90.37,7.5,-2.855,1.0,0.0,0.011,0.115,1,
1518,0,95.14,40.28,-3.006,0.473,0.0,-1.0,0.709,0,39.3
1518,1,128.34,65.85,2.034,0.967,0.0,-0.369,0.129,1,31.1
1518,2,114.55,59.96,0.123,1.0,0.0,-0.021,0.049,3,
1518,3,90.26,7.5,-2.853,1.0,0.0,0.011,0.115,1,
1519,0,94.43,40.19,-3.041,0.475,0.0,-1.0,0.712,0,38.9
1519,1,128.34,65.98,1.961,0.986,0.0,-0.238,0.132,1,31.0
1519,2,114.6,59.98,0.12,1.0,0.0,-0.02,0.055,5,
1519,3,90.14,7.5,-2.851,1.0,0.0,0.011,0.115,1,
1520,0,93.7,40.11,-3.094,0.492,0.0,-1.0,0.737,0,38.6
1520,1,128.38,66.04,1.871,0.023,0.0,-1.0,0.068,1,14.9
1520,2,114.65,60.0,0.116,1.0,0.0,-0.021,0.059,3,
1520,3,90.03,7.5,-2.849,1.0,0.0,0.011,0.115,1,
1521,0,92.92,40.07,3.119,0.523,0.0,-1.0,0.784,0,38.2
1521,1,128.39,66.17,1.763,0.111,0.0,-1.0,0.136,1,14.9
1521,2,114.71,60.03,0.113,1.0,0.0,-0.021,0.065,3,
1521,3,89.91,7.5,-2.848,1.0,0.0,0.011,0.115,1,
1522,0,92.07,40.09,3.031,0.567,0.0,-1.0,0.851,0,37.7
1522,1,128.41,66.31,1.637,0.209,0.0,-1.0,0.137,1,14.8
1522,2,114.78,60.05,0.109,1.0,0.0,-0.022,0.072,3,
1522,3,89.8,7.5,-2.846,1.0,0.0,0.011,0.115,1,
1523,0,91.14,40.2,2.925,0.623,0.0,-1.0,0.934,0,37.1
1523,1,128.44,66.45,1.494,0.322,0.0,-1.0,0.138,1,14.7
1523,2,114.85,60.08,0.106,1.0,0.0,-0.024,0.08,10,
1523,3,89.68,7.5,-2.844,1.0,0.0,0.011,0.115,1,
1524,0,90.13,40.42,2.802,0.688,0.0,-1.0,1.031,0,36.4
1524,1,128.47,66.58,1.337,0.447,0.0,-1.0,0.136,1,14.6
1524,2,114.94,60.11,0.102,1.0,0.0,-0.025,0.088,4,
1524,3,89.57,7.5,-2.842,1.0,0.0,0.011,0.115,1,
1525,0,89.06,40.8,2.662,0.758,0.0,-1.0,1.137,0,35.6
1525,1,128.52,66.7,1.18,0.575,0.0,-1.0,0.134,1,14.6
1525,2,115.03,60.15,0.097,1.0,0.0,-0.027,0.097,10,
1525,3,89.45,7.5,-2.84,1.0,0.0,0.012,0.115,1,
1526,0,87.95,41.37,2.529,0.831,0.0,-0.844,1.246,0,34.5
1526,1,128.58,66.82,1.023,0.691,0.0,-1.0,0.13,1,14.5
1526,2,115.13,60.18,0.093,1.0,0.0,-0.03,0.104,4,
1526,3,89.34,7.5,-2.839,1.0,0.0,0.012,0.115,1,
1527,0,86.86,42.14,2.414,0.888,0.0,-0.683,1.332,0,33.4
1527,1,128.65,66.93,0.875,0.792,0.0,-0.938,0.126,1,14.4
1527,2,115.23,60.22,0.088,1.0,0.0,-0.032,0.11,3,
1527,3,89.22,7.5,-2.837,1.0,0.0,0.012,0.115,1,
1528,0,85.82,43.06,2.317,0.928,0.0,-0.545,1.392,0,32.1
1528,1,128.72,67.02,0.746,0.871,0.0,-0.735,0.123,1,14.3
1528,2,115.34,60.25,0.082,1.0,0.0,-0.035,0.114,10,
1528,3,89.11,7.5,-2.835,1.0,0.0,0.012,0.114,1,
1529,0,84.85,44.12,2.237,0.955,0.0,-0.429,1.433,0,30.7
1529,1,128.81,67.1,0.633,0.925,0.0,-0.555,0.12,1,14.1
1529,2,115.45,60.29,0.076,1.0,0.0,-0.037,0.117,4,
1529,3,89.0,7.5,-2.833,1.0,0.0,0.012,0.114,1,
1530,0,83.95,45.26,2.174,0.973,0.0,-0.334,1.459,0,29.3
1530,1,128.91,67.17,0.539,0.961,0.0,-0.399,0.12,0,14.0
1530,2,115.56,60.32,0.07,1.0,0.0,-0.039,0.117,8,
1530,3,88.88,7.5,-2.831,1.0,0.0,0.012,0.114,1,
1531,0,83.11,46.48,2.129,0.983,0.0,-0.261,1.475,0,27.8
1531,1,129.12,67.29,0.461,0.983,0.0,-0.267,0.24,0,13.8
1531,2,115.67,60.36,0.064,1.0,0.0,-0.04,0.117,1,
1531,3,88.77,7.5,-2.829,1.0,0.0,0.012,0.114,1,
1532,0,82.33,47.74,2.096,0.989,0.0,-0.211,1.484,0,26.4
1532,1,129.44,67.45,0.401,0.994,0.0,-0.161,0.36,0,13.4
1532,2,115.79,60.39,0.058,1.0,0.0,-0.041,0.117,8,
1532,3,88.65,7.5,-2.827,1.0,0.0,0.012,0.114,1,
1533,0,81.58,49.03,2.068,0.992,0.0,-0.175,1.489,0,24.9
1533,1,129.88,67.64,0.359,0.998,0.0,-0.08,0.48,0,13.0
1533,2,115.9,60.42,0.051,1.0,0.0,-0.042,0.117,1,
1533,3,88.54,7.5,-2.825,1.0,0.0,0.013,0.114,1,
1534,0,80.87,50.34,2.045,0.995,0.0,-0.146,1.492,0,23.4
1534,1,130.44,67.85,0.334,1.0,0.0,-0.023,0.6,0,12.4
1534,2,116.01,60.45,0.044,1.0,0.0,-0.043,0.117,1,
1534,3,88.42,7.5,-2.823,1.0,0.0,0.013,0.114,1,
1535,0,80.19,51.67,2.026,0.996,0.0,-0.123,1.494,0,21.9
1535,1,131.12,68.09,0.327,1.0,0.0,0.011,0.72,0,11.6
1535,2,116.12,60.48,0.037,1.0,0.0,-0.044,0.117,8,
1535,3,88.31,7.5,-2.821,1.0,0.0,0.013,0.114,1,
1536,0,79.53,53.01,2.01,0.997,0.0,-0.104,1.496,0,20.4
1536,1,131.92,68.36,0.331,1.0,0.0,0.023,0.84,0,10.8
1536,2,116.24,60.51,0.03,1.0,0.0,-0.044,0.117,1,
1536,3,88.2,7.5,-2.819,1.0,0.0,0.013,0.114,1,
1537,0,78.89,54.36,1.996,0.998,0.0,-0.088,1.497,0,18.9
1537,1,132.83,68.67,0.334,1.0,0.0,0.019,0.96,0,9.8
1537,2,116.35,60.54,0.023,1.0,0.0,-0.044,0.118,1,
1537,3,88.08,7.5,-2.817,1.0,0.0,0.013,0.114,1,
1538,0,78.27,55.73,1.984,0.999,0.0,-0.075,1.498,0,17.4
1538,1,133.85,69.02,0.336,0.983,0.0,0.017,1.08,0,8.8
1538,2,116.47,60.57,0.017,1.0,0.0,-0.044,0.118,1,
1538,3,87.97,7.5,-2.815,1.0,0.0,0.013,0.114,1,
1539,0,77.67,57.1,1.974,0.999,0.0,-0.065,1.498,0,15.9
1539,1,134.98,69.42,0.339,0.875,0.0,0.015,1.2,0,7.6
1539,2,116.58,60.59,0.01,1.0,0.0,-0.044,0.118,8,
1539,3,87.86,7.5,-2.813,1.0,0.0,0.013,0.114,1,
1540,0,77.08,58.48,1.965,0.999,0.0,-0.056,1.499,0,14.4
1540,1,136.05,69.8,0.341,0.755,0.0,0.014,1.133,0,6.4
1540,2,116.7,60.62,0.003,1.0,0.0,-0.045,0.118,2,
1540,3,87.74,7.5,-2.811,1.0,0.0,0.014,0.114,1,
1541,0,76.51,59.86,1.957,0.999,0.0,-0.05,1.499,0,12.9
1541,1,136.5,70.12,0.343,0.642,0.0,0.013,0.558,1,5.9
1541,2,116.81,60.64,-0.004,1.0,0.0,-0.045,0.118,1,
1541,3,87.63,7.5,-2.809,1.0,0.0,0.014,0.113,1,
1542,0,76.31,60.26,1.95,1.0,0.0,-0.044,0.449,8,12.5
1542,1,136.5,70.16,0.339,0.589,0.0,-0.026,0.04,1,5.9
1542,2,116.93,60.66,-0.011,1.0,0.0,-0.045,0.118,1,
1542,3,87.51,7.5,-2.806,1.0,0.0,0.014,0.113,1,
1543,0,76.3,60.26,1.944,1.0,0.0,-0.04,0.003,8,12.5
1543,1,136.5,70.2,0.334,0.587,0.0,-0.029,0.04,1,5.9
1543,2,117.04,60.68,-0.018,1.0,0.0,-0.044,0.118,8,
1543,3,87.4,7.5,-2.804,1.0,0.0,0.014,0.113,1,
1544,0,76.3,60.26,1.939,1.0,0.0,-0.031,0.003,8,12.5
1544,1,136.5,70.24,0.329,0.586,0.0,-0.032,0.039,1,5.8
1544,2,117.16,60.7,-0.025,1.0,0.0,-0.044,0.118,8,
1544,3,87.29,7.5,-2.802,1.0,0.0,0.014,0.113,1,
1545,0,76.3,60.26,1.935,1.0,0.0,-0.025,0.002,1,12.5
1545,1,136.5,70.28,0.324,0.585,0.0,-0.034,0.039,1,5.8
1545,2,117.28,60.72,-0.032,1.0,0.0,-0.044,0.118,1,
1545,3,87.18,7.5,-2.8,1.0,0.0,0.014,0.113,1,
1546,0,76.3,60.26,1.932,1.0,0.0,-0.019,0.002,8,12.5
1546,1,136.5,70.32,0.318,0.584,0.0,-0.035,0.038,1,5.8
1546,2,117.39,60.74,-0.039,1.0,0.0,-0.044,0.118,1,
1546,3,87.06,7.5,-2.797,1.0,0.0,0.015,0.113,1,
1547,0,76.29,60.26,1.93,1.0,0.0,-0.015,0.001,1,12.5
1547,1,136.5,70.36,0.313,0.582,0.0,-0.036,0.038,1,5.8
1547,2,117.51,60.76,-0.046,1.0,0.0,-0.044,0.118,1,
1547,3,86.95,7.5,-2.795,1.0,0.0,0.015,0.113,1,
1548,0,76.29,60.26,1.928,1.0,0.0,-0.012,0.001,1,12.5
1548,1,136.5,70.39,0.307,0.581,0.0,-0.037,0.037,1,5.8
1548,2,117.63,60.77,-0.053,1.0,0.0,-0.044,0.118,1,
1548,3,86.84,7.5,-2.793,1.0,0.0,0.015,0.113,1,
1549,0,76.29,60.26,1.927,1.0,0.0,-0.009,0.001,2,12.5
1549,1,136.5,70.43,0.301,0.58,0.0,-0.037,0.036,1,5.8
1549,2,117.74,60.79,-0.06,1.0,0.0,-0.044,0.118,8,
1549,3,86.72,7.5,-2.79,1.0,0.0,0.015,0.113,1,
1550,0,76.29,60.26,1.925,1.0,0.0,-0.007,0.001,1,12.5
1550,1,136.5,70.46,0.295,0.579,0.0,-0.038,0.036,1,5.8
1550,2,117.86,60.8,-0.067,1.0,0.0,-0.044,0.118,1,
1550,3,86.61,7.5,-2.788,1.0,0.0,0.015,0.113,1,
1551,0,76.29,60.26,1.924,1.0,0.0,-0.006,0.0,1,12.5
1551,1,136.5,70.5,0.289,0.578,0.0,-0.038,0.035,1,5.8
1551,2,117.98,60.81,-0.074,1.0,0.0,-0.044,0.118,1,
1551,3,86.5,7.5,-2.785,1.0,0.0,0.016,0.113,1,
1552,0,76.29,60.26,1.924,1.0,0.0,-0.005,0.0,1,12.5
1552,1,136.5,70.53,0.283,0.577,0.0,-0.038,0.034,1,5.8
1552,2,118.1,60.83,-0.081,1.0,0.0,-0.043,0.118,1,
1552,3,86.39,7.5,-2.783,1.0,0.0,0.016,0.112,1,
1553,0,76.29,60.26,1.923,1.0,0.0,-0.004,0.0,2,12.5
1553,1,136.5,70.57,0.277,0.577,0.0,-0.037,0.034,1,5.8
1553,2,118.22,60.84,-0.087,1.0,0.0,-0.043,0.118,1,
1553,3,86.27,7.5,-2.78,1.0,0.0,0.016,0.112,1,
1554,0,76.29,60.26,1.923,1.0,0.0,-0.003,0.0,2,12.5
1554,1,136.5,70.6,0.271,0.576,0.0,-0.037,0.033,1,5.8
1554,2,118.33,60.84,-0.094,1.0,0.0,-0.043,0.118,8,
1554,3,86.16,7.5,-2.778,1.0,0.0,0.016,0.112,1,
1555,0,76.29,60.26,1.922,1.0,0.0,-0.002,0.0,1,12.5
1555,1,136.5,70.63,0.266,0.575,0.0,-0.037,0.032,1,5.7
1555,2,118.45,60.85,-0.101,1.0,0.0,-0.043,0.119,1,
1555,3,86.05,7.5,-2.775,1.0,0.0,0.016,0.112,1,
1556,0,76.29,60.26,1.922,1.0,0.0,-0.002,0.0,1,12.5
1556,1,136.5,70.66,0.26,0.574,0.0,-0.036,0.032,1,5.7
1556,2,118.57,60.86,-0.108,1.0,0.0,-0.043,0.119,1,
1556,3,85.94,7.5,-2.773,1.0,0.0,0.017,0.112,1,
1557,0,76.29,60.26,1.922,1.0,0.0,-0.001,0.0,1,12.5
1557,1,136.5,70.69,0.254,0.573,0.0,-0.036,0.031,1,5.7
1557,2,118.69,60.87,-0.114,1.0,0.0,-0.043,0.119,2,
1557,3,85.82,7.5,-2.77,1.0,0.0,0.017,0.112,1,
1558,0,76.29,60.26,1.922,1.0,0.0,-0.001,0.0,1,12.5
1558,1,136.5,70.72,0.249,0.573,0.0,-0.035,0.03,1,5.7
1558,2,118.81,60.87,-0.121,1.0,0.0,-0.042,0.119,1,
1558,3,85.71,7.5,-2.767,1.0,0.0,0.017,0.112,1,
1559,0,76.29,60.26,1.922,1.0,0.0,-0.001,0.0,1,12.5
1559,1,136.5,70.75,0.243,0.572,0.0,-0.035,0.03,1,5.7
1559,2,118.93,60.87,-0.128,1.0,0.0,-0.042,0.119,1,
1559,3,85.6,7.5,-2.765,1.0,0.0,0.017,0.112,1,
1560,0,76.29,60.26,1.922,1.0,0.0,-0.001,0.0,1,12.5
1560,1,136.5,70.78,0.238,0.571,0.0,-0.034,0.029,1,5.7
1560,2,119.04,60.88,-0.134,1.0,0.0,-0.042,0.119,8,
1560,3,85.49,7.5,-2.762,1.0,0.0,0.017,0.112,1,
1561,0,76.29,60.26,1.921,1.0,0.0,-0.001,0.0,8,12.5
1561,1,136.5,70.81,0.233,0.571,0.0,-0.033,0.028,1,5.7
1561,2,119.16,60.88,-0.141,1.0,0.0,-0.042,0.119,1,
1561,3,85.38,7.5,-2.759,1.0,0.0,0.018,0.111,1,
1562,0,76.29,60.26,1.921,1.0,0.0,-0.0,0.0,1,12.5
1562,1,136.5,70.84,0.228,0.57,0.0,-0.033,0.028,1,5.7
1562,2,119.28,60.88,-0.147,1.0,0.0,-0.041,0.119,1,
1562,3,85.27,7.5,-2.756,1.0,0.0,0.018,0.111,1,
1563,0,76.29,60.26,1.921,1.0,0.0,-0.0,0.0,1,12.5
1563,1,136.5,70.87,0.223,0.57,0.0,-0.032,0.027,1,5.7
1563,2,119.4,60.88,-0.154,1.0,0.0,-0.041,0.119,1,
1563,3,85.16,7.5,-2.753,1.0,0.0,0.018,0.111,1,
1564,0,76.29,60.26,1.921,1.0,0.0,-0.0,0.0,8,12.5
1564,1,136.5,70.89,0.218,0.569,0.0,-0.032,0.026,1,5.7
1564,2,119.52,60.87,-0.16,1.0,0.0,-0.041,0.119,1,
1564,3,85.04,7.5,-2.751,1.0,0.0,0.018,0.111,1,
1565,0,76.29,60.26,1.921,1.0,0.0,-0.0,0.0,1,12.5
1565,1,136.5,70.92,0.213,0.569,0.0,-0.031,0.026,1,5.7
1565,2,119.64,60.87,-0.166,1.0,0.0,-0.041,0.119,1,
1565,3,84.93,7.5,-2.748,1.0,0.0,0.019,0.111,1,
1566,0,76.29,60.26,1.921,1.0,0.0,-0.0,0.0,1,12.5
1566,1,136.5,70.94,0.208,0.568,0.0,-0.031,0.025,1,5.7
1566,2,119.76,60.87,-0.173,1.0,0.0,-0.04,0.119,1,
1566,3,84.82,7.5,-2.745,1.0,0.0,0.019,0.111,1,
1567,0,76.29,60.26,1.921,1.0,0.0,-0.0,0.0,1,12.5
1567,1,136.5,70.97,0.203,0.568,0.0,-0.03,0.025,1,5.7
1567,2,119.88,60.86,-0.179,1.0,0.0,-0.04,0.119,1,
1567,3,84.71,7.5,-2.742,1.0,0.0,0.019,0.111,1,
1568,0,76.29,60.26,1.921,1.0,0.0,-0.0,0.0,1,12.5
1568,1,136.5,70.99,0.199,0.567,0.0,-0.029,0.024,1,5.7
1568,2,120.0,60.86,-0.185,1.0,0.0,-0.04,0.119,8,
1568,3,84.6,7.5,-2.739,1.0,0.0,0.019,0.111,1,
1569,0,76.29,60.26,1.921,1.0,0.0,-0.0,0.0,1,12.5
1569,1,136.5,71.02,0.194,0.567,0.0,-0.029,0.024,1,5.7
1569,2,120.12,60.85,-0.192,1.0,0.0,-0.04,0.119,1,
1569,3,84.49,7.5,-2.735,1.0,0.0,0.02,0.11,1,
1570,0,76.29,60.26,1.921,1.0,0.0,-0.0,0.0,8,12.5
1570,1,136.5,71.04,0.19,0.566,0.0,-0.028,0.023,1,5.7
1570,2,120.23,60.84,-0.198,1.0,0.0,-0.039,0.119,8,
1570,3,84.38,7.5,-2.732,1.0,0.0,0.02,0.11,1,
1571,0,76.29,60.26,1.921,1.0,0.0,-0.0,0.0,1,12.5
1571,1,136.5,71.06,0.185,0.566,0.0,-0.028,0.023,1,5.7
1571,2,120.35,60.83,-0.204,1.0,0.0,-0.039,0.119,1,
1571,3,84.27,7.5,-2.729,1.0,0.0,0.02,0.11,1,
1572,0,76.29,60.26,1.921,1.0,0.0,-0.0,0.0,1,12.5
1572,1,136.5,71.08,0.181,0.566,0.0,-0.027,0.022,1,5.7
1572,2,120.47,60.82,-0.21,1.0,0.0,-0.039,0.119,1,
1572,3,84.16,7.5,-2.726,1.0,0.0,0.02,0.11,1,
1573,0,76.29,60.26,1.921,1.0,0.0,-0.0,0.0,1,12.5
1573,1,136.5,71.11,0.177,0.565,0.0,-0.026,0.022,1,5.6
1573,2,120.59,60.81,-0.216,1.0,0.0,-0.038,0.119,1,
1573,3,84.05,7.5,-2.723,1.0,0.0,0.021,0.11,1,
1574,0,76.29,60.26,1.921,1.0,0.0,-0.0,0.0,1,12.5
1574,1,136.5,71.13,0.173,0.565,0.0,-0.026,0.021,1,5.6
1574,2,120.71,60.79,-0.222,1.0,0.0,-0.038,0.119,8,
1574,3,83.94,7.5,-2.719,1.0,0.0,0.021,0.11,1,
1575,0,76.29,60.26,1.921,1.0,0.0,-0.0,0.0,1,12.5
1575,1,136.5,71.15,0.169,0.565,0.0,-0.025,0.021,1,5.6
1575,2,120.83,60.78,-0.228,1.0,0.0,-0.038,0.119,8,
1575,3,83.83,7.5,-2.716,1.0,0.0,0.021,0.109,1,
1576,0,76.29,60.26,1.921,1.0,0.0,-0.0,0.0,1,12.5
1576,1,136.5,71.17,0.165,0.564,0.0,-0.025,0.02,1,5.6
1576,2,120.95,60.76,-0.234,1.0,0.0,-0.037,0.12,8,
1576,3,83.72,7.5,-2.713,1.0,0.0,0.022,0.109,1,
1577,0,76.29,60.26,1.921,1.0,0.0,-0.0,0.0,1,12.5
1577,1,136.5,71.19,0.161,0.564,0.0,-0.024,0.02,1,5.6
1577,2,121.06,60.74,-0.24,1.0,0.0,-0.037,0.12,1,
1577,3,83.61,7.5,-2.709,1.0,0.0,0.022,0.109,1,
1578,0,76.29,60.26,1.921,1.0,0.0,-0.0,0.0,1,12.5
1578,1,136.5,71.21,0.157,0.564,0.0,-0.024,0.019,1,5.6
1578,2,121.18,60.73,-0.245,1.0,0.0,-0.037,0.12,1,
1578,3,83.5,7.5,-2.706,1.0,0.0,0.022,0.109,1,
1579,0,76.29,60.26,1.921,1.0,0.0,-0.0,0.0,8,12.5
1579,1,136.5,71.23,0.154,0.563,0.0,-0.023,0.019,1,5.6
1579,2,121.3,60.71,-0.251,1.0,0.0,-0.036,0.12,1,
1579,3,83.4,7.5,-2.702,1.0,0.0,0.022,0.109,1,
1580,0,76.29,60.26,1.921,1.0,0.0,-0.0,0.0,1,12.5
1580,1,136.5,71.24,0.15,0.563,0.0,-0.023,0.018,1,5.6
1580,2,121.42,60.69,-0.257,1.0,0.0,-0.036,0.12,1,
1580,3,83.29,7.5,-2.699,1.0,0.0,0.023,0.109,1,
1581,0,76.29,60.26,1.921,1.0,0.0,-0.0,0.0,1,12.5
1581,1,136.5,71.26,0.147,0.563,0.0,-0.022,0.018,1,5.6
1581,2,121.54,60.67,-0.262,1.0,0.0,-0.036,0.12,2,
1581,3,83.18,7.5,-2.695,1.0,0.0,0.023,0.108,1,
1582,0,76.29,60.26,1.921,1.0,0.0,-0.0,0.0,1,12.5
1582,1,136.5,71.28,0.143,0.563,0.0,-0.022,0.018,1,5.6
1582,2,121.65,60.64,-0.268,1.0,0.0,-0.035,0.12,8,
1582,3,83.07,7.5,-2.691,1.0,0.0,0.023,0.108,1,
1583,0,76.29,60.26,1.921,1.0,0.0,-0.0,0.0,8,12.5
1583,1,136.5,71.3,0.14,0.562,0.0,-0.021,0.017,1,5.6
1583,2,121.77,60.62,-0.273,1.0,0.0,-0.035,0.12,1,
1583,3,82.96,7.5,-2.688,1.0,0.0,0.024,0.108,1,
1584,0,76.29,60.26,1.921,1.0,0.0,-0.0,0.0,1,12.5
1584,1,136.5,71.31,0.137,0.562,0.0,-0.021,0.017,1,5.6
1584,2,121.89,60.59,-0.279,1.0,0.0,-0.034,0.12,1,
1584,3,82.86,7.5,-2.684,1.0,0.0,0.024,0.108,1,
1585,0,76.29,60.26,1.921,1.0,0.0,-0.0,0.0,1,12.5
1585,1,136.5,71.33,0.133,0.562,0.0,-0.02,0.016,1,5.6
1585,2,122.01,60.57,-0.284,1.0,0.0,-0.034,0.12,1,
1585,3,82.75,7.5,-2.68,1.0,0.0,0.024,0.108,1,
1586,0,76.29,60.26,1.921,1.0,0.0,-0.0,0.0,8,12.5
1586,1,136.5,71.35,0.13,0.562,0.0,-0.02,0.016,1,5.6
1586,2,122.12,60.54,-0.289,1.0,0.0,-0.033,0.12,1,
1586,3,82.64,7.5,-2.676,1.0,0.0,0.025,0.107,1,
1587,0,76.29,60.26,1.921,1.0,0.0,-0.0,0.0,8,12.5
1587,1,136.5,71.36,0.127,0.562,0.0,-0.02,0.016,1,5.6
1587,2,122.24,60.51,-0.294,1.0,0.0,-0.033,0.12,1,
1587,3,82.53,7.5,-2.672,1.0,0.0,0.025,0.107,1,
1588,0,76.29,60.26,1.921,1.0,0.0,-0.0,0.0,8,12.5
1588,1,136.5,71.38,0.124,0.561,0.0,-0.019,0.015,1,5.6
1588,2,122.36,60.48,-0.299,1.0,0.0,-0.033,0.12,8,
1588,3,82.43,7.5,-2.668,1.0,0.0,0.025,0.107,1,
1589,0,76.29,60.26,1.921,1.0,0.0,-0.0,0.0,2,12.5
1589,1,136.5,71.39,0.121,0.561,0.0,-0.019,0.015,1,5.6
1589,2,122.47,60.45,-0.305,1.0,0.0,-0.032,0.12,1,
1589,3,82.32,7.5,-2.664,1.0,0.0,0.026,0.107,1,
1590,0,76.29,60.26,1.921,1.0,0.0,-0.0,0.0,1,12.5
1590,1,136.5,71.41,0.118,0.561,0.0,-0.018,0.015,1,5.6
1590,2,122.59,60.42,-0.309,1.0,0.0,-0.032,0.12,8,
1590,3,82.21,7.5,-2.66,1.0,0.0,0.026,0.107,1,
1591,0,76.29,60.26,1.921,1.0,0.0,-0.0,0.0,1,12.5
1591,1,136.5,71.42,0.116,0.561,0.0,-0.018,0.014,1,5.6
1591,2,122.7,60.39,-0.314,1.0,0.0,-0.031,0.12,8,
1591,3,82.11,7.5,-2.656,1.0,0.0,0.026,0.106,1,
1592,0,76.29,60.26,1.921,1.0,0.0,-0.0,0.0,1,12.5
1592,1,136.5,71.43,0.113,0.561,0.0,-0.017,0.014,1,5.6
1592,2,122.82,60.36,-0.319,1.0,0.0,-0.031,0.12,1,
1592,3,82.0,7.5,-2.652,1.0,0.0,0.027,0.106,1,
1593,0,76.29,60.26,1.921,1.0,0.0,-0.0,0.0,1,12.5
1593,1,136.5,71.45,0.11,0.561,0.0,-0.017,0.014,1,5.6
1593,2,122.93,60.32,-0.324,1.0,0.0,-0.03,0.12,1,
1593,3,81.89,7.5,-2.647,1.0,0.0,0.027,0.106,1,
1594,0,76.29,60.26,1.921,1.0,0.0,-0.0,0.0,1,12.5
1594,1,136.5,71.46,0.108,0.561,0.0,-0.017,0.013,1,5.6
1594,2,123.05,60.29,-0.329,1.0,0.0,-0.03,0.12,1,
1594,3,81.79,7.5,-2.643,1.0,0.0,0.028,0.106,1,
1595,0,76.29,60.26,1.921,1.0,0.0,-0.0,0.0,8,12.5
1595,1,136.5,71.47,0.105,0.56,0.0,-0.016,0.013,1,5.6
1595,2,123.16,60.25,-0.333,1.0,0.0,-0.029,0.12,1,
1595,3,81.68,7.5,-2.639,1.0,0.0,0.028,0.105,1,
1596,0,76.29,60.26,1.921,1.0,0.0,-0.0,0.0,1,12.5
1596,1,136.5,71.49,0.103,0.56,0.0,-0.016,0.013,1,5.6
1596,2,123.27,60.21,-0.338,1.0,0.0,-0.028,0.12,1,
1596,3,81.58,7.5,-2.634,1.0,0.0,0.028,0.105,1,
1597,0,76.29,60.26,1.921,1.0,0.0,-0.0,0.0,1,12.5
1597,1,136.5,71.5,0.1,0.56,0.0,-0.016,0.012,1,5.6
1597,2,123.39,60.17,-0.342,1.0,0.0,-0.028,0.12,1,
1597,3,81.47,7.5,-2.63,1.0,0.0,0.029,0.105,1,
1598,0,76.29,60.26,1.921,1.0,0.0,-0.0,0.0,1,12.5
1598,1,136.5,71.51,0.098,0.56,0.0,-0.015,0.012,1,5.6
1598,2,123.5,60.13,-0.346,1.0,0.0,-0.027,0.12,0,
1598,3,81.37,7.5,-2.625,1.0,0.0,0.029,0.105,1,
1599,0,76.29,60.26,1.921,1.0,0.0,-0.0,0.0,1,12.5
1599,1,136.5,71.52,0.095,0.56,0.0,-0.015,0.012,1,5.6
1599,2,123.73,60.05,-0.35,1.0,0.0,-0.027,0.24,0,
1599,3,81.26,7.5,-2.621,1.0,0.0,0.03,0.104,1,
1600,0,76.29,60.26,1.921,1.0,0.0,-0.0,0.0,1,12.5
1600,1,136.5,71.53,0.093,0.56,0.0,-0.014,0.011,1,5.6
1600,2,124.07,59.93,-0.337,0.6,0.0,1.0,0.36,0,
1600,3,81.26,7.5,-2.598,0.0,0.0,1.0,0.0,0,
1601,0,76.29,60.26,1.921,1.0,0.0,-0.0,0.0,1,12.5
1601,1,136.5,71.55,0.091,0.56,0.0,-0.014,0.011,1,5.6
1601,2,124.52,59.77,-0.306,0.6,0.0,1.0,0.48,0,
1601,3,81.26,7.5,-2.559,0.0,0.0,1.0,0.0,0,
1602,0,76.29,60.26,1.921,1.0,0.0,-0.0,0.0,1,12.5
1602,1,136.5,71.56,0.089,0.56,0.0,-0.014,0.011,1,5.6
1602,2,125.09,59.59,-0.258,0.61,0.0,1.0,0.6,0,
1602,3,81.26,7.5,-2.502,0.0,0.0,1.0,0.0,0,
1603,0,76.29,60.26,1.921,1.0,0.0,-0.0,0.0,2,12.5
1603,1,136.5,71.57,0.087,0.56,0.0,-0.013,0.011,1,5.6
1603,2,125.79,59.4,-0.192,0.63,0.0,1.0,0.72,0,
1603,3,81.26,7.5,-2.427,0.0,0.0,1.0,0.0,0,
1604,0,76.29,60.26,1.921,1.0,0.0,-0.0,0.0,1,12.5
1604,1,136.5,71.58,0.085,0.56,0.0,-0.013,0.01,1,5.6
1604,2,126.61,59.24,-0.109,0.66,0.0,1.0,0.84,0,
1604,3,81.26,7.5,-2.335,0.0,0.0,1.0,0.0,0,
1605,0,76.29,60.26,1.921,1.0,0.0,-0.0,0.0,1,12.5
1605,1,136.5,71.59,0.083,0.559,0.0,-0.013,0.01,1,5.6
1605,2,127.57,59.14,-0.008,0.698,0.0,1.0,0.96,0,
1605,3,81.26,7.5,-2.225,0.0,0.0,1.0,0.0,0,
1606,0,76.29,60.26,1.921,1.0,0.0,-0.0,0.0,1,12.5
1606,1,136.5,71.74,0.081,0.559,0.0,-0.013,0.153,4,5.6
1606,2,128.57,59.01,0.11,0.743,0.0,1.0,1.012,1,
1606,3,81.26,7.5,-2.098,0.0,0.0,1.0,0.0,0,
1607,0,76.29,60.26,1.921,1.0,0.0,-0.0,0.0,8,12.5
1607,1,136.5,71.79,0.073,0.558,0.0,-0.049,0.045,4,5.6
1607,2,128.67,58.99,0.246,0.793,0.0,0.937,0.102,1,
1607,3,81.26,7.5,-1.953,0.0,0.0,1.0,0.0,0,
1608,0,76.29,60.26,1.921,1.0,0.0,-0.0,0.0,1,12.5
1608,1,136.5,71.84,0.065,0.558,0.0,-0.049,0.051,4,5.6
1608,2,128.77,58.98,0.364,0.866,0.0,0.749,0.095,1,
1608,3,81.26,7.5,-1.796,0.0,0.0,1.0,0.0,0,
1609,0,76.29,60.26,1.921,1.0,0.0,-0.0,0.0,1,12.5
1609,1,136.5,71.89,0.057,0.558,0.0,-0.051,0.055,4,5.6
1609,2,128.85,58.99,0.465,0.917,0.0,0.585,0.088,1,
1609,3,81.26,7.5,-1.639,0.0,0.0,1.0,0.0,0,
1610,0,76.29,60.26,1.921,1.0,0.0,-0.0,0.0,8,12.5
1610,1,136.5,71.95,0.049,0.558,0.0,-0.054,0.058,4,5.6
1610,2,128.94,59.0,0.548,0.952,0.0,0.446,0.082,1,
1610,3,81.26,7.5,-1.482,0.0,0.0,1.0,0.0,0,
1611,0,76.29,60.26,1.921,1.0,0.0,-0.0,0.0,1,12.5
1611,1,136.5,72.01,0.04,0.557,0.0,-0.057,0.06,4,5.6
1611,2,129.01,59.01,0.614,0.973,0.0,0.331,0.077,1,
1611,3,81.26,7.5,-1.325,0.0,0.0,1.0,0.0,0,
1612,0,76.29,60.26,1.921,1.0,0.0,-0.0,0.0,1,12.5
1612,1,136.5,72.07,0.03,0.557,0.0,-0.059,0.061,4,5.6
1612,2,129.08,59.03,0.662,0.986,0.0,0.24,0.074,1,
1612,3,81.29,7.5,-1.168,0.1,0.0,1.0,0.029,1,
1613,0,76.29,60.26,1.921,1.0,0.0,-0.0,0.0,1,12.5
1613,1,136.5,72.13,0.021,0.557,0.0,-0.062,0.062,4,5.6
1613,2,129.15,59.06,0.693,0.993,0.0,0.174,0.071,1,
1613,3,81.34,7.5,-1.011,0.254,0.0,1.0,0.047,1,
1614,0,76.29,60.26,1.921,1.0,0.0,-0.0,0.0,1,12.5
1614,1,136.5,72.2,0.011,0.557,0.0,-0.064,0.062,4,5.6
1614,2,129.21,59.09,0.714,0.996,0.0,0.132,0.069,1,
1614,3,81.4,7.5,-0.854,0.402,0.0,1.0,0.064,1,
1615,0,76.29,60.26,1.921,1.0,0.0,-0.0,0.0,8,12.5
1615,1,136.5,72.26,0.0,0.558,0.0,-0.065,0.062,4,5.6
1615,2,129.27,59.11,0.73,0.997,0.0,0.105,0.068,1,
1615,3,81.48,7.5,-0.697,0.54,0.0,1.0,0.079,1,
1616,0,76.29,60.26,1.921,1.0,0.0,-0.0,0.0,8,12.5
1616,1,136.5,72.32,-0.01,0.558,0.0,-0.066,0.061,4,5.6
1616,2,129.34,59.14,0.743,0.998,0.0,0.083,0.067,1,
1616,3,81.57,7.5,-0.54,0.664,0.0,1.0,0.092,1,
1617,0,76.29,60.26,1.921,1.0,0.0,-0.0,0.0,1,12.5
1617,1,136.5,72.38,-0.021,0.558,0.0,-0.067,0.061,4,5.6
1617,2,129.39,59.17,0.754,0.999,0.0,0.066,0.066,1,
1617,3,81.68,7.5,-0.385,0.773,0.0,0.983,0.103,1,
1618,0,76.29,60.26,1.921,1.0,0.0,-0.0,0.0,1,12.5
1618,1,136.5,72.44,-0.031,0.559,0.0,-0.067,0.06,4,5.6
1618,2,129.45,59.2,0.762,0.999,0.0,0.053,0.065,1,
1618,3,81.79,7.5,-0.248,0.861,0.0,0.764,0.111,1,
1619,0,76.29,60.26,1.921,1.0,0.0,-0.0,0.0,8,12.5
1619,1,136.5,72.5,-0.042,0.559,0.0,-0.068,0.059,4,5.6
1619,2,129.51,59.23,0.769,1.0,0.0,0.043,0.065,1,
1619,3,81.91,7.5,-0.129,0.922,0.0,0.57,0.116,1,
1620,0,76.29,60.26,1.921,1.0,0.0,-0.0,0.0,1,12.5
1620,1,136.5,72.56,-0.052,0.559,0.0,-0.068,0.059,4,5.6
1620,2,129.57,59.25,0.775,1.0,0.0,0.035,0.064,1,
1620,3,82.02,7.5,-0.027,0.961,0.0,0.401,0.119,1,
1621,0,76.29,60.26,1.921,1.0,0.0,-0.0,0.0,1,12.5
1621,1,136.5,72.61,-0.063,0.56,0.0,-0.067,0.058,4,5.6
1621,2,129.63,59.28,0.779,1.0,0.0,0.029,0.064,1,
1621,3,82.14,7.5,0.057,0.984,0.0,0.257,0.12,1,
1622,0,76.29,60.26,1.921,1.0,0.0,-0.0,0.0,1,12.5
1622,1,136.5,72.67,-0.073,0.561,0.0,-0.067,0.057,4,5.6
1622,2,129.68,59.31,0.783,1.0,0.0,0.024,0.063,1,
1622,3,82.26,7.51,0.124,0.995,0.0,0.139,0.12,0,
1623,0,76.29,60.26,1.921,1.0,0.0,-0.0,0.0,1,12.5
1623,1,136.5,72.73,-0.084,0.561,0.0,-0.066,0.057,4,5.6
1623,2,129.74,59.34,0.786,1.0,0.0,0.02,0.063,1,
1623,3,82.5,7.54,0.173,1.0,0.0,0.044,0.24,0,
1624,0,76.29,60.26,1.921,1.0,0.0,-0.0,0.0,2,12.5
1624,1,136.5,72.78,-0.094,0.562,0.0,-0.066,0.056,4,5.6
1624,2,129.8,59.37,0.789,1.0,0.0,0.017,0.063,1,
1624,3,82.86,7.6,0.205,1.0,0.0,-0.025,0.36,0,
1625,0,76.29,60.26,1.921,1.0,0.0,-0.0,0.0,1,12.5
1625,1,136.5,72.84,-0.104,0.563,0.0,-0.065,0.055,4,5.6
1625,2,129.85,59.39,0.791,1.0,0.0,0.015,0.062,1,
1625,3,83.33,7.7,0.22,0.999,0.0,-0.069,0.48,0,
1626,0,76.29,60.26,1.921,1.0,0.0,-0.0,0.0,1,12.5
1626,1,136.5,72.89,-0.115,0.564,0.0,-0.064,0.055,4,5.7
1626,2,129.91,59.42,0.793,1.0,0.0,0.014,0.062,1,
1626,3,83.91,7.83,0.216,0.998,0.0,-0.089,0.6,0,
1627,0,76.29,60.26,1.921,1.0,0.0,-0.0,0.0,1,12.5
1627,1,136.5,72.95,-0.125,0.564,0.0,-0.064,0.054,4,5.7
1627,2,129.96,59.45,0.795,1.0,0.0,0.012,0.062,1,
1627,3,84.62,7.98,0.203,0.998,0.0,-0.084,0.72,0,
1628,0,76.29,60.26,1.921,1.0,0.0,-0.0,0.0,1,12.5
1628,1,136.5,73.0,-0.134,0.565,0.0,-0.063,0.053,4,5.7
1628,2,130.02,59.47,0.797,1.0,0.0,0.011,0.061,1,
1628,3,85.44,8.15,0.194,0.999,0.0,-0.061,0.84,0,
1629,0,76.29,60.26,1.921,1.0,0.0,-0.0,0.0,1,12.5
1629,1,136.5,73.05,-0.144,0.566,0.0,-0.062,0.052,4,5.7
1629,2,130.07,59.5,0.799,1.0,0.0,0.01,0.061,1,
1629,3,86.38,8.34,0.187,1.0,0.0,-0.04,0.96,0,
1630,0,76.29,60.26,1.921,1.0,0.0,-0.0,0.0,1,12.5
1630,1,136.5,73.11,-0.154,0.567,0.0,-0.061,0.052,4,5.7
1630,2,130.13,59.53,0.8,1.0,0.0,0.01,0.061,1,
1630,3,87.44,8.54,0.184,1.0,0.0,-0.019,1.08,0,
1631,0,76.29,60.26,1.921,1.0,0.0,-0.0,0.0,1,12.5
1631,1,136.5,73.16,-0.163,0.568,0.0,-0.06,0.051,4,5.7
1631,2,130.18,59.55,0.802,1.0,0.0,0.01,0.061,1,
1631,3,88.62,8.76,0.185,1.0,0.0,0.005,1.2,0,
1632,0,76.29,60.26,1.921,1.0,0.0,-0.0,0.0,8,12.5
1632,1,136.5,73.21,-0.172,0.569,0.0,-0.059,0.05,4,5.7
1632,2,130.24,59.58,0.803,1.0,0.0,0.009,0.061,1,
1632,3,89.92,9.0,0.19,1.0,0.0,0.031,1.32,0,
1633,0,76.29,60.26,1.921,1.0,0.0,-0.0,0.0,1,12.5
1633,1,136.5,73.26,-0.182,0.57,0.0,-0.058,0.05,4,5.7
1633,2,130.29,59.6,0.805,1.0,0.0,0.009,0.06,1,
1633,3,91.33,9.27,0.2,0.999,0.0,0.061,1.44,0,
1634,0,76.29,60.26,1.921,1.0,0.0,-0.0,0.0,1,12.5
1634,1,136.5,73.31,-0.191,0.571,0.0,-0.057,0.049,4,5.7
1634,2,130.35,59.63,0.806,1.0,0.0,0.009,0.06,1,
1634,3,92.8,9.57,0.215,0.998,0.0,0.096,1.497,0,
1635,0,76.29,60.26,1.921,1.0,0.0,-0.0,0.0,8,12.5
1635,1,136.5,73.35,-0.199,0.573,0.0,-0.056,0.048,4,5.7
1635,2,130.4,59.65,0.807,1.0,0.0,0.009,0.06,1,
1635,3,94.26,9.89,0.235,0.996,0.0,0.133,1.494,0,
1636,0,76.29,60.26,1.921,1.0,0.0,-0.0,0.0,1,12.5
1636,1,136.5,73.4,-0.208,0.574,0.0,-0.055,0.048,4,5.8
1636,2,130.46,59.67,0.809,1.0,0.0,0.009,0.06,1,
1636,3,95.71,10.23,0.262,0.993,0.0,0.169,1.489,0,
1637,0,76.29,60.26,1.921,1.0,0.0,-0.0,0.0,1,12.5
1637,1,136.5,73.45,-0.217,0.575,0.0,-0.055,0.047,4,5.8
1637,2,130.51,59.7,0.81,1.0,0.0,0.009,0.06,1,
1637,3,97.14,10.62,0.294,0.99,0.0,0.204,1.485,0,
1638,0,76.29,60.26,1.921,1.0,0.0,-0.0,0.0,8,12.5
1638,1,136.5,73.5,-0.225,0.576,0.0,-0.054,0.047,4,5.8
1638,2,130.57,59.72,0.812,1.0,0.0,0.009,0.06,1,
1638,3,98.56,11.05,0.331,0.987,0.0,0.235,1.48,0,
1639,0,76.29,60.26,1.921,1.0,0.0,-0.0,0.0,1,12.5
1639,1,136.5,73.54,-0.233,0.577,0.0,-0.053,0.046,4,5.8
1639,2,130.62,59.74,0.813,1.0,0.0,0.009,0.059,1,
1639,3,99.95,11.53,0.372,0.983,0.0,0.261,1.475,0,
1640,0,76.29,60.26,1.921,1.0,0.0,-0.0,0.0,8,12.5
1640,1,136.5,73.59,-0.242,0.578,0.0,-0.052,0.045,4,5.8
1640,2,130.68,59.76,0.814,1.0,0.0,0.009,0.059,1,
1640,3,101.32,12.06,0.416,0.981,0.0,0.282,1.471,0,
1641,0,76.29,60.26,1.921,1.0,0.0,-0.0,0.0,8,12.5
1641,1,136.5,73.63,-0.25,0.58,0.0,-0.051,0.045,4,5.8
1641,2,130.73,59.78,0.816,1.0,0.0,0.009,0.059,1,
1641,3,102.67,12.66,0.463,0.979,0.0,0.296,1.468,0,
1642,0,76.29,60.26,1.921,1.0,0.0,-0.0,0.0,1,12.5
1642,1,136.5,73.68,-0.257,0.581,0.0,-0.05,0.044,4,5.8
1642,2,130.79,59.81,0.817,1.0,0.0,0.009,0.059,1,
1642,3,103.98,13.31,0.51,0.978,0.0,0.302,1.467,0,
1643,0,76.29,60.26,1.921,1.0,0.0,-0.0,0.0,1,12.5
1643,1,136.5,73.72,-0.265,0.582,0.0,-0.049,0.044,4,5.8
1643,2,130.84,59.83,0.819,1.0,0.0,0.009,0.059,1,
1643,3,105.26,14.03,0.557,0.978,0.0,0.301,1.467,0,
1644,0,76.29,60.26,1.921,1.0,0.0,-0.0,0.0,8,12.5
1644,1,136.5,73.76,-0.273,0.583,0.0,-0.049,0.043,4,5.9
1644,2,130.9,59.85,0.82,1.0,0.0,0.01,0.059,1,
1644,3,106.5,14.8,0.603,0.979,0.0,0.292,1.469,0,
1645,0,76.29,60.26,1.921,1.0,0.0,-0.0,0.0,8,12.5
1645,1,136.5,73.81,-0.28,0.585,0.0,-0.048,0.043,4,5.9
1645,2,130.95,59.87,0.822,1.0,0.0,0.01,0.059,1,
1645,3,107.72,15.64,0.642,0.985,0.0,0.247,1.478,0,
1646,0,76.29,60.26,1.921,1.0,0.0,-0.0,0.0,8,12.5
1646,1,136.5,73.85,-0.288,0.586,0.0,-0.047,0.042,4,5.9
1646,2,131.01,59.89,0.823,1.0,0.0,0.01,0.059,1,
1646,3,108.91,16.53,0.673,0.99,0.0,0.2,1.485,0,
1647,0,76.29,60.26,1.921,1.0,0.0,-0.0,0.0,8,12.5
1647,1,136.5,73.89,-0.295,0.587,0.0,-0.046,0.042,4,5.9
1647,2,131.06,59.91,0.825,1.0,0.0,0.01,0.059,1,
1647,3,110.08,17.46,0.699,0.994,0.0,0.161,1.49,0,
1648,0,76.29,60.26,1.921,1.0,0.0,-0.0,0.0,1,12.5
1648,1,136.5,73.93,-0.302,0.589,0.0,-0.045,0.041,4,5.9
1648,2,131.12,59.93,0.826,1.0,0.0,0.01,0.058,1,
1648,3,111.22,18.42,0.719,0.996,0.0,0.131,1.494,0,
1649,0,76.29,60.26,1.921,1.0,0.0,-0.0,0.0,1,12.5
1649,1,136.5,73.97,-0.309,0.59,0.0,-0.045,0.041,4,5.9
1649,2,131.17,59.95,0.828,1.0,0.0,0.01,0.058,1,
1649,3,112.35,19.41,0.736,0.997,0.0,0.106,1.496,0,
1650,0,76.29,60.26,1.921,1.0,0.0,-0.0,0.0,1,12.5
1650,1,136.5,74.01,-0.316,0.591,0.0,-0.044,0.04,4,5.9
1650,2,131.23,59.97,0.83,1.0,0.0,0.01,0.058,1,
1650,3,113.46,20.41,0.749,0.998,0.0,0.086,1.497,0,
1651,0,76.29,60.26,1.921,1.0,0.0,-0.0,0.0,8,12.5
1651,1,136.5,74.05,-0.323,0.593,0.0,-0.043,0.04,4,5.9
1651,2,131.28,59.99,0.831,1.0,0.0,0.01,0.058,1,
1651,3,114.55,21.43,0.76,0.999,0.0,0.07,1.498,0,
1652,0,76.29,60.26,1.921,1.0,0.0,-0.0,0.0,1,12.5
1652,1,136.5,74.09,-0.329,0.594,0.0,-0.042,0.039,4,6.0
1652,2,131.34,60.01,0.833,1.0,0.0,0.011,0.058,1,
1652,3,115.64,22.46,0.769,0.999,0.0,0.057,1.499,0,
1653,0,76.29,60.26,1.921,1.0,0.0,-0.0,0.0,1,12.5
1653,1,136.5,74.13,-0.336,0.595,0.0,-0.042,0.039,4,6.0
1653,2,131.39,60.02,0.835,1.0,0.0,0.011,0.058,1,
1653,3,116.71,23.51,0.777,0.999,0.0,0.047,1.499,0,
1654,0,76.29,60.26,1.921,1.0,0.0,-0.0,0.0,1,12.5
1654,1,136.5,74.17,-0.342,0.597,0.0,-0.041,0.038,4,6.0
1654,2,131.45,60.04,0.836,1.0,0.0,0.011,0.058,1,
1654,3,117.78,24.56,0.783,1.0,0.0,0.038,1.499,0,
1655,0,76.29,60.26,1.921,1.0,0.0,-0.0,0.0,1,12.5
1655,1,136.5,74.2,-0.349,0.598,0.0,-0.04,0.038,4,6.0
1655,2,131.51,60.06,0.838,1.0,0.0,0.011,0.058,1,
1655,3,118.85,25.62,0.788,1.0,0.0,0.031,1.5,0,
1656,0,76.29,60.26,1.921,1.0,0.0,-0.0,0.0,1,12.5
1656,1,136.5,74.24,-0.355,0.6,0.0,-0.04,0.037,4,6.0
1656,2,131.56,60.08,0.84,1.0,0.0,0.011,0.058,1,
1656,3,119.91,26.68,0.792,1.0,0.0,0.026,1.5,0,
1657,0,76.29,60.26,1.921,1.0,0.0,-0.0,0.0,1,12.5
1657,1,136.5,74.28,-0.361,0.601,0.0,-0.039,0.037,4,6.0
1657,2,131.62,60.1,0.842,1.0,0.0,0.011,0.058,1,
1657,3,120.96,27.75,0.795,1.0,0.0,0.021,1.5,0,
1658,0,76.29,60.26,1.921,1.0,0.0,-0.0,0.0,1,12.5
1658,1,136.5,74.32,-0.367,0.602,0.0,-0.038,0.036,4,6.0
1658,2,131.67,60.11,0.843,1.0,0.0,0.011,0.058,1,
1658,3,122.01,28.82,0.798,1.0,0.0,0.018,1.5,0,
1659,0,76.29,60.26,1.921,1.0,0.0,-0.0,0.0,1,12.5
1659,1,136.5,74.35,-0.373,0.604,0.0,-0.038,0.036,4,6.1
1659,2,131.73,60.13,0.845,1.0,0.0,0.012,0.058,1,
1659,3,123.06,29.89,0.8,1.0,0.0,0.015,1.5,0,
1660,0,76.29,60.26,1.921,1.0,0.0,-0.0,0.0,1,12.5
1660,1,136.5,74.39,-0.379,0.605,0.0,-0.037,0.036,4,6.1
1660,2,131.78,60.15,0.847,1.0,0.0,0.012,0.058,1,
1660,3,124.1,30.97,0.802,1.0,0.0,0.012,1.5,0,
1661,0,76.29,60.26,1.921,1.0,0.0,-0.0,0.0,1,12.5
1661,1,136.5,74.42,-0.384,0.607,0.0,-0.036,0.035,4,6.1
1661,2,131.84,60.16,0.849,1.0,0.0,0.012,0.058,1,
1661,3,125.14,32.05,0.804,1.0,0.0,0.01,1.5,0,
1662,0,76.29,60.26,1.921,1.0,0.0,-0.0,0.0,1,12.5
1662,1,136.5,74.46,-0.39,0.608,0.0,-0.036,0.035,4,6.1
1662,2,131.89,60.18,0.851,1.0,0.0,0.012,0.058,1,
1662,3,126.19,33.13,0.805,1.0,0.0,0.009,1.5,0,
1663,0,76.29,60.26,1.921,1.0,0.0,-0.0,0.0,1,12.5
1663,1,136.5,74.49,-0.396,0.609,0.0,-0.035,0.034,4,6.1
1663,2,131.95,60.2,0.853,1.0,0.0,0.012,0.058,1,
1663,3,127.23,34.21,0.806,1.0,0.0,0.007,1.5,0,
1664,0,76.29,60.26,1.921,1.0,0.0,-0.0,0.0,1,12.5
1664,1,136.5,74.52,-0.401,0.611,0.0,-0.035,0.034,4,6.1
1664,2,132.0,60.21,0.855,1.0,0.0,0.012,0.058,1,
1664,3,128.26,35.29,0.807,1.0,0.0,0.006,1.5,0,
1665,0,76.29,60.26,1.921,1.0,0.0,-0.0,0.0,1,12.5
1665,1,136.5,74.56,-0.406,0.612,0.0,-0.034,0.033,4,6.1
1665,2,132.06,60.23,0.857,1.0,0.0,0.012,0.058,1,
1665,3,129.3,36.37,0.808,1.0,0.0,0.005,1.5,0,
1666,0,76.29,60.26,1.921,1.0,0.0,-0.0,0.0,1,12.5
1666,1,136.5,74.59,-0.412,0.614,0.0,-0.034,0.033,4,6.2
1666,2,132.11,60.25,0.859,1.0,0.0,0.013,0.058,1,
1666,3,130.34,37.46,0.809,1.0,0.0,0.005,1.5,0,
1667,0,76.29,60.26,1.921,1.0,0.0,-0.0,0.0,1,12.5
1667,1,136.5,74.62,-0.417,0.615,0.0,-0.033,0.033,4,6.2
1667,2,132.17,60.26,0.861,1.0,0.0,0.013,0.058,1,
1667,3,131.37,38.54,0.809,1.0,0.0,0.004,1.5,0,
1668,0,76.29,60.26,1.921,1.0,0.0,-0.0,0.0,1,12.5
1668,1,136.5,74.66,-0.422,0.616,0.0,-0.032,0.032,4,6.2
1668,2,132.23,60.28,0.863,1.0,0.0,0.013,0.058,1,
1668,3,132.41,39.63,0.81,1.0,0.0,0.004,1.5,0,
1669,0,76.29,60.26,1.921,1.0,0.0,-0.0,0.0,1,12.5
1669,1,136.5,74.69,-0.427,0.618,0.0,-0.032,0.032,4,6.2
1669,2,132.28,60.29,0.865,1.0,0.0,0.013,0.058,1,
1669,3,133.44,40.71,0.81,1.0,0.0,0.003,1.5,0,
1670,0,76.29,60.26,1.921,1.0,0.0,-0.0,0.0,1,12.5
1670,1,136.5,74.72,-0.432,0.619,0.0,-0.031,0.032,4,6.2
1670,2,132.34,60.31,0.867,1.0,0.0,0.013,0.058,1,
1670,3,134.48,41.8,0.811,1.0,0.0,0.003,1.5,0,
1671,0,76.29,60.26,1.921,1.0,0.0,-0.0,0.0,1,12.5
1671,1,136.5,74.75,-0.437,0.621,0.0,-0.031,0.031,4,6.2
1671,2,132.39,60.32,0.869,1.0,0.0,0.013,0.058,1,
1671,3,135.4,42.77,0.829,0.632,0.0,1.0,1.34,0,
1672,0,76.29,60.26,1.921,1.0,0.0,-0.0,0.0,1,12.5
1672,1,136.5,74.78,-0.442,0.622,0.0,-0.03,0.031,4,6.2
1672,2,132.45,60.34,0.871,1.0,0.0,0.013,0.058,1,
1672,3,136.2,43.64,0.864,0.579,0.0,1.0,1.18,0,
1673,0,76.29,60.26,1.921,1.0,0.0,-0.0,0.0,1,12.5
1673,1,136.5,74.81,-0.446,0.623,0.0,-0.03,0.031,4,6.2
1673,2,132.51,60.35,0.873,1.0,0.0,0.014,0.058,1,
1673,3,136.5,44.42,0.917,0.597,0.0,1.0,0.833,1,
1674,0,76.29,60.26,1.921,1.0,0.0,-0.0,0.0,1,12.5
1674,1,136.5,74.84,-0.451,0.625,0.0,-0.03,0.03,4,6.3
1674,2,132.56,60.37,0.875,1.0,0.0,0.014,0.058,1,
1674,3,136.5,44.51,0.988,0.634,0.0,1.0,0.095,1,
1675,0,76.29,60.26,1.921,1.0,0.0,-0.0,0.0,1,12.5
1675,1,136.5,74.87,-0.456,0.626,0.0,-0.029,0.03,4,6.3
1675,2,132.62,60.38,0.877,1.0,0.0,0.014,0.058,1,
1675,3,136.5,44.61,1.076,0.687,0.0,1.0,0.1,1,
1676,0,76.29,60.26,1.921,1.0,0.0,-0.0,0.0,1,12.5
1676,1,136.5,74.9,-0.46,0.627,0.0,-0.029,0.03,4,6.3
1676,2,132.67,60.4,0.88,1.0,0.0,0.014,0.058,1,
1676,3,136.5,44.72,1.181,0.748,0.0,1.0,0.106,1,
1677,0,76.29,60.26,1.921,1.0,0.0,-0.0,0.0,1,12.5
1677,1,136.5,74.93,-0.464,0.629,0.0,-0.028,0.029,4,6.3
1677,2,132.73,60.41,0.882,1.0,0.0,0.014,0.058,1,
1677,3,136.5,44.83,1.304,0.813,0.0,0.887,0.111,1,
1678,0,76.29,60.26,1.921,1.0,0.0,-0.0,0.0,1,12.5
1678,1,136.5,74.96,-0.469,0.63,0.0,-0.028,0.029,4,6.3
1678,2,132.79,60.43,0.884,1.0,0.0,0.014,0.058,1,
1678,3,136.5,44.95,1.416,0.878,0.0,0.712,0.116,1,
1679,0,76.29,60.26,1.921,1.0,0.0,-0.0,0.0,1,12.5
1679,1,136.5,74.99,-0.473,0.631,0.0,-0.027,0.029,4,6.3
1679,2,132.84,60.44,0.886,1.0,0.0,0.014,0.058,1,
1679,3,136.5,45.06,1.51,0.926,0.0,0.553,0.119,1,
1680,0,76.29,60.26,1.921,1.0,0.0,-0.0,0.0,1,12.5
1680,1,136.5,75.02,-0.477,0.633,0.0,-0.027,0.028,4,6.3
1680,2,132.9,60.46,0.889,1.0,0.0,0.015,0.058,1,
1680,3,136.5,45.18,1.622,0.129,0.0,1.0,0.12,1,
1681,0,76.29,60.26,1.921,1.0,0.0,-0.0,0.0,1,12.5
1681,1,136.5,75.05,-0.481,0.634,0.0,-0.026,0.028,4,6.4
1681,2,132.95,60.47,0.891,1.0,0.0,0.015,0.058,1,
1681,3,136.49,45.3,1.752,0.232,0.0,1.0,0.12,0,
1682,0,76.29,60.26,1.921,1.0,0.0,-0.0,0.0,1,12.5
1682,1,136.5,75.07,-0.486,0.635,0.0,-0.026,0.028,4,6.4
1682,2,133.01,60.48,0.893,1.0,0.0,0.015,0.058,1,
1682,3,136.45,45.54,1.899,0.35,0.0,1.0,0.24,0,
1683,0,76.29,60.26,1.921,1.0,0.0,-0.0,0.0,1,12.5
1683,1,136.5,75.11,-0.49,0.637,0.0,-0.026,0.033,10,6.4
1683,2,133.06,60.51,0.896,1.0,0.0,0.015,0.056,6,
1683,3,136.34,45.87,2.056,0.472,0.0,1.0,0.347,3,
1684,0,76.29,60.26,1.921,1.0,0.0,-0.0,0.0,1,12.5
1684,1,136.5,75.17,-0.494,0.638,0.0,-0.026,0.059,10,6.4
1684,2,133.1,60.56,0.898,1.0,0.0,0.014,0.063,6,
1684,3,136.3,45.9,2.213,0.59,0.0,1.0,0.055,3,
1685,0,76.29,60.26,1.921,1.0,0.0,-0.0,0.0,1,12.5
1685,1,136.5,75.22,-0.499,0.641,0.0,-0.032,0.058,10,6.4
1685,2,133.13,60.61,0.9,1.0,0.0,0.011,0.061,6,
1685,3,136.24,45.93,2.37,0.707,0.0,1.0,0.065,3,
1686,0,76.29,60.26,1.921,1.0,0.0,-0.0,0.0,1,12.5
1686,1,136.5,75.28,-0.504,0.644,0.0,-0.036,0.055,10,6.5
1686,2,133.17,60.66,0.901,1.0,0.0,0.008,0.06,6,
1686,3,136.17,45.96,2.511,0.809,0.0,0.899,0.077,3,
1687,0,76.29,60.26,1.921,1.0,0.0,-0.0,0.0,1,12.5
1687,1,136.5,75.33,-0.511,0.647,0.0,-0.039,0.052,10,6.5
1687,2,133.21,60.7,0.902,1.0,0.0,0.006,0.059,6,
1687,3,136.08,45.97,2.635,0.883,0.0,0.698,0.088,3,
1688,0,76.29,60.26,1.921,1.0,0.0,-0.0,0.0,1,12.5
1688,1,136.5,75.38,-0.517,0.65,0.0,-0.04,0.048,10,6.5
1688,2,133.25,60.74,0.903,1.0,0.0,0.005,0.058,6,
1688,3,135.98,45.99,2.741,0.934,0.0,0.522,0.097,3,
1689,0,76.29,60.26,1.921,1.0,0.0,-0.0,0.0,1,12.5
1689,1,136.5,75.42,-0.523,0.652,0.0,-0.04,0.044,10,6.5
1689,2,133.3,60.77,0.903,1.0,0.0,0.005,0.057,6,
1689,3,135.88,45.99,2.829,0.967,0.0,0.37,0.104,3,
1690,0,76.29,60.26,1.921,1.0,0.0,-0.0,0.0,1,12.5
1690,1,136.5,75.47,-0.529,0.654,0.0,-0.039,0.041,10,6.6
1690,2,133.35,60.8,0.904,1.0,0.0,0.006,0.057,6,
1690,3,135.77,46.0,2.901,0.986,0.0,0.243,0.109,3,
1691,0,76.29,60.26,1.921,1.0,0.0,-0.0,0.0,1,12.5
1691,1,136.5,75.5,-0.535,0.657,0.0,-0.038,0.038,10,6.6
1691,2,133.4,60.83,0.905,1.0,0.0,0.006,0.057,6,
1691,3,135.66,46.0,2.954,0.995,0.0,0.14,0.112,3,
1692,0,76.29,60.26,1.921,1.0,0.0,-0.0,0.0,1,12.5
1692,1,136.5,75.54,-0.541,0.659,0.0,-0.036,0.035,10,6.6
1692,2,133.45,60.85,0.906,1.0,0.0,0.007,0.057,6,
1692,3,135.54,46.0,2.99,0.999,0.0,0.062,0.115,3,
1693,0,76.29,60.26,1.921,1.0,0.0,-0.0,0.0,1,12.5
1693,1,136.5,75.57,-0.546,0.66,0.0,-0.035,0.033,10,6.6
1693,2,133.5,60.87,0.908,1.0,0.0,0.008,0.057,6,
1693,3,135.43,46.0,3.009,1.0,0.0,0.009,0.116,3,
1694,0,76.29,60.26,1.921,1.0,0.0,-0.0,0.0,1,12.5
1694,1,136.5,75.6,-0.552,0.662,0.0,-0.033,0.031,10,6.6
1694,2,133.56,60.9,0.909,1.0,0.0,0.009,0.058,6,
1694,3,135.31,46.0,3.01,1.0,0.0,-0.019,0.117,3,
1695,0,76.29,60.26,1.921,1.0,0.0,-0.0,0.0,1,12.5
1695,1,136.5,75.63,-0.556,0.664,0.0,-0.031,0.031,10,6.7
1695,2,133.61,60.91,0.911,1.0,0.0,0.01,0.058,6,
1695,3,135.19,46.0,3.007,1.0,0.0,-0.022,0.117,3,
1696,0,76.29,60.26,1.921,1.0,0.0,-0.0,0.0,1,12.5
1696,1,136.5,75.66,-0.561,0.666,0.0,-0.03,0.03,10,6.7
1696,2,133.67,60.93,0.912,1.0,0.0,0.011,0.058,6,
1696,3,135.07,46.0,3.004,1.0,0.0,-0.019,0.118,3,
1697,0,76.29,60.26,1.921,1.0,0.0,-0.0,0.0,1,12.5
1697,1,136.5,75.69,-0.566,0.667,0.0,-0.028,0.029,10,6.7
1697,2,133.72,60.95,0.914,1.0,0.0,0.012,0.058,6,
1697,3,134.96,46.0,3.001,1.0,0.0,-0.016,0.118,3,
1698,0,76.29,60.26,1.921,1.0,0.0,-0.0,0.0,1,12.5
1698,1,136.5,75.72,-0.57,0.669,0.0,-0.027,0.028,10,6.7
1698,2,133.78,60.97,0.916,1.0,0.0,0.013,0.058,6,
1698,3,134.84,46.01,2.999,1.0,0.0,-0.014,0.118,3,
1699,0,76.29,60.26,1.921,1.0,0.0,-0.0,0.0,1,12.5
1699,1,136.5,75.75,-0.574,0.67,0.0,-0.026,0.027,10,6.7
1699,2,133.83,60.99,0.918,1.0,0.0,0.013,0.059,6,
1699,3,134.72,46.01,2.997,1.0,0.0,-0.012,0.118,3,
1700,0,76.29,60.26,1.921,1.0,0.0,-0.0,0.0,1,12.5
1700,1,136.5,75.77,-0.578,0.672,0.0,-0.025,0.027,10,6.7
1700,2,133.89,61.0,0.921,1.0,0.0,0.014,0.059,6,
1700,3,134.6,46.02,2.996,1.0,0.0,-0.01,0.118,3,
1701,0,76.29,60.26,1.921,1.0,0.0,-0.0,0.0,1,12.5
1701,1,136.5,75.8,-0.582,0.673,0.0,-0.024,0.026,10,6.7
1701,2,133.95,61.02,0.923,1.0,0.0,0.014,0.059,6,
1701,3,134.48,46.03,2.994,1.0,0.0,-0.009,0.119,3,
1702,0,76.29,60.26,1.921,1.0,0.0,-0.0,0.0,1,12.5
1702,1,136.5,75.82,-0.585,0.675,0.0,-0.023,0.025,10,6.8
1702,2,134.0,61.03,0.925,1.0,0.0,0.015,0.059,6,
1702,3,134.37,46.04,2.993,1.0,0.0,-0.008,0.119,3,
1703,0,76.29,60.26,1.921,1.0,0.0,-0.0,0.0,1,12.5
1703,1,136.5,75.85,-0.589,0.676,0.0,-0.022,0.024,10,6.8
1703,2,134.06,61.05,0.928,1.0,0.0,0.016,0.059,6,
1703,3,134.25,46.05,2.992,1.0,0.0,-0.007,0.119,3,
1704,0,76.29,60.26,1.921,1.0,0.0,-0.0,0.0,1,12.5
1704,1,136.5,75.87,-0.592,0.678,0.0,-0.022,0.023,10,6.8
1704,2,134.12,61.06,0.93,1.0,0.0,0.016,0.059,6,
1704,3,134.13,46.06,2.991,1.0,0.0,-0.006,0.119,3,
1705,0,76.29,60.26,1.921,1.0,0.0,-0.0,0.0,1,12.5
1705,1,136.5,75.89,-0.595,0.679,0.0,-0.021,0.022,10,6.8
1705,2,134.18,61.08,0.933,1.0,0.0,0.016,0.059,6,
1705,3,134.01,46.08,2.99,1.0,0.0,-0.005,0.12,3,
1706,0,76.29,60.26,1.921,1.0,0.0,-0.0,0.0,1,12.5
1706,1,136.5,75.92,-0.599,0.68,0.0,-0.02,0.021,10,6.8
1706,2,134.24,61.09,0.935,1.0,0.0,0.017,0.06,6,
1706,3,133.89,46.09,2.989,1.0,0.0,-0.004,0.12,3,
1707,0,76.29,60.26,1.921,1.0,0.0,-0.0,0.0,1,12.5
1707,1,136.5,75.94,-0.602,0.682,0.0,-0.019,0.021,10,6.8
1707,2,134.29,61.1,0.938,1.0,0.0,0.017,0.06,6,
1707,3,133.77,46.11,2.989,1.0,0.0,-0.004,0.12,3,
1708,0,76.29,60.26,1.921,1.0,0.0,-0.0,0.0,1,12.5
1708,1,136.5,75.96,-0.605,0.683,0.0,-0.018,0.02,10,6.8
1708,2,134.35,61.11,0.941,1.0,0.0,0.018,0.059,6,
1708,3,133.65,46.13,2.988,1.0,0.0,-0.003,0.12,3,
1709,0,76.29,60.26,1.921,1.0,0.0,-0.0,0.0,1,12.5
1709,1,136.5,75.98,-0.607,0.684,0.0,-0.018,0.019,4,6.9
1709,2,134.41,61.12,0.944,1.0,0.0,0.018,0.06,1,
1709,3,133.54,46.15,2.988,1.0,0.0,-0.002,0.12,0,
1710,0,76.29,60.26,1.921,1.0,0.0,-0.0,0.0,1,12.5
1710,1,136.5,76.0,-0.61,0.685,0.0,-0.017,0.02,10,6.9
1710,2,134.47,61.13,0.947,1.0,0.0,0.019,0.06,6,
1710,3,133.3,46.18,2.988,1.0,0.0,-0.002,0.24,3,
1711,0,76.29,60.26,1.921,1.0,0.0,-0.0,0.0,1,12.5
1711,1,136.5,76.01,-0.613,0.686,0.0,-0.017,0.019,4,6.9
1711,2,134.53,61.14,0.95,1.0,0.0,0.019,0.06,1,
1711,3,133.18,46.2,2.987,1.0,0.0,-0.002,0.12,0,
1712,0,76.29,60.26,1.921,1.0,0.0,-0.0,0.0,1,12.5
1712,1,136.5,76.03,-0.615,0.687,0.0,-0.016,0.019,4,6.9
1712,2,134.59,61.16,0.953,1.0,0.0,0.019,0.06,1,
1712,3,132.94,46.23,2.987,1.0,0.0,-0.001,0.24,0,
1713,0,76.29,60.26,1.921,1.0,0.0,-0.0,0.0,1,12.5
1713,1,136.5,76.05,-0.618,0.688,0.0,-0.016,0.019,4,6.9
1713,2,134.64,61.17,0.956,1.0,0.0,0.019,0.06,1,
1713,3,132.59,46.29,2.987,1.0,0.0,-0.001,0.36,0,
1714,0,76.29,60.26,1.921,1.0,0.0,-0.0,0.0,1,12.5
1714,1,136.5,76.07,-0.62,0.689,0.0,-0.015,0.018,4,6.9
1714,2,134.7,61.18,0.959,1.0,0.0,0.02,0.06,1,
1714,3,132.11,46.36,2.987,1.0,0.0,-0.001,0.48,0,
1715,0,76.29,60.26,1.921,1.0,0.0,-0.0,0.0,1,12.5
1715,1,136.5,76.09,-0.622,0.691,0.0,-0.015,0.018,4,6.9
1715,2,134.76,61.19,0.962,1.0,0.0,0.02,0.06,1,
1715,3,131.59,46.45,2.987,1.0,0.0,-0.001,0.525,8,
1716,0,76.29,60.26,1.921,1.0,0.0,-0.0,0.0,1,12.5
1716,1,136.5,76.11,-0.625,0.692,0.0,-0.015,0.018,4,6.9
1716,2,134.82,61.2,0.965,1.0,0.0,0.02,0.06,1,
1716,3,131.59,46.45,2.987,1.0,0.0,-0.001,0.0,8,
1717,0,76.29,60.26,1.921,1.0,0.0,-0.0,0.0,1,12.5
1717,1,136.5,76.13,-0.627,0.693,0.0,-0.014,0.018,4,6.9
1717,2,134.88,61.21,0.968,1.0,0.0,0.02,0.06,1,
1717,3,131.59,46.45,2.987,1.0,0.0,-0.0,0.0,8,
1718,0,76.29,60.26,1.921,1.0,0.0,-0.0,0.0,1,12.5
1718,1,136.5,76.14,-0.629,0.694,0.0,-0.014,0.018,4,6.9
1718,2,134.94,61.22,0.971,1.0,0.0,0.02,0.06,1,
1718,3,131.59,46.44,2.987,1.0,0.0,-0.0,0.0,1,
1719,0,76.29,60.26,1.921,1.0,0.0,-0.0,0.0,1,12.5
1719,1,136.5,76.16,-0.631,0.695,0.0,-0.014,0.018,4,7.0
1719,2,135.0,61.24,0.975,1.0,0.0,0.02,0.06,1,
1719,3,131.59,46.44,2.986,1.0,0.0,-0.0,0.0,1,
1720,0,76.29,60.26,1.921,1.0,0.0,-0.0,0.0,1,12.5
1720,1,136.5,76.18,-0.633,0.696,0.0,-0.014,0.018,4,7.0
1720,2,135.06,61.25,0.995,0.647,0.0,1.0,0.06,1,
1720,3,131.59,46.44,2.969,0.067,0.0,-1.0,0.0,8,
1721,0,76.29,60.26,1.921,1.0,0.0,-0.0,0.0,1,12.5
1721,1,136.5,76.2,-0.635,0.697,0.0,-0.014,0.018,4,7.0
1721,2,135.11,61.26,1.033,0.662,0.0,1.0,0.058,1,
1721,3,131.59,46.45,2.934,0.084,0.0,-1.0,0.002,1,
1722,0,76.29,60.26,1.921,1.0,0.0,-0.0,0.0,1,12.5
1722,1,136.5,76.21,-0.638,0.698,0.0,-0.013,0.019,4,7.0
1722,2,135.17,61.27,1.089,0.689,0.0,1.0,0.055,1,
1722,3,131.6,46.45,2.881,0.119,0.0,-1.0,0.006,1,
1723,0,76.29,60.26,1.921,1.0,0.0,-0.0,0.0,1,12.5
1723,1,136.5,76.23,-0.64,0.699,0.0,-0.013,0.02,4,7.0
1723,2,135.21,61.29,1.162,0.728,0.0,1.0,0.05,1,
1723,3,131.6,46.47,2.811,0.171,0.0,-1.0,0.013,8,
1724,0,76.29,60.26,1.921,1.0,0.0,-0.0,0.0,1,12.5
1724,1,136.5,76.26,-0.642,0.7,0.0,-0.014,0.021,4,7.0
1724,2,135.25,61.31,1.253,0.775,0.0,0.976,0.044,1,
1724,3,131.6,46.49,2.724,0.24,0.0,-1.0,0.021,1,
1725,0,76.29,60.26,1.921,1.0,0.0,-0.0,0.0,1,12.5
1725,1,136.5,76.28,-0.644,0.702,0.0,-0.014,0.023,4,7.0
1725,2,135.28,61.33,1.361,0.829,0.0,0.848,0.036,1,
1725,3,131.61,46.52,2.619,0.325,0.0,-1.0,0.032,8,
1726,0,76.29,60.26,1.921,1.0,0.0,-0.0,0.0,1,12.5
1726,1,136.5,76.3,-0.646,0.703,0.0,-0.015,0.024,4,7.0
1726,2,135.3,61.35,1.47,0.884,0.0,0.694,0.028,1,
1726,3,131.61,46.56,2.496,0.423,0.0,-1.0,0.044,1,
1727,0,76.29,60.26,1.921,1.0,0.0,-0.0,0.0,1,12.5
1727,1,136.5,76.33,-0.649,0.704,0.0,-0.015,0.024,4,7.1
1727,2,135.31,61.37,1.562,0.93,0.0,0.539,0.024,1,
1727,3,131.62,46.62,2.356,0.532,0.0,-1.0,0.058,8,
1728,0,76.29,60.26,1.921,1.0,0.0,-0.0,0.0,1,12.5
1728,1,136.5,76.35,-0.651,0.706,0.0,-0.016,0.024,4,7.1
1728,2,135.3,61.4,1.636,0.959,0.0,0.408,0.025,1,
1728,3,131.63,46.69,2.199,0.646,0.0,-1.0,0.073,8,
1729,0,76.29,60.26,1.921,1.0,0.0,-0.0,0.0,1,12.5
1729,1,136.5,76.37,-0.654,0.707,0.0,-0.016,0.023,4,7.1
1729,2,135.28,61.42,1.692,0.978,0.0,0.303,0.029,1,
1729,3,131.64,46.78,2.042,0.759,0.0,-1.0,0.087,8,
1730,0,76.29,60.26,1.921,1.0,0.0,-0.0,0.0,1,12.5
1730,1,136.5,76.4,-0.656,0.709,0.0,-0.016,0.022,4,7.1
1730,2,135.26,61.45,1.731,0.988,0.0,0.222,0.033,1,
1730,3,131.65,46.88,1.902,0.853,0.0,-0.784,0.1,8,
1731,0,76.29,60.26,1.921,1.0,0.0,-0.0,0.0,1,12.5
1731,1,136.5,76.44,-0.659,0.71,0.0,-0.016,0.047,10,7.1
1731,2,135.24,61.5,1.757,0.993,0.0,0.166,0.054,6,
1731,3,131.66,46.93,1.78,0.919,0.0,-0.58,0.056,10,
1732,0,76.29,60.26,1.921,1.0,0.0,-0.0,0.0,1,12.5
1732,1,136.5,76.5,-0.662,0.713,0.0,-0.02,0.053,10,7.2
1732,2,135.23,61.55,1.778,0.996,0.0,0.128,0.058,6,
1732,3,131.67,46.98,1.676,0.96,0.0,-0.404,0.05,10,
1733,0,76.29,60.26,1.921,1.0,0.0,-0.0,0.0,1,12.5
1733,1,136.5,76.55,-0.666,0.716,0.0,-0.024,0.055,10,7.2
1733,2,135.21,61.61,1.793,0.998,0.0,0.1,0.06,6,
1733,3,131.67,47.03,1.589,0.984,0.0,-0.252,0.051,8,
1734,0,76.29,60.26,1.921,1.0,0.0,-0.0,0.0,1,12.5
1734,1,136.5,76.61,-0.67,0.72,0.0,-0.027,0.055,10,7.2
1734,2,135.19,61.67,1.805,0.999,0.0,0.077,0.061,6,
1734,3,131.68,47.08,1.519,0.996,0.0,-0.126,0.051,11,
1735,0,76.29,60.26,1.921,1.0,0.0,-0.0,0.0,1,12.5
1735,1,136.5,76.66,-0.674,0.723,0.0,-0.029,0.055,10,7.3
1735,2,135.16,61.72,1.815,0.999,0.0,0.06,0.062,6,
1735,3,131.68,47.13,1.467,1.0,0.0,-0.024,0.051,16,
1736,0,76.29,60.26,1.921,1.0,0.0,-0.0,0.0,1,12.5
1736,1,136.5,76.72,-0.679,0.727,0.0,-0.031,0.055,10,7.3
1736,2,135.14,61.78,1.822,0.999,0.0,0.046,0.062,6,
1736,3,131.69,47.18,1.432,0.999,0.0,0.052,0.05,12,
1737,0,76.29,60.26,1.921,1.0,0.0,-0.0,0.0,1,12.5
1737,1,136.5,76.77,-0.684,0.73,0.0,-0.032,0.054,10,7.3
1737,2,135.11,61.84,1.828,1.0,0.0,0.036,0.062,6,
1737,3,131.69,47.23,1.415,0.997,0.0,0.104,0.05,12,
1738,0,76.29,60.26,1.921,1.0,0.0,-0.0,0.0,1,12.5
1738,1,136.5,76.82,-0.689,0.734,0.0,-0.033,0.054,10,7.4
1738,2,135.09,61.89,1.832,1.0,0.0,0.027,0.063,6,
1738,3,131.7,47.28,1.416,0.996,0.0,0.13,0.05,8,
1739,0,76.29,60.26,1.921,1.0,0.0,-0.0,0.0,1,12.5
1739,1,136.5,76.88,-0.695,0.737,0.0,-0.034,0.054,10,7.4
1739,2,135.06,61.95,1.835,1.0,0.0,0.021,0.063,6,
1739,3,131.7,47.33,1.434,0.996,0.0,0.131,0.049,11,
1740,0,76.29,60.26,1.921,1.0,0.0,-0.0,0.0,1,12.5
1740,1,136.5,76.93,-0.7,0.741,0.0,-0.034,0.054,10,7.4
1740,2,135.03,62.01,1.838,1.0,0.0,0.016,0.063,6,
1740,3,131.7,47.38,1.451,0.997,0.0,0.108,0.049,12,
1741,0,76.29,60.26,1.921,1.0,0.0,-0.0,0.0,1,12.5
1741,1,136.5,76.99,-0.705,0.744,0.0,-0.034,0.054,10,7.5
1741,2,135.0,62.06,1.84,1.0,0.0,0.012,0.064,6,
1741,3,131.71,47.43,1.464,0.998,0.0,0.085,0.049,12,
1742,0,76.29,60.26,1.921,1.0,0.0,-0.0,0.0,1,12.5
1742,1,136.5,77.04,-0.711,0.748,0.0,-0.034,0.053,10,7.5
1742,2,134.97,62.12,1.841,1.0,0.0,0.009,0.064,6,
1742,3,131.71,47.48,1.475,0.999,0.0,0.068,0.049,12,
1743,0,76.29,60.26,1.921,1.0,0.0,-0.0,0.0,1,12.5
1743,1,136.5,77.09,-0.716,0.752,0.0,-0.034,0.053,10,7.6
1743,2,134.94,62.18,1.842,1.0,0.0,0.007,0.064,6,
1743,3,131.72,47.53,1.483,0.999,0.0,0.055,0.049,9,
1744,0,76.29,60.26,1.921,1.0,0.0,-0.0,0.0,1,12.5
1744,1,136.5,77.15,-0.721,0.755,0.0,-0.034,0.053,10,7.6
1744,2,134.91,62.23,1.843,1.0,0.0,0.005,0.064,6,
1744,3,131.72,47.58,1.49,1.0,0.0,0.044,0.049,7,
1745,0,76.29,60.26,1.921,1.0,0.0,-0.0,0.0,1,12.5
1745,1,136.5,77.2,-0.727,0.759,0.0,-0.034,0.053,10,7.6
1745,2,134.88,62.29,1.843,1.0,0.0,0.003,0.064,6,
1745,3,131.72,47.63,1.496,1.0,0.0,0.036,0.049,15,
1746,0,76.29,60.26,1.921,1.0,0.0,-0.0,0.0,1,12.5
1746,1,136.5,77.25,-0.732,0.762,0.0,-0.033,0.053,10,7.7
1746,2,134.85,62.35,1.844,1.0,0.0,0.002,0.065,6,
1746,3,131.72,47.68,1.501,1.0,0.0,0.03,0.049,9,
1747,0,76.29,60.26,1.921,1.0,0.0,-0.0,0.0,1,12.5
1747,1,136.5,77.3,-0.737,0.766,0.0,-0.033,0.053,10,7.7
1747,2,134.82,62.4,1.844,1.0,0.0,0.001,0.065,6,
1747,3,131.73,47.72,1.504,1.0,0.0,0.025,0.049,9,
1748,0,76.29,60.26,1.921,1.0,0.0,-0.0,0.0,1,12.5
1748,1,136.5,77.36,-0.742,0.77,0.0,-0.033,0.052,10,7.7
1748,2,134.78,62.46,1.844,1.0,0.0,0.001,0.065,6,
1748,3,131.73,47.77,1.508,1.0,0.0,0.021,0.049,12,
1749,0,76.29,60.26,1.921,1.0,0.0,-0.0,0.0,1,12.5
1749,1,136.5,77.41,-0.747,0.773,0.0,-0.032,0.052,10,7.8
1749,2,134.75,62.51,1.844,1.0,0.0,0.0,0.065,6,
1749,3,131.73,47.82,1.51,1.0,0.0,0.018,0.049,15,
1750,0,76.29,60.26,1.921,1.0,0.0,-0.0,0.0,1,12.5
1750,1,136.5,77.46,-0.753,0.777,0.0,-0.032,0.052,10,7.8
1750,2,134.72,62.57,1.844,1.0,0.0,-0.0,0.065,6,
1750,3,131.73,47.87,1.513,1.0,0.0,0.015,0.049,12,
1751,0,76.29,60.26,1.921,1.0,0.0,-0.0,0.0,1,12.5
1751,1,136.5,77.51,-0.757,0.78,0.0,-0.032,0.052,10,7.8
1751,2,134.68,62.63,1.844,1.0,0.0,-0.001,0.066,6,
1751,3,131.74,47.92,1.515,1.0,0.0,0.014,0.049,12,
1752,0,76.29,60.26,1.921,1.0,0.0,-0.0,0.0,1,12.5
1752,1,136.5,77.56,-0.762,0.784,0.0,-0.031,0.052,10,7.9
1752,2,134.65,62.68,1.843,1.0,0.0,-0.005,0.066,6,
1752,3,131.74,47.97,1.517,1.0,0.0,0.012,0.049,9,
1753,0,76.29,60.26,1.921,1.0,0.0,-0.0,0.0,1,12.5
1753,1,136.5,77.62,-0.767,0.788,0.0,-0.031,0.051,10,7.9
1753,2,134.61,62.74,1.842,1.0,0.0,-0.007,0.066,6,
1753,3,131.74,48.02,1.519,1.0,0.0,0.011,0.049,6,
1754,0,76.29,60.26,1.921,1.0,0.0,-0.0,0.0,1,12.5
1754,1,136.5,77.67,-0.772,0.791,0.0,-0.031,0.051,10,8.0
1754,2,134.58,62.79,1.84,1.0,0.0,-0.009,0.066,6,
1754,3,131.74,48.06,1.52,1.0,0.0,0.01,0.049,9,
1755,0,76.29,60.26,1.921,1.0,0.0,-0.0,0.0,1,12.5
1755,1,136.5,77.72,-0.777,0.795,0.0,-0.03,0.051,10,8.0
1755,2,134.54,62.85,1.839,1.0,0.0,-0.011,0.066,6,
1755,3,131.74,48.11,1.522,1.0,0.0,0.009,0.049,12,
1756,0,76.29,60.26,1.921,1.0,0.0,-0.0,0.0,1,12.5
1756,1,136.5,77.77,-0.782,0.799,0.0,-0.03,0.051,10,8.0
1756,2,134.51,62.91,1.837,1.0,0.0,-0.012,0.066,6,
1756,3,131.74,48.16,1.523,1.0,0.0,0.009,0.049,9,
1757,0,76.29,60.26,1.921,1.0,0.0,-0.0,0.0,1,12.5
1757,1,136.5,77.82,-0.786,0.802,0.0,-0.029,0.051,10,8.1
1757,2,134.47,62.96,1.835,1.0,0.0,-0.013,0.066,6,
1757,3,131.74,48.21,1.524,1.0,0.0,0.008,0.049,6,
1758,0,76.29,60.26,1.921,1.0,0.0,-0.0,0.0,1,12.5
1758,1,136.5,77.87,-0.791,0.806,0.0,-0.029,0.05,10,8.1
1758,2,134.43,63.02,1.832,1.0,0.0,-0.014,0.067,6,
1758,3,131.74,48.26,1.525,1.0,0.0,0.008,0.049,12,
1759,0,76.29,60.26,1.921,1.0,0.0,-0.0,0.0,1,12.5
1759,1,136.5,77.92,-0.795,0.81,0.0,-0.029,0.05,10,8.1
1759,2,134.4,63.07,1.83,1.0,0.0,-0.015,0.067,6,
1759,3,131.74,48.31,1.527,1.0,0.0,0.007,0.049,9,
1760,0,76.29,60.26,1.921,1.0,0.0,-0.0,0.0,1,12.5
1760,1,136.5,77.97,-0.8,0.813,0.0,-0.028,0.05,10,8.2
1760,2,134.36,63.13,1.828,1.0,0.0,-0.016,0.067,6,
1760,3,131.74,48.36,1.528,1.0,0.0,0.007,0.049,12,
1761,0,76.29,60.26,1.921,1.0,0.0,-0.0,0.0,1,12.5
1761,1,136.5,78.02,-0.804,0.817,0.0,-0.028,0.05,10,8.2
1761,2,134.32,63.18,1.825,1.0,0.0,-0.016,0.067,6,
1761,3,131.74,48.41,1.529,1.0,0.0,0.007,0.049,12,
1762,0,76.29,60.26,1.921,1.0,0.0,-0.0,0.0,1,12.5
1762,1,136.5,78.07,-0.808,0.821,0.0,-0.028,0.05,10,8.2
1762,2,134.28,63.24,1.823,1.0,0.0,-0.016,0.067,6,
1762,3,131.74,48.45,1.53,1.0,0.0,0.007,0.049,15,
1763,0,76.29,60.26,1.921,1.0,0.0,-0.0,0.0,1,12.5
1763,1,136.5,78.12,-0.813,0.824,0.0,-0.027,0.05,10,8.3
1763,2,134.24,63.29,1.82,1.0,0.0,-0.017,0.067,6,
1763,3,131.74,48.5,1.531,1.0,0.0,0.006,0.049,10,
1764,0,76.29,60.26,1.921,1.0,0.0,-0.0,0.0,1,12.5
1764,1,136.5,78.17,-0.817,0.828,0.0,-0.027,0.049,10,8.3
1764,2,134.21,63.35,1.817,1.0,0.0,-0.017,0.067,6,
1764,3,131.74,48.55,1.532,1.0,0.0,0.006,0.049,9,
1765,0,76.29,60.26,1.921,1.0,0.0,-0.0,0.0,1,12.5
1765,1,136.5,78.22,-0.821,0.832,0.0,-0.027,0.049,10,8.4
1765,2,134.17,63.4,1.815,1.0,0.0,-0.017,0.067,6,
1765,3,131.74,48.6,1.533,1.0,0.0,0.006,0.049,12,
1766,0,76.29,60.26,1.921,1.0,0.0,-0.0,0.0,1,12.5
1766,1,136.5,78.27,-0.825,0.835,0.0,-0.026,0.049,10,8.4
1766,2,134.13,63.46,1.812,1.0,0.0,-0.017,0.067,6,
1766,3,131.74,48.65,1.534,1.0,0.0,0.006,0.049,15,
1767,0,76.29,60.26,1.921,1.0,0.0,-0.0,0.0,1,12.5
1767,1,136.5,78.32,-0.829,0.839,0.0,-0.026,0.049,10,8.4
1767,2,134.09,63.51,1.809,1.0,0.0,-0.017,0.068,6,
1767,3,131.74,48.7,1.535,1.0,0.0,0.006,0.049,9,
1768,0,76.29,60.26,1.921,1.0,0.0,-0.0,0.0,1,12.5
1768,1,136.5,78.36,-0.833,0.842,0.0,-0.026,0.049,10,8.5
1768,2,134.05,63.57,1.806,1.0,0.0,-0.018,0.068,6,
1768,3,131.74,48.75,1.535,1.0,0.0,0.006,0.049,15,
1769,0,76.29,60.26,1.921,1.0,0.0,-0.0,0.0,1,12.5
1769,1,136.5,78.41,-0.837,0.846,0.0,-0.025,0.048,10,8.5
1769,2,134.01,63.62,1.804,1.0,0.0,-0.018,0.068,6,
1769,3,131.74,48.8,1.536,1.0,0.0,0.005,0.049,9,
1770,0,76.29,60.26,1.921,1.0,0.0,-0.0,0.0,1,12.5
1770,1,136.5,78.46,-0.841,0.85,0.0,-0.025,0.048,10,8.5
1770,2,133.97,63.68,1.801,1.0,0.0,-0.018,0.068,6,
1770,3,131.74,48.85,1.537,1.0,0.0,0.005,0.049,12,
1771,0,76.29,60.26,1.921,1.0,0.0,-0.0,0.0,1,12.5
1771,1,136.5,78.51,-0.845,0.853,0.0,-0.025,0.048,10,8.6
1771,2,133.93,63.73,1.798,1.0,0.0,-0.018,0.068,6,
1771,3,131.73,48.9,1.538,1.0,0.0,0.005,0.049,9,
1772,0,76.29,60.26,1.921,1.0,0.0,-0.0,0.0,1,12.5
1772,1,136.5,78.56,-0.849,0.857,0.0,-0.024,0.048,10,8.6
1772,2,133.89,63.79,1.795,1.0,0.0,-0.018,0.068,6,
1772,3,131.73,48.94,1.539,1.0,0.0,0.005,0.049,12,
1773,0,76.29,60.26,1.921,1.0,0.0,-0.0,0.0,1,12.5
1773,1,136.5,78.6,-0.853,0.861,0.0,-0.024,0.048,10,8.6
1773,2,133.85,63.84,1.792,1.0,0.0,-0.018,0.068,6,
1773,3,131.73,48.99,1.54,1.0,0.0,0.005,0.049,9,
1774,0,76.29,60.26,1.921,1.0,0.0,-0.0,0.0,1,12.5
1774,1,136.5,78.65,-0.856,0.864,0.0,-0.024,0.047,10,8.7
1774,2,133.81,63.9,1.79,1.0,0.0,-0.018,0.068,6,
1774,3,131.73,49.04,1.54,1.0,0.0,0.005,0.049,12,
1775,0,76.29,60.26,1.921,1.0,0.0,-0.0,0.0,1,12.5
1775,1,136.5,78.7,-0.86,0.868,0.0,-0.023,0.047,10,8.7
1775,2,133.77,63.95,1.787,1.0,0.0,-0.018,0.069,6,
1775,3,131.72,49.09,1.541,1.0,0.0,0.005,0.05,9,
1776,0,76.29,60.26,1.921,1.0,0.0,-0.0,0.0,1,12.5
1776,1,136.5,78.75,-0.864,0.872,0.0,-0.023,0.047,10,8.8
1776,2,133.73,64.01,1.784,1.0,0.0,-0.018,0.069,6,
1776,3,131.72,49.14,1.542,1.0,0.0,0.005,0.05,11,
1777,0,76.29,60.26,1.921,1.0,0.0,-0.0,0.0,1,12.5
1777,1,136.5,78.79,-0.867,0.875,0.0,-0.023,0.047,10,8.8
1777,2,133.68,64.06,1.781,1.0,0.0,-0.018,0.069,6,
1777,3,131.72,49.19,1.543,1.0,0.0,0.005,0.05,8,
1778,0,76.29,60.26,1.921,1.0,0.0,-0.0,0.0,1,12.5
1778,1,136.5,78.84,-0.871,0.879,0.0,-0.023,0.047,10,8.8
1778,2,133.64,64.12,1.778,1.0,0.0,-0.019,0.069,6,
1778,3,131.71,49.24,1.543,1.0,0.0,0.004,0.05,8,
1779,0,76.29,60.26,1.921,1.0,0.0,-0.0,0.0,1,12.5
1779,1,136.5,78.89,-0.874,0.882,0.0,-0.022,0.047,10,8.9
1779,2,133.6,64.17,1.775,1.0,0.0,-0.019,0.069,6,
1779,3,131.71,49.29,1.544,1.0,0.0,0.004,0.05,11,
1780,0,76.29,60.26,1.921,1.0,0.0,-0.0,0.0,1,12.5
1780,1,136.5,78.93,-0.878,0.886,0.0,-0.022,0.046,10,8.9
1780,2,133.56,64.23,1.772,1.0,0.0,-0.019,0.069,6,
1780,3,131.71,49.34,1.545,1.0,0.0,0.004,0.05,5,
1781,0,76.29,60.26,1.921,1.0,0.0,-0.0,0.0,1,12.5
1781,1,136.5,78.98,-0.881,0.89,0.0,-0.022,0.046,10,8.9
1781,2,133.52,64.28,1.769,1.0,0.0,-0.019,0.069,6,
1781,3,131.7,49.39,1.545,1.0,0.0,0.004,0.05,11,
1782,0,76.29,60.26,1.921,1.0,0.0,-0.0,0.0,1,12.5
1782,1,136.5,79.02,-0.885,0.893,0.0,-0.022,0.046,10,9.0
1782,2,133.47,64.34,1.766,1.0,0.0,-0.019,0.069,6,
1782,3,131.7,49.44,1.546,1.0,0.0,0.004,0.05,8,
1783,0,76.29,60.26,1.921,1.0,0.0,-0.0,0.0,1,12.5
1783,1,136.5,79.07,-0.888,0.897,0.0,-0.021,0.046,10,9.0
1783,2,133.43,64.39,1.763,1.0,0.0,-0.019,0.07,6,
1783,3,131.69,49.49,1.546,1.0,0.0,0.004,0.05,11,
1784,0,76.29,60.26,1.921,1.0,0.0,-0.0,0.0,1,12.5
1784,1,136.5,79.12,-0.891,0.9,0.0,-0.021,0.046,10,9.0
1784,2,133.39,64.45,1.76,1.0,0.0,-0.019,0.07,6,
1784,3,131.69,49.54,1.547,1.0,0.0,0.004,0.05,7,
1785,0,76.29,60.26,1.921,1.0,0.0,-0.0,0.0,1,12.5
1785,1,136.5,79.16,-0.895,0.904,0.0,-0.021,0.045,10,9.1
1785,2,133.34,64.5,1.757,1.0,0.0,-0.019,0.07,6,
1785,3,131.68,49.59,1.548,1.0,0.0,0.004,0.05,7,
1786,0,76.29,60.26,1.921,1.0,0.0,-0.0,0.0,1,12.5
1786,1,136.5,79.21,-0.898,0.908,0.0,-0.02,0.045,10,9.1
1786,2,133.3,64.55,1.754,1.0,0.0,-0.019,0.07,6,
1786,3,131.68,49.64,1.548,1.0,0.0,0.003,0.051,3,
1787,0,76.29,60.26,1.921,1.0,0.0,-0.0,0.0,1,12.5
1787,1,136.5,79.25,-0.901,0.911,0.0,-0.02,0.045,10,9.1
1787,2,133.25,64.61,1.751,1.0,0.0,-0.019,0.07,6,
1787,3,131.68,49.69,1.549,1.0,0.0,0.003,0.051,3,
1788,0,76.29,60.26,1.921,1.0,0.0,-0.0,0.0,1,12.5
1788,1,136.5,79.3,-0.904,0.915,0.0,-0.02,0.045,10,9.2
1788,2,133.21,64.66,1.748,1.0,0.0,-0.019,0.07,6,
1788,3,131.67,49.74,1.549,1.0,0.0,0.003,0.051,3,
1789,0,76.29,60.26,1.921,1.0,0.0,-0.0,0.0,1,12.5
1789,1,136.5,79.34,-0.907,0.918,0.0,-0.02,0.045,10,9.2
1789,2,133.17,64.72,1.745,1.0,0.0,-0.02,0.071,6,
1789,3,131.67,49.79,1.55,1.0,0.0,0.003,0.051,3,
1790,0,76.29,60.26,1.921,1.0,0.0,-0.0,0.0,1,12.5
1790,1,136.5,79.38,-0.91,0.922,0.0,-0.02,0.045,10,9.3
1790,2,133.12,64.77,1.742,1.0,0.0,-0.02,0.071,6,
1790,3,131.66,49.84,1.55,1.0,0.0,0.003,0.051,3,
1791,0,76.29,60.26,1.921,1.0,0.0,-0.0,0.0,1,12.5
1791,1,136.5,79.43,-0.913,0.925,0.0,-0.019,0.044,10,9.3
1791,2,133.08,64.83,1.739,1.0,0.0,-0.02,0.071,6,
1791,3,131.66,49.9,1.551,1.0,0.0,0.003,0.051,3,
1792,0,76.29,60.26,1.921,1.0,0.0,-0.0,0.0,1,12.5
1792,1,136.5,79.47,-0.916,0.929,0.0,-0.019,0.044,10,9.3
1792,2,133.03,64.88,1.736,1.0,0.0,-0.02,0.071,6,
1792,3,131.65,49.95,1.551,1.0,0.0,0.003,0.051,3,
1793,0,76.29,60.26,1.921,1.0,0.0,-0.0,0.0,1,12.5
1793,1,136.5,79.52,-0.919,0.933,0.0,-0.019,0.044,10,9.4
1793,2,132.98,64.94,1.733,1.0,0.0,-0.02,0.071,6,
1793,3,131.65,50.0,1.552,1.0,0.0,0.003,0.051,3,
1794,0,76.29,60.26,1.921,1.0,0.0,-0.0,0.0,1,12.5
1794,1,136.5,79.56,-0.922,0.936,0.0,-0.019,0.044,10,9.4
1794,2,132.94,64.99,1.729,1.0,0.0,-0.02,0.072,6,
1794,3,131.65,50.05,1.552,1.0,0.0,0.004,0.051,3,
1795,0,76.29,60.26,1.921,1.0,0.0,-0.0,0.0,1,12.5
1795,1,136.5,79.6,-0.925,0.94,0.0,-0.018,0.044,10,9.4
1795,2,132.89,65.05,1.726,1.0,0.0,-0.02,0.072,6,
1795,3,131.64,50.1,1.553,1.0,0.0,0.004,0.052,3,
1796,0,76.29,60.26,1.921,1.0,0.0,-0.0,0.0,1,12.5
1796,1,136.5,79.65,-0.928,0.943,0.0,-0.018,0.044,10,9.5
1796,2,132.85,65.1,1.723,1.0,0.0,-0.02,0.072,6,
1796,3,131.64,50.15,1.553,1.0,0.0,0.004,0.052,3,
1797,0,76.29,60.26,1.921,1.0,0.0,-0.0,0.0,1,12.5
1797,1,136.5,79.69,-0.931,0.947,0.0,-0.018,0.043,10,9.5
1797,2,132.8,65.16,1.72,1.0,0.0,-0.02,0.072,6,
1797,3,131.64,50.2,1.554,1.0,0.0,0.004,0.052,3,
1798,0,76.29,60.26,1.921,1.0,0.0,-0.0,0.0,1,12.5
1798,1,136.5,79.73,-0.934,0.95,0.0,-0.018,0.043,10,9.5
1798,2,132.75,65.21,1.717,1.0,0.0,-0.02,0.072,6,
1798,3,131.63,50.26,1.555,1.0,0.0,0.004,0.052,3,
1799,0,76.29,60.26,1.921,1.0,0.0,-0.0,0.0,1,12.5
1799,1,136.5,79.78,-0.936,0.954,0.0,-0.018,0.043,10,9.6
1799,2,132.71,65.27,1.713,1.0,0.0,-0.021,0.073,6,
1799,3,131.63,50.31,1.555,1.0,0.0,0.004,0.052,3,
1800,0,76.29,60.26,1.921,1.0,0.0,-0.0,0.0,1,12.5
1800,1,136.5,79.82,-0.939,0.957,0.0,-0.017,0.043,10,9.6
1800,2,132.66,65.32,1.71,1.0,0.0,-0.021,0.073,6,
1800,3,131.63,50.36,1.556,1.0,0.0,0.004,0.052,3,
1801,0,76.29,60.26,1.921,1.0,0.0,-0.0,0.0,1,12.5
1801,1,136.5,79.86,-0.942,0.961,0.0,-0.017,0.043,10,9.6
1801,2,132.61,65.38,1.707,1.0,0.0,-0.021,0.073,6,
1801,3,131.63,50.41,1.557,1.0,0.0,0.004,0.052,3,
1802,0,76.29,60.26,1.921,1.0,0.0,-0.0,0.0,1,12.5
1802,1,136.5,79.91,-0.945,0.964,0.0,-0.017,0.042,10,9.7
1802,2,132.56,65.43,1.704,1.0,0.0,-0.021,0.073,6,
1802,3,131.62,50.46,1.557,1.0,0.0,0.005,0.053,3,
1803,0,76.29,60.26,1.921,1.0,0.0,-0.0,0.0,1,12.5
1803,1,136.5,79.95,-0.947,0.968,0.0,-0.017,0.042,10,9.7
1803,2,132.52,65.49,1.7,1.0,0.0,-0.021,0.073,6,
1803,3,131.62,50.52,1.558,1.0,0.0,0.005,0.053,3,
1804,0,76.29,60.26,1.921,1.0,0.0,-0.0,0.0,1,12.5
1804,1,136.5,79.99,-0.95,0.971,0.0,-0.017,0.042,10,9.7
1804,2,132.47,65.55,1.697,1.0,0.0,-0.021,0.074,6,
1804,3,131.62,50.57,1.559,1.0,0.0,0.005,0.053,3,
1805,0,76.29,60.26,1.921,1.0,0.0,-0.0,0.0,1,12.5
1805,1,136.5,80.03,-0.952,0.974,0.0,-0.016,0.042,10,9.8
1805,2,132.42,65.6,1.694,1.0,0.0,-0.021,0.074,6,
1805,3,131.62,50.62,1.56,1.0,0.0,0.005,0.053,3,
1806,0,76.29,60.26,1.921,1.0,0.0,-0.0,0.0,1,12.5
1806,1,136.5,80.07,-0.955,0.978,0.0,-0.016,0.042,10,9.8
1806,2,132.37,65.66,1.69,1.0,0.0,-0.021,0.074,6,
1806,3,131.61,50.68,1.561,1.0,0.0,0.005,0.053,3,
1807,0,76.29,60.26,1.921,1.0,0.0,-0.0,0.0,1,12.5
1807,1,136.5,80.12,-0.957,0.981,0.0,-0.016,0.042,10,9.8
1807,2,132.32,65.71,1.687,1.0,0.0,-0.021,0.074,6,
1807,3,131.61,50.73,1.579,0.982,0.0,0.275,0.053,3,
1808,0,76.29,60.26,1.921,1.0,0.0,-0.0,0.0,1,12.5
1808,1,136.5,80.16,-0.96,0.985,0.0,-0.016,0.041,10,9.9
1808,2,132.27,65.77,1.683,1.0,0.0,-0.022,0.074,6,
1808,3,131.61,50.78,1.615,0.985,0.0,0.249,0.054,3,
1809,0,76.29,60.26,1.921,1.0,0.0,-0.0,0.0,1,12.5
1809,1,136.5,80.2,-0.962,0.988,0.0,-0.016,0.041,10,9.9
1809,2,132.22,65.82,1.68,1.0,0.0,-0.022,0.074,6,
1809,3,131.6,50.84,1.646,0.99,0.0,0.198,0.054,3,
1810,0,76.29,60.26,1.921,1.0,0.0,-0.0,0.0,1,12.5
1810,1,136.5,80.24,-0.965,0.992,0.0,-0.016,0.041,10,9.9
1810,2,132.17,65.88,1.677,1.0,0.0,-0.022,0.075,6,
1810,3,131.59,50.89,1.67,0.994,0.0,0.153,0.055,3,
1811,0,76.29,60.26,1.921,1.0,0.0,-0.0,0.0,1,12.5
1811,1,136.5,80.28,-0.967,0.995,0.0,-0.015,0.04,10,10.0
1811,2,132.12,65.93,1.673,1.0,0.0,-0.022,0.075,6,
1811,3,131.57,50.94,1.688,0.997,0.0,0.119,0.056,3,
1812,0,76.29,60.26,1.921,1.0,0.0,-0.0,0.0,1,12.5
1812,1,136.5,80.32,-0.97,0.998,0.0,-0.015,0.04,10,10.0
1812,2,132.07,65.99,1.67,1.0,0.0,-0.022,0.075,6,
1812,3,131.56,51.0,1.703,0.998,0.0,0.092,0.057,3,
1813,0,76.29,60.26,1.921,1.0,0.0,-0.0,0.0,1,12.5
1813,1,136.5,80.36,-0.972,1.0,0.0,-0.015,0.04,10,10.0
1813,2,132.02,66.05,1.666,1.0,0.0,-0.022,0.075,6,
1813,3,131.54,51.05,1.714,0.999,0.0,0.071,0.057,3,
1814,0,76.29,60.26,1.921,1.0,0.0,-0.0,0.0,1,12.5
1814,1,136.5,80.4,-0.974,1.0,0.0,-0.015,0.04,10,10.1
1814,2,131.97,66.1,1.663,1.0,0.0,-0.022,0.075,6,
1814,3,131.52,51.11,1.723,0.999,0.0,0.055,0.058,3,
1815,0,76.29,60.26,1.921,1.0,0.0,-0.0,0.0,1,12.5
1815,1,136.5,80.44,-0.977,1.0,0.0,-0.015,0.039,10,10.1
1815,2,131.92,66.16,1.659,1.0,0.0,-0.022,0.075,6,
1815,3,131.5,51.16,1.729,1.0,0.0,0.043,0.058,3,
1816,0,76.29,60.26,1.921,1.0,0.0,-0.0,0.0,1,12.5
1816,1,136.5,80.48,-0.979,1.0,0.0,-0.014,0.039,10,10.1
1816,2,131.87,66.21,1.656,1.0,0.0,-0.022,0.075,6,
1816,3,131.48,51.22,1.735,1.0,0.0,0.033,0.059,3,
1817,0,76.29,60.26,1.921,1.0,0.0,-0.0,0.0,1,12.5
1817,1,136.5,80.52,-0.981,1.0,0.0,-0.014,0.039,10,10.2
1817,2,131.82,66.27,1.652,1.0,0.0,-0.022,0.075,6,
1817,3,131.46,51.27,1.739,1.0,0.0,0.025,0.059,3,
1818,0,76.29,60.26,1.921,1.0,0.0,-0.0,0.0,1,12.5
1818,1,136.5,80.56,-0.983,1.0,0.0,-0.014,0.039,10,10.2
1818,2,131.77,66.32,1.649,1.0,0.0,-0.023,0.075,6,
1818,3,131.44,51.33,1.742,1.0,0.0,0.019,0.059,3,
1819,0,76.29,60.26,1.921,1.0,0.0,-0.0,0.0,1,12.5
1819,1,136.5,80.59,-0.985,1.0,0.0,-0.014,0.039,10,10.2
1819,2,131.72,66.38,1.645,1.0,0.0,-0.023,0.076,6,
1819,3,131.42,51.38,1.744,1.0,0.0,0.015,0.059,3,
1820,0,76.29,60.26,1.921,1.0,0.0,-0.0,0.0,1,12.5
1820,1,136.5,80.63,-0.988,1.0,0.0,-0.014,0.039,10,10.3
1820,2,131.67,66.44,1.641,1.0,0.0,-0.023,0.076,6,
1820,3,131.39,51.44,1.746,1.0,0.0,0.011,0.059,3,
1821,0,76.29,60.26,1.921,1.0,0.0,-0.0,0.0,1,12.5
1821,1,136.5,80.67,-0.99,1.0,0.0,-0.014,0.038,10,10.3
1821,2,131.62,66.49,1.638,1.0,0.0,-0.023,0.076,6,
1821,3,131.37,51.49,1.747,1.0,0.0,0.008,0.06,3,
1822,0,76.29,60.26,1.921,1.0,0.0,-0.0,0.0,1,12.5
1822,1,136.5,80.71,-0.992,1.0,0.0,-0.013,0.038,10,10.3
1822,2,131.56,66.55,1.634,1.0,0.0,-0.023,0.076,6,
1822,3,131.35,51.55,1.748,1.0,0.0,0.006,0.06,3,
1823,0,76.29,60.26,1.921,1.0,0.0,-0.0,0.0,1,12.5
1823,1,136.5,80.75,-0.994,1.0,0.0,-0.013,0.038,10,10.4
1823,2,131.51,66.6,1.631,1.0,0.0,-0.023,0.076,6,
1823,3,131.33,51.6,1.749,1.0,0.0,0.005,0.06,3,
1824,0,76.29,60.26,1.921,1.0,0.0,-0.0,0.0,1,12.5
1824,1,136.5,80.79,-0.996,1.0,0.0,-0.013,0.038,10,10.4
1824,2,131.46,66.66,1.627,1.0,0.0,-0.023,0.076,6,
1824,3,131.31,51.66,1.749,1.0,0.0,0.003,0.06,3,
1825,0,76.29,60.26,1.921,1.0,0.0,-0.0,0.0,1,12.5
1825,1,136.5,80.82,-0.998,1.0,0.0,-0.013,0.039,10,10.4
1825,2,131.41,66.72,1.623,1.0,0.0,-0.023,0.078,6,
1825,3,131.29,51.72,1.75,1.0,0.0,0.002,0.059,9,
1826,0,76.29,60.26,1.921,1.0,0.0,-0.0,0.0,1,12.5
1826,1,136.5,80.86,-1.0,1.0,0.0,-0.013,0.039,10,10.5
1826,2,131.36,66.77,1.62,1.0,0.0,-0.023,0.078,6,
1826,3,131.27,51.77,1.75,1.0,0.0,0.002,0.059,9,
1827,0,76.29,60.26,1.921,1.0,0.0,-0.0,0.0,1,12.5
1827,1,136.5,80.9,-1.002,1.0,0.0,-0.013,0.038,10,10.5
1827,2,131.31,66.83,1.616,1.0,0.0,-0.024,0.078,6,
1827,3,131.26,51.83,1.75,1.0,0.0,0.001,0.06,12,
1828,0,76.29,60.26,1.921,1.0,0.0,-0.0,0.0,1,12.5
1828,1,136.5,80.94,-1.004,1.0,0.0,-0.013,0.038,10,10.5
1828,2,131.25,66.89,1.612,1.0,0.0,-0.024,0.078,6,
1828,3,131.24,51.89,1.75,1.0,0.0,0.001,0.06,6,
1829,0,76.29,60.26,1.921,1.0,0.0,-0.0,0.0,1,12.5
1829,1,136.5,80.98,-1.006,1.0,0.0,-0.013,0.038,10,10.6
1829,2,131.2,66.95,1.609,1.0,0.0,-0.024,0.078,6,
1829,3,131.22,51.95,1.75,1.0,0.0,0.001,0.06,15,
1830,0,76.29,60.26,1.921,1.0,0.0,-0.0,0.0,1,12.5
1830,1,136.5,81.01,-1.008,1.0,0.0,-0.012,0.038,10,10.6
1830,2,131.15,67.0,1.605,1.0,0.0,-0.024,0.078,6,
1830,3,131.21,52.0,1.75,1.0,0.0,0.0,0.06,9,
1831,0,76.29,60.26,1.921,1.0,0.0,-0.0,0.0,1,12.5
1831,1,136.5,81.05,-1.01,1.0,0.0,-0.012,0.037,10,10.6
1831,2,131.09,67.06,1.601,1.0,0.0,-0.024,0.078,6,
1831,3,131.19,52.06,1.75,1.0,0.0,0.0,0.06,8,
1832,0,76.29,60.26,1.921,1.0,0.0,-0.0,0.0,1,12.5
1832,1,136.5,81.09,-1.012,1.0,0.0,-0.012,0.037,10,10.7
1832,2,131.04,67.12,1.597,1.0,0.0,-0.024,0.078,6,
1832,3,131.17,52.12,1.75,1.0,0.0,-0.0,0.061,5,
1833,0,76.29,60.26,1.921,1.0,0.0,-0.0,0.0,1,12.5
1833,1,136.5,81.13,-1.014,1.0,0.0,-0.012,0.037,10,10.7
1833,2,130.99,67.18,1.594,1.0,0.0,-0.024,0.078,6,
1833,3,131.15,52.18,1.75,1.0,0.0,-0.0,0.061,5,
1834,0,76.29,60.26,1.921,1.0,0.0,-0.0,0.0,1,12.5
1834,1,136.5,81.16,-1.016,1.0,0.0,-0.012,0.036,10,10.7
1834,2,130.94,67.23,1.59,1.0,0.0,-0.024,0.078,6,
1834,3,131.13,52.24,1.75,1.0,0.0,-0.0,0.061,8,
1835,0,76.29,60.26,1.921,1.0,0.0,-0.0,0.0,1,12.5
1835,1,136.5,81.2,-1.017,1.0,0.0,-0.012,0.036,10,10.8
1835,2,130.88,67.29,1.586,1.0,0.0,-0.024,0.078,6,
1835,3,131.11,52.29,1.75,1.0,0.0,-0.0,0.061,11,
1836,0,76.29,60.26,1.921,1.0,0.0,-0.0,0.0,1,12.5
1836,1,136.5,81.23,-1.019,1.0,0.0,-0.012,0.036,10,10.8
1836,2,130.83,67.35,1.582,1.0,0.0,-0.024,0.078,6,
1836,3,131.1,52.35,1.75,1.0,0.0,-0.001,0.061,8,
1837,0,76.29,60.26,1.921,1.0,0.0,-0.0,0.0,1,12.5
1837,1,136.5,81.27,-1.021,1.0,0.0,-0.011,0.036,10,10.8
1837,2,130.77,67.41,1.578,1.0,0.0,-0.025,0.079,6,
1837,3,131.08,52.41,1.75,1.0,0.0,-0.001,0.061,7,
1838,0,76.29,60.26,1.921,1.0,0.0,-0.0,0.0,1,12.5
1838,1,136.5,81.3,-1.023,1.0,0.0,-0.011,0.035,10,10.8
1838,2,130.72,67.46,1.574,1.0,0.0,-0.025,0.079,6,
1838,3,131.06,52.47,1.75,1.0,0.0,-0.001,0.062,4,
1839,0,76.29,60.26,1.921,1.0,0.0,-0.0,0.0,1,12.5
1839,1,136.5,81.34,-1.025,1.0,0.0,-0.011,0.035,10,10.9
1839,2,130.67,67.52,1.57,1.0,0.0,-0.025,0.079,6,
1839,3,131.04,52.53,1.75,1.0,0.0,-0.001,0.062,3,
1840,0,76.29,60.26,1.921,1.0,0.0,-0.0,0.0,1,12.5
1840,1,136.5,81.37,-1.026,1.0,0.0,-0.011,0.035,10,10.9
1840,2,130.61,67.58,1.567,1.0,0.0,-0.025,0.079,6,
1840,3,131.02,52.59,1.732,0.768,0.0,-0.993,0.062,3,
1841,0,76.29,60.26,1.921,1.0,0.0,-0.0,0.0,1,12.5
1841,1,136.5,81.41,-1.028,1.0,0.0,-0.011,0.035,10,10.9
1841,2,130.56,67.64,1.563,1.0,0.0,-0.025,0.079,6,
1841,3,131.0,52.64,1.697,0.778,0.0,-0.97,0.061,3,
1842,0,76.29,60.26,1.921,1.0,0.0,-0.0,0.0,1,12.5
1842,1,136.5,81.44,-1.03,1.0,0.0,-0.011,0.035,10,11.0
1842,2,130.51,67.7,1.559,1.0,0.0,-0.025,0.079,6,
1842,3,130.99,52.7,1.644,0.798,0.0,-0.923,0.061,3,
1843,0,76.29,60.26,1.921,1.0,0.0,-0.0,0.0,1,12.5
1843,1,136.5,81.48,-1.031,1.0,0.0,-0.011,0.035,10,11.0
1843,2,130.45,67.75,1.555,1.0,0.0,-0.025,0.08,6,
1843,3,130.98,52.76,1.574,0.828,0.0,-0.851,0.06,3,
1844,0,76.29,60.26,1.921,1.0,0.0,-0.0,0.0,1,12.5
1844,1,136.5,81.51,-1.033,1.0,0.0,-0.011,0.034,10,11.0
1844,2,130.4,67.81,1.551,1.0,0.0,-0.025,0.08,6,
1844,3,130.98,52.82,1.487,0.864,0.0,-0.753,0.061,3,
1845,0,76.29,60.26,1.921,1.0,0.0,-0.0,0.0,1,12.5
1845,1,136.5,81.55,-1.035,1.0,0.0,-0.01,0.034,10,11.1
1845,2,130.34,67.87,1.547,1.0,0.0,-0.025,0.08,6,
1845,3,130.99,52.89,1.388,0.904,0.0,-0.629,0.062,3,
1846,0,76.29,60.26,1.921,1.0,0.0,-0.0,0.0,1,12.5
1846,1,136.5,81.58,-1.036,1.0,0.0,-0.01,0.033,10,11.1
1846,2,130.29,67.93,1.543,1.0,0.0,-0.025,0.079,6,
1846,3,131.02,52.95,1.306,0.942,0.0,-0.489,0.066,3,
1847,0,76.29,60.26,1.921,1.0,0.0,-0.0,0.0,1,12.5
1847,1,136.5,81.61,-1.038,1.0,0.0,-0.01,0.032,10,11.1
1847,2,130.23,67.98,1.539,1.0,0.0,-0.025,0.078,6,
1847,3,131.05,53.01,1.243,0.966,0.0,-0.374,0.07,3,
1848,0,76.29,60.26,1.921,1.0,0.0,-0.0,0.0,1,12.5
1848,1,136.5,81.64,-1.04,1.0,0.0,-0.01,0.031,10,11.1
1848,2,130.18,68.04,1.535,1.0,0.0,-0.025,0.077,6,
1848,3,131.09,53.07,1.196,0.98,0.0,-0.283,0.074,3,
1849,0,76.29,60.26,1.921,1.0,0.0,-0.0,0.0,1,12.5
1849,1,136.5,81.67,-1.041,1.0,0.0,-0.01,0.029,10,11.2
1849,2,130.13,68.09,1.531,1.0,0.0,-0.025,0.077,6,
1849,3,131.14,53.13,1.162,0.989,0.0,-0.216,0.077,3,
1850,0,76.29,60.26,1.921,1.0,0.0,-0.0,0.0,1,12.5
1850,1,136.5,81.7,-1.043,1.0,0.0,-0.009,0.028,10,11.2
1850,2,130.07,68.15,1.527,1.0,0.0,-0.025,0.076,6,
1850,3,131.19,53.19,1.136,0.993,0.0,-0.167,0.08,3,
1851,0,76.29,60.26,1.921,1.0,0.0,-0.0,0.0,1,12.5
1851,1,136.5,81.73,-1.044,1.0,0.0,-0.009,0.028,10,11.2
1851,2,130.02,68.2,1.523,1.0,0.0,-0.025,0.075,6,
1851,3,131.25,53.25,1.116,0.996,0.0,-0.129,0.082,3,
1852,0,76.29,60.26,1.921,1.0,0.0,-0.0,0.0,1,12.5
1852,1,136.5,81.75,-1.045,1.0,0.0,-0.009,0.027,10,11.2
1852,2,129.97,68.25,1.519,1.0,0.0,-0.025,0.075,6,
1852,3,131.3,53.31,1.1,0.998,0.0,-0.099,0.084,3,
1853,0,76.29,60.26,1.921,1.0,0.0,-0.0,0.0,1,12.5
1853,1,136.5,81.78,-1.047,1.0,0.0,-0.009,0.026,10,11.3
1853,2,129.91,68.31,1.515,1.0,0.0,-0.025,0.074,6,
1853,3,131.36,53.38,1.089,0.999,0.0,-0.075,0.086,3,
1854,0,76.29,60.26,1.921,1.0,0.0,-0.0,0.0,1,12.5
1854,1,136.5,81.81,-1.048,1.0,0.0,-0.008,0.025,10,11.3
1854,2,129.86,68.36,1.511,1.0,0.0,-0.025,0.074,6,
1854,3,131.42,53.44,1.08,0.999,0.0,-0.057,0.087,3,
1855,0,76.29,60.26,1.921,1.0,0.0,-0.0,0.0,1,12.5
1855,1,136.5,81.83,-1.049,1.0,0.0,-0.008,0.024,10,11.3
1855,2,129.8,68.41,1.507,1.0,0.0,-0.025,0.074,6,
1855,3,131.48,53.5,1.073,1.0,0.0,-0.043,0.088,3,
1856,0,76.29,60.26,1.921,1.0,0.0,-0.0,0.0,1,12.5
1856,1,136.5,81.85,-1.05,1.0,0.0,-0.008,0.024,10,11.3
1856,2,129.75,68.46,1.504,1.0,0.0,-0.025,0.074,6,
1856,3,131.55,53.57,1.068,1.0,0.0,-0.032,0.089,3,
1857,0,76.29,60.26,1.921,1.0,0.0,-0.0,0.0,1,12.5
1857,1,136.5,81.88,-1.052,1.0,0.0,-0.007,0.023,10,11.3
1857,2,129.7,68.51,1.5,1.0,0.0,-0.025,0.073,6,
1857,3,131.61,53.63,1.064,1.0,0.0,-0.023,0.09,3,
1858,0,76.29,60.26,1.921,1.0,0.0,-0.0,0.0,1,12.5
1858,1,136.5,81.9,-1.053,1.0,0.0,-0.007,0.023,10,11.4
1858,2,129.64,68.56,1.496,1.0,0.0,-0.025,0.073,6,
1858,3,131.67,53.7,1.062,1.0,0.0,-0.016,0.091,3,
1859,0,76.29,60.26,1.921,1.0,0.0,-0.0,0.0,1,12.5
1859,1,136.5,81.92,-1.054,1.0,0.0,-0.007,0.022,10,11.4
1859,2,129.59,68.61,1.492,1.0,0.0,-0.024,0.073,6,
1859,3,131.74,53.76,1.06,1.0,0.0,-0.011,0.092,3,
1860,0,76.29,60.26,1.921,1.0,0.0,-0.0,0.0,1,12.5
1860,1,136.5,81.94,-1.055,1.0,0.0,-0.007,0.022,10,11.4
1860,2,129.54,68.66,1.488,1.0,0.0,-0.024,0.073,6,
1860,3,131.8,53.83,1.059,1.0,0.0,-0.007,0.093,3,
1861,0,76.29,60.26,1.921,1.0,0.0,-0.0,0.0,1,12.5
1861,1,136.5,81.96,-1.056,1.0,0.0,-0.007,0.021,10,11.4
1861,2,129.48,68.71,1.484,1.0,0.0,-0.024,0.072,6,
1861,3,131.87,53.9,1.058,1.0,0.0,-0.004,0.094,3,
1862,0,76.29,60.26,1.921,1.0,0.0,-0.0,0.0,1,12.5
1862,1,136.5,81.98,-1.057,1.0,0.0,-0.006,0.02,10,11.4
1862,2,129.43,68.76,1.481,1.0,0.0,-0.024,0.072,6,
1862,3,131.93,53.96,1.058,1.0,0.0,-0.001,0.094,3,
1863,0,76.29,60.26,1.921,1.0,0.0,-0.0,0.0,1,12.5
1863,1,136.5,82.0,-1.058,1.0,0.0,-0.006,0.02,10,11.5
1863,2,129.38,68.8,1.477,1.0,0.0,-0.024,0.072,6,
1863,3,132.0,54.03,1.058,1.0,0.0,0.0,0.095,3,
1864,0,76.29,60.26,1.921,1.0,0.0,-0.0,0.0,1,12.5
1864,1,136.5,82.02,-1.059,1.0,0.0,-0.006,0.019,10,11.5
1864,2,129.33,68.85,1.473,1.0,0.0,-0.024,0.072,6,
1864,3,132.06,54.1,1.058,1.0,0.0,0.002,0.096,3,
1865,0,76.29,60.26,1.921,1.0,0.0,-0.0,0.0,1,12.5
1865,1,136.5,82.04,-1.06,1.0,0.0,-0.006,0.019,10,11.5
1865,2,129.27,68.9,1.469,1.0,0.0,-0.024,0.072,6,
1865,3,132.13,54.17,1.059,1.0,0.0,0.003,0.096,3,
1866,0,76.29,60.26,1.921,1.0,0.0,-0.0,0.0,1,12.5
1866,1,136.5,82.06,-1.061,1.0,0.0,-0.006,0.018,10,11.5
1866,2,129.22,68.95,1.465,1.0,0.0,-0.024,0.071,6,
1866,3,132.19,54.25,1.059,1.0,0.0,0.004,0.097,3,
1867,0,76.29,60.26,1.921,1.0,0.0,-0.0,0.0,1,12.5
1867,1,136.5,82.08,-1.062,1.0,0.0,-0.006,0.018,10,11.5
1867,2,129.17,69.0,1.462,1.0,0.0,-0.024,0.071,6,
1867,3,132.26,54.32,1.06,1.0,0.0,0.005,0.097,3,
1868,0,76.29,60.26,1.921,1.0,0.0,-0.0,0.0,1,12.5
1868,1,136.5,82.1,-1.062,1.0,0.0,-0.005,0.017,10,11.5
1868,2,129.11,69.04,1.458,1.0,0.0,-0.024,0.071,6,
1868,3,132.32,54.39,1.061,1.0,0.0,0.005,0.098,3,
1869,0,76.29,60.26,1.921,1.0,0.0,-0.0,0.0,1,12.5
1869,1,136.5,82.11,-1.063,1.0,0.0,-0.005,0.017,10,11.6
1869,2,129.06,69.09,1.454,1.0,0.0,-0.024,0.071,6,
1869,3,132.39,54.46,1.062,1.0,0.0,0.006,0.099,3,
1870,0,76.29,60.26,1.921,1.0,0.0,-0.0,0.0,1,12.5
1870,1,136.5,82.13,-1.064,1.0,0.0,-0.005,0.016,10,11.6
1870,2,129.01,69.14,1.45,1.0,0.0,-0.024,0.071,6,
1870,3,132.45,54.54,1.063,1.0,0.0,0.006,0.099,3,
1871,0,76.29,60.26,1.921,1.0,0.0,-0.0,0.0,1,12.5
1871,1,136.5,82.15,-1.065,1.0,0.0,-0.005,0.016,10,11.6
1871,2,128.95,69.18,1.446,1.0,0.0,-0.024,0.07,6,
1871,3,132.52,54.61,1.064,1.0,0.0,0.006,0.1,3,
1872,0,76.29,60.26,1.921,1.0,0.0,-0.0,0.0,1,12.5
1872,1,136.5,82.16,-1.065,1.0,0.0,-0.005,0.015,10,11.6
1872,2,128.9,69.23,1.443,1.0,0.0,-0.024,0.07,6,
1872,3,132.59,54.69,1.065,1.0,0.0,0.006,0.1,3,
1873,0,76.29,60.26,1.921,1.0,0.0,-0.0,0.0,1,12.5
1873,1,136.5,82.18,-1.066,1.0,0.0,-0.005,0.015,10,11.6
1873,2,128.85,69.27,1.439,1.0,0.0,-0.024,0.07,6,
1873,3,132.65,54.76,1.066,1.0,0.0,0.006,0.101,3,
1874,0,76.29,60.26,1.921,1.0,0.0,-0.0,0.0,1,12.5
1874,1,136.5,82.19,-1.067,1.0,0.0,-0.004,0.014,10,11.6
1874,2,128.8,69.32,1.435,1.0,0.0,-0.024,0.07,6,
1874,3,132.72,54.84,1.067,1.0,0.0,0.006,0.101,3,
1875,0,76.29,60.26,1.921,1.0,0.0,-0.0,0.0,1,12.5
1875,1,136.5,82.2,-1.068,1.0,0.0,-0.004,0.014,10,11.6
1875,2,128.74,69.37,1.431,1.0,0.0,-0.024,0.069,6,
1875,3,132.78,54.92,1.068,1.0,0.0,0.007,0.102,3,
1876,0,76.29,60.26,1.921,1.0,0.0,-0.0,0.0,1,12.5
1876,1,136.5,82.22,-1.068,1.0,0.0,-0.004,0.014,10,11.6
1876,2,128.69,69.41,1.428,1.0,0.0,-0.024,0.069,6,
1876,3,132.85,55.0,1.069,1.0,0.0,0.007,0.102,3,
1877,0,76.29,60.26,1.921,1.0,0.0,-0.0,0.0,1,12.5
1877,1,136.5,82.23,-1.069,1.0,0.0,-0.004,0.013,10,11.7
1877,2,128.64,69.46,1.424,1.0,0.0,-0.024,0.069,6,
1877,3,132.91,55.08,1.07,1.0,0.0,0.007,0.103,3,
1878,0,76.29,60.26,1.921,1.0,0.0,-0.0,0.0,1,12.5
1878,1,136.5,82.24,-1.069,1.0,0.0,-0.004,0.013,10,11.7
1878,2,128.59,69.5,1.42,1.0,0.0,-0.024,0.069,6,
1878,3,132.98,55.16,1.071,1.0,0.0,0.007,0.103,3,
1879,0,76.29,60.26,1.921,1.0,0.0,-0.0,0.0,1,12.5
1879,1,136.5,82.26,-1.07,1.0,0.0,-0.004,0.012,10,11.7
1879,2,128.54,69.55,1.416,1.0,0.0,-0.024,0.068,6,
1879,3,133.04,55.24,1.072,1.0,0.0,0.007,0.104,3,
1880,0,76.29,60.26,1.921,1.0,0.0,-0.0,0.0,1,12.5
1880,1,136.5,82.27,-1.071,1.0,0.0,-0.004,0.012,10,11.7
1880,2,128.48,69.59,1.413,1.0,0.0,-0.024,0.068,6,
1880,3,133.11,55.32,1.073,1.0,0.0,0.006,0.104,3,
1881,0,76.29,60.26,1.921,1.0,0.0,-0.0,0.0,1,12.5
1881,1,136.5,82.28,-1.071,1.0,0.0,-0.003,0.011,10,11.7
1881,2,128.43,69.63,1.409,1.0,0.0,-0.024,0.068,6,
1881,3,133.17,55.4,1.074,1.0,0.0,0.006,0.105,3,
1882,0,76.29,60.26,1.921,1.0,0.0,-0.0,0.0,1,12.5
1882,1,136.5,82.29,-1.072,1.0,0.0,-0.003,0.011,10,11.7
1882,2,128.38,69.68,1.405,1.0,0.0,-0.024,0.067,6,
1882,3,133.24,55.49,1.075,1.0,0.0,0.006,0.105,3,
1883,0,76.29,60.26,1.921,1.0,0.0,-0.0,0.0,1,12.5
1883,1,136.5,82.3,-1.072,1.0,0.0,-0.003,0.01,10,11.7
1883,2,128.33,69.72,1.402,1.0,0.0,-0.023,0.067,6,
1883,3,133.3,55.57,1.076,1.0,0.0,0.006,0.106,3,
1884,0,76.29,60.26,1.921,1.0,0.0,-0.0,0.0,1,12.5
1884,1,136.5,82.31,-1.073,1.0,0.0,-0.003,0.01,10,11.7
1884,2,128.28,69.76,1.398,1.0,0.0,-0.023,0.067,6,
1884,3,133.37,55.65,1.077,1.0,0.0,0.006,0.106,3,
1885,0,76.29,60.26,1.921,1.0,0.0,-0.0,0.0,1,12.5
1885,1,136.5,82.32,-1.073,1.0,0.0,-0.003,0.009,10,11.7
1885,2,128.23,69.81,1.394,1.0,0.0,-0.023,0.066,6,
1885,3,133.43,55.74,1.078,1.0,0.0,0.006,0.107,3,
1886,0,76.29,60.26,1.921,1.0,0.0,-0.0,0.0,1,12.5
1886,1,136.5,82.33,-1.074,1.0,0.0,-0.003,0.009,10,11.7
1886,2,128.18,69.85,1.391,1.0,0.0,-0.023,0.066,6,
1886,3,133.5,55.82,1.079,1.0,0.0,0.006,0.107,3,
1887,0,76.29,60.26,1.921,1.0,0.0,-0.0,0.0,1,12.5
1887,1,136.5,82.34,-1.074,1.0,0.0,-0.003,0.008,10,11.7
1887,2,128.13,69.89,1.387,1.0,0.0,-0.023,0.066,6,
1887,3,133.56,55.91,1.08,1.0,0.0,0.006,0.108,3,
1888,0,76.29,60.26,1.921,1.0,0.0,-0.0,0.0,1,12.5
1888,1,136.5,82.34,-1.074,1.0,0.0,-0.003,0.008,10,11.8
1888,2,128.08,69.93,1.383,1.0,0.0,-0.023,0.065,6,
1888,3,133.63,56.0,1.081,1.0,0.0,0.006,0.108,3,
1889,0,76.29,60.26,1.921,1.0,0.0,-0.0,0.0,1,12.5
1889,1,136.5,82.35,-1.075,1.0,0.0,-0.002,0.008,10,11.8
1889,2,128.03,69.98,1.38,1.0,0.0,-0.023,0.065,6,
1889,3,133.69,56.09,1.082,1.0,0.0,0.006,0.108,3,
1890,0,76.29,60.26,1.921,1.0,0.0,-0.0,0.0,1,12.5
1890,1,136.5,82.36,-1.075,1.0,0.0,-0.002,0.007,10,11.8
1890,2,127.98,70.02,1.376,1.0,0.0,-0.023,0.065,6,
1890,3,133.75,56.17,1.083,1.0,0.0,0.006,0.109,3,
1891,0,76.29,60.26,1.921,1.0,0.0,-0.0,0.0,1,12.5
1891,1,136.5,82.37,-1.076,1.0,0.0,-0.002,0.007,10,11.8
1891,2,127.93,70.06,1.372,1.0,0.0,-0.023,0.064,6,
1891,3,133.82,56.26,1.083,1.0,0.0,0.006,0.109,3,
1892,0,76.29,60.26,1.921,1.0,0.0,-0.0,0.0,1,12.5
1892,1,136.5,82.37,-1.076,1.0,0.0,-0.002,0.006,10,11.8
1892,2,127.88,70.1,1.369,1.0,0.0,-0.023,0.064,6,
1892,3,133.88,56.35,1.084,1.0,0.0,0.006,0.11,3,
1893,0,76.29,60.26,1.921,1.0,0.0,-0.0,0.0,1,12.5
1893,1,136.5,82.38,-1.076,1.0,0.0,-0.002,0.006,10,11.8
1893,2,127.83,70.14,1.365,1.0,0.0,-0.023,0.064,6,
1893,3,133.94,56.44,1.085,1.0,0.0,0.006,0.11,3,
1894,0,76.29,60.26,1.921,1.0,0.0,-0.0,0.0,1,12.5
1894,1,136.5,82.38,-1.077,1.0,0.0,-0.002,0.006,10,11.8
1894,2,127.78,70.18,1.362,1.0,0.0,-0.023,0.063,6,
1894,3,134.01,56.53,1.086,1.0,0.0,0.005,0.111,3,
1895,0,76.29,60.26,1.921,1.0,0.0,-0.0,0.0,1,12.5
1895,1,136.5,82.39,-1.077,1.0,0.0,-0.002,0.005,10,11.8
1895,2,127.73,70.22,1.358,1.0,0.0,-0.022,0.063,6,
1895,3,134.07,56.62,1.087,1.0,0.0,0.005,0.111,3,
1896,0,76.29,60.26,1.921,1.0,0.0,-0.0,0.0,1,12.5
1896,1,136.5,82.39,-1.077,1.0,0.0,-0.002,0.005,10,11.8
1896,2,127.68,70.26,1.355,1.0,0.0,-0.022,0.063,6,
1896,3,134.13,56.72,1.088,1.0,0.0,0.005,0.111,3,
1897,0,76.29,60.26,1.921,1.0,0.0,-0.0,0.0,1,12.5
1897,1,136.5,82.4,-1.077,1.0,0.0,-0.002,0.004,10,11.8
1897,2,127.63,70.3,1.351,1.0,0.0,-0.022,0.062,6,
1897,3,134.19,56.81,1.089,1.0,0.0,0.005,0.112,3,
1898,0,76.29,60.26,1.921,1.0,0.0,-0.0,0.0,1,12.5
1898,1,136.5,82.4,-1.078,1.0,0.0,-0.001,0.004,10,11.8
1898,2,127.59,70.34,1.348,1.0,0.0,-0.022,0.062,6,
1898,3,134.26,56.9,1.089,1.0,0.0,0.005,0.112,3,
1899,0,76.29,60.26,1.921,1.0,0.0,-0.0,0.0,1,12.5
1899,1,136.5,82.41,-1.078,1.0,0.0,-0.001,0.004,10,11.8
1899,2,127.54,70.38,1.344,1.0,0.0,-0.022,0.062,6,
1899,3,134.32,57.0,1.09,1.0,0.0,0.005,0.112,3,
1900,0,76.29,60.26,1.921,1.0,0.0,-0.0,0.0,1,12.5
1900,1,136.5,82.41,-1.078,1.0,0.0,-0.001,0.003,10,11.8
1900,2,127.49,70.42,1.341,1.0,0.0,-0.022,0.061,6,
1900,3,134.38,57.09,1.091,1.0,0.0,0.005,0.113,3,
1901,0,76.29,60.26,1.921,1.0,0.0,-0.0,0.0,1,12.5
1901,1,136.5,82.41,-1.078,1.0,0.0,-0.001,0.003,10,11.8
1901,2,127.44,70.45,1.337,1.0,0.0,-0.022,0.061,6,
1901,3,134.44,57.19,1.092,1.0,0.0,0.005,0.113,3,
1902,0,76.29,60.26,1.921,1.0,0.0,-0.0,0.0,1,12.5
1902,1,136.5,82.41,-1.078,1.0,0.0,-0.001,0.002,10,11.8
1902,2,127.4,70.49,1.334,1.0,0.0,-0.022,0.06,6,
1902,3,134.5,57.28,1.092,1.0,0.0,0.005,0.114,3,
1903,0,76.29,60.26,1.921,1.0,0.0,-0.0,0.0,1,12.5
1903,1,136.5,82.42,-1.078,1.0,0.0,-0.001,0.002,10,11.8
1903,2,127.35,70.53,1.331,1.0,0.0,-0.022,0.06,6,
1903,3,134.56,57.38,1.093,1.0,0.0,0.004,0.114,3,
1904,0,76.29,60.26,1.921,1.0,0.0,-0.0,0.0,1,12.5
1904,1,136.5,82.42,-1.079,1.0,0.0,-0.001,0.002,10,11.8
1904,2,127.3,70.57,1.327,1.0,0.0,-0.022,0.06,6,
1904,3,134.62,57.47,1.094,1.0,0.0,0.004,0.114,3,
1905,0,76.29,60.26,1.921,1.0,0.0,-0.0,0.0,1,12.5
1905,1,136.5,82.42,-1.079,1.0,0.0,-0.001,0.001,10,11.8
1905,2,127.26,70.6,1.324,1.0,0.0,-0.021,0.059,6,
1905,3,134.68,57.57,1.094,1.0,0.0,0.004,0.115,3,
1906,0,76.29,60.26,1.921,1.0,0.0,-0.0,0.0,1,12.5
1906,1,136.5,82.42,-1.079,1.0,0.0,-0.001,0.001,10,11.8
1906,2,127.21,70.64,1.32,1.0,0.0,-0.021,0.059,6,
1906,3,134.74,57.67,1.095,1.0,0.0,0.004,0.115,3,
1907,0,76.29,60.26,1.921,1.0,0.0,-0.0,0.0,1,12.5
1907,1,136.5,82.42,-1.079,1.0,0.0,-0.001,0.0,10,11.8
1907,2,127.17,70.68,1.317,1.0,0.0,-0.021,0.058,6,
1907,3,134.8,57.77,1.096,1.0,0.0,0.004,0.115,3,
1908,0,76.29,60.26,1.921,1.0,0.0,-0.0,0.0,1,12.5
1908,1,136.5,82.42,-1.079,1.0,0.0,-0.0,0.0,10,11.8
1908,2,127.12,70.71,1.314,1.0,0.0,-0.021,0.058,6,
1908,3,134.86,57.87,1.096,1.0,0.0,0.004,0.115,3,
1909,0,76.29,60.26,1.921,1.0,0.0,-0.0,0.0,1,12.5
1909,1,136.5,82.42,-1.079,1.0,0.0,-0.0,0.0,10,11.8
1909,2,127.08,70.75,1.311,1.0,0.0,-0.021,0.058,6,
1909,3,134.92,57.97,1.097,1.0,0.0,0.004,0.116,3,
1910,0,76.29,60.26,1.921,1.0,0.0,-0.0,0.0,1,12.5
1910,1,136.5,82.42,-1.079,1.0,0.0,-0.0,0.001,10,11.8
1910,2,127.03,70.79,1.307,1.0,0.0,-0.021,0.057,6,
1910,3,134.98,58.07,1.097,1.0,0.0,0.004,0.116,3,
1911,0,76.29,60.26,1.921,1.0,0.0,-0.0,0.0,1,12.5
1911,1,136.5,82.42,-1.079,1.0,0.0,-0.0,0.001,10,11.8
1911,2,126.99,70.82,1.304,1.0,0.0,-0.021,0.057,6,
1911,3,135.04,58.17,1.098,1.0,0.0,0.003,0.116,3,
1912,0,76.29,60.26,1.921,1.0,0.0,-0.0,0.0,1,12.5
1912,1,136.5,82.42,-1.079,1.0,0.0,-0.0,0.001,10,11.8
1912,2,126.94,70.86,1.301,1.0,0.0,-0.021,0.056,6,
1912,3,135.1,58.27,1.098,1.0,0.0,0.003,0.117,3,
1913,0,76.29,60.26,1.921,1.0,0.0,-0.0,0.0,1,12.5
1913,1,136.5,82.42,-1.079,1.0,0.0,0.0,0.002,10,11.8
1913,2,126.9,70.89,1.298,1.0,0.0,-0.02,0.056,6,
1913,3,135.16,58.37,1.099,1.0,0.0,0.003,0.117,3,
1914,0,76.29,60.26,1.921,1.0,0.0,-0.0,0.0,1,12.5
1914,1,136.5,82.41,-1.079,1.0,0.0,0.0,0.002,10,11.8
1914,2,126.86,70.93,1.294,1.0,0.0,-0.02,0.056,6,
1914,3,135.22,58.47,1.099,1.0,0.0,0.003,0.117,3,
1915,0,76.29,60.26,1.921,1.0,0.0,-0.0,0.0,1,12.5
1915,1,136.5,82.41,-1.079,1.0,0.0,0.0,0.002,10,11.8
1915,2,126.81,70.96,1.291,1.0,0.0,-0.02,0.055,6,
1915,3,135.27,58.57,1.1,1.0,0.0,0.003,0.118,3,
1916,0,76.29,60.26,1.921,1.0,0.0,-0.0,0.0,1,12.5
1916,1,136.5,82.41,-1.079,1.0,0.0,0.0,0.003,10,11.8
1916,2,126.77,70.99,1.288,1.0,0.0,-0.02,0.055,6,
1916,3,135.33,58.68,1.1,1.0,0.0,0.003,0.118,3,
1917,0,76.29,60.26,1.921,1.0,0.0,-0.0,0.0,1,12.5
1917,1,136.5,82.41,-1.079,1.0,0.0,0.0,0.003,10,11.8
1917,2,126.73,71.03,1.285,1.0,0.0,-0.02,0.054,6,
1917,3,135.39,58.78,1.101,1.0,0.0,0.002,0.118,3,
1918,0,76.29,60.26,1.921,1.0,0.0,-0.0,0.0,1,12.5
1918,1,136.5,82.4,-1.079,1.0,0.0,0.0,0.003,10,11.8
1918,2,126.68,71.06,1.282,1.0,0.0,-0.02,0.054,6,
1918,3,135.44,58.88,1.101,1.0,0.0,0.002,0.118,3,
1919,0,76.29,60.26,1.921,1.0,0.0,-0.0,0.0,1,12.5
1919,1,136.5,82.4,-1.079,1.0,0.0,0.001,0.004,10,11.8
1919,2,126.64,71.09,1.279,1.0,0.0,-0.02,0.053,6,
1919,3,135.5,58.99,1.101,1.0,0.0,0.002,0.119,3,
1920,0,76.29,60.26,1.921,1.0,0.0,-0.0,0.0,1,12.5
1920,1,136.5,82.4,-1.079,1.0,0.0,0.001,0.004,10,11.8
1920,2,126.6,71.13,1.276,1.0,0.0,-0.019,0.053,6,
1920,3,135.56,59.09,1.102,1.0,0.0,0.002,0.119,3,
1921,0,76.29,60.26,1.921,1.0,0.0,-0.0,0.0,1,12.5
1921,1,136.5,82.39,-1.079,1.0,0.0,0.001,0.004,10,11.8
1921,2,126.56,71.16,1.273,1.0,0.0,-0.019,0.053,6,
1921,3,135.61,59.2,1.102,1.0,0.0,0.002,0.119,3,
1922,0,76.29,60.26,1.921,1.0,0.0,-0.0,0.0,1,12.5
1922,1,136.5,82.39,-1.079,1.0,0.0,0.001,0.004,10,11.8
1922,2,126.52,71.19,1.27,1.0,0.0,-0.019,0.052,6,
1922,3,135.67,59.3,1.102,1.0,0.0,0.002,0.119,3,
1923,0,76.29,60.26,1.921,1.0,0.0,-0.0,0.0,1,12.5
1923,1,136.5,82.38,-1.078,1.0,0.0,0.001,0.005,10,11.8
1923,2,126.48,71.22,1.267,1.0,0.0,-0.019,0.052,6,
1923,3,135.72,59.41,1.102,1.0,0.0,0.001,0.12,3,
1924,0,76.29,60.26,1.921,1.0,0.0,-0.0,0.0,1,12.5
1924,1,136.5,82.38,-1.078,1.0,0.0,0.001,0.005,10,11.8
1924,2,126.44,71.25,1.264,1.0,0.0,-0.019,0.051,6,
1924,3,135.78,59.52,1.103,1.0,0.0,0.001,0.12,3,
1925,0,76.29,60.26,1.921,1.0,0.0,-0.0,0.0,1,12.5
1925,1,136.5,82.37,-1.078,1.0,0.0,0.001,0.005,10,11.8
1925,2,126.4,71.29,1.261,1.0,0.0,-0.019,0.051,6,
1925,3,135.83,59.62,1.103,1.0,0.0,0.001,0.12,3,
1926,0,76.29,60.26,1.921,1.0,0.0,-0.0,0.0,1,12.5
1926,1,136.5,82.37,-1.078,1.0,0.0,0.001,0.006,4,11.8
1926,2,126.36,71.32,1.258,1.0,0.0,-0.019,0.051,1,
1926,3,135.88,59.73,1.103,1.0,0.0,0.001,0.12,0,
1927,0,76.29,60.26,1.921,1.0,0.0,-0.0,0.0,1,12.5
1927,1,136.5,82.36,-1.078,1.0,0.0,0.001,0.004,10,11.8
1927,2,126.3,71.36,1.255,1.0,0.0,-0.019,0.073,6,
1927,3,136.01,59.93,1.103,1.0,0.0,0.001,0.232,3,
1928,0,76.29,60.26,1.921,1.0,0.0,-0.0,0.0,1,12.5
1928,1,136.5,82.36,-1.078,1.0,0.0,0.001,0.006,4,11.8
1928,2,126.26,71.4,1.252,1.0,0.0,-0.02,0.051,1,
1928,3,136.06,60.04,1.103,1.0,0.0,0.003,0.12,0,
1929,0,76.29,60.26,1.921,1.0,0.0,-0.0,0.0,1,12.5
1929,1,136.5,82.35,-1.077,1.0,0.0,0.001,0.006,10,11.8
1929,2,126.21,71.44,1.249,1.0,0.0,-0.02,0.069,6,
1929,3,136.18,60.24,1.104,1.0,0.0,0.002,0.234,3,
1930,0,76.29,60.26,1.921,1.0,0.0,-0.0,0.0,1,12.5
1930,1,136.5,82.34,-1.077,1.0,0.0,0.001,0.007,4,11.8
1930,2,126.17,71.47,1.245,1.0,0.0,-0.021,0.052,1,
1930,3,136.24,60.34,1.104,1.0,0.0,0.003,0.12,0,
1931,0,76.29,60.26,1.921,1.0,0.0,-0.0,0.0,1,12.5
1931,1,136.5,82.34,-1.077,1.0,0.0,0.001,0.007,10,11.7
1931,2,126.12,71.51,1.242,1.0,0.0,-0.02,0.065,6,
1931,3,136.35,60.55,1.105,1.0,0.0,0.003,0.236,3,
1932,0,76.29,60.26,1.921,1.0,0.0,-0.0,0.0,1,12.5
1932,1,136.5,82.33,-1.077,1.0,0.0,0.001,0.007,4,11.7
1932,2,126.08,71.54,1.239,1.0,0.0,-0.021,0.052,1,
1932,3,136.41,60.66,1.105,1.0,0.0,0.004,0.12,0,
1933,0,76.29,60.26,1.921,1.0,0.0,-0.0,0.0,1,12.5
1933,1,136.5,82.32,-1.076,1.0,0.0,0.002,0.007,10,11.7
1933,2,126.02,71.59,1.236,1.0,0.0,-0.02,0.073,6,
1933,3,136.5,60.86,1.106,1.0,0.0,0.003,0.225,7,
1934,0,76.29,60.26,1.921,1.0,0.0,-0.0,0.0,1,12.5
1934,1,136.5,82.31,-1.076,1.0,0.0,0.002,0.008,10,11.7
1934,2,125.97,71.64,1.232,1.0,0.0,-0.022,0.071,5,
1934,3,136.5,60.96,1.106,1.0,0.0,0.001,0.098,5,
1935,0,76.29,60.26,1.921,1.0,0.0,-0.0,0.0,1,12.5
1935,1,136.5,82.31,-1.076,1.0,0.0,0.002,0.008,7,11.7
1935,2,125.91,71.68,1.229,1.0,0.0,-0.022,0.07,4,
1935,3,136.5,61.06,1.105,1.0,0.0,-0.004,0.099,5,
1936,0,76.29,60.26,1.921,1.0,0.0,-0.0,0.0,1,12.5
1936,1,136.5,82.3,-1.076,1.0,0.0,0.002,0.009,4,11.7
1936,2,125.86,71.73,1.225,1.0,0.0,-0.023,0.07,2,
1936,3,136.5,61.16,1.104,1.0,0.0,-0.008,0.099,3,
1937,0,76.29,60.26,1.921,1.0,0.0,-0.0,0.0,1,12.5
1937,1,136.5,82.29,-1.075,1.0,0.0,0.002,0.009,4,11.7
1937,2,125.8,71.77,1.221,1.0,0.0,-0.023,0.07,2,
1937,3,136.5,61.25,1.102,1.0,0.0,-0.012,0.099,3,
1938,0,76.29,60.26,1.921,1.0,0.0,-0.0,0.0,1,12.5
1938,1,136.5,82.28,-1.075,1.0,0.0,0.002,0.01,4,11.7
1938,2,125.75,71.82,1.218,1.0,0.0,-0.024,0.07,2,
1938,3,136.5,61.35,1.1,1.0,0.0,-0.014,0.099,3,
1939,0,76.29,60.26,1.921,1.0,0.0,-0.0,0.0,1,12.5
1939,1,136.5,82.27,-1.075,1.0,0.0,0.002,0.01,4,11.7
1939,2,125.7,71.86,1.214,1.0,0.0,-0.024,0.069,2,
1939,3,136.5,61.45,1.097,1.0,0.0,-0.017,0.099,3,
1940,0,76.29,60.26,1.921,1.0,0.0,-0.0,0.0,1,12.5
1940,1,136.5,82.26,-1.074,1.0,0.0,0.002,0.011,4,11.7
1940,2,125.64,71.9,1.21,1.0,0.0,-0.024,0.069,2,
1940,3,136.5,61.55,1.094,1.0,0.0,-0.018,0.1,3,
1941,0,76.29,60.26,1.921,1.0,0.0,-0.0,0.0,1,12.5
1941,1,136.5,82.24,-1.074,1.0,0.0,0.002,0.011,4,11.7
1941,2,125.59,71.95,1.206,1.0,0.0,-0.024,0.069,2,
1941,3,136.5,61.65,1.091,1.0,0.0,-0.02,0.1,3,
1942,0,76.29,60.26,1.921,1.0,0.0,-0.0,0.0,1,12.5
1942,1,136.5,82.23,-1.074,1.0,0.0,0.003,0.012,4,11.7
1942,2,125.54,71.99,1.203,1.0,0.0,-0.024,0.068,2,
1942,3,136.5,61.75,1.088,1.0,0.0,-0.021,0.1,3,
1943,0,76.29,60.26,1.921,1.0,0.0,-0.0,0.0,1,12.5
1943,1,136.5,82.22,-1.073,1.0,0.0,0.003,0.012,4,11.6
1943,2,125.49,72.04,1.199,1.0,0.0,-0.024,0.068,2,
1943,3,136.5,61.85,1.084,1.0,0.0,-0.022,0.1,3,
1944,0,76.29,60.26,1.921,1.0,0.0,-0.0,0.0,1,12.5
1944,1,136.5,82.21,-1.073,1.0,0.0,0.003,0.013,4,11.6
1944,2,125.43,72.08,1.195,1.0,0.0,-0.024,0.068,2,
1944,3,136.5,61.95,1.081,1.0,0.0,-0.023,0.1,3,
1945,0,76.29,60.26,1.921,1.0,0.0,-0.0,0.0,1,12.5
1945,1,136.5,82.19,-1.072,1.0,0.0,0.003,0.013,4,11.6
1945,2,125.38,72.12,1.191,1.0,0.0,-0.024,0.067,2,
1945,3,136.5,62.05,1.077,1.0,0.0,-0.024,0.1,3,
1946,0,76.29,60.26,1.921,1.0,0.0,-0.0,0.0,1,12.5
1946,1,136.5,82.18,-1.072,1.0,0.0,0.003,0.014,4,11.6
1946,2,125.33,72.17,1.187,1.0,0.0,-0.024,0.067,2,
1946,3,136.5,62.15,1.073,1.0,0.0,-0.025,0.1,3,
1947,0,76.29,60.26,1.921,1.0,0.0,-0.0,0.0,1,12.5
1947,1,136.5,82.17,-1.071,1.0,0.0,0.003,0.014,4,11.6
1947,2,125.28,72.21,1.184,1.0,0.0,-0.024,0.067,2,
1947,3,136.5,62.25,1.069,1.0,0.0,-0.025,0.1,3,
1948,0,76.29,60.26,1.921,1.0,0.0,-0.0,0.0,1,12.5
1948,1,136.5,82.15,-1.071,1.0,0.0,0.003,0.015,4,11.6
1948,2,125.23,72.25,1.18,1.0,0.0,-0.024,0.066,2,
1948,3,136.5,62.35,1.065,1.0,0.0,-0.026,0.1,3,
1949,0,76.29,60.26,1.921,1.0,0.0,-0.0,0.0,1,12.5
1949,1,136.5,82.14,-1.07,1.0,0.0,0.003,0.015,4,11.6
1949,2,125.18,72.29,1.176,1.0,0.0,-0.024,0.066,2,
1949,3,136.5,62.45,1.061,1.0,0.0,-0.026,0.1,3,
1950,0,76.29,60.26,1.921,1.0,0.0,-0.0,0.0,1,12.5
1950,1,136.5,82.12,-1.07,1.0,0.0,0.004,0.016,4,11.6
1950,2,125.13,72.34,1.172,1.0,0.0,-0.024,0.066,2,
1950,3,136.5,62.55,1.057,1.0,0.0,-0.027,0.1,3,
1951,0,76.29,60.26,1.921,1.0,0.0,-0.0,0.0,1,12.5
1951,1,136.5,82.1,-1.069,1.0,0.0,0.004,0.016,4,11.5
1951,2,125.08,72.38,1.169,1.0,0.0,-0.024,0.065,2,
1951,3,136.5,62.65,1.052,1.0,0.0,-0.028,0.1,3,
1952,0,76.29,60.26,1.921,1.0,0.0,-0.0,0.0,1,12.5
1952,1,136.5,82.09,-1.068,1.0,0.0,0.004,0.017,4,11.5
1952,2,125.03,72.42,1.165,1.0,0.0,-0.024,0.065,2,
1952,3,136.5,62.75,1.048,1.0,0.0,-0.028,0.1,3,
1953,0,76.29,60.26,1.921,1.0,0.0,-0.0,0.0,1,12.5
1953,1,136.5,82.07,-1.068,1.0,0.0,0.004,0.017,4,11.5
1953,2,124.98,72.46,1.161,1.0,0.0,-0.023,0.064,2,
1953,3,136.5,62.85,1.043,1.0,0.0,-0.029,0.1,3,
1954,0,76.29,60.26,1.921,1.0,0.0,-0.0,0.0,1,12.5
1954,1,136.5,82.05,-1.067,1.0,0.0,0.004,0.018,4,11.5
1954,2,124.93,72.5,1.157,1.0,0.0,-0.023,0.064,2,
1954,3,136.5,62.96,1.039,1.0,0.0,-0.029,0.1,3,
1955,0,76.29,60.26,1.921,1.0,0.0,-0.0,0.0,1,12.5
1955,1,136.5,82.03,-1.066,1.0,0.0,0.004,0.018,4,11.5
1955,2,124.88,72.54,1.154,1.0,0.0,-0.023,0.064,2,
1955,3,136.5,63.06,1.034,1.0,0.0,-0.03,0.1,3,
1956,0,76.29,60.26,1.921,1.0,0.0,-0.0,0.0,1,12.5
1956,1,136.5,82.02,-1.066,1.0,0.0,0.004,0.019,4,11.5
1956,2,124.83,72.58,1.15,1.0,0.0,-0.023,0.063,2,
1956,3,136.5,63.16,1.029,1.0,0.0,-0.03,0.1,3,
1957,0,76.29,60.26,1.921,1.0,0.0,-0.0,0.0,1,12.5
1957,1,136.5,82.0,-1.065,1.0,0.0,0.005,0.019,4,11.4
1957,2,124.79,72.62,1.147,1.0,0.0,-0.023,0.063,2,
1957,3,136.5,63.26,1.025,1.0,0.0,-0.031,0.1,3,
1958,0,76.29,60.26,1.921,1.0,0.0,-0.0,0.0,1,12.5
1958,1,136.5,81.98,-1.064,1.0,0.0,0.005,0.02,4,11.4
1958,2,124.74,72.67,1.143,1.0,0.0,-0.023,0.062,2,
1958,3,136.5,63.36,1.02,1.0,0.0,-0.031,0.1,3,
1959,0,76.29,60.26,1.921,1.0,0.0,-0.0,0.0,1,12.5
1959,1,136.5,81.96,-1.064,1.0,0.0,0.005,0.02,4,11.4
1959,2,124.69,72.71,1.139,1.0,0.0,-0.023,0.062,2,
1959,3,136.5,63.46,1.015,1.0,0.0,-0.032,0.1,3,
1960,0,76.29,60.26,1.921,1.0,0.0,-0.0,0.0,1,12.5
1960,1,136.5,81.94,-1.063,1.0,0.0,0.005,0.021,4,11.4
1960,2,124.64,72.75,1.118,0.381,0.0,-1.0,0.062,2,
1960,3,136.5,63.56,1.027,0.65,0.0,1.0,0.1,3,
1961,0,76.29,60.26,1.921,1.0,0.0,-0.0,0.0,1,12.5
1961,1,136.5,81.91,-1.062,1.0,0.0,0.005,0.021,4,11.4
1961,2,124.6,72.78,1.08,0.398,0.0,-1.0,0.061,2,
1961,3,136.5,63.66,1.057,0.661,0.0,1.0,0.1,3,
1962,0,76.29,60.26,1.921,1.0,0.0,-0.0,0.0,1,12.5
1962,1,136.5,81.89,-1.061,1.0,0.0,0.005,0.021,4,11.4
1962,2,124.55,72.82,1.024,0.431,0.0,-1.0,0.061,2,
1962,3,136.5,63.76,1.105,0.685,0.0,1.0,0.101,3,
1963,0,76.29,60.26,1.921,1.0,0.0,-0.0,0.0,1,12.5
1963,1,136.5,81.87,-1.06,1.0,0.0,0.005,0.02,4,11.3
1963,2,124.5,72.86,0.95,0.479,0.0,-1.0,0.061,2,
1963,3,136.5,63.86,1.17,0.721,0.0,1.0,0.102,3,
1964,0,76.29,60.26,1.921,1.0,0.0,-0.0,0.0,1,12.5
1964,1,136.5,81.85,-1.059,1.0,0.0,0.005,0.02,4,11.3
1964,2,124.46,72.9,0.859,0.541,0.0,-1.0,0.061,2,
1964,3,136.5,63.96,1.252,0.766,0.0,0.998,0.102,3,
1965,0,76.29,60.26,1.921,1.0,0.0,-0.0,0.0,1,12.5
1965,1,136.5,81.83,-1.059,1.0,0.0,0.005,0.021,4,11.3
1965,2,124.41,72.94,0.751,0.614,0.0,-1.0,0.061,2,
1965,3,136.5,64.06,1.353,0.817,0.0,0.877,0.102,3,
1966,0,76.29,60.26,1.921,1.0,0.0,-0.0,0.0,1,12.5
1966,1,136.5,81.81,-1.058,1.0,0.0,0.006,0.021,4,11.3
1966,2,124.36,72.98,0.625,0.694,0.0,-1.0,0.06,2,
1966,3,136.5,64.17,1.467,0.872,0.0,0.731,0.101,3,
1967,0,76.29,60.26,1.921,1.0,0.0,-0.0,0.0,1,12.5
1967,1,136.5,81.79,-1.057,1.0,0.0,0.006,0.023,4,11.3
1967,2,124.31,73.01,0.481,0.778,0.0,-0.971,0.058,2,
1967,3,136.5,64.26,1.565,0.923,0.0,0.563,0.099,3,
1968,0,76.29,60.26,1.921,1.0,0.0,-0.0,0.0,1,12.5
1968,1,136.5,81.76,-1.056,1.0,0.0,0.006,0.027,4,11.2
1968,2,124.27,73.04,0.355,0.859,0.0,-0.768,0.055,2,
1968,3,136.5,64.36,1.644,0.957,0.0,0.421,0.095,3,
1969,0,76.29,60.26,1.921,1.0,0.0,-0.0,0.0,1,12.5
1969,1,136.5,81.73,-1.055,1.0,0.0,0.006,0.031,4,11.2
1969,2,124.22,73.07,0.246,0.916,0.0,-0.59,0.052,2,
1969,3,136.5,64.45,1.707,0.977,0.0,0.304,0.089,2,
1970,0,76.29,60.26,1.921,1.0,0.0,-0.0,0.0,1,12.5
1970,1,136.5,81.7,-1.054,1.0,0.0,0.007,0.035,4,11.2
1970,2,124.18,73.09,0.155,0.954,0.0,-0.437,0.048,2,
1970,3,136.5,64.53,1.751,0.989,0.0,0.213,0.084,2,
1971,0,76.29,60.26,1.921,1.0,0.0,-0.0,0.0,1,12.5
1971,1,136.5,81.66,-1.053,1.0,0.0,0.007,0.039,4,11.2
1971,2,124.14,73.1,0.082,0.977,0.0,-0.308,0.046,2,
1971,3,136.5,64.61,1.779,0.995,0.0,0.146,0.079,2,
1972,0,76.29,60.26,1.921,1.0,0.0,-0.0,0.0,1,12.5
1972,1,136.5,81.61,-1.051,1.0,0.0,0.008,0.043,4,11.1
1972,2,124.09,73.12,0.026,0.99,0.0,-0.204,0.045,2,
1972,3,136.5,64.69,1.795,0.997,0.0,0.105,0.076,2,
1973,0,76.29,60.26,1.921,1.0,0.0,-0.0,0.0,1,12.5
1973,1,136.5,81.57,-1.05,1.0,0.0,0.009,0.046,4,11.1
1973,2,124.05,73.13,-0.013,0.996,0.0,-0.125,0.044,2,
1973,3,136.5,64.76,1.807,0.998,0.0,0.079,0.075,2,
1974,0,76.29,60.26,1.921,1.0,0.0,-0.0,0.0,1,12.5
1974,1,136.5,81.52,-1.048,1.0,0.0,0.01,0.049,4,11.0
1974,2,124.01,73.14,-0.034,0.999,0.0,-0.071,0.043,2,
1974,3,136.5,64.84,1.817,0.999,0.0,0.059,0.073,2,
1975,0,76.29,60.26,1.921,1.0,0.0,-0.0,0.0,1,12.5
1975,1,136.5,81.47,-1.047,1.0,0.0,0.011,0.05,4,11.0
1975,2,123.97,73.15,-0.04,1.0,0.0,-0.041,0.043,2,
1975,3,136.5,64.91,1.824,1.0,0.0,0.043,0.073,2,
1976,0,76.29,60.26,1.921,1.0,0.0,-0.0,0.0,1,12.5
1976,1,136.5,81.42,-1.045,1.0,0.0,0.012,0.052,4,10.9
1976,2,123.93,73.16,-0.046,1.0,0.0,-0.033,0.043,2,
1976,3,136.5,64.98,1.828,1.0,0.0,0.031,0.073,2,
1977,0,76.29,60.26,1.921,1.0,0.0,-0.0,0.0,1,12.5
1977,1,136.5,81.36,-1.043,1.0,0.0,0.013,0.052,4,10.9
1977,2,123.88,73.17,-0.05,1.0,0.0,-0.026,0.042,2,
1977,3,136.5,65.05,1.832,1.0,0.0,0.022,0.073,2,
1978,0,76.29,60.26,1.921,1.0,0.0,-0.0,0.0,1,12.5
1978,1,136.5,81.31,-1.041,1.0,0.0,0.013,0.053,4,10.9
1978,2,123.84,73.18,-0.053,1.0,0.0,-0.021,0.042,2,
1978,3,136.5,65.13,1.834,1.0,0.0,0.015,0.073,2,
1979,0,76.29,60.26,1.921,1.0,0.0,-0.0,0.0,1,12.5
1979,1,136.5,81.26,-1.039,1.0,0.0,0.014,0.054,4,10.8
1979,2,123.8,73.19,-0.056,1.0,0.0,-0.016,0.042,2,
1979,3,136.5,65.2,1.836,1.0,0.0,0.009,0.074,2,
1980,0,76.29,60.26,1.921,1.0,0.0,-0.0,0.0,1,12.5
1980,1,136.5,81.2,-1.036,1.0,0.0,0.014,0.055,4,10.8
1980,2,123.76,73.19,-0.058,1.0,0.0,-0.013,0.042,2,
1980,3,136.5,65.28,1.837,1.0,0.0,0.005,0.074,2,
1981,0,76.29,60.26,1.921,1.0,0.0,-0.0,0.0,1,12.5
1981,1,136.5,81.15,-1.034,1.0,0.0,0.015,0.055,4,10.7
1981,2,123.72,73.2,-0.059,1.0,0.0,-0.011,0.042,2,
1981,3,136.5,65.35,1.837,1.0,0.0,0.002,0.074,2,
1982,0,76.29,60.26,1.921,1.0,0.0,-0.0,0.0,1,12.5
1982,1,136.5,81.05,-1.032,1.0,0.0,0.015,0.101,4,10.6
1982,2,123.68,73.22,-0.078,0.0,0.0,-1.0,0.049,2,
1982,3,136.5,65.44,1.837,1.0,0.0,-0.001,0.094,2,
1983,0,76.29,60.26,1.921,1.0,0.0,-0.0,0.0,1,12.5
1983,1,136.5,80.96,-1.029,1.0,0.0,0.019,0.089,4,10.6
1983,2,123.62,73.23,-0.115,0.0,0.0,-1.0,0.054,2,
1983,3,136.5,65.54,1.836,1.0,0.0,-0.003,0.096,2,
1984,0,76.29,60.26,1.921,1.0,0.0,-0.0,0.0,1,12.5
1984,1,136.5,80.87,-1.025,1.0,0.0,0.021,0.087,4,10.5
1984,2,123.57,73.24,-0.169,0.0,0.0,-1.0,0.055,2,
1984,3,136.5,65.64,1.835,1.0,0.0,-0.005,0.097,2,
1985,0,76.29,60.26,1.921,1.0,0.0,-0.0,0.0,1,12.5
1985,1,136.5,80.78,-1.022,1.0,0.0,0.023,0.088,4,10.4
1985,2,123.51,73.24,-0.241,0.0,0.0,-1.0,0.054,2,
1985,3,136.5,65.73,1.834,1.0,0.0,-0.007,0.098,1,
1986,0,76.29,60.26,1.921,1.0,0.0,-0.0,0.0,1,12.5
1986,1,136.5,80.77,-1.018,1.0,0.0,0.024,0.01,7,10.4
1986,2,123.48,73.24,-0.33,0.0,0.0,-1.0,0.037,2,
1986,3,136.48,65.76,1.833,1.0,0.0,-0.008,0.034,2,
1987,0,76.29,60.26,1.921,1.0,0.0,-0.0,0.0,1,12.5
1987,1,136.5,80.78,-1.015,1.0,0.0,0.019,0.004,7,10.4
1987,2,123.46,73.24,-0.437,0.0,0.0,-1.0,0.017,2,
1987,3,136.47,65.77,1.832,1.0,0.0,-0.008,0.018,2,
1988,0,76.29,60.26,1.921,1.0,0.0,-0.0,0.0,1,12.5
1988,1,136.5,80.78,-1.013,1.0,0.0,0.015,0.003,4,10.4
1988,2,123.45,73.25,-0.561,0.0,0.0,-1.0,0.016,1,
1988,3,136.45,65.77,1.83,1.0,0.0,-0.007,0.017,2,
1989,0,76.29,60.26,1.921,1.0,0.0,-0.0,0.0,1,12.5
1989,1,136.5,80.78,-1.011,1.0,0.0,0.011,0.003,4,10.4
1989,2,123.43,73.26,-0.703,0.0,0.0,-1.0,0.016,1,
1989,3,136.43,65.77,1.829,1.0,0.0,-0.007,0.017,2,
1990,0,76.29,60.26,1.921,1.0,0.0,-0.0,0.0,1,12.5
1990,1,136.5,80.79,-1.009,1.0,0.0,0.008,0.003,4,10.4
1990,2,123.42,73.27,-0.86,0.0,0.0,-1.0,0.016,1,
1990,3,136.41,65.78,1.828,1.0,0.0,-0.006,0.017,2,
1991,0,76.29,60.26,1.921,1.0,0.0,-0.0,0.0,1,12.5
1991,1,136.5,80.79,-1.008,1.0,0.0,0.006,0.003,4,10.4
1991,2,123.43,73.21,-1.017,0.08,0.0,-1.0,0.057,1,
1991,3,136.45,65.75,1.827,1.0,0.0,-0.006,0.041,2,
1992,0,76.29,60.26,1.921,1.0,0.0,-0.0,0.0,1,12.5
1992,1,136.5,80.78,-1.008,1.0,0.0,0.005,0.011,4,10.4
1992,2,123.43,73.15,-1.174,0.233,0.0,-1.0,0.066,1,
1992,3,136.48,65.74,1.827,1.0,0.0,-0.002,0.034,2,
1993,0,76.29,60.26,1.921,1.0,0.0,-0.0,0.0,1,12.5
1993,1,136.5,80.77,-1.007,1.0,0.0,0.004,0.01,4,10.4
1993,2,123.42,73.07,-1.331,0.38,0.0,-1.0,0.077,1,
1993,3,136.5,65.73,1.827,1.0,0.0,0.0,0.024,3,
1994,0,76.29,60.26,1.921,1.0,0.0,-0.0,0.0,1,12.5
1994,1,136.5,80.76,-1.006,1.0,0.0,0.004,0.009,4,10.4
1994,2,123.38,72.99,-1.488,0.517,0.0,-1.0,0.088,1,
1994,3,136.5,65.73,1.827,1.0,0.0,0.002,0.005,3,
1995,0,76.29,60.26,1.921,1.0,0.0,-0.0,0.0,1,12.5
1995,1,136.5,80.75,-1.006,1.0,0.0,0.004,0.007,4,10.4
1995,2,123.33,72.9,-1.645,0.644,0.0,-1.0,0.1,1,
1995,3,136.5,65.73,1.828,1.0,0.0,0.001,0.003,3,
1996,0,76.29,60.26,1.921,1.0,0.0,-0.0,0.0,1,12.5
1996,1,136.5,80.75,-1.005,1.0,0.0,0.004,0.005,4,10.4
1996,2,123.28,72.81,-1.802,0.754,0.0,-1.0,0.11,1,
1996,3,136.5,65.73,1.828,1.0,0.0,0.001,0.0,3,
1997,0,76.29,60.26,1.921,1.0,0.0,-0.0,0.0,1,12.5
1997,1,136.5,80.74,-1.005,1.0,0.0,0.003,0.003,4,10.4
1997,2,123.22,72.71,-1.942,0.846,0.0,-0.802,0.116,1,
1997,3,136.5,65.73,1.828,1.0,0.0,0.001,0.003,2,
1998,0,76.29,60.26,1.921,1.0,0.0,-0.0,0.0,1,12.5
1998,1,136.5,80.74,-1.004,1.0,0.0,0.003,0.0,4,10.4
1998,2,123.16,72.6,-2.064,0.911,0.0,-0.606,0.12,1,
1998,3,136.49,65.73,1.828,1.0,0.0,0.001,0.011,2,
1999,0,76.29,60.26,1.921,1.0,0.0,-0.0,0.0,1,12.5
1999,1,136.5,80.74,-1.004,1.0,0.0,0.002,0.002,4,10.4
1999,2,123.09,72.51,-2.168,0.954,0.0,-0.434,0.121,1,
1999,3,136.47,65.74,1.828,1.0,0.0,-0.0,0.018,2,
2000,0,76.29,60.26,1.921,1.0,0.0,-0.0,0.0,1,12.5
2000,1,136.5,80.75,-1.004,1.0,0.0,0.001,0.004,4,10.4
2000,2,123.01,72.41,-2.256,0.98,0.0,-0.287,0.121,1,
2000,3,136.45,65.75,1.828,1.0,0.0,-0.001,0.025,2,
2001,0,76.29,60.26,1.921,1.0,0.0,-0.0,0.0,1,12.5
2001,1,136.5,80.75,-1.004,1.0,0.0,0.001,0.006,4,10.4
2001,2,122.93,72.32,-2.325,0.993,0.0,-0.164,0.121,1,
2001,3,136.42,65.75,1.828,1.0,0.0,-0.002,0.03,2,
2002,0,76.29,60.26,1.921,1.0,0.0,-0.0,0.0,1,12.5
2002,1,136.5,80.76,-1.004,1.0,0.0,0.0,0.007,4,10.4
2002,2,122.85,72.23,-2.377,0.999,0.0,-0.066,0.12,0,
2002,3,136.39,65.76,1.827,1.0,0.0,-0.004,0.032,1,
2003,0,76.29,60.26,1.921,1.0,0.0,-0.0,0.0,1,12.5
2003,1,136.5,80.77,-1.004,1.0,0.0,-0.0,0.007,4,10.4
2003,2,122.68,72.06,-2.412,1.0,0.0,0.007,0.24,0,
2003,3,136.36,65.77,1.826,1.0,0.0,-0.005,0.032,1,
2004,0,76.29,60.26,1.921,1.0,0.0,-0.0,0.0,1,12.5
2004,1,136.5,80.78,-1.004,1.0,0.0,-0.001,0.007,4,10.4
2004,2,122.41,71.82,-2.429,0.999,0.0,0.056,0.36,0,
2004,3,136.32,65.78,1.825,1.0,0.0,-0.005,0.033,1,
2005,0,76.29,60.26,1.921,1.0,0.0,-0.0,0.0,1,12.5
2005,1,136.5,80.78,-1.004,1.0,0.0,-0.001,0.007,4,10.4
2005,2,122.05,71.51,-2.428,0.998,0.0,0.08,0.48,0,
2005,3,136.29,65.78,1.824,1.0,0.0,-0.006,0.033,1,
2006,0,76.29,60.26,1.921,1.0,0.0,-0.0,0.0,1,12.5
2006,1,136.5,80.79,-1.004,1.0,0.0,-0.001,0.007,4,10.4
2006,2,121.59,71.12,-2.416,0.998,0.0,0.081,0.6,0,
2006,3,136.26,65.79,1.823,1.0,0.0,-0.007,0.033,1,
2007,0,76.29,60.26,1.921,1.0,0.0,-0.0,0.0,1,12.5
2007,1,136.5,80.8,-1.004,1.0,0.0,-0.002,0.007,4,10.4
2007,2,121.05,70.64,-2.405,0.999,0.0,0.065,0.72,0,
2007,3,136.23,65.8,1.822,1.0,0.0,-0.007,0.033,1,
2008,0,76.29,60.26,1.921,1.0,0.0,-0.0,0.0,1,12.5
2008,1,136.5,80.8,-1.005,1.0,0.0,-0.002,0.007,4,10.4
2008,2,120.43,70.08,-2.397,0.999,0.0,0.054,0.84,0,
2008,3,136.2,65.81,1.821,1.0,0.0,-0.007,0.033,1,
2009,0,76.29,60.26,1.921,1.0,0.0,-0.0,0.0,1,12.5
2009,1,136.5,80.81,-1.005,1.0,0.0,-0.002,0.007,4,10.4
2009,2,119.72,69.43,-2.39,0.999,0.0,0.046,0.96,0,
2009,3,136.16,65.82,1.82,1.0,0.0,-0.008,0.033,1,
2010,0,76.29,60.26,1.921,1.0,0.0,-0.0,0.0,1,12.5
2010,1,136.5,80.82,-1.005,1.0,0.0,-0.002,0.007,4,10.4
2010,2,118.94,68.69,-2.383,1.0,0.0,0.042,1.08,0,
2010,3,136.13,65.82,1.819,1.0,0.0,-0.008,0.033,1,
2011,0,76.29,60.26,1.921,1.0,0.0,-0.0,0.0,1,12.5
2011,1,136.5,80.83,-1.006,1.0,0.0,-0.002,0.007,4,10.4
2011,2,118.06,67.86,-2.377,1.0,0.0,0.041,1.2,0,
2011,3,136.1,65.83,1.818,1.0,0.0,-0.008,0.033,1,
2012,0,76.29,60.26,1.921,1.0,0.0,-0.0,0.0,1,12.5
2012,1,136.5,80.83,-1.006,1.0,0.0,-0.002,0.007,4,10.4
2012,2,117.11,66.95,-2.37,1.0,0.0,0.043,1.32,0,
2012,3,136.07,65.84,1.816,1.0,0.0,-0.008,0.033,1,
2013,0,76.29,60.26,1.921,1.0,0.0,-0.0,0.0,1,12.5
2013,1,136.5,80.84,-1.006,1.0,0.0,-0.002,0.007,4,10.5
2013,2,116.08,65.94,-2.362,0.999,0.0,0.048,1.44,0,
2013,3,136.04,65.85,1.815,1.0,0.0,-0.008,0.034,1,
2014,0,76.29,60.26,1.921,1.0,0.0,-0.0,0.0,1,12.5
2014,1,136.5,80.85,-1.007,1.0,0.0,-0.002,0.007,4,10.5
2014,2,115.01,64.89,-2.353,0.999,0.0,0.057,1.499,0,
2014,3,136.0,65.86,1.814,1.0,0.0,-0.008,0.034,1,
2015,0,76.29,60.26,1.921,1.0,0.0,-0.0,0.0,1,12.5
2015,1,136.5,80.85,-1.007,1.0,0.0,-0.002,0.007,4,10.5
2015,2,113.96,63.83,-2.343,0.999,0.0,0.068,1.498,0,
2015,3,135.97,65.86,1.812,1.0,0.0,-0.008,0.034,1,
2016,0,76.29,60.26,1.921,1.0,0.0,-0.0,0.0,1,12.5
2016,1,136.5,80.86,-1.007,1.0,0.0,-0.002,0.007,4,10.5
2016,2,112.91,62.76,-2.33,0.998,0.0,0.079,1.498,0,
2016,3,135.94,65.87,1.811,1.0,0.0,-0.008,0.034,1,
2017,0,76.29,60.26,1.921,1.0,0.0,-0.0,0.0,1,12.5
2017,1,136.5,80.87,-1.008,1.0,0.0,-0.002,0.007,4,10.5
2017,2,111.88,61.67,-2.316,0.998,0.0,0.089,1.497,0,
2017,3,135.9,65.88,1.81,1.0,0.0,-0.009,0.034,1,
2018,0,76.29,60.26,1.921,1.0,0.0,-0.0,0.0,1,12.5
2018,1,136.5,80.88,-1.008,1.0,0.0,-0.002,0.007,4,10.5
2018,2,110.87,60.57,-2.301,0.998,0.0,0.099,1.496,0,
2018,3,135.87,65.89,1.808,1.0,0.0,-0.009,0.034,1,
2019,0,76.29,60.26,1.921,1.0,0.0,-0.0,0.0,1,12.5
2019,1,136.5,80.88,-1.008,1.0,0.0,-0.002,0.007,4,10.5
2019,2,109.87,59.46,-2.284,0.997,0.0,0.107,1.496,0,
2019,3,135.84,65.9,1.807,1.0,0.0,-0.009,0.034,1,
2020,0,76.29,60.26,1.921,1.0,0.0,-0.0,0.0,1,12.5
2020,1,136.5,80.89,-1.009,1.0,0.0,-0.002,0.007,4,10.5
2020,2,108.89,58.33,-2.267,0.997,0.0,0.112,1.495,0,
2020,3,135.81,65.91,1.806,1.0,0.0,-0.009,0.034,1,
2021,0,76.29,60.26,1.921,1.0,0.0,-0.0,0.0,1,12.5
2021,1,136.5,80.9,-1.009,1.0,0.0,-0.002,0.007,4,10.5
2021,2,107.93,57.18,-2.251,0.998,0.0,0.098,1.496,0,
2021,3,135.77,65.91,1.804,1.0,0.0,-0.009,0.034,1,
2022,0,76.29,60.26,1.921,1.0,0.0,-0.0,0.0,1,12.5
2022,1,136.5,80.9,-1.009,1.0,0.0,-0.002,0.007,4,10.5
2022,2,106.99,56.01,-2.244,1.0,0.0,0.042,1.499,0,
2022,3,135.74,65.92,1.803,1.0,0.0,-0.009,0.034,1,
2023,0,76.29,60.26,1.921,1.0,0.0,-0.0,0.0,1,12.5
2023,1,136.5,80.91,-1.01,1.0,0.0,-0.002,0.007,4,10.5
2023,2,106.05,54.84,-2.243,1.0,0.0,0.007,1.5,0,
2023,3,135.71,65.93,1.802,1.0,0.0,-0.009,0.034,1,
2024,0,76.29,60.26,1.921,1.0,0.0,-0.0,0.0,1,12.5
2024,1,136.5,80.92,-1.01,1.0,0.0,-0.002,0.007,4,10.5
2024,2,105.12,53.67,-2.251,0.999,0.0,-0.048,1.499,0,
2024,3,135.67,65.94,1.8,1.0,0.0,-0.009,0.035,1,
2025,0,76.29,60.26,1.921,1.0,0.0,-0.0,0.0,1,12.5
2025,1,136.5,80.92,-1.011,1.0,0.0,-0.002,0.007,4,10.5
2025,2,104.18,52.5,-2.265,0.998,0.0,-0.088,1.497,0,
2025,3,135.64,65.95,1.799,1.0,0.0,-0.009,0.035,1,
2026,0,76.29,60.26,1.921,1.0,0.0,-0.0,0.0,1,12.5
2026,1,136.5,80.93,-1.011,1.0,0.0,-0.002,0.007,4,10.5
2026,2,103.22,51.35,-2.283,0.997,0.0,-0.116,1.495,0,
2026,3,135.6,65.96,1.797,1.0,0.0,-0.009,0.035,1,
2027,0,76.29,60.26,1.921,1.0,0.0,-0.0,0.0,1,12.5
2027,1,136.5,80.94,-1.011,1.0,0.0,-0.002,0.007,4,10.5
2027,2,102.24,50.22,-2.304,0.996,0.0,-0.133,1.494,0,
2027,3,135.57,65.97,1.796,1.0,0.0,-0.009,0.035,1,
2028,0,76.29,60.26,1.921,1.0,0.0,-0.0,0.0,1,12.5
2028,1,136.5,80.94,-1.012,1.0,0.0,-0.002,0.007,4,10.5
2028,2,101.24,49.11,-2.326,0.995,0.0,-0.141,1.493,0,
2028,3,135.54,65.98,1.795,1.0,0.0,-0.009,0.035,1,
2029,0,76.29,60.26,1.921,1.0,0.0,-0.0,0.0,1,12.5
2029,1,136.5,80.95,-1.012,1.0,0.0,-0.002,0.007,4,10.5
2029,2,100.22,48.03,-2.348,0.995,0.0,-0.141,1.493,0,
2029,3,135.5,65.98,1.793,1.0,0.0,-0.009,0.035,1,
2030,0,76.29,60.26,1.921,1.0,0.0,-0.0,0.0,1,12.5
2030,1,136.5,80.96,-1.012,1.0,0.0,-0.002,0.007,4,10.6
2030,2,99.17,46.96,-2.369,0.996,0.0,-0.134,1.493,0,
2030,3,135.47,65.99,1.792,1.0,0.0,-0.009,0.035,1,
2031,0,76.29,60.26,1.921,1.0,0.0,-0.0,0.0,1,12.5
2031,1,136.5,80.96,-1.013,1.0,0.0,-0.002,0.007,4,10.6
2031,2,98.1,45.92,-2.388,0.996,0.0,-0.12,1.495,0,
2031,3,135.44,66.0,1.79,1.0,0.0,-0.009,0.035,1,
2032,0,76.29,60.26,1.921,1.0,0.0,-0.0,0.0,1,12.5
2032,1,136.5,80.97,-1.013,1.0,0.0,-0.002,0.007,4,10.6
2032,2,97.01,44.9,-2.404,0.997,0.0,-0.102,1.496,0,
2032,3,135.4,66.01,1.789,1.0,0.0,-0.009,0.035,1,
2033,0,76.29,60.26,1.921,1.0,0.0,-0.0,0.0,1,12.5
2033,1,136.5,80.98,-1.013,1.0,0.0,-0.002,0.007,4,10.6
2033,2,95.9,43.89,-2.416,0.998,0.0,-0.078,1.498,0,
2033,3,135.37,66.02,1.787,1.0,0.0,-0.009,0.035,1,
2034,0,76.29,60.26,1.921,1.0,0.0,-0.0,0.0,1,12.5
2034,1,136.5,80.98,-1.014,1.0,0.0,-0.002,0.007,4,10.6
2034,2,94.78,42.89,-2.424,0.999,0.0,-0.051,1.499,0,
2034,3,135.33,66.03,1.786,1.0,0.0,-0.009,0.036,1,
2035,0,76.29,60.26,1.921,1.0,0.0,-0.0,0.0,1,12.5
2035,1,136.5,80.99,-1.014,1.0,0.0,-0.002,0.007,4,10.6
2035,2,93.65,41.91,-2.428,1.0,0.0,-0.021,1.5,0,
2035,3,135.3,66.04,1.784,1.0,0.0,-0.009,0.036,1,
2036,0,76.29,60.26,1.921,1.0,0.0,-0.0,0.0,1,12.5
2036,1,136.5,81.0,-1.014,1.0,0.0,-0.002,0.007,4,10.6
2036,2,92.52,40.93,-2.426,1.0,0.0,0.012,1.5,0,
2036,3,135.26,66.05,1.783,1.0,0.0,-0.009,0.036,1,
2037,0,76.29,60.26,1.921,1.0,0.0,-0.0,0.0,1,12.5
2037,1,136.5,81.0,-1.015,1.0,0.0,-0.002,0.007,4,10.6
2037,2,91.39,39.94,-2.419,0.999,0.0,0.047,1.499,0,
2037,3,135.23,66.06,1.781,1.0,0.0,-0.009,0.036,1,
2038,0,76.29,60.26,1.921,1.0,0.0,-0.0,0.0,1,12.5
2038,1,136.5,81.01,-1.015,1.0,0.0,-0.002,0.007,4,10.6
2038,2,90.26,38.95,-2.406,0.998,0.0,0.082,1.498,0,
2038,3,135.19,66.07,1.78,1.0,0.0,-0.009,0.036,1,
2039,0,76.29,60.26,1.921,1.0,0.0,-0.0,0.0,1,12.5
2039,1,136.5,81.02,-1.015,1.0,0.0,-0.002,0.007,4,10.6
2039,2,89.16,37.95,-2.387,0.997,0.0,0.118,1.495,0,
2039,3,135.16,66.08,1.778,1.0,0.0,-0.009,0.036,1,
2040,0,76.29,60.26,1.921,1.0,0.0,-0.0,0.0,1,12.5
2040,1,136.5,81.02,-1.016,1.0,0.0,-0.002,0.007,4,10.6
2040,2,88.07,36.93,-2.363,0.994,0.0,0.153,1.491,0,
2040,3,135.13,66.09,1.777,1.0,0.0,-0.01,0.036,1,
2041,0,76.29,60.26,1.921,1.0,0.0,-0.0,0.0,1,12.5
2041,1,136.5,81.03,-1.016,1.0,0.0,-0.002,0.007,4,10.6
2041,2,87.01,35.88,-2.334,0.992,0.0,0.186,1.487,0,
2041,3,135.09,66.1,1.775,1.0,0.0,-0.01,0.036,1,
2042,0,76.29,60.26,1.921,1.0,0.0,-0.0,0.0,1,12.5
2042,1,136.5,81.04,-1.016,1.0,0.0,-0.002,0.007,4,10.6
2042,2,85.98,34.81,-2.3,0.989,0.0,0.216,1.483,0,
2042,3,135.06,66.11,1.774,1.0,0.0,-0.01,0.036,1,
2043,0,76.29,60.26,1.921,1.0,0.0,-0.0,0.0,1,12.5
2043,1,136.5,81.04,-1.017,1.0,0.0,-0.002,0.007,4,10.6
2043,2,85.0,33.71,-2.262,0.986,0.0,0.242,1.479,0,
2043,3,135.02,66.12,1.772,1.0,0.0,-0.01,0.036,1,
2044,0,76.29,60.26,1.921,1.0,0.0,-0.0,0.0,1,12.5
2044,1,136.5,81.05,-1.017,1.0,0.0,-0.002,0.007,4,10.6
2044,2,84.06,32.57,-2.221,0.983,0.0,0.262,1.475,0,
2044,3,134.99,66.13,1.771,1.0,0.0,-0.01,0.036,1,
2045,0,76.29,60.26,1.921,1.0,0.0,-0.0,0.0,1,12.5
2045,1,136.5,81.06,-1.017,1.0,0.0,-0.002,0.007,4,10.6
2045,2,83.17,31.4,-2.177,0.981,0.0,0.276,1.472,0,
2045,3,134.95,66.14,1.769,1.0,0.0,-0.01,0.037,1,
2046,0,76.29,60.26,1.921,1.0,0.0,-0.0,0.0,1,12.5
2046,1,136.5,81.06,-1.018,1.0,0.0,-0.002,0.007,4,10.6
2046,2,82.33,30.19,-2.133,0.98,0.0,0.283,1.471,0,
2046,3,134.92,66.15,1.768,1.0,0.0,-0.01,0.037,1,
2047,0,76.29,60.26,1.921,1.0,0.0,-0.0,0.0,1,12.5
2047,1,136.5,81.07,-1.018,1.0,0.0,-0.002,0.007,4,10.6
2047,2,81.55,28.95,-2.089,0.98,0.0,0.283,1.471,0,
2047,3,134.88,66.16,1.766,1.0,0.0,-0.01,0.037,1,
2048,0,76.29,60.26,1.921,1.0,0.0,-0.0,0.0,1,12.5
2048,1,136.5,81.08,-1.018,1.0,0.0,-0.002,0.007,4,10.7
2048,2,80.82,27.66,-2.049,0.984,0.0,0.255,1.476,0,
2048,3,134.85,66.17,1.765,1.0,0.0,-0.01,0.037,1,
2049,0,76.29,60.26,1.921,1.0,0.0,-0.0,0.0,1,12.5
2049,1,136.5,81.08,-1.019,1.0,0.0,-0.002,0.006,4,10.7
2049,2,80.13,26.35,-2.015,0.989,0.0,0.211,1.484,0,
2049,3,134.81,66.18,1.763,1.0,0.0,-0.01,0.037,1,
2050,0,76.29,60.26,1.921,1.0,0.0,-0.0,0.0,1,12.5
2050,1,136.5,81.09,-1.019,1.0,0.0,-0.002,0.006,4,10.7
2050,2,79.49,25.0,-1.988,0.992,0.0,0.176,1.489,0,
2050,3,134.77,66.19,1.762,1.0,0.0,-0.01,0.037,1,
2051,0,76.29,60.26,1.921,1.0,0.0,-0.0,0.0,1,12.5
2051,1,136.5,81.1,-1.019,1.0,0.0,-0.002,0.006,4,10.7
2051,2,78.89,23.64,-1.965,0.995,0.0,0.147,1.492,0,
2051,3,134.74,66.2,1.76,1.0,0.0,-0.01,0.037,1,
2052,0,76.29,60.26,1.921,1.0,0.0,-0.0,0.0,1,12.5
2052,1,136.5,81.1,-1.02,1.0,0.0,-0.002,0.006,4,10.7
2052,2,78.32,22.26,-1.945,0.996,0.0,0.124,1.494,0,
2052,3,134.7,66.21,1.758,1.0,0.0,-0.01,0.037,1,
2053,0,76.29,60.26,1.921,1.0,0.0,-0.0,0.0,1,12.5
2053,1,136.5,81.11,-1.02,1.0,0.0,-0.002,0.006,4,10.7
2053,2,77.77,20.87,-1.929,0.997,0.0,0.105,1.496,0,
2053,3,134.67,66.22,1.757,1.0,0.0,-0.01,0.037,1,
2054,0,76.29,60.26,1.921,1.0,0.0,-0.0,0.0,1,12.5
2054,1,136.5,81.12,-1.02,1.0,0.0,-0.002,0.006,4,10.7
2054,2,77.24,19.46,-1.915,0.998,0.0,0.089,1.497,0,
2054,3,134.63,66.23,1.755,1.0,0.0,-0.01,0.037,1,
2055,0,76.29,60.26,1.921,1.0,0.0,-0.0,0.0,1,12.5
2055,1,136.5,81.12,-1.021,1.0,0.0,-0.002,0.006,4,10.7
2055,2,76.74,18.05,-1.903,0.999,0.0,0.076,1.498,0,
2055,3,134.6,66.24,1.754,1.0,0.0,-0.01,0.037,1,
2056,0,76.29,60.26,1.921,1.0,0.0,-0.0,0.0,1,12.5
2056,1,136.5,81.13,-1.021,1.0,0.0,-0.002,0.006,4,10.7
2056,2,76.25,16.64,-1.892,0.999,0.0,0.066,1.498,0,
2056,3,134.56,66.25,1.752,1.0,0.0,-0.01,0.038,1,
2057,0,76.29,60.26,1.921,1.0,0.0,-0.0,0.0,1,12.5
2057,1,136.5,81.13,-1.021,1.0,0.0,-0.002,0.006,4,10.7
2057,2,75.78,15.22,-1.883,0.999,0.0,0.058,1.499,0,
2057,3,134.52,66.27,1.75,1.0,0.0,-0.01,0.038,1,
2058,0,76.29,60.26,1.921,1.0,0.0,-0.0,0.0,1,12.5
2058,1,136.5,81.14,-1.021,1.0,0.0,-0.002,0.006,4,10.7
2058,2,75.32,13.79,-1.875,0.999,0.0,0.051,1.499,0,
2058,3,134.49,66.28,1.749,1.0,0.0,-0.01,0.038,1,
2059,0,76.29,60.26,1.921,1.0,0.0,-0.0,0.0,1,12.5
2059,1,136.5,81.15,-1.022,1.0,0.0,-0.002,0.006,4,10.7
2059,2,74.87,12.36,-1.868,0.999,0.0,0.046,1.499,0,
2059,3,134.45,66.29,1.747,1.0,0.0,-0.01,0.038,1,
2060,0,76.29,60.26,1.921,1.0,0.0,-0.0,0.0,1,12.5
2060,1,136.5,81.15,-1.022,1.0,0.0,-0.002,0.006,4,10.7
2060,2,74.43,10.93,-1.862,1.0,0.0,0.042,1.499,0,
2060,3,134.42,66.3,1.746,1.0,0.0,-0.01,0.038,1,
2061,0,76.29,60.26,1.921,1.0,0.0,-0.0,0.0,1,12.5
2061,1,136.5,81.16,-1.022,1.0,0.0,-0.002,0.006,4,10.7
2061,2,74.03,9.59,-1.855,0.932,0.0,0.039,1.398,0,
2061,3,134.38,66.31,1.744,1.0,0.0,-0.01,0.038,1,
2062,0,76.29,60.26,1.921,1.0,0.0,-0.0,0.0,1,12.5
2062,1,136.5,81.17,-1.023,1.0,0.0,-0.002,0.006,4,10.7
2062,2,73.68,8.4,-1.85,0.793,0.0,0.037,1.238,0,
2062,3,134.34,66.32,1.742,1.0,0.0,-0.01,0.038,1,
2063,0,76.29,60.26,1.921,1.0,0.0,-0.0,0.0,1,12.5
2063,1,136.5,81.17,-1.023,1.0,0.0,-0.002,0.006,4,10.7
2063,2,73.38,7.5,-1.844,0.669,0.0,0.036,0.945,1,
2063,3,134.31,66.33,1.741,1.0,0.0,-0.011,0.038,1,
2064,0,76.29,60.26,1.921,1.0,0.0,-0.0,0.0,1,12.5
2064,1,136.5,81.18,-1.023,1.0,0.0,-0.002,0.006,4,10.7
2064,2,73.35,7.5,-1.837,0.574,0.0,0.043,0.032,1,
2064,3,134.27,66.35,1.739,1.0,0.0,-0.011,0.038,1,
2065,0,76.29,60.26,1.921,1.0,0.0,-0.0,0.0,1,12.5
2065,1,136.5,81.19,-1.024,1.0,0.0,-0.002,0.006,4,10.7
2065,2,73.32,7.5,-1.831,0.574,0.0,0.041,0.032,1,
2065,3,134.23,66.36,1.737,1.0,0.0,-0.011,0.038,1,
2066,0,76.29,60.26,1.921,1.0,0.0,-0.0,0.0,1,12.5
2066,1,136.5,81.19,-1.024,1.0,0.0,-0.002,0.006,4,10.8
2066,2,73.29,7.5,-1.824,0.573,0.0,0.04,0.031,1,
2066,3,134.2,66.37,1.736,1.0,0.0,-0.011,0.038,1,
2067,0,76.29,60.26,1.921,1.0,0.0,-0.0,0.0,1,12.5
2067,1,136.5,81.2,-1.024,1.0,0.0,-0.002,0.006,4,10.8
2067,2,73.26,7.5,-1.818,0.572,0.0,0.038,0.03,1,
2067,3,134.16,66.38,1.734,1.0,0.0,-0.011,0.039,1,
2068,0,76.29,60.26,1.921,1.0,0.0,-0.0,0.0,1,12.5
2068,1,136.5,81.21,-1.025,1.0,0.0,-0.002,0.006,4,10.8
2068,2,73.23,7.5,-1.813,0.572,0.0,0.037,0.029,1,
2068,3,134.12,66.39,1.732,1.0,0.0,-0.011,0.039,1,
2069,0,76.29,60.26,1.921,1.0,0.0,-0.0,0.0,1,12.5
2069,1,136.5,81.21,-1.025,1.0,0.0,-0.002,0.006,4,10.8
2069,2,73.2,7.5,-1.807,0.571,0.0,0.036,0.029,1,
2069,3,134.09,66.41,1.731,1.0,0.0,-0.011,0.039,1,
2070,0,76.29,60.26,1.921,1.0,0.0,-0.0,0.0,1,12.5
2070,1,136.5,81.22,-1.025,1.0,0.0,-0.002,0.006,4,10.8
2070,2,73.17,7.5,-1.801,0.57,0.0,0.035,0.028,1,
2070,3,134.05,66.42,1.729,1.0,0.0,-0.011,0.039,1,
2071,0,76.29,60.26,1.921,1.0,0.0,-0.0,0.0,1,12.5
2071,1,136.5,81.22,-1.025,1.0,0.0,-0.002,0.006,4,10.8
2071,2,73.14,7.5,-1.796,0.57,0.0,0.034,0.027,1,
2071,3,134.01,66.43,1.727,1.0,0.0,-0.011,0.039,1,
2072,0,76.29,60.26,1.921,1.0,0.0,-0.0,0.0,1,12.5
2072,1,136.5,81.23,-1.026,1.0,0.0,-0.002,0.006,4,10.8
2072,2,73.12,7.5,-1.791,0.569,0.0,0.033,0.027,1,
2072,3,133.98,66.44,1.725,1.0,0.0,-0.011,0.039,1,
2073,0,76.29,60.26,1.921,1.0,0.0,-0.0,0.0,1,12.5
2073,1,136.5,81.24,-1.026,1.0,0.0,-0.002,0.006,4,10.8
2073,2,73.09,7.5,-1.786,0.569,0.0,0.032,0.026,1,
2073,3,133.94,66.46,1.724,1.0,0.0,-0.011,0.039,1,
2074,0,76.29,60.26,1.921,1.0,0.0,-0.0,0.0,1,12.5
2074,1,136.5,81.24,-1.026,1.0,0.0,-0.002,0.006,4,10.8
2074,2,73.06,7.5,-1.781,0.568,0.0,0.031,0.026,1,
2074,3,133.9,66.47,1.722,1.0,0.0,-0.011,0.039,1,
2075,0,76.29,60.26,1.921,1.0,0.0,-0.0,0.0,1,12.5
2075,1,136.5,81.25,-1.027,1.0,0.0,-0.002,0.006,4,10.8
2075,2,73.04,7.5,-1.776,0.568,0.0,0.031,0.025,1,
2075,3,133.87,66.48,1.72,1.0,0.0,-0.011,0.039,1,
2076,0,76.29,60.26,1.921,1.0,0.0,-0.0,0.0,1,12.5
2076,1,136.5,81.26,-1.027,1.0,0.0,-0.002,0.006,4,10.8
2076,2,73.02,7.5,-1.771,0.567,0.0,0.03,0.024,1,
2076,3,133.83,66.5,1.719,1.0,0.0,-0.011,0.039,1,
2077,0,76.29,60.26,1.921,1.0,0.0,-0.0,0.0,1,12.5
2077,1,136.5,81.26,-1.027,1.0,0.0,-0.002,0.006,4,10.8
2077,2,72.99,7.5,-1.767,0.567,0.0,0.029,0.024,1,
2077,3,133.79,66.51,1.717,1.0,0.0,-0.011,0.039,1,
2078,0,76.29,60.26,1.921,1.0,0.0,-0.0,0.0,1,12.5
2078,1,136.5,81.27,-1.028,1.0,0.0,-0.002,0.006,4,10.8
2078,2,72.97,7.5,-1.762,0.567,0.0,0.029,0.023,1,
2078,3,133.75,66.52,1.715,1.0,0.0,-0.011,0.04,1,
2079,0,76.29,60.26,1.921,1.0,0.0,-0.0,0.0,1,12.5
2079,1,136.5,81.27,-1.028,1.0,0.0,-0.002,0.006,4,10.8
2079,2,72.95,7.5,-1.758,0.566,0.0,0.028,0.023,1,
2079,3,133.72,66.53,1.713,1.0,0.0,-0.011,0.04,1,
2080,0,76.29,60.26,1.939,0.0,0.0,1.0,0.0,0,52.9
2080,1,136.5,81.33,-1.028,0.0,0.0,0.0,0.058,3,
2080,2,72.95,7.5,-1.736,0.0,0.0,1.0,0.0,0,
2080,3,133.69,66.6,1.711,1.0,0.0,-0.011,0.069,1,
2081,0,76.29,60.26,1.974,0.017,0.0,1.0,0.0,1,52.9
2081,1,136.5,81.39,-1.028,0.0,0.0,0.0,0.058,3,
2081,2,72.95,7.5,-1.697,0.0,0.0,1.0,0.0,0,
2081,3,133.66,66.66,1.71,1.0,0.0,-0.012,0.069,1,
2082,0,76.29,60.26,2.026,0.053,0.0,1.0,0.004,1,52.9
2082,1,136.5,81.45,-1.028,0.0,0.0,0.0,0.058,3,
2082,2,72.95,7.5,-1.64,0.0,0.0,1.0,0.0,0,
2082,3,133.63,66.72,1.707,1.0,0.0,-0.013,0.069,1,
2083,0,76.27,60.25,2.096,0.105,0.0,1.0,0.013,1,52.9
2083,1,136.5,81.51,-1.028,0.0,0.0,0.0,0.058,3,
2083,2,72.95,7.5,-1.565,0.0,0.0,1.0,0.0,0,
2083,3,133.61,66.79,1.705,1.0,0.0,-0.014,0.069,1,
2084,0,76.25,60.25,2.184,0.175,0.0,1.0,0.021,8,52.8
2084,1,136.5,81.56,-1.028,0.0,0.0,0.0,0.058,3,
2084,2,72.95,7.5,-1.473,0.0,0.0,1.0,0.0,0,
2084,3,133.58,66.85,1.703,1.0,0.0,-0.015,0.069,1,
2085,0,76.22,60.24,2.289,0.262,0.0,1.0,0.032,2,52.8
2085,1,136.5,81.62,-1.028,0.0,0.0,0.0,0.058,3,
2085,2,72.95,7.5,-1.364,0.0,0.0,1.0,0.0,0,
2085,3,133.55,66.91,1.701,1.0,0.0,-0.015,0.069,1,
2086,0,76.18,60.22,2.411,0.365,0.0,1.0,0.044,1,52.8
2086,1,136.5,81.68,-1.028,0.0,0.0,0.0,0.058,3,
2086,2,72.95,7.5,-1.237,0.0,0.0,1.0,0.0,0,
2086,3,133.53,66.98,1.698,1.0,0.0,-0.015,0.069,1,
2087,0,76.13,60.2,2.551,0.479,0.0,1.0,0.058,8,52.7
2087,1,136.5,81.74,-1.028,0.0,0.0,0.0,0.058,3,
2087,2,72.95,7.5,-1.093,0.0,0.0,1.0,0.0,0,
2087,3,133.5,67.04,1.696,1.0,0.0,-0.016,0.069,1,
2088,0,76.06,60.18,2.708,0.6,0.0,1.0,0.073,8,52.6
2088,1,136.5,81.79,-1.028,0.0,0.0,0.0,0.058,3,
2088,2,72.95,7.5,-0.936,0.0,0.0,1.0,0.0,0,
2088,3,133.47,67.1,1.693,1.0,0.0,-0.016,0.069,1,
2089,0,75.98,60.15,2.865,0.722,0.0,1.0,0.087,8,52.6
2089,1,136.5,81.85,-1.028,0.0,0.0,0.0,0.058,3,
2089,2,72.95,7.5,-0.778,0.0,0.0,1.0,0.0,0,
2089,3,133.45,67.17,1.691,1.0,0.0,-0.016,0.069,1,
2090,0,75.88,60.12,3.005,0.825,0.0,0.857,0.1,2,52.5
2090,1,136.5,81.91,-1.028,0.0,0.0,0.0,0.058,3,
2090,2,72.95,7.5,-0.621,0.0,0.0,1.0,0.0,0,
2090,3,133.42,67.23,1.688,1.0,0.0,-0.016,0.069,1,
2091,0,75.78,60.08,3.127,0.899,0.0,0.646,0.108,1,52.3
2091,1,136.5,81.97,-1.028,0.0,0.0,0.0,0.058,3,
2091,2,72.95,7.5,-0.464,0.0,0.0,1.0,0.0,0,
2091,3,133.39,67.29,1.686,1.0,0.0,-0.016,0.069,1,
2092,0,75.67,60.05,-3.052,0.949,0.0,0.46,0.114,8,52.2
2092,1,136.5,82.03,-1.028,0.0,0.0,0.0,0.058,3,
2092,2,72.95,7.5,-0.307,0.0,0.0,1.0,0.0,0,
2092,3,133.37,67.36,1.683,1.0,0.0,-0.016,0.068,1,
2093,0,75.56,60.02,-2.965,0.978,0.0,0.297,0.118,1,52.1
2093,1,136.5,82.08,-1.028,0.0,0.0,0.0,0.058,3,
2093,2,73.06,7.5,-0.15,0.081,0.0,1.0,0.114,1,
2093,3,133.34,67.42,1.681,1.0,0.0,-0.016,0.068,1,
2094,0,75.44,59.98,-2.895,0.994,0.0,0.159,0.119,1,52.0
2094,1,136.5,82.14,-1.028,0.0,0.0,0.0,0.058,3,
2094,2,73.18,7.5,0.007,0.232,0.0,1.0,0.119,1,
2094,3,133.32,67.48,1.678,1.0,0.0,-0.016,0.068,1,
2095,0,75.33,59.95,-2.843,0.999,0.0,0.046,0.12,1,51.9
2095,1,136.5,82.2,-1.028,0.0,0.0,0.0,0.058,3,
2095,2,73.3,7.5,0.164,0.378,0.0,1.0,0.12,0,
2095,3,133.29,67.55,1.675,1.0,0.0,-0.016,0.068,1,
2096,0,75.21,59.92,-2.808,1.0,0.0,-0.042,0.12,0,51.8
2096,1,136.5,82.26,-1.028,0.0,0.0,0.0,0.058,3,
2096,2,73.54,7.54,0.321,0.515,0.0,1.0,0.24,0,
2096,3,133.27,67.61,1.673,1.0,0.0,-0.016,0.068,1,
2097,0,74.99,59.84,-2.791,0.997,0.0,-0.105,0.24,0,51.5
2097,1,136.5,82.32,-1.028,0.0,0.0,0.0,0.058,3,
2097,2,73.88,7.65,0.478,0.636,0.0,1.0,0.36,0,
2097,3,133.24,67.68,1.67,1.0,0.0,-0.016,0.068,1,
2098,0,74.65,59.71,-2.792,0.994,0.0,-0.157,0.36,0,51.2
2098,1,136.5,82.38,-1.028,0.0,0.0,0.0,0.058,3,
2098,2,74.3,7.87,0.635,0.742,0.0,1.0,0.48,0,
2098,3,133.22,67.74,1.668,1.0,0.0,-0.016,0.068,1,
2099,0,74.46,59.65,-2.81,0.0,0.0,-1.0,0.2,0,51.0
2099,1,136.5,82.43,-1.028,0.0,0.0,0.0,0.058,3,
2099,2,74.79,8.23,0.775,0.83,0.0,0.846,0.6,0,
2099,3,133.19,67.8,1.665,1.0,0.0,-0.016,0.068,1,
2100,0,74.42,59.63,-2.845,0.0,0.0,-1.0,0.04,0,50.9
2100,1,136.5,82.49,-1.028,0.0,0.0,0.0,0.058,3,
2100,2,75.3,8.73,0.897,0.892,0.0,0.669,0.72,0,
2100,3,133.17,67.87,1.663,1.0,0.0,-0.016,0.068,1,
2101,0,74.42,59.63,-2.898,0.0,0.0,-1.0,0.0,0,50.9
2101,1,136.5,82.55,-1.028,0.0,0.0,0.0,0.058,3,
2101,2,75.82,9.39,1.001,0.935,0.0,0.519,0.84,0,
2101,3,133.15,67.93,1.66,1.0,0.0,-0.016,0.068,1,
2102,0,74.42,59.63,-2.968,0.0,0.0,-1.0,0.0,0,50.9
2102,1,136.5,82.61,-1.028,0.0,0.0,0.0,0.058,3,
2102,2,76.34,10.2,1.089,0.962,0.0,0.393,0.96,0,
2102,3,133.12,67.99,1.658,1.0,0.0,-0.016,0.068,1,
2103,0,74.35,59.62,-3.056,0.05,0.0,-1.0,0.074,0,50.9
2103,1,136.5,82.67,-1.028,0.0,0.0,0.0,0.058,3,
2103,2,76.84,11.16,1.158,0.979,0.0,0.292,1.08,0,
2103,3,133.1,68.06,1.655,1.0,0.0,-0.016,0.068,1,
2104,0,74.16,59.6,3.121,0.137,0.0,-1.0,0.194,0,50.7
2104,1,136.5,82.73,-1.028,0.0,0.0,0.0,0.058,3,
2104,2,77.32,12.26,1.21,0.989,0.0,0.212,1.2,0,
2104,3,133.08,68.12,1.653,1.0,0.0,-0.016,0.068,1,
2105,0,73.84,59.61,3.034,0.97,0.0,0.348,0.314,0,50.4
2105,1,136.5,82.78,-1.028,0.0,0.0,0.0,0.058,3,
2105,2,77.79,13.49,1.245,0.994,0.0,0.154,1.32,0,
2105,3,133.05,68.19,1.65,1.0,0.0,-0.016,0.068,1,
2106,0,73.42,59.58,2.963,0.945,0.0,0.476,0.424,1,49.9
2106,1,136.5,82.84,-1.028,0.0,0.0,0.0,0.059,3,
2106,2,78.25,14.85,1.263,0.997,0.0,0.115,1.44,0,
2106,3,133.03,68.25,1.648,1.0,0.0,-0.016,0.068,1,
2107,0,73.3,59.57,2.91,0.919,0.0,0.578,0.115,1,49.8
2107,1,136.5,82.9,-1.028,0.0,0.0,0.0,0.059,3,
2107,2,78.7,16.28,1.278,0.998,0.0,0.096,1.497,0,
2107,3,133.01,68.31,1.645,1.0,0.0,-0.016,0.068,1,
2108,0,73.19,59.56,2.875,0.897,0.0,0.654,0.114,1,49.7
2108,1,136.5,82.96,-1.028,0.0,0.0,0.0,0.059,3,
2108,2,79.14,17.72,1.29,0.999,0.0,0.076,1.498,0,
2108,3,132.99,68.38,1.643,1.0,0.0,-0.016,0.068,1,
2109,0,73.08,59.55,2.857,0.881,0.0,0.705,0.113,1,49.6
2109,1,136.5,83.02,-1.028,0.0,0.0,0.0,0.059,3,
2109,2,79.55,19.16,1.299,0.999,0.0,0.056,1.499,0,
2109,3,132.96,68.44,1.64,1.0,0.0,-0.016,0.068,1,
2110,0,72.97,59.54,2.856,0.872,0.0,0.731,0.112,1,49.5
2110,1,136.5,83.08,-1.028,0.0,0.0,0.0,0.059,3,
2110,2,79.96,20.6,1.304,1.0,0.0,0.036,1.5,0,
2110,3,132.94,68.51,1.638,1.0,0.0,-0.016,0.068,1,
2111,0,72.85,59.53,2.874,0.871,0.0,0.732,0.113,8,49.4
2111,1,136.5,83.14,-1.028,0.0,0.0,0.0,0.059,3,
2111,2,80.35,22.05,1.307,1.0,0.0,0.016,1.5,0,
2111,3,132.92,68.57,1.636,1.0,0.0,-0.015,0.068,1,
2112,0,72.74,59.52,2.908,0.88,0.0,0.708,0.114,1,49.3
2112,1,136.5,83.19,-1.028,0.0,0.0,0.0,0.059,3,
2112,2,80.74,23.49,1.306,1.0,0.0,-0.004,1.5,0,
2112,3,132.9,68.63,1.633,1.0,0.0,-0.015,0.068,1,
2113,0,72.63,59.52,2.96,0.895,0.0,0.66,0.115,2,49.1
2113,1,136.5,83.25,-1.028,0.0,0.0,0.0,0.059,3,
2113,2,81.13,24.94,1.303,1.0,0.0,-0.022,1.5,0,
2113,3,132.88,68.7,1.631,1.0,0.0,-0.015,0.068,1,
2114,0,72.51,59.51,3.03,0.917,0.0,0.586,0.117,8,49.0
2114,1,136.5,83.31,-1.028,0.0,0.0,0.0,0.059,3,
2114,2,81.53,26.39,1.296,1.0,0.0,-0.039,1.499,0,
2114,3,132.86,68.76,1.628,1.0,0.0,-0.015,0.068,1,
2115,0,72.39,59.51,3.106,0.942,0.0,0.487,0.119,1,48.9
2115,1,136.5,83.37,-1.028,0.0,0.0,0.0,0.059,3,
2115,2,81.94,27.83,1.288,0.999,0.0,-0.054,1.499,0,
2115,3,132.83,68.83,1.626,1.0,0.0,-0.015,0.067,1,
2116,0,72.27,59.5,-3.117,0.965,0.0,0.378,0.12,1,48.8
2116,1,136.5,83.43,-1.028,0.0,0.0,0.0,0.059,3,
2116,2,82.36,29.27,1.278,0.999,0.0,-0.066,1.498,0,
2116,3,132.81,68.89,1.624,1.0,0.0,-0.015,0.067,1,
2117,0,72.15,59.5,-3.071,0.979,0.0,0.294,0.12,0,48.7
2117,1,136.5,83.49,-1.028,0.0,0.0,0.0,0.059,3,
2117,2,82.79,30.7,1.266,0.999,0.0,-0.075,1.498,0,
2117,3,132.79,68.95,1.621,1.0,0.0,-0.015,0.067,1,
2118,0,71.91,59.48,-3.035,0.987,0.0,0.229,0.24,0,48.4
2118,1,136.5,83.55,-1.028,0.0,0.0,0.0,0.059,3,
2118,2,83.24,32.13,1.245,0.996,0.0,-0.13,1.494,0,
2118,3,132.77,69.02,1.619,1.0,0.0,-0.015,0.067,1,
2119,0,71.55,59.44,-3.007,0.992,0.0,0.179,0.36,0,48.1
2119,1,136.5,83.61,-1.028,0.0,0.0,0.0,0.059,3,
2119,2,83.72,33.55,1.229,0.997,0.0,-0.103,1.496,0,
2119,3,132.75,69.08,1.617,1.0,0.0,-0.015,0.067,1,
2120,0,71.08,59.38,-2.962,0.662,0.0,1.0,0.48,0,41.4
2120,1,136.5,83.61,-1.045,0.996,0.0,-0.135,0.007,4,12.9
2120,2,84.22,34.96,1.216,0.998,0.0,-0.081,1.498,0,
2120,3,132.72,69.1,1.614,1.0,0.0,-0.015,0.036,1,
2121,0,70.49,59.27,-2.899,0.689,0.0,1.0,0.6,0,41.0
2121,1,136.5,83.62,-1.063,0.997,0.0,-0.111,0.007,4,12.9
2121,2,84.74,36.36,1.206,0.999,0.0,-0.065,1.498,0,
2121,3,132.69,69.11,1.612,1.0,0.0,-0.014,0.036,1,
2122,0,69.79,59.1,-2.818,0.726,0.0,1.0,0.72,0,40.5
2122,1,136.5,83.63,-1.076,0.998,0.0,-0.086,0.006,4,12.9
2122,2,85.27,37.76,1.198,0.999,0.0,-0.051,1.499,0,
2122,3,132.65,69.13,1.61,1.0,0.0,-0.014,0.036,1,
2123,0,68.99,58.83,-2.72,0.771,0.0,0.986,0.84,0,39.8
2123,1,136.5,83.63,-1.087,0.999,0.0,-0.067,0.006,4,12.9
2123,2,85.82,39.16,1.192,1.0,0.0,-0.041,1.499,0,
2123,3,132.62,69.14,1.608,1.0,0.0,-0.013,0.036,1,
2124,0,68.12,58.44,-2.604,0.822,0.0,0.865,0.96,0,39.0
2124,1,136.5,83.64,-1.095,0.999,0.0,-0.052,0.006,4,12.9
2124,2,86.37,40.55,1.187,1.0,0.0,-0.032,1.5,0,
2124,3,132.59,69.16,1.606,1.0,0.0,-0.013,0.036,1,
2125,0,67.19,57.89,-2.491,0.876,0.0,0.72,1.08,0,38.1
2125,1,136.5,83.64,-1.102,1.0,0.0,-0.041,0.006,4,12.9
2125,2,86.93,41.94,1.183,1.0,0.0,-0.026,1.5,0,
2125,3,132.55,69.17,1.604,1.0,0.0,-0.013,0.036,1,
2126,0,66.23,57.16,-2.396,0.919,0.0,0.578,1.2,0,37.0
2126,1,136.5,83.65,-1.107,1.0,0.0,-0.032,0.005,4,12.9
2126,2,87.5,43.33,1.18,1.0,0.0,-0.02,1.5,0,
2126,3,132.52,69.19,1.602,1.0,0.0,-0.012,0.036,1,
2127,0,65.26,56.27,-2.318,0.949,0.0,0.459,1.32,0,35.7
2127,1,136.5,83.66,-1.111,1.0,0.0,-0.025,0.005,4,12.9
2127,2,88.07,44.72,1.177,1.0,0.0,-0.016,1.5,0,
2127,3,132.49,69.2,1.6,1.0,0.0,-0.012,0.036,1,
2128,0,64.28,55.21,-2.257,0.968,0.0,0.365,1.44,0,34.4
2128,1,136.5,83.66,-1.114,1.0,0.0,-0.02,0.005,4,12.9
2128,2,88.65,46.1,1.175,1.0,0.0,-0.013,1.5,0,
2128,3,132.45,69.22,1.598,1.0,0.0,-0.012,0.036,1,
2129,0,63.35,54.07,-2.211,0.979,0.0,0.293,1.469,0,32.9
2129,1,136.5,83.67,-1.116,1.0,0.0,-0.016,0.005,4,12.9
2129,2,89.23,47.49,1.173,1.0,0.0,-0.01,1.5,0,
2129,3,132.42,69.23,1.596,1.0,0.0,-0.012,0.036,1,
2130,0,62.47,52.89,-2.174,0.986,0.0,0.24,1.479,0,31.5
2130,1,136.5,83.67,-1.118,1.0,0.0,-0.012,0.005,4,12.9
2130,2,89.81,48.87,1.172,1.0,0.0,-0.008,1.5,0,
2130,3,132.39,69.25,1.594,1.0,0.0,-0.012,0.036,1,
2131,0,61.63,51.66,-2.143,0.99,0.0,0.198,1.486,0,30.0
2131,1,136.5,83.68,-1.12,1.0,0.0,-0.01,0.005,4,12.9
2131,2,90.39,50.25,1.171,1.0,0.0,-0.006,1.5,0,
2131,3,132.35,69.26,1.592,1.0,0.0,-0.012,0.036,1,
2132,0,60.82,50.41,-2.117,0.993,0.0,0.163,1.49,0,28.5
2132,1,136.5,83.68,-1.121,1.0,0.0,-0.008,0.005,4,12.9
2132,2,90.97,51.63,1.17,1.0,0.0,-0.005,1.5,0,
2132,3,132.32,69.27,1.591,1.0,0.0,-0.012,0.036,1,
2133,0,60.04,49.13,-2.096,0.996,0.0,0.135,1.493,0,27.0
2133,1,136.5,83.69,-1.122,1.0,0.0,-0.006,0.005,4,12.9
2133,2,91.56,53.02,1.17,1.0,0.0,-0.004,1.5,0,
2133,3,132.29,69.29,1.589,1.0,0.0,-0.012,0.037,1,
2134,0,59.3,47.84,-2.078,0.997,0.0,0.112,1.495,0,25.5
2134,1,136.5,83.69,-1.123,1.0,0.0,-0.005,0.005,4,13.0
2134,2,92.14,54.4,1.169,1.0,0.0,-0.003,1.5,0,
2134,3,132.25,69.3,1.587,1.0,0.0,-0.012,0.037,1,
2135,0,58.57,46.53,-2.063,0.998,0.0,0.094,1.497,0,24.0
2135,1,136.5,83.7,-1.123,1.0,0.0,-0.004,0.005,4,13.0
2135,2,92.73,55.78,1.169,1.0,0.0,-0.003,1.5,0,
2135,3,132.22,69.32,1.585,1.0,0.0,-0.012,0.037,1,
2136,0,57.86,45.21,-2.051,0.998,0.0,0.078,1.498,0,22.5
2136,1,136.5,83.7,-1.124,1.0,0.0,-0.003,0.005,4,13.0
2136,2,93.32,57.16,1.168,1.0,0.0,-0.002,1.5,0,
2136,3,132.19,69.33,1.583,1.0,0.0,-0.012,0.037,1,
2137,0,57.17,43.88,-2.041,0.999,0.0,0.066,1.498,0,21.1
2137,1,136.5,83.71,-1.124,1.0,0.0,-0.003,0.005,4,13.0
2137,2,93.9,58.54,1.168,1.0,0.0,-0.002,1.5,0,
2137,3,132.15,69.35,1.581,1.0,0.0,-0.012,0.037,1,
2138,0,56.49,42.55,-2.032,0.999,0.0,0.056,1.499,0,19.6
2138,1,136.5,83.71,-1.125,1.0,0.0,-0.003,0.005,4,13.0
2138,2,94.49,59.92,1.168,1.0,0.0,-0.001,1.5,0,
2138,3,132.12,69.36,1.579,1.0,0.0,-0.012,0.037,1,
2139,0,55.82,41.2,-2.024,0.999,0.0,0.048,1.499,0,18.1
2139,1,136.5,83.71,-1.125,1.0,0.0,-0.002,0.005,4,13.0
2139,2,95.08,61.3,1.168,1.0,0.0,-0.001,1.5,0,
2139,3,132.09,69.38,1.578,1.0,0.0,-0.012,0.037,1,
2140,0,55.17,39.86,-2.018,1.0,0.0,0.041,1.499,0,16.6
2140,1,136.5,83.72,-1.125,1.0,0.0,-0.002,0.005,4,13.0
2140,2,95.67,62.68,1.168,1.0,0.0,-0.001,1.5,0,
2140,3,132.05,69.39,1.576,1.0,0.0,-0.012,0.037,1,
2141,0,54.52,38.5,-2.012,1.0,0.0,0.035,1.5,0,15.1
2141,1,136.5,83.72,-1.126,1.0,0.0,-0.002,0.005,4,13.0
2141,2,96.26,64.06,1.168,1.0,0.0,-0.001,1.5,0,
2141,3,132.02,69.41,1.574,1.0,0.0,-0.012,0.037,1,
2142,0,53.88,37.15,-2.008,1.0,0.0,0.031,1.5,0,13.6
2142,1,136.5,83.73,-1.126,1.0,0.0,-0.002,0.005,4,13.0
2142,2,96.85,65.44,1.168,1.0,0.0,-0.001,1.5,0,
2142,3,131.99,69.42,1.572,1.0,0.0,-0.012,0.037,1,
2143,0,53.42,36.19,-2.02,0.491,0.0,-0.61,1.058,1,4.4
2143,1,136.5,83.73,-1.126,1.0,0.0,-0.001,0.005,4,13.0
2143,2,97.43,66.82,1.167,1.0,0.0,-0.0,1.5,0,
2143,3,131.95,69.44,1.57,1.0,0.0,-0.012,0.037,1,
2144,0,53.42,36.19,-2.015,0.999,0.0,0.049,0.004,1,12.5
2144,1,136.5,83.74,-1.126,1.0,0.0,-0.001,0.005,4,13.0
2144,2,98.02,68.2,1.169,1.0,0.0,0.012,1.5,0,
2144,3,131.92,69.46,1.568,1.0,0.0,-0.012,0.037,1,
2145,0,53.42,36.2,-2.009,1.0,0.0,0.042,0.004,8,12.5
2145,1,136.5,83.74,-1.126,1.0,0.0,-0.001,0.005,4,13.0
2145,2,98.61,69.58,1.179,0.999,0.0,0.059,1.499,0,
2145,3,131.89,69.47,1.566,1.0,0.0,-0.012,0.037,1,
2146,0,53.41,36.2,-2.004,1.0,0.0,0.033,0.003,1,12.5
2146,1,136.5,83.75,-1.127,1.0,0.0,-0.001,0.005,4,13.0
2146,2,99.18,70.96,1.194,0.998,0.0,0.095,1.497,0,
2146,3,131.85,69.49,1.564,1.0,0.0,-0.012,0.037,1,
2147,0,53.41,36.2,-1.999,1.0,0.0,0.026,0.002,8,12.5
2147,1,136.5,83.75,-1.127,1.0,0.0,-0.001,0.005,4,13.0
2147,2,99.73,72.35,1.213,0.996,0.0,0.122,1.495,0,
2147,3,131.82,69.5,1.562,1.0,0.0,-0.012,0.037,1,
2148,0,53.41,36.2,-1.996,1.0,0.0,0.02,0.002,8,12.5
2148,1,136.5,83.76,-1.127,1.0,0.0,-0.001,0.005,4,13.0
2148,2,100.25,73.75,1.235,0.995,0.0,0.14,1.493,0,
2148,3,131.78,69.52,1.561,1.0,0.0,-0.012,0.037,1,
2149,0,53.41,36.2,-1.994,1.0,0.0,0.016,0.001,1,12.5
2149,1,136.5,83.76,-1.127,1.0,0.0,-0.001,0.005,4,13.0
2149,2,100.75,75.16,1.259,0.994,0.0,0.152,1.492,0,
2149,3,131.75,69.54,1.559,1.0,0.0,-0.012,0.037,1,
2150,0,53.41,36.2,-1.992,1.0,0.0,0.013,0.001,1,12.5
2150,1,136.5,83.77,-1.127,1.0,0.0,-0.001,0.005,4,13.0
2150,2,101.2,76.57,1.283,0.994,0.0,0.157,1.491,0,
2150,3,131.72,69.55,1.557,1.0,0.0,-0.012,0.037,1,
2151,0,53.41,36.2,-1.99,1.0,0.0,0.01,0.001,1,12.5
2151,1,136.5,83.77,-1.128,1.0,0.0,-0.001,0.005,4,13.0
2151,2,101.63,78.0,1.308,0.994,0.0,0.157,1.491,0,
2151,3,131.68,69.57,1.555,1.0,0.0,-0.012,0.037,1,
2152,0,53.41,36.2,-1.989,1.0,0.0,0.008,0.001,1,12.5
2152,1,136.5,83.78,-1.128,1.0,0.0,-0.001,0.005,4,13.0
2152,2,102.01,79.44,1.332,0.994,0.0,0.151,1.492,0,
2152,3,131.65,69.58,1.553,1.0,0.0,-0.012,0.038,1,
2153,0,53.41,36.2,-1.988,1.0,0.0,0.006,0.001,8,12.5
2153,1,136.5,83.78,-1.128,1.0,0.0,-0.001,0.005,4,13.0
2153,2,102.37,80.89,1.354,0.995,0.0,0.141,1.493,0,
2153,3,131.62,69.6,1.551,1.0,0.0,-0.012,0.038,1,
2154,0,53.41,36.2,-1.987,1.0,0.0,0.005,0.0,8,12.5
2154,1,136.5,83.79,-1.128,1.0,0.0,-0.001,0.005,4,13.0
2154,2,102.69,82.35,1.374,0.996,0.0,0.126,1.494,0,
2154,3,131.58,69.62,1.549,1.0,0.0,-0.012,0.038,1,
2155,0,53.4,36.2,-1.987,1.0,0.0,0.004,0.0,1,12.5
2155,1,136.5,83.79,-1.128,1.0,0.0,-0.001,0.005,4,13.0
2155,2,102.98,83.82,1.39,0.997,0.0,0.106,1.496,0,
2155,3,131.55,69.63,1.547,1.0,0.0,-0.012,0.038,1,
2156,0,53.4,36.2,-1.986,1.0,0.0,0.003,0.0,1,12.5
2156,1,136.5,83.8,-1.128,1.0,0.0,-0.001,0.005,4,13.1
2156,2,103.25,85.29,1.403,0.998,0.0,0.083,1.497,0,
2156,3,131.51,69.65,1.545,1.0,0.0,-0.012,0.038,1,
2157,0,53.4,36.2,-1.986,1.0,0.0,0.002,0.0,1,12.5
2157,1,136.5,83.8,-1.129,1.0,0.0,-0.001,0.005,4,13.1
2157,2,103.5,86.77,1.412,0.999,0.0,0.056,1.499,0,
2157,3,131.48,69.67,1.543,1.0,0.0,-0.012,0.038,1,
2158,0,53.4,36.2,-1.986,1.0,0.0,0.002,0.0,1,12.5
2158,1,136.5,83.81,-1.129,1.0,0.0,-0.001,0.005,4,13.1
2158,2,103.74,88.25,1.416,1.0,0.0,0.027,1.5,0,
2158,3,131.45,69.68,1.541,1.0,0.0,-0.012,0.038,1,
2159,0,53.4,36.2,-1.985,1.0,0.0,0.001,0.0,1,12.5
2159,1,136.5,83.81,-1.129,1.0,0.0,-0.001,0.005,4,13.1
2159,2,103.97,89.73,1.416,1.0,0.0,-0.005,1.5,0,
2159,3,131.41,69.7,1.539,1.0,0.0,-0.012,0.038,1,
2160,0,53.4,36.2,-1.985,1.0,0.0,0.001,0.0,8,12.5
2160,1,136.5,83.87,-1.129,0.0,0.0,0.0,0.06,3,
2160,2,104.2,91.22,1.409,1.0,0.0,-0.04,1.499,0,
2160,3,131.4,69.77,1.537,1.0,0.0,-0.013,0.068,1,
2161,0,53.4,36.2,-1.985,1.0,0.0,0.001,0.0,8,12.5
2161,1,136.5,83.93,-1.129,0.0,0.0,0.0,0.06,3,
2161,2,104.44,92.69,1.397,0.999,0.0,-0.076,1.498,0,
2161,3,131.38,69.83,1.535,1.0,0.0,-0.013,0.067,1,
2162,0,53.4,36.2,-1.985,1.0,0.0,0.001,0.0,1,12.5
2162,1,136.5,83.99,-1.129,0.0,0.0,0.0,0.06,3,
2162,2,104.7,94.17,1.38,0.997,0.0,-0.112,1.495,0,
2162,3,131.37,69.9,1.533,1.0,0.0,-0.013,0.067,1,
2163,0,53.4,36.2,-1.985,1.0,0.0,0.001,0.0,8,12.5
2163,1,136.5,84.05,-1.129,0.0,0.0,0.0,0.06,3,
2163,2,104.98,95.63,1.356,0.995,0.0,-0.149,1.492,0,
2163,3,131.35,69.96,1.531,1.0,0.0,-0.013,0.067,1,
2164,0,53.4,36.2,-1.985,1.0,0.0,0.0,0.0,1,12.5
2164,1,136.5,84.11,-1.129,0.0,0.0,0.0,0.06,3,
2164,2,105.3,97.09,1.327,0.992,0.0,-0.185,1.487,0,
2164,3,131.33,70.03,1.529,1.0,0.0,-0.014,0.067,1,
2165,0,53.4,36.2,-1.985,1.0,0.0,0.0,0.0,1,12.5
2165,1,136.5,84.17,-1.129,0.0,0.0,0.0,0.06,3,
2165,2,105.66,98.52,1.293,0.988,0.0,-0.219,1.482,0,
2165,3,131.32,70.1,1.527,1.0,0.0,-0.014,0.067,1,
2166,0,53.4,36.2,-1.985,1.0,0.0,0.0,0.0,2,12.5
2166,1,136.5,84.23,-1.129,0.0,0.0,0.0,0.06,3,
2166,2,106.06,99.94,1.254,0.985,0.0,-0.249,1.477,0,
2166,3,131.3,70.16,1.525,1.0,0.0,-0.014,0.067,1,
2167,0,53.4,36.2,-1.985,1.0,0.0,0.0,0.0,1,12.5
2167,1,136.5,84.29,-1.129,0.0,0.0,0.0,0.06,3,
2167,2,106.52,101.34,1.21,0.981,0.0,-0.276,1.472,0,
2167,3,131.29,70.23,1.522,1.0,0.0,-0.014,0.067,1,
2168,0,53.4,36.2,-1.985,1.0,0.0,0.0,0.0,1,12.5
2168,1,136.5,84.35,-1.129,0.0,0.0,0.0,0.06,3,
2168,2,107.04,102.72,1.164,0.978,0.0,-0.298,1.468,0,
2168,3,131.28,70.29,1.52,1.0,0.0,-0.014,0.067,1,
2169,0,53.4,36.2,-1.985,1.0,0.0,0.0,0.0,1,12.5
2169,1,136.5,84.41,-1.129,0.0,0.0,0.0,0.06,3,
2169,2,107.62,104.06,1.114,0.976,0.0,-0.314,1.464,0,
2169,3,131.26,70.36,1.518,1.0,0.0,-0.014,0.067,1,
2170,0,53.4,36.2,-1.985,1.0,0.0,0.0,0.0,1,12.5
2170,1,136.5,84.47,-1.129,0.0,0.0,0.0,0.06,3,
2170,2,108.26,105.37,1.063,0.974,0.0,-0.324,1.462,0,
2170,3,131.25,70.42,1.516,1.0,0.0,-0.014,0.067,1,
2171,0,53.4,36.2,-1.985,1.0,0.0,0.0,0.0,1,12.5
2171,1,136.5,84.53,-1.129,0.0,0.0,0.0,0.06,3,
2171,2,108.97,106.65,1.016,0.977,0.0,-0.304,1.466,0,
2171,3,131.23,70.49,1.514,1.0,0.0,-0.014,0.067,1,
2172,0,53.4,36.2,-1.985,1.0,0.0,0.0,0.0,1,12.5
2172,1,136.5,84.59,-1.129,0.0,0.0,0.0,0.06,3,
2172,2,109.75,107.91,0.974,0.983,0.0,-0.265,1.474,0,
2172,3,131.22,70.55,1.512,1.0,0.0,-0.014,0.067,1,
2173,0,53.4,36.2,-1.985,1.0,0.0,0.0,0.0,1,12.5
2173,1,136.5,84.65,-1.129,0.0,0.0,0.0,0.06,3,
2173,2,110.58,109.13,0.937,0.987,0.0,-0.233,1.48,0,
2173,3,131.21,70.62,1.509,1.0,0.0,-0.014,0.067,1,
2174,0,53.4,36.2,-1.985,1.0,0.0,0.0,0.0,8,12.5
2174,1,136.5,84.71,-1.129,0.0,0.0,0.0,0.06,3,
2174,2,111.46,110.33,0.905,0.989,0.0,-0.209,1.484,0,
2174,3,131.19,70.68,1.507,1.0,0.0,-0.014,0.067,1,
2175,0,53.4,36.2,-1.985,1.0,0.0,0.0,0.0,8,12.5
2175,1,136.5,84.77,-1.129,0.0,0.0,0.0,0.06,3,
2175,2,112.38,111.5,0.883,0.995,0.0,-0.136,1.493,0,
2175,3,131.18,70.75,1.505,1.0,0.0,-0.013,0.067,1,
2176,0,53.4,36.2,-1.985,1.0,0.0,0.0,0.0,1,12.5
2176,1,136.5,84.83,-1.129,0.0,0.0,0.0,0.06,3,
2176,2,113.28,112.6,0.88,0.946,0.0,0.138,1.419,0,
2176,3,131.17,70.82,1.502,1.0,0.0,-0.018,0.067,1,
2177,0,53.4,36.2,-1.985,1.0,0.0,0.0,0.0,1,12.5
2177,1,136.5,84.9,-1.129,0.0,0.0,0.0,0.06,3,
2177,2,114.09,113.57,0.893,0.803,0.0,0.176,1.259,0,
2177,3,131.15,70.88,1.5,1.0,0.0,-0.017,0.066,1,
2178,0,53.4,36.2,-1.985,1.0,0.0,0.0,0.0,1,12.5
2178,1,136.5,84.96,-1.129,0.0,0.0,0.0,0.06,3,
2178,2,114.78,114.42,0.922,0.678,0.0,0.186,1.099,0,
2178,3,131.14,70.95,1.497,1.0,0.0,-0.016,0.066,1,
2179,0,53.4,36.2,-1.985,1.0,0.0,0.0,0.0,1,12.5
2179,1,136.5,85.02,-1.129,0.0,0.0,0.0,0.061,3,
2179,2,115.34,115.17,0.949,0.57,0.0,0.168,0.939,0,
2179,3,131.13,71.01,1.495,1.0,0.0,-0.015,0.066,1,
2180,0,53.4,36.2,-1.985,1.0,0.0,0.0,0.0,8,12.5
2180,1,136.5,85.08,-1.129,0.0,0.0,0.0,0.061,3,
2180,2,115.8,115.81,0.972,0.478,0.0,0.147,0.779,0,
2180,3,131.12,71.08,1.493,1.0,0.0,-0.014,0.066,1,
2181,0,53.4,36.2,-1.985,1.0,0.0,0.0,0.0,1,12.5
2181,1,136.5,85.14,-1.129,0.0,0.0,0.0,0.061,3,
2181,2,116.15,116.32,0.992,0.401,0.0,0.125,0.619,0,
2181,3,131.11,71.14,1.491,1.0,0.0,-0.014,0.066,1,
2182,0,53.4,36.2,-1.985,1.0,0.0,0.0,0.0,8,12.5
2182,1,136.5,85.2,-1.129,0.0,0.0,0.0,0.061,3,
2182,2,116.42,116.74,1.008,0.34,0.0,0.104,0.51,0,
2182,3,131.09,71.21,1.488,1.0,0.0,-0.013,0.066,1,
2183,0,53.4,36.2,-1.985,1.0,0.0,0.0,0.0,8,12.5
2183,1,136.5,85.26,-1.129,0.0,0.0,0.0,0.061,3,
2183,2,116.66,117.11,1.021,0.29,0.0,0.086,0.434,0,
2183,3,131.08,71.27,1.486,1.0,0.0,-0.013,0.066,1,
2184,0,53.4,36.2,-1.985,1.0,0.0,0.0,0.0,8,12.5
2184,1,136.5,85.32,-1.129,0.0,0.0,0.0,0.061,3,
2184,2,116.85,117.43,1.032,0.246,0.0,0.07,0.37,0,
2184,3,131.07,71.34,1.484,1.0,0.0,-0.013,0.066,1,
2185,0,53.4,36.2,-1.985,1.0,0.0,0.0,0.0,8,12.5
2185,1,136.5,85.38,-1.129,0.0,0.0,0.0,0.061,3,
2185,2,117.01,117.7,1.041,0.21,0.0,0.057,0.314,0,
2185,3,131.06,71.4,1.482,1.0,0.0,-0.012,0.066,1,
2186,0,53.4,36.2,-1.985,1.0,0.0,0.0,0.0,1,12.5
2186,1,136.5,85.44,-1.129,0.0,0.0,0.0,0.061,3,
2186,2,117.15,117.93,1.048,0.178,0.0,0.045,0.267,0,
2186,3,131.05,71.47,1.481,1.0,0.0,-0.012,0.066,1,
2187,0,53.4,36.2,-1.985,1.0,0.0,0.0,0.0,1,12.5
2187,1,136.5,85.5,-1.129,0.0,0.0,0.0,0.061,3,
2187,2,117.26,118.12,1.054,0.152,0.0,0.036,0.227,0,
2187,3,131.04,71.53,1.479,1.0,0.0,-0.012,0.066,1,
2188,0,53.4,36.2,-1.985,1.0,0.0,0.0,0.0,8,12.5
2188,1,136.5,85.56,-1.129,0.0,0.0,0.0,0.061,3,
2188,2,117.35,118.29,1.059,0.129,0.0,0.029,0.193,0,
2188,3,131.03,71.6,1.477,1.0,0.0,-0.012,0.066,1,
2189,0,53.4,36.2,-1.985,1.0,0.0,0.0,0.0,1,12.5
2189,1,136.5,85.62,-1.129,0.0,0.0,0.0,0.061,3,
2189,2,117.43,118.43,1.062,0.109,0.0,0.023,0.164,0,
2189,3,131.02,71.66,1.475,1.0,0.0,-0.012,0.066,1,
2190,0,53.4,36.2,-1.985,1.0,0.0,0.0,0.0,8,12.5
2190,1,136.5,85.68,-1.129,0.0,0.0,0.0,0.061,3,
2190,2,117.5,118.56,1.065,0.093,0.0,0.018,0.14,0,
2190,3,131.01,71.73,1.473,1.0,0.0,-0.012,0.066,1,
2191,0,53.4,36.2,-1.985,1.0,0.0,0.0,0.0,1,12.5
2191,1,136.5,85.75,-1.129,0.0,0.0,0.0,0.061,3,
2191,2,117.56,118.66,1.067,0.079,0.0,0.014,0.119,0,
2191,3,131.0,71.79,1.471,1.0,0.0,-0.012,0.066,1,
2192,0,53.4,36.2,-1.985,1.0,0.0,0.0,0.0,8,12.5
2192,1,136.5,85.81,-1.129,0.0,0.0,0.0,0.061,3,
2192,2,117.61,118.75,1.069,0.067,0.0,0.011,0.101,0,
2192,3,130.99,71.86,1.469,1.0,0.0,-0.011,0.066,1,
2193,0,53.4,36.2,-1.985,1.0,0.0,0.0,0.0,8,12.5
2193,1,136.5,85.87,-1.129,0.0,0.0,0.0,0.061,3,
2193,2,117.65,118.82,1.07,0.057,0.0,0.009,0.086,0,
2193,3,130.98,71.92,1.468,1.0,0.0,-0.011,0.065,1,
2194,0,53.4,36.2,-1.985,1.0,0.0,0.0,0.0,8,12.5
2194,1,136.5,85.93,-1.129,0.0,0.0,0.0,0.061,3,
2194,2,117.65,118.82,1.07,0.0,0.0,0.0,0.0,0,
2194,3,130.97,71.98,1.466,1.0,0.0,-0.011,0.065,1,
2195,0,53.4,36.2,-1.985,1.0,0.0,0.0,0.0,8,12.5
2195,1,136.5,85.99,-1.129,0.0,0.0,0.0,0.061,3,
2195,2,117.65,118.82,1.07,0.0,0.0,0.0,0.0,0,
2195,3,130.96,72.05,1.464,1.0,0.0,-0.011,0.065,1,
2196,0,53.4,36.2,-1.985,1.0,0.0,0.0,0.0,8,12.5
2196,1,136.5,86.05,-1.129,0.0,0.0,0.0,0.061,3,
2196,2,117.65,118.82,1.07,0.0,0.0,0.0,0.0,0,
2196,3,130.95,72.11,1.462,1.0,0.0,-0.011,0.065,1,
2197,0,53.4,36.2,-1.985,1.0,0.0,0.0,0.0,2,12.5
2197,1,136.5,86.11,-1.129,0.0,0.0,0.0,0.061,3,
2197,2,117.65,118.82,1.07,0.0,0.0,0.0,0.0,0,
2197,3,130.94,72.18,1.461,1.0,0.0,-0.011,0.065,1,
2198,0,53.4,36.2,-1.985,1.0,0.0,0.0,0.0,1,12.5
2198,1,136.5,86.17,-1.129,0.0,0.0,0.0,0.061,3,
2198,2,117.65,118.82,1.07,0.0,0.0,0.0,0.0,0,
2198,3,130.93,72.24,1.459,1.0,0.0,-0.011,0.065,1,
2199,0,53.4,36.2,-1.985,1.0,0.0,0.0,0.0,1,12.5
2199,1,136.5,86.23,-1.129,0.0,0.0,0.0,0.061,3,
2199,2,117.65,118.82,1.07,0.0,0.0,0.0,0.0,0,
2199,3,130.93,72.31,1.457,1.0,0.0,-0.011,0.065,1,
2200,0,53.4,36.2,-1.985,1.0,0.0,0.0,0.0,8,12.5
2200,1,136.5,86.18,-1.144,0.998,0.0,-0.098,0.055,4,15.2
2200,2,117.65,118.82,1.053,0.0,0.0,-1.0,0.0,0,
2200,3,130.91,72.26,1.457,0.0,0.0,0.0,0.051,1,
2201,0,53.4,36.2,-1.985,1.0,0.0,0.0,0.0,1,12.5
2201,1,136.5,86.12,-1.156,0.999,0.0,-0.074,0.056,4,15.2
2201,2,117.65,118.82,1.018,0.0,0.0,-1.0,0.0,0,
2201,3,130.89,72.21,1.457,0.0,0.0,0.0,0.052,1,
2202,0,53.4,36.2,-1.985,1.0,0.0,0.0,0.0,2,12.5
2202,1,136.5,86.07,-1.165,0.999,0.0,-0.055,0.056,4,15.1
2202,2,117.65,118.82,0.965,0.0,0.0,-1.0,0.0,0,
2202,3,130.87,72.16,1.457,0.0,0.0,0.0,0.052,1,
2203,0,53.4,36.2,-1.985,1.0,0.0,0.0,0.0,8,12.5
2203,1,136.5,86.01,-1.171,1.0,0.0,-0.041,0.056,4,15.1
2203,2,117.65,118.82,0.895,0.0,0.0,-1.0,0.0,0,
2203,3,130.85,72.12,1.457,0.0,0.0,0.0,0.052,1,
2204,0,53.4,36.2,-1.985,1.0,0.0,0.0,0.0,8,12.5
2204,1,136.5,85.95,-1.176,1.0,0.0,-0.03,0.056,4,15.0
2204,2,117.65,118.82,0.808,0.0,0.0,-1.0,0.0,0,
2204,3,130.83,72.07,1.457,0.0,0.0,0.0,0.052,1,
2205,0,53.4,36.2,-1.985,1.0,0.0,0.0,0.0,1,12.5
2205,1,136.5,85.9,-1.179,1.0,0.0,-0.021,0.057,4,15.0
2205,2,117.65,118.82,0.703,0.0,0.0,-1.0,0.0,0,
2205,3,130.81,72.02,1.457,0.0,0.0,0.0,0.052,1,
2206,0,53.4,36.2,-1.985,1.0,0.0,0.0,0.0,1,12.5
2206,1,136.5,85.84,-1.181,1.0,0.0,-0.014,0.057,4,14.9
2206,2,117.65,118.82,0.58,0.0,0.0,-1.0,0.0,0,
2206,3,130.79,71.97,1.457,0.0,0.0,0.0,0.052,1,
2207,0,53.4,36.2,-1.985,1.0,0.0,0.0,0.0,1,12.5
2207,1,136.5,85.78,-1.183,1.0,0.0,-0.009,0.057,4,14.9
2207,2,117.65,118.82,0.44,0.0,0.0,-1.0,0.0,0,
2207,3,130.77,71.92,1.457,0.0,0.0,0.0,0.052,1,
2208,0,53.4,36.2,-1.985,1.0,0.0,0.0,0.0,1,12.5
2208,1,136.5,85.73,-1.183,1.0,0.0,-0.005,0.057,4,14.8
2208,2,117.65,118.82,0.283,0.0,0.0,-1.0,0.0,0,
2208,3,130.75,71.87,1.457,0.0,0.0,0.0,0.052,1,
2209,0,53.4,36.2,-1.985,1.0,0.0,0.0,0.0,1,12.5
2209,1,136.5,85.67,-1.184,1.0,0.0,-0.002,0.057,4,14.8
2209,2,117.65,118.82,0.126,0.0,0.0,-1.0,0.0,0,
2209,3,130.73,71.83,1.457,0.0,0.0,0.0,0.052,1,
2210,0,53.4,36.2,-1.985,1.0,0.0,0.0,0.0,1,12.5
2210,1,136.5,85.61,-1.184,1.0,0.0,0.001,0.057,4,14.7
2210,2,117.65,118.82,-0.031,0.0,0.0,-1.0,0.0,0,
2210,3,130.71,71.78,1.457,0.0,0.0,0.0,0.052,1,
2211,0,53.4,36.2,-1.985,1.0,0.0,0.0,0.0,8,12.5
2211,1,136.5,85.56,-1.183,1.0,0.0,0.003,0.057,4,14.7
2211,2,117.77,118.82,-0.188,0.099,0.0,-1.0,0.12,0,
2211,3,130.69,71.73,1.457,0.0,0.0,0.0,0.052,1,
2212,0,53.4,36.2,-1.985,1.0,0.0,0.0,0.0,1,12.5
2212,1,136.5,85.5,-1.183,1.0,0.0,0.004,0.057,4,14.6
2212,2,118.01,118.78,-0.345,0.249,0.0,-1.0,0.24,0,
2212,3,130.67,71.68,1.457,0.0,0.0,0.0,0.052,1,
2213,0,53.4,36.2,-1.985,1.0,0.0,0.0,0.0,1,12.5
2213,1,136.5,85.44,-1.182,1.0,0.0,0.005,0.057,4,14.6
2213,2,118.34,118.65,-0.502,0.388,0.0,-1.0,0.36,0,
2213,3,130.65,71.63,1.457,0.0,0.0,0.0,0.052,1,
2214,0,53.4,36.2,-1.985,1.0,0.0,0.0,0.0,1,12.5
2214,1,136.5,85.39,-1.181,1.0,0.0,0.006,0.057,4,14.5
2214,2,118.77,118.42,-0.659,0.515,0.0,-1.0,0.48,0,
2214,3,130.62,71.58,1.457,0.0,0.0,0.0,0.052,1,
2215,0,53.4,36.2,-1.985,1.0,0.0,0.0,0.0,8,12.5
2215,1,136.5,85.33,-1.18,1.0,0.0,0.007,0.057,4,14.4
2215,2,119.24,118.06,-0.816,0.629,0.0,-1.0,0.6,0,
2215,3,130.6,71.54,1.457,0.0,0.0,0.0,0.052,1,
2216,0,53.4,36.2,-1.985,1.0,0.0,0.0,0.0,1,12.5
2216,1,136.5,85.27,-1.179,1.0,0.0,0.008,0.057,4,14.4
2216,2,119.73,117.53,-0.973,0.729,0.0,-1.0,0.72,0,
2216,3,130.58,71.49,1.457,0.0,0.0,0.0,0.052,1,
2217,0,53.4,36.2,-1.985,1.0,0.0,0.0,0.0,8,12.5
2217,1,136.5,85.22,-1.177,1.0,0.0,0.008,0.057,4,14.3
2217,2,120.21,116.84,-1.113,0.814,0.0,-0.885,0.84,0,
2217,3,130.56,71.44,1.457,0.0,0.0,0.0,0.052,1,
2218,0,53.4,36.2,-1.985,1.0,0.0,0.0,0.0,1,12.5
2218,1,136.5,85.16,-1.176,1.0,0.0,0.008,0.057,4,14.3
2218,2,120.63,115.98,-1.235,0.876,0.0,-0.719,0.96,0,
2218,3,130.54,71.39,1.457,0.0,0.0,0.0,0.052,1,
2219,0,53.4,36.2,-1.985,1.0,0.0,0.0,0.0,1,12.5
2219,1,136.5,85.1,-1.175,1.0,0.0,0.009,0.057,4,14.2
2219,2,120.99,114.96,-1.339,0.92,0.0,-0.577,1.08,0,
2219,3,130.52,71.35,1.457,0.0,0.0,0.0,0.052,1,
2220,0,53.4,36.2,-1.985,1.0,0.0,0.0,0.0,8,12.5
2220,1,136.5,85.05,-1.173,1.0,0.0,0.009,0.057,4,14.2
2220,2,121.26,113.79,-1.427,0.949,0.0,-0.459,1.2,0,
2220,3,130.5,71.3,1.457,0.0,0.0,0.0,0.052,1,
2221,0,53.4,36.2,-1.985,1.0,0.0,0.0,0.0,1,12.5
2221,1,136.5,84.99,-1.172,1.0,0.0,0.009,0.057,4,14.1
2221,2,121.45,112.48,-1.496,0.968,0.0,-0.364,1.32,0,
2221,3,130.48,71.25,1.457,0.0,0.0,0.0,0.052,1,
2222,0,53.4,36.2,-1.985,1.0,0.0,0.0,0.0,1,12.5
2222,1,136.5,84.93,-1.17,1.0,0.0,0.009,0.057,4,14.1
2222,2,121.56,111.05,-1.548,0.979,0.0,-0.293,1.44,0,
2222,3,130.46,71.2,1.457,0.0,0.0,0.0,0.052,1,
2223,0,53.4,36.2,-1.985,1.0,0.0,0.0,0.0,1,12.5
2223,1,136.5,84.88,-1.169,1.0,0.0,0.01,0.057,4,14.0
2223,2,121.59,109.57,-1.587,0.985,0.0,-0.245,1.478,0,
2223,3,130.44,71.16,1.457,0.0,0.0,0.0,0.052,1,
2224,0,53.4,36.2,-1.985,1.0,0.0,0.0,0.0,1,12.5
2224,1,136.5,84.82,-1.167,1.0,0.0,0.01,0.057,4,14.0
2224,2,121.57,108.25,-1.608,0.664,0.0,1.0,1.318,0,
2224,3,130.42,71.11,1.457,0.0,0.0,0.0,0.052,1,
2225,0,53.4,36.2,-1.985,1.0,0.0,0.0,0.0,1,12.5
2225,1,136.5,84.76,-1.166,1.0,0.0,0.01,0.057,4,13.9
2225,2,121.68,107.88,-1.611,0.628,0.0,1.0,0.386,1,
2225,3,130.4,71.06,1.457,0.0,0.0,0.0,0.052,1,
2226,0,53.4,36.2,-1.985,1.0,0.0,0.0,0.0,1,12.5
2226,1,136.5,84.71,-1.164,1.0,0.0,0.01,0.057,4,13.9
2226,2,121.7,107.88,-1.597,0.624,0.0,1.0,0.019,1,
2226,3,130.37,71.01,1.457,0.0,0.0,0.0,0.052,1,
2227,0,53.4,36.2,-1.985,1.0,0.0,0.0,0.0,8,12.5
2227,1,136.5,84.65,-1.163,1.0,0.0,0.01,0.057,4,13.8
2227,2,121.72,107.87,-1.566,0.636,0.0,1.0,0.021,1,
2227,3,130.35,70.97,1.457,0.0,0.0,0.0,0.052,1,
2228,0,53.4,36.2,-1.985,1.0,0.0,0.0,0.0,1,12.5
2228,1,136.5,84.59,-1.161,1.0,0.0,0.01,0.057,4,13.8
2228,2,121.75,107.87,-1.517,0.66,0.0,1.0,0.025,1,
2228,3,130.33,70.92,1.457,0.0,0.0,0.0,0.052,1,
2229,0,53.4,36.2,-1.985,1.0,0.0,0.0,0.0,1,12.5
2229,1,136.5,84.54,-1.159,1.0,0.0,0.01,0.057,4,13.7
2229,2,121.78,107.86,-1.45,0.697,0.0,1.0,0.031,8,
2229,3,130.31,70.87,1.457,0.0,0.0,0.0,0.052,1,
2230,0,53.4,36.2,-1.985,1.0,0.0,0.0,0.0,8,12.5
2230,1,136.5,84.48,-1.158,1.0,0.0,0.01,0.057,4,13.7
2230,2,121.82,107.85,-1.366,0.744,0.0,1.0,0.039,8,
2230,3,130.29,70.83,1.457,0.0,0.0,0.0,0.052,1,
2231,0,53.4,36.2,-1.985,1.0,0.0,0.0,0.0,8,12.5
2231,1,136.5,84.42,-1.156,1.0,0.0,0.01,0.057,4,13.6
2231,2,121.86,107.84,-1.265,0.799,0.0,0.922,0.048,8,
2231,3,130.27,70.78,1.457,0.0,0.0,0.0,0.051,1,
2232,0,53.4,36.2,-1.985,1.0,0.0,0.0,0.0,1,12.5
2232,1,136.5,84.37,-1.154,1.0,0.0,0.011,0.057,4,13.6
2232,2,121.92,107.83,-1.146,0.857,0.0,0.774,0.06,2,
2232,3,130.25,70.73,1.457,0.0,0.0,0.0,0.051,1,
2233,0,53.4,36.2,-1.985,1.0,0.0,0.0,0.0,1,12.5
2233,1,136.5,84.31,-1.153,1.0,0.0,0.011,0.057,4,13.5
2233,2,121.99,107.82,-1.044,0.913,0.0,0.6,0.072,1,
2233,3,130.22,70.69,1.457,0.0,0.0,0.0,0.051,1,
2234,0,53.4,36.2,-1.985,1.0,0.0,0.0,0.0,1,12.5
2234,1,136.5,84.25,-1.151,1.0,0.0,0.011,0.057,4,13.5
2234,2,122.07,107.8,-0.96,0.951,0.0,0.45,0.082,8,
2234,3,130.2,70.64,1.457,0.0,0.0,0.0,0.051,1,
2235,0,53.4,36.2,-1.985,1.0,0.0,0.0,0.0,1,12.5
2235,1,136.5,84.2,-1.149,1.0,0.0,0.011,0.057,4,13.4
2235,2,122.16,107.78,-0.893,0.974,0.0,0.324,0.09,8,
2235,3,130.18,70.59,1.457,0.0,0.0,0.0,0.051,1,
2236,0,53.4,36.2,-1.985,1.0,0.0,0.0,0.0,8,12.5
2236,1,136.5,84.14,-1.148,1.0,0.0,0.011,0.056,4,13.4
2236,2,122.25,107.75,-0.844,0.988,0.0,0.223,0.095,1,
2236,3,130.16,70.55,1.457,0.0,0.0,0.0,0.051,1,
2237,0,53.4,36.2,-1.985,1.0,0.0,0.0,0.0,1,12.5
2237,1,136.5,84.08,-1.146,1.0,0.0,0.011,0.056,4,13.3
2237,2,122.35,107.73,-0.813,0.995,0.0,0.146,0.099,1,
2237,3,130.14,70.5,1.457,0.0,0.0,0.0,0.051,1,
2238,0,53.4,36.2,-1.985,1.0,0.0,0.0,0.0,1,12.5
2238,1,136.5,84.03,-1.144,1.0,0.0,0.011,0.056,4,13.3
2238,2,122.45,107.7,-0.798,0.998,0.0,0.094,0.102,1,
2238,3,130.12,70.45,1.457,0.0,0.0,0.0,0.051,1,
2239,0,53.4,36.2,-1.985,1.0,0.0,0.0,0.0,1,12.5
2239,1,136.5,83.97,-1.142,1.0,0.0,0.011,0.056,4,13.2
2239,2,122.55,107.68,-0.788,0.999,0.0,0.066,0.103,8,
2239,3,130.09,70.41,1.457,0.0,0.0,0.0,0.051,1,
2240,0,53.4,36.2,-1.985,1.0,0.0,0.0,0.0,2,12.5
2240,1,136.5,83.97,-1.142,0.0,0.0,0.0,0.0,0,
2240,2,122.55,107.68,-0.76,0.0,0.0,1.0,0.0,8,
2240,3,130.09,70.41,1.457,0.0,0.0,0.0,0.0,0,
2241,0,53.4,36.2,-1.985,1.0,0.0,0.0,0.0,1,12.5
2241,1,136.5,83.97,-1.142,0.0,0.0,0.0,0.0,0,
2241,2,122.55,107.68,-0.714,0.0,0.0,1.0,0.0,8,
2241,3,130.09,70.41,1.457,0.0,0.0,0.0,0.0,0,
2242,0,53.4,36.2,-1.985,1.0,0.0,0.0,0.0,8,12.5
2242,1,136.5,83.97,-1.142,0.0,0.0,0.0,0.0,0,
2242,2,122.55,107.68,-0.652,0.0,0.0,1.0,0.0,8,
2242,3,130.09,70.41,1.457,0.0,0.0,0.0,0.0,0,
2243,0,53.4,36.2,-1.985,1.0,0.0,0.0,0.0,1,12.5
2243,1,136.5,83.97,-1.142,0.0,0.0,0.0,0.0,0,
2243,2,122.55,107.68,-0.571,0.0,0.0,1.0,0.0,8,
2243,3,130.09,70.41,1.457,0.0,0.0,0.0,0.0,0,
2244,0,53.4,36.2,-1.985,1.0,0.0,0.0,0.0,1,12.5
2244,1,136.5,83.97,-1.142,0.0,0.0,0.0,0.0,0,
2244,2,122.55,107.68,-0.473,0.0,0.0,1.0,0.0,8,
2244,3,130.09,70.41,1.457,0.0,0.0,0.0,0.0,0,
2245,0,53.4,36.2,-1.985,1.0,0.0,0.0,0.0,8,12.5
2245,1,136.5,83.97,-1.142,0.0,0.0,0.0,0.0,0,
2245,2,122.55,107.68,-0.358,0.0,0.0,1.0,0.0,8,
2245,3,130.09,70.41,1.457,0.0,0.0,0.0,0.0,0,
2246,0,53.4,36.2,-1.985,1.0,0.0,0.0,0.0,1,12.5
2246,1,136.5,83.97,-1.142,0.0,0.0,0.0,0.0,0,
2246,2,122.55,107.68,-0.225,0.0,0.0,1.0,0.0,8,
2246,3,130.09,70.41,1.457,0.0,0.0,0.0,0.0,0,
2247,0,53.4,36.2,-1.985,1.0,0.0,0.0,0.0,1,12.5
2247,1,136.5,83.97,-1.142,0.0,0.0,0.0,0.0,0,
2247,2,122.55,107.68,-0.075,0.0,0.0,1.0,0.0,8,
2247,3,130.09,70.41,1.457,0.0,0.0,0.0,0.0,0,
2248,0,53.4,36.2,-1.985,1.0,0.0,0.0,0.0,8,12.5
2248,1,136.5,83.97,-1.142,0.0,0.0,0.0,0.0,0,
2248,2,122.55,107.68,0.083,0.0,0.0,1.0,0.0,8,
2248,3,130.09,70.41,1.457,0.0,0.0,0.0,0.0,0,
2249,0,53.4,36.2,-1.985,1.0,0.0,0.0,0.0,8,12.5
2249,1,136.5,83.97,-1.142,0.0,0.0,0.0,0.0,0,
2249,2,122.55,107.68,0.24,0.0,0.0,1.0,0.0,8,
2249,3,130.09,70.41,1.457,0.0,0.0,0.0,0.0,0,
2250,0,53.4,36.2,-1.985,1.0,0.0,0.0,0.0,1,12.5
2250,1,136.5,83.97,-1.142,0.0,0.0,0.0,0.0,0,
2250,2,122.65,107.7,0.397,0.072,0.0,1.0,0.108,0,
2250,3,130.09,70.41,1.457,0.0,0.0,0.0,0.0,0,
2251,0,53.4,36.2,-1.985,1.0,0.0,0.0,0.0,8,12.5
2251,1,136.5,83.97,-1.142,0.0,0.0,0.0,0.0,0,
2251,2,122.86,107.79,0.554,0.218,0.0,1.0,0.228,0,
2251,3,130.09,70.41,1.457,0.0,0.0,0.0,0.0,0,
2252,0,53.4,36.2,-1.985,1.0,0.0,0.0,0.0,1,12.5
2252,1,136.5,83.97,-1.142,0.0,0.0,0.0,0.0,0,
2252,2,123.16,107.97,0.711,0.351,0.0,1.0,0.348,0,
2252,3,130.09,70.41,1.457,0.0,0.0,0.0,0.0,0,
2253,0,53.4,36.2,-1.985,1.0,0.0,0.0,0.0,1,12.5
2253,1,136.5,83.97,-1.142,0.0,0.0,0.0,0.0,0,
2253,2,123.51,108.28,0.868,0.468,0.0,1.0,0.468,0,
2253,3,130.09,70.41,1.457,0.0,0.0,0.0,0.0,0,
2254,0,53.4,36.2,-1.985,1.0,0.0,0.0,0.0,8,12.5
2254,1,136.5,83.97,-1.142,0.0,0.0,0.0,0.0,0,
2254,2,123.89,108.73,1.025,0.571,0.0,1.0,0.588,0,
2254,3,130.09,70.41,1.457,0.0,0.0,0.0,0.0,0,
2255,0,53.4,36.2,-1.985,1.0,0.0,0.0,0.0,1,12.5
2255,1,136.5,83.97,-1.142,0.0,0.0,0.0,0.0,0,
2255,2,124.26,109.33,1.182,0.66,0.0,1.0,0.708,0,
2255,3,130.09,70.41,1.457,0.0,0.0,0.0,0.0,0,
2256,0,53.4,36.2,-1.985,1.0,0.0,0.0,0.0,8,12.5
2256,1,136.5,83.97,-1.142,0.0,0.0,0.0,0.0,0,
2256,2,124.58,110.1,1.339,0.736,0.0,1.0,0.828,0,
2256,3,130.09,70.41,1.457,0.0,0.0,0.0,0.0,0,
2257,0,53.4,36.2,-1.985,1.0,0.0,0.0,0.0,1,12.5
2257,1,136.5,83.97,-1.142,0.0,0.0,0.0,0.0,0,
2257,2,124.79,111.02,1.496,0.65,0.0,1.0,0.948,0,
2257,3,130.09,70.41,1.457,0.0,0.0,0.0,0.0,0,
2258,0,53.4,36.2,-1.985,1.0,0.0,0.0,0.0,1,12.5
2258,1,136.5,83.97,-1.142,0.0,0.0,0.0,0.0,0,
2258,2,124.87,112.09,1.653,0.716,0.0,1.0,1.068,0,
2258,3,130.09,70.41,1.457,0.0,0.0,0.0,0.0,0,
2259,0,53.4,36.2,-1.985,1.0,0.0,0.0,0.0,1,12.5
2259,1,136.5,83.97,-1.142,0.0,0.0,0.0,0.0,0,
2259,2,124.78,113.24,1.808,0.771,0.0,0.986,1.156,0,
2259,3,130.09,70.41,1.457,0.0,0.0,0.0,0.0,0,
2260,0,53.4,36.2,-1.985,1.0,0.0,0.0,0.0,1,12.5
2260,1,136.5,83.97,-1.142,0.0,0.0,0.0,0.0,0,
2260,2,124.52,114.33,1.947,0.745,0.0,0.88,1.118,0,
2260,3,130.09,70.41,1.457,0.0,0.0,0.0,0.0,0,
2261,0,53.4,36.2,-1.985,1.0,0.0,0.0,0.0,1,12.5
2261,1,136.5,83.97,-1.142,0.0,0.0,0.0,0.0,0,
2261,2,124.09,115.41,2.067,0.776,0.0,0.462,1.164,0,
2261,3,130.09,70.41,1.457,0.0,0.0,0.0,0.0,0,
2262,0,53.4,36.2,-1.985,1.0,0.0,0.0,0.0,1,12.5
2262,1,136.5,83.97,-1.142,0.0,0.0,0.0,0.0,0,
2262,2,123.6,116.32,2.171,0.686,0.0,0.364,1.03,0,
2262,3,130.09,70.41,1.457,0.0,0.0,0.0,0.0,0,
2263,0,53.4,36.2,-1.985,1.0,0.0,0.0,0.0,1,12.5
2263,1,136.5,83.97,-1.142,0.0,0.0,0.0,0.0,0,
2263,2,123.09,117.06,2.256,0.599,0.0,0.278,0.898,0,
2263,3,130.09,70.41,1.457,0.0,0.0,0.0,0.0,0,
2264,0,53.4,36.2,-1.985,1.0,0.0,0.0,0.0,1,12.5
2264,1,136.5,83.97,-1.142,0.0,0.0,0.0,0.0,0,
2264,2,122.6,117.66,2.325,0.517,0.0,0.203,0.776,0,
2264,3,130.09,70.41,1.457,0.0,0.0,0.0,0.0,0,
2265,0,53.4,36.2,-1.985,1.0,0.0,0.0,0.0,1,12.5
2265,1,136.5,83.97,-1.142,0.0,0.0,0.0,0.0,0,
2265,2,122.14,118.14,2.375,0.444,0.0,0.14,0.665,0,
2265,3,130.09,70.41,1.457,0.0,0.0,0.0,0.0,0,
2266,0,53.4,36.2,-1.985,1.0,0.0,0.0,0.0,1,12.5
2266,1,136.5,83.97,-1.142,0.0,0.0,0.0,0.0,0,
2266,2,121.73,118.54,2.409,0.379,0.0,0.092,0.568,0,
2266,3,130.09,70.41,1.457,0.0,0.0,0.0,0.0,0,
2267,0,53.4,36.2,-1.985,1.0,0.0,0.0,0.0,1,12.5
2267,1,136.5,83.97,-1.142,0.0,0.0,0.0,0.0,0,
2267,2,121.37,118.86,2.425,0.323,0.0,0.061,0.484,0,
2267,3,130.09,70.41,1.457,0.0,0.0,0.0,0.0,0,
2268,0,53.4,36.2,-1.985,1.0,0.0,0.0,0.0,1,12.5
2268,1,136.5,83.97,-1.142,0.0,0.0,0.0,0.0,0,
2268,2,121.06,119.13,2.432,0.274,0.0,0.049,0.412,0,
2268,3,130.09,70.41,1.457,0.0,0.0,0.0,0.0,0,
2269,0,53.4,36.2,-1.985,1.0,0.0,0.0,0.0,1,12.5
2269,1,136.5,83.97,-1.142,0.0,0.0,0.0,0.0,0,
2269,2,120.8,119.36,2.44,0.233,0.0,0.047,0.35,0,
2269,3,130.09,70.41,1.457,0.0,0.0,0.0,0.0,0,
2270,0,53.4,36.2,-1.985,1.0,0.0,0.0,0.0,1,12.5
2270,1,136.5,83.97,-1.142,0.0,0.0,0.0,0.0,0,
2270,2,120.57,119.55,2.447,0.198,0.0,0.044,0.298,0,
2270,3,130.09,70.41,1.457,0.0,0.0,0.0,0.0,0,
2271,0,53.4,36.2,-1.985,1.0,0.0,0.0,0.0,1,12.5
2271,1,136.5,83.97,-1.142,0.0,0.0,0.0,0.0,0,
2271,2,120.38,119.71,2.453,0.169,0.0,0.042,0.253,0,
2271,3,130.09,70.41,1.457,0.0,0.0,0.0,0.0,0,
2272,0,53.4,36.2,-1.985,1.0,0.0,0.0,0.0,1,12.5
2272,1,136.5,83.97,-1.142,0.0,0.0,0.0,0.0,0,
2272,2,120.21,119.85,2.46,0.143,0.0,0.04,0.215,0,
2272,3,130.09,70.41,1.457,0.0,0.0,0.0,0.0,0,
2273,0,53.4,36.2,-1.985,1.0,0.0,0.0,0.0,1,12.5
2273,1,136.5,83.97,-1.142,0.0,0.0,0.0,0.0,0,
2273,2,120.07,119.97,2.466,0.122,0.0,0.038,0.183,0,
2273,3,130.09,70.41,1.457,0.0,0.0,0.0,0.0,0,
2274,0,53.4,36.2,-1.985,1.0,0.0,0.0,0.0,1,12.5
2274,1,136.5,83.97,-1.142,0.0,0.0,0.0,0.0,0,
2274,2,119.95,120.06,2.471,0.104,0.0,0.036,0.155,0,
2274,3,130.09,70.41,1.457,0.0,0.0,0.0,0.0,0,
2275,0,53.4,36.2,-1.985,1.0,0.0,0.0,0.0,1,12.5
2275,1,136.5,83.97,-1.142,0.0,0.0,0.0,0.0,0,
2275,2,119.84,120.15,2.477,0.088,0.0,0.035,0.132,0,
2275,3,130.09,70.41,1.457,0.0,0.0,0.0,0.0,0,
2276,0,53.4,36.2,-1.985,1.0,0.0,0.0,0.0,1,12.5
2276,1,136.5,83.97,-1.142,0.0,0.0,0.0,0.0,0,
2276,2,119.76,120.21,2.482,0.075,0.0,0.033,0.112,0,
2276,3,130.09,70.41,1.457,0.0,0.0,0.0,0.0,0,
2277,0,53.4,36.2,-1.985,1.0,0.0,0.0,0.0,1,12.5
2277,1,136.5,83.97,-1.142,0.0,0.0,0.0,0.0,0,
2277,2,119.68,120.27,2.487,0.064,0.0,0.031,0.096,0,
2277,3,130.09,70.41,1.457,0.0,0.0,0.0,0.0,0,
2278,0,53.4,36.2,-1.985,1.0,0.0,0.0,0.0,1,12.5
2278,1,136.5,83.97,-1.142,0.0,0.0,0.0,0.0,0,
2278,2,119.62,120.32,2.492,0.054,0.0,0.03,0.081,0,
2278,3,130.09,70.41,1.457,0.0,0.0,0.0,0.0,0,
2279,0,53.4,36.2,-1.985,1.0,0.0,0.0,0.0,1,12.5
2279,1,136.5,83.97,-1.142,0.0,0.0,0.0,0.0,0,
2279,2,119.62,120.32,2.492,0.0,0.0,0.0,0.0,0,
2279,3,130.09,70.41,1.457,0.0,0.0,0.0,0.0,0,
2280,0,53.4,36.2,-1.985,1.0,0.0,0.0,0.0,1,12.5
2280,1,136.5,83.91,-1.141,1.0,0.0,0.011,0.056,4,13.2
2280,2,119.52,120.4,2.502,0.999,0.0,0.063,0.12,0,
2280,3,130.07,70.36,1.457,0.0,0.0,0.0,0.051,1,
2281,0,53.4,36.2,-1.985,1.0,0.0,0.0,0.0,1,12.5
2281,1,136.5,83.86,-1.139,1.0,0.0,0.011,0.056,4,13.1
2281,2,119.33,120.54,2.509,0.999,0.0,0.048,0.24,0,
2281,3,130.05,70.32,1.457,0.0,0.0,0.0,0.051,1,
2282,0,53.4,36.2,-1.985,1.0,0.0,0.0,0.0,1,12.5
2282,1,136.5,83.8,-1.137,1.0,0.0,0.011,0.056,4,13.1
2282,2,119.04,120.75,2.515,1.0,0.0,0.035,0.36,0,
2282,3,130.03,70.27,1.457,0.0,0.0,0.0,0.051,1,
2283,0,53.4,36.2,-1.985,1.0,0.0,0.0,0.0,1,12.5
2283,1,136.5,83.74,-1.135,1.0,0.0,0.011,0.056,4,13.0
2283,2,118.65,121.03,2.518,1.0,0.0,0.024,0.48,0,
2283,3,130.01,70.22,1.457,0.0,0.0,0.0,0.051,1,
2284,0,53.4,36.2,-1.985,1.0,0.0,0.0,0.0,1,12.5
2284,1,136.5,83.69,-1.134,1.0,0.0,0.011,0.056,4,13.0
2284,2,118.16,121.38,2.521,1.0,0.0,0.016,0.6,0,
2284,3,129.98,70.18,1.457,0.0,0.0,0.0,0.051,1,
2285,0,53.4,36.2,-1.985,1.0,0.0,0.0,0.0,1,12.5
2285,1,136.5,83.63,-1.132,1.0,0.0,0.012,0.056,4,12.9
2285,2,117.58,121.8,2.522,1.0,0.0,0.009,0.72,0,
2285,3,129.96,70.13,1.457,0.0,0.0,0.0,0.051,1,
2286,0,53.4,36.2,-1.985,1.0,0.0,0.0,0.0,1,12.5
2286,1,136.5,83.58,-1.13,1.0,0.0,0.012,0.056,4,12.9
2286,2,116.89,122.29,2.523,1.0,0.0,0.006,0.84,0,
2286,3,129.94,70.09,1.457,0.0,0.0,0.0,0.051,1,
2287,0,53.4,36.2,-1.985,1.0,0.0,0.0,0.0,1,12.5
2287,1,136.5,83.52,-1.128,1.0,0.0,0.012,0.056,4,12.8
2287,2,116.11,122.85,2.524,1.0,0.0,0.006,0.96,0,
2287,3,129.92,70.04,1.457,0.0,0.0,0.0,0.051,1,
2288,0,53.4,36.2,-1.985,1.0,0.0,0.0,0.0,1,12.5
2288,1,136.5,83.46,-1.126,1.0,0.0,0.012,0.056,4,12.7
2288,2,115.23,123.47,2.526,1.0,0.0,0.009,1.08,0,
2288,3,129.89,70.0,1.457,0.0,0.0,0.0,0.051,1,
2289,0,53.4,36.2,-1.985,1.0,0.0,0.0,0.0,1,12.5
2289,1,136.5,83.41,-1.124,1.0,0.0,0.012,0.056,4,12.7
2289,2,114.25,124.16,2.528,1.0,0.0,0.017,1.2,0,
2289,3,129.87,69.95,1.457,0.0,0.0,0.0,0.05,1,
2290,0,53.4,36.2,-1.985,1.0,0.0,0.0,0.0,1,12.5
2290,1,136.5,83.35,-1.122,1.0,0.0,0.012,0.056,4,12.6
2290,2,113.17,124.92,2.533,1.0,0.0,0.03,1.32,0,
2290,3,129.85,69.91,1.457,0.0,0.0,0.0,0.05,1,
2291,0,53.4,36.2,-1.985,1.0,0.0,0.0,0.0,1,12.5
2291,1,136.5,83.29,-1.121,1.0,0.0,0.012,0.056,4,12.6
2291,2,111.99,125.75,2.541,0.999,0.0,0.049,1.44,0,
2291,3,129.83,69.86,1.457,0.0,0.0,0.0,0.05,1,
2292,0,53.4,36.2,-1.985,1.0,0.0,0.0,0.0,1,12.5
2292,1,136.5,83.24,-1.119,1.0,0.0,0.012,0.056,4,12.5
2292,2,110.75,126.59,2.553,0.999,0.0,0.074,1.498,0,
2292,3,129.8,69.82,1.457,0.0,0.0,0.0,0.05,1,
2293,0,53.4,36.2,-1.985,1.0,0.0,0.0,0.0,1,12.5
2293,1,136.5,83.18,-1.117,1.0,0.0,0.012,0.056,4,12.5
2293,2,109.51,127.43,2.569,0.997,0.0,0.105,1.496,0,
2293,3,129.78,69.77,1.457,0.0,0.0,0.0,0.05,1,
2294,0,53.4,36.2,-1.985,1.0,0.0,0.0,0.0,1,12.5
2294,1,136.5,83.13,-1.115,1.0,0.0,0.012,0.056,4,12.4
2294,2,108.25,128.23,2.591,0.995,0.0,0.138,1.493,0,
2294,3,129.76,69.73,1.457,0.0,0.0,0.0,0.05,1,
2295,0,53.4,36.2,-1.985,1.0,0.0,0.0,0.0,1,12.5
2295,1,136.5,83.07,-1.113,1.0,0.0,0.012,0.056,4,12.4
2295,2,106.99,129.01,2.618,0.993,0.0,0.173,1.489,0,
2295,3,129.74,69.68,1.457,0.0,0.0,0.0,0.05,1,
2296,0,53.4,36.2,-1.985,1.0,0.0,0.0,0.0,1,12.5
2296,1,136.5,83.01,-1.111,1.0,0.0,0.013,0.056,4,12.3
2296,2,105.7,129.76,2.651,0.989,0.0,0.21,1.484,0,
2296,3,129.71,69.64,1.457,0.0,0.0,0.0,0.05,1,
2297,0,53.4,36.2,-1.985,1.0,0.0,0.0,0.0,1,12.5
2297,1,136.5,82.96,-1.109,1.0,0.0,0.013,0.056,4,12.3
2297,2,104.4,130.45,2.69,0.985,0.0,0.247,1.478,0,
2297,3,129.69,69.59,1.457,0.0,0.0,0.0,0.05,1,
2298,0,53.4,36.2,-1.985,1.0,0.0,0.0,0.0,1,12.5
2298,1,136.5,82.9,-1.107,1.0,0.0,0.013,0.056,4,12.2
2298,2,103.07,131.09,2.734,0.98,0.0,0.284,1.471,0,
2298,3,129.67,69.55,1.457,0.0,0.0,0.0,0.05,1,
2299,0,53.4,36.2,-1.985,1.0,0.0,0.0,0.0,1,12.5
2299,1,136.5,82.85,-1.105,1.0,0.0,0.013,0.056,4,12.2
2299,2,101.73,131.67,2.784,0.975,0.0,0.318,1.463,0,
2299,3,129.65,69.5,1.457,0.0,0.0,0.0,0.05,1,
2300,0,53.4,36.2,-1.985,1.0,0.0,0.0,0.0,1,12.5
2300,1,136.5,82.79,-1.103,1.0,0.0,0.013,0.056,4,12.1
2300,2,100.37,132.18,2.839,0.97,0.0,0.349,1.455,0,
2300,3,129.62,69.46,1.457,0.0,0.0,0.0,0.05,1,
2301,0,53.4,36.2,-1.985,1.0,0.0,0.0,0.0,1,12.5
2301,1,136.5,82.73,-1.101,1.0,0.0,0.013,0.056,4,12.1
2301,2,98.98,132.61,2.898,0.966,0.0,0.375,1.449,0,
2301,3,129.6,69.42,1.457,0.0,0.0,0.0,0.05,1,
2302,0,53.4,36.2,-1.985,1.0,0.0,0.0,0.0,1,12.5
2302,1,136.5,82.68,-1.099,1.0,0.0,0.013,0.056,4,12.0
2302,2,97.58,132.96,2.96,0.962,0.0,0.395,1.443,0,
2302,3,129.58,69.37,1.457,0.0,0.0,0.0,0.05,1,
2303,0,53.4,36.2,-1.985,1.0,0.0,0.0,0.0,1,12.5
2303,1,136.5,82.62,-1.097,1.0,0.0,0.013,0.056,4,12.0
2303,2,96.17,133.22,3.024,0.96,0.0,0.407,1.44,0,
2303,3,129.55,69.33,1.457,0.0,0.0,0.0,0.05,1,
2304,0,53.4,36.2,-1.985,1.0,0.0,0.0,0.0,1,12.5
2304,1,136.5,82.57,-1.094,1.0,0.0,0.013,0.056,4,11.9
2304,2,94.74,133.39,3.088,0.959,0.0,0.41,1.439,0,
2304,3,129.53,69.28,1.457,0.0,0.0,0.0,0.049,1,
2305,0,53.4,36.2,-1.985,1.0,0.0,0.0,0.0,1,12.5
2305,1,136.5,82.51,-1.092,1.0,0.0,0.013,0.056,4,11.9
2305,2,93.3,133.47,-3.131,0.96,0.0,0.405,1.44,0,
2305,3,129.51,69.24,1.457,0.0,0.0,0.0,0.049,1,
2306,0,53.4,36.2,-1.985,1.0,0.0,0.0,0.0,1,12.5
2306,1,136.5,82.46,-1.09,1.0,0.0,0.014,0.056,4,11.9
2306,2,91.86,133.45,-3.07,0.963,0.0,0.392,1.444,0,
2306,3,129.48,69.2,1.457,0.0,0.0,0.0,0.049,1,
2307,0,53.4,36.2,-1.985,1.0,0.0,0.0,0.0,1,12.5
2307,1,136.5,82.4,-1.088,1.0,0.0,0.014,0.056,4,11.8
2307,2,90.41,133.35,-3.015,0.97,0.0,0.349,1.456,0,
2307,3,129.46,69.15,1.457,0.0,0.0,0.0,0.049,1,
2308,0,53.4,36.2,-1.985,1.0,0.0,0.0,0.0,1,12.5
2308,1,136.5,82.34,-1.086,1.0,0.0,0.014,0.056,4,11.8
2308,2,88.95,133.16,-2.971,0.981,0.0,0.282,1.471,0,
2308,3,129.44,69.11,1.457,0.0,0.0,0.0,0.049,1,
2309,0,53.4,36.2,-1.985,1.0,0.0,0.0,0.0,1,12.5
2309,1,136.5,82.29,-1.084,1.0,0.0,0.014,0.056,4,11.7
2309,2,87.49,132.91,-2.935,0.987,0.0,0.228,1.481,0,
2309,3,129.42,69.07,1.457,0.0,0.0,0.0,0.049,1,
2310,0,53.4,36.2,-1.985,1.0,0.0,0.0,0.0,1,12.5
2310,1,136.5,82.23,-1.082,1.0,0.0,0.014,0.056,4,11.7
2310,2,86.03,132.61,-2.906,0.992,0.0,0.185,1.487,0,
2310,3,129.39,69.02,1.457,0.0,0.0,0.0,0.049,1,
2311,0,53.4,36.2,-1.985,1.0,0.0,0.0,0.0,1,12.5
2311,1,136.5,82.18,-1.079,1.0,0.0,0.014,0.056,4,11.6
2311,2,84.58,132.26,-2.882,0.994,0.0,0.15,1.492,0,
2311,3,129.37,68.98,1.457,0.0,0.0,0.0,0.049,1,
2312,0,53.4,36.2,-1.985,1.0,0.0,0.0,0.0,1,12.5
2312,1,136.5,82.12,-1.077,1.0,0.0,0.014,0.056,4,11.6
2312,2,83.14,131.87,-2.863,0.996,0.0,0.122,1.494,0,
2312,3,129.35,68.94,1.457,0.0,0.0,0.0,0.049,1,
2313,0,53.4,36.2,-1.985,1.0,0.0,0.0,0.0,1,12.5
2313,1,136.5,82.07,-1.075,1.0,0.0,0.014,0.056,4,11.5
2313,2,81.7,131.46,-2.847,0.998,0.0,0.1,1.496,0,
2313,3,129.32,68.89,1.457,0.0,0.0,0.0,0.049,1,
2314,0,53.4,36.2,-1.985,1.0,0.0,0.0,0.0,1,12.5
2314,1,136.5,82.01,-1.073,1.0,0.0,0.014,0.056,4,11.5
2314,2,80.27,131.03,-2.834,0.998,0.0,0.082,1.498,0,
2314,3,129.3,68.85,1.457,0.0,0.0,0.0,0.049,1,
2315,0,53.4,36.2,-1.985,1.0,0.0,0.0,0.0,1,12.5
2315,1,136.5,81.95,-1.07,1.0,0.0,0.015,0.056,4,11.4
2315,2,78.84,130.58,-2.824,0.999,0.0,0.067,1.498,0,
2315,3,129.27,68.81,1.457,0.0,0.0,0.0,0.049,1,
2316,0,53.4,36.2,-1.985,1.0,0.0,0.0,0.0,1,12.5
2316,1,136.5,81.9,-1.068,1.0,0.0,0.015,0.056,4,11.4
2316,2,77.41,130.11,-2.815,0.999,0.0,0.055,1.499,0,
2316,3,129.25,68.77,1.457,0.0,0.0,0.0,0.049,1,
2317,0,53.4,36.2,-1.985,1.0,0.0,0.0,0.0,1,12.5
2317,1,136.5,81.84,-1.066,1.0,0.0,0.015,0.055,4,11.3
2317,2,75.99,129.63,-2.808,0.999,0.0,0.045,1.499,0,
2317,3,129.23,68.72,1.457,0.0,0.0,0.0,0.049,1,
2318,0,53.4,36.2,-1.985,1.0,0.0,0.0,0.0,1,12.5
2318,1,136.5,81.79,-1.063,1.0,0.0,0.015,0.055,4,11.3
2318,2,74.58,129.14,-2.802,1.0,0.0,0.037,1.499,0,
2318,3,129.2,68.68,1.457,0.0,0.0,0.0,0.048,1,
2319,0,53.4,36.2,-1.985,1.0,0.0,0.0,0.0,1,12.5
2319,1,136.5,81.73,-1.061,1.0,0.0,0.015,0.055,4,11.2
2319,2,73.16,128.64,-2.797,1.0,0.0,0.031,1.5,0,
2319,3,129.18,68.64,1.457,0.0,0.0,0.0,0.048,1,
2320,0,53.4,36.2,-1.985,1.0,0.0,0.0,0.0,1,12.5
2320,1,136.5,81.79,-1.061,0.0,0.0,0.0,0.06,3,
2320,2,71.75,128.13,-2.793,1.0,0.0,0.026,1.5,0,
2320,3,129.17,68.71,1.458,1.0,0.0,0.003,0.07,1,
2321,0,53.4,36.2,-1.985,1.0,0.0,0.0,0.0,1,12.5
2321,1,136.5,81.85,-1.061,0.0,0.0,0.0,0.06,3,
2321,2,70.34,127.62,-2.79,1.0,0.0,0.022,1.5,0,
2321,3,129.15,68.78,1.457,1.0,0.0,-0.002,0.07,1,
2322,0,53.4,36.2,-1.985,1.0,0.0,0.0,0.0,1,12.5
2322,1,136.5,81.91,-1.061,0.0,0.0,0.0,0.06,3,
2322,2,68.93,127.1,-2.787,1.0,0.0,0.018,1.5,0,
2322,3,129.13,68.84,1.457,1.0,0.0,-0.005,0.07,1,
2323,0,53.4,36.2,-1.985,1.0,0.0,0.0,0.0,1,12.5
2323,1,136.5,81.97,-1.061,0.0,0.0,0.0,0.06,3,
2323,2,67.53,126.58,-2.785,1.0,0.0,0.015,1.5,0,
2323,3,129.12,68.91,1.455,1.0,0.0,-0.008,0.07,1,
2324,0,53.4,36.2,-1.985,1.0,0.0,0.0,0.0,1,12.5
2324,1,136.5,82.03,-1.061,0.0,0.0,0.0,0.06,3,
2324,2,66.12,126.06,-2.783,1.0,0.0,0.013,1.5,0,
2324,3,129.1,68.98,1.454,1.0,0.0,-0.01,0.07,1,
2325,0,53.4,36.2,-1.985,1.0,0.0,0.0,0.0,1,12.5
2325,1,136.5,82.09,-1.061,0.0,0.0,0.0,0.06,3,
2325,2,64.72,125.53,-2.781,1.0,0.0,0.011,1.5,0,
2325,3,129.09,69.05,1.452,1.0,0.0,-0.012,0.07,1,
2326,0,53.4,36.2,-1.985,1.0,0.0,0.0,0.0,1,12.5
2326,1,136.5,82.15,-1.061,0.0,0.0,0.0,0.06,3,
2326,2,63.31,125.0,-2.779,1.0,0.0,0.01,1.5,0,
2326,3,129.07,69.12,1.45,1.0,0.0,-0.013,0.07,1,
2327,0,53.4,36.2,-1.985,1.0,0.0,0.0,0.0,1,12.5
2327,1,136.5,82.21,-1.061,0.0,0.0,0.0,0.06,3,
2327,2,61.91,124.47,-2.778,1.0,0.0,0.008,1.5,0,
2327,3,129.06,69.19,1.448,1.0,0.0,-0.014,0.07,1,
2328,0,53.4,36.2,-1.985,1.0,0.0,0.0,0.0,1,12.5
2328,1,136.5,82.27,-1.061,0.0,0.0,0.0,0.06,3,
2328,2,60.51,123.94,-2.777,1.0,0.0,0.007,1.5,0,
2328,3,129.05,69.25,1.445,1.0,0.0,-0.015,0.07,1,
2329,0,53.4,36.2,-1.985,1.0,0.0,0.0,0.0,1,12.5
2329,1,136.5,82.33,-1.061,0.0,0.0,0.0,0.06,3,
2329,2,60.03,123.76,-2.776,1.0,0.0,0.007,0.506,2,
2329,3,129.03,69.32,1.443,1.0,0.0,-0.015,0.07,1,
2330,0,53.4,36.2,-1.985,1.0,0.0,0.0,0.0,1,12.5
2330,1,136.5,82.39,-1.061,0.0,0.0,0.0,0.06,3,
2330,2,60.03,123.76,-2.775,1.0,0.0,0.006,0.0,1,
2330,3,129.02,69.39,1.44,1.0,0.0,-0.016,0.07,1,
2331,0,53.4,36.2,-1.985,1.0,0.0,0.0,0.0,1,12.5
2331,1,136.5,82.45,-1.061,0.0,0.0,0.0,0.06,3,
2331,2,60.03,123.76,-2.774,1.0,0.0,0.005,0.0,8,
2331,3,129.0,69.46,1.438,1.0,0.0,-0.016,0.069,1,
2332,0,53.4,36.2,-1.985,1.0,0.0,0.0,0.0,1,12.5
2332,1,136.5,82.51,-1.061,0.0,0.0,0.0,0.06,3,
2332,2,60.03,123.76,-2.774,1.0,0.0,0.004,0.0,8,
2332,3,128.99,69.53,1.435,1.0,0.0,-0.016,0.069,1,
2333,0,53.4,36.2,-1.985,1.0,0.0,0.0,0.0,1,12.5
2333,1,136.5,82.57,-1.061,0.0,0.0,0.0,0.06,3,
2333,2,60.03,123.76,-2.773,1.0,0.0,0.003,0.0,1,
2333,3,128.98,69.59,1.433,1.0,0.0,-0.016,0.069,1,
2334,0,53.4,36.2,-1.985,1.0,0.0,0.0,0.0,1,12.5
2334,1,136.5,82.63,-1.061,0.0,0.0,0.0,0.06,3,
2334,2,60.03,123.76,-2.773,1.0,0.0,0.002,0.0,8,
2334,3,128.96,69.66,1.43,1.0,0.0,-0.016,0.069,1,
2335,0,53.4,36.2,-1.985,1.0,0.0,0.0,0.0,1,12.5
2335,1,136.5,82.69,-1.061,0.0,0.0,0.0,0.06,3,
2335,2,60.03,123.76,-2.773,1.0,0.0,0.002,0.0,8,
2335,3,128.95,69.73,1.428,1.0,0.0,-0.016,0.069,1,
2336,0,53.4,36.2,-1.985,1.0,0.0,0.0,0.0,1,12.5
2336,1,136.5,82.75,-1.061,0.0,0.0,0.0,0.06,3,
2336,2,60.03,123.76,-2.772,1.0,0.0,0.001,0.0,1,
2336,3,128.94,69.8,1.425,1.0,0.0,-0.016,0.069,1,
2337,0,53.4,36.2,-1.985,1.0,0.0,0.0,0.0,1,12.5
2337,1,136.5,82.81,-1.061,0.0,0.0,0.0,0.06,3,
2337,2,60.03,123.76,-2.772,1.0,0.0,0.001,0.0,1,
2337,3,128.92,69.87,1.423,1.0,0.0,-0.016,0.069,1,
2338,0,53.4,36.2,-1.985,1.0,0.0,0.0,0.0,1,12.5
2338,1,136.5,82.87,-1.061,0.0,0.0,0.0,0.06,3,
2338,2,60.03,123.76,-2.772,1.0,0.0,0.001,0.0,8,
2338,3,128.91,69.93,1.42,1.0,0.0,-0.016,0.069,1,
2339,0,53.4,36.2,-1.985,1.0,0.0,0.0,0.0,1,12.5
2339,1,136.5,82.93,-1.061,0.0,0.0,0.0,0.06,3,
2339,2,60.03,123.76,-2.772,1.0,0.0,0.001,0.0,1,
2339,3,128.9,70.0,1.418,1.0,0.0,-0.016,0.069,1,
2340,0,53.4,36.2,-1.985,1.0,0.0,0.0,0.0,1,12.5
2340,1,136.5,82.99,-1.061,0.0,0.0,0.0,0.06,3,
2340,2,60.03,123.76,-2.772,1.0,0.0,0.001,0.0,2,
2340,3,128.89,70.07,1.415,1.0,0.0,-0.016,0.068,1,
2341,0,53.4,36.2,-1.985,1.0,0.0,0.0,0.0,1,12.5
2341,1,136.5,83.05,-1.061,0.0,0.0,0.0,0.06,3,
2341,2,60.03,123.76,-2.772,1.0,0.0,0.0,0.0,8,
2341,3,128.88,70.14,1.413,1.0,0.0,-0.016,0.068,1,
2342,0,53.4,36.2,-1.985,1.0,0.0,0.0,0.0,1,12.5
2342,1,136.5,83.11,-1.061,0.0,0.0,0.0,0.06,3,
2342,2,60.03,123.76,-2.772,1.0,0.0,0.0,0.0,1,
2342,3,128.86,70.2,1.41,1.0,0.0,-0.016,0.068,1,
2343,0,53.4,36.2,-1.985,1.0,0.0,0.0,0.0,1,12.5
2343,1,136.5,83.17,-1.061,0.0,0.0,0.0,0.061,3,
2343,2,60.03,123.76,-2.772,1.0,0.0,0.0,0.0,1,
2343,3,128.85,70.27,1.408,1.0,0.0,-0.016,0.068,1,
2344,0,53.4,36.2,-1.985,1.0,0.0,0.0,0.0,1,12.5
2344,1,136.5,83.23,-1.061,0.0,0.0,0.0,0.061,3,
2344,2,60.03,123.76,-2.772,1.0,0.0,0.0,0.0,1,
2344,3,128.84,70.34,1.405,1.0,0.0,-0.016,0.068,1,
2345,0,53.4,36.2,-1.985,1.0,0.0,0.0,0.0,1,12.5
2345,1,136.5,83.29,-1.061,0.0,0.0,0.0,0.061,3,
2345,2,60.03,123.76,-2.772,1.0,0.0,0.0,0.0,1,
2345,3,128.83,70.4,1.403,1.0,0.0,-0.016,0.068,1,
2346,0,53.4,36.2,-1.985,1.0,0.0,0.0,0.0,1,12.5
2346,1,136.5,83.36,-1.061,0.0,0.0,0.0,0.061,3,
2346,2,60.03,123.76,-2.772,1.0,0.0,0.0,0.0,8,
2346,3,128.82,70.47,1.4,1.0,0.0,-0.015,0.068,1,
2347,0,53.4,36.2,-1.985,1.0,0.0,0.0,0.0,1,12.5
2347,1,136.5,83.42,-1.061,0.0,0.0,0.0,0.061,3,
2347,2,60.03,123.76,-2.772,1.0,0.0,0.0,0.0,1,
2347,3,128.81,70.54,1.398,1.0,0.0,-0.015,0.068,1,
2348,0,53.4,36.2,-1.985,1.0,0.0,0.0,0.0,1,12.5
2348,1,136.5,83.48,-1.061,0.0,0.0,0.0,0.061,3,
2348,2,60.03,123.76,-2.772,1.0,0.0,0.0,0.0,8,
2348,3,128.8,70.6,1.396,1.0,0.0,-0.015,0.068,1,
2349,0,53.4,36.2,-1.985,1.0,0.0,0.0,0.0,1,12.5
2349,1,136.5,83.54,-1.061,0.0,0.0,0.0,0.061,3,
2349,2,60.03,123.76,-2.772,1.0,0.0,0.0,0.0,1,
2349,3,128.79,70.67,1.393,1.0,0.0,-0.015,0.068,1,
2350,0,53.4,36.2,-1.985,1.0,0.0,0.0,0.0,1,12.5
2350,1,136.5,83.6,-1.061,0.0,0.0,0.0,0.061,3,
2350,2,60.03,123.76,-2.772,1.0,0.0,0.0,0.0,1,
2350,3,128.78,70.74,1.391,1.0,0.0,-0.015,0.067,1,
2351,0,53.4,36.2,-1.985,1.0,0.0,0.0,0.0,1,12.5
2351,1,136.5,83.66,-1.061,0.0,0.0,0.0,0.061,3,
2351,2,60.03,123.76,-2.772,1.0,0.0,0.0,0.0,1,
2351,3,128.77,70.8,1.389,1.0,0.0,-0.015,0.067,1,
2352,0,53.4,36.2,-1.985,1.0,0.0,0.0,0.0,1,12.5
2352,1,136.5,83.72,-1.061,0.0,0.0,0.0,0.061,3,
2352,2,60.03,123.76,-2.772,1.0,0.0,0.0,0.0,8,
2352,3,128.76,70.87,1.386,1.0,0.0,-0.015,0.067,1,
2353,0,53.4,36.2,-1.985,1.0,0.0,0.0,0.0,1,12.5
2353,1,136.5,83.78,-1.061,0.0,0.0,0.0,0.061,3,
2353,2,60.03,123.76,-2.772,1.0,0.0,0.0,0.0,8,
2353,3,128.75,70.94,1.384,1.0,0.0,-0.015,0.067,1,
2354,0,53.4,36.2,-1.985,1.0,0.0,0.0,0.0,1,12.5
2354,1,136.5,83.84,-1.061,0.0,0.0,0.0,0.061,3,
2354,2,60.03,123.76,-2.772,1.0,0.0,0.0,0.0,1,
2354,3,128.74,71.0,1.382,1.0,0.0,-0.014,0.067,1,
2355,0,53.4,36.2,-1.985,1.0,0.0,0.0,0.0,1,12.5
2355,1,136.5,83.9,-1.061,0.0,0.0,0.0,0.061,3,
2355,2,60.03,123.76,-2.772,1.0,0.0,0.0,0.0,2,
2355,3,128.73,71.07,1.379,1.0,0.0,-0.014,0.067,1,
2356,0,53.4,36.2,-1.985,1.0,0.0,0.0,0.0,1,12.5
2356,1,136.5,83.96,-1.061,0.0,0.0,0.0,0.061,3,
2356,2,60.03,123.76,-2.772,1.0,0.0,0.0,0.0,1,
2356,3,128.73,71.14,1.377,1.0,0.0,-0.014,0.067,1,
2357,0,53.4,36.2,-1.985,1.0,0.0,0.0,0.0,1,12.5
2357,1,136.5,84.03,-1.061,0.0,0.0,0.0,0.061,3,
2357,2,60.03,123.76,-2.772,1.0,0.0,0.0,0.0,1,
2357,3,128.72,71.2,1.375,1.0,0.0,-0.014,0.067,1,
2358,0,53.4,36.2,-1.985,1.0,0.0,0.0,0.0,1,12.5
2358,1,136.5,84.09,-1.061,0.0,0.0,0.0,0.061,3,
2358,2,60.03,123.76,-2.772,1.0,0.0,0.0,0.0,8,
2358,3,128.71,71.27,1.373,1.0,0.0,-0.014,0.067,1,
2359,0,53.4,36.2,-1.985,1.0,0.0,0.0,0.0,1,12.5
2359,1,136.5,84.15,-1.061,0.0,0.0,0.0,0.061,3,
2359,2,60.03,123.76,-2.772,1.0,0.0,0.0,0.0,2,
2359,3,128.7,71.33,1.371,1.0,0.0,-0.014,0.066,1,
2360,0,53.4,36.2,-1.985,1.0,0.0,0.0,0.0,1,12.5
2360,1,136.5,84.15,-1.078,0.997,0.0,-0.113,0.005,4,13.4
2360,2,60.03,123.76,-2.772,0.0,0.0,0.0,0.0,0,
2360,3,128.67,71.36,1.368,1.0,0.0,-0.014,0.042,1,
2361,0,53.4,36.2,-1.985,1.0,0.0,0.0,0.0,1,12.5
2361,1,136.5,84.16,-1.092,0.998,0.0,-0.089,0.004,4,13.4
2361,2,60.03,123.76,-2.772,0.0,0.0,0.0,0.0,0,
2361,3,128.63,71.38,1.366,1.0,0.0,-0.014,0.042,1,
2362,0,53.4,36.2,-1.985,1.0,0.0,0.0,0.0,1,12.5
2362,1,136.5,84.16,-1.103,0.999,0.0,-0.069,0.004,4,13.4
2362,2,60.03,123.76,-2.772,0.0,0.0,0.0,0.0,0,
2362,3,128.6,71.41,1.364,1.0,0.0,-0.014,0.042,1,
2363,0,53.4,36.2,-1.985,1.0,0.0,0.0,0.0,1,12.5
2363,1,136.5,84.16,-1.112,0.999,0.0,-0.054,0.003,4,13.4
2363,2,60.03,123.76,-2.772,0.0,0.0,0.0,0.0,0,
2363,3,128.57,71.43,1.362,1.0,0.0,-0.014,0.042,1,
2364,0,53.4,36.2,-1.985,1.0,0.0,0.0,0.0,1,12.5
2364,1,136.5,84.17,-1.118,1.0,0.0,-0.042,0.003,4,13.4
2364,2,60.03,123.76,-2.772,0.0,0.0,0.0,0.0,0,
2364,3,128.53,71.46,1.359,1.0,0.0,-0.014,0.042,1,
2365,0,53.4,36.2,-1.985,1.0,0.0,0.0,0.0,1,12.5
2365,1,136.5,84.17,-1.123,1.0,0.0,-0.033,0.003,4,13.4
2365,2,60.03,123.76,-2.772,0.0,0.0,0.0,0.0,0,
2365,3,128.5,71.48,1.357,1.0,0.0,-0.014,0.042,1,
2366,0,53.4,36.2,-1.985,1.0,0.0,0.0,0.0,1,12.5
2366,1,136.5,84.17,-1.127,1.0,0.0,-0.025,0.003,4,13.4
2366,2,60.03,123.76,-2.772,0.0,0.0,0.0,0.0,0,
2366,3,128.46,71.51,1.355,1.0,0.0,-0.015,0.042,1,
2367,0,53.4,36.2,-1.985,1.0,0.0,0.0,0.0,1,12.5
2367,1,136.5,84.18,-1.13,1.0,0.0,-0.02,0.002,4,13.4
2367,2,60.03,123.76,-2.772,0.0,0.0,0.0,0.0,0,
2367,3,128.43,71.53,1.353,1.0,0.0,-0.015,0.042,1,
2368,0,53.4,36.2,-1.985,1.0,0.0,0.0,0.0,1,12.5
2368,1,136.5,84.18,-1.133,1.0,0.0,-0.015,0.002,4,13.4
2368,2,60.03,123.76,-2.772,0.0,0.0,0.0,0.0,0,
2368,3,128.4,71.56,1.35,1.0,0.0,-0.015,0.042,1,
2369,0,53.4,36.2,-1.985,1.0,0.0,0.0,0.0,1,12.5
2369,1,136.5,84.18,-1.135,1.0,0.0,-0.012,0.002,4,13.4
2369,2,60.03,123.76,-2.772,0.0,0.0,0.0,0.0,0,
2369,3,128.36,71.58,1.348,1.0,0.0,-0.015,0.042,1,
2370,0,53.4,36.2,-1.985,1.0,0.0,0.0,0.0,1,12.5
2370,1,136.5,84.18,-1.136,1.0,0.0,-0.009,0.002,4,13.4
2370,2,60.03,123.76,-2.772,0.0,0.0,0.0,0.0,0,
2370,3,128.33,71.6,1.346,1.0,0.0,-0.015,0.042,1,
2371,0,53.4,36.2,-1.985,1.0,0.0,0.0,0.0,1,12.5
2371,1,136.5,84.18,-1.137,1.0,0.0,-0.007,0.002,4,13.4
2371,2,60.03,123.76,-2.772,0.0,0.0,0.0,0.0,0,
2371,3,128.29,71.63,1.343,1.0,0.0,-0.015,0.042,1,
2372,0,53.4,36.2,-1.985,1.0,0.0,0.0,0.0,1,12.5
2372,1,136.5,84.19,-1.138,1.0,0.0,-0.006,0.002,4,13.4
2372,2,60.03,123.76,-2.772,0.0,0.0,0.0,0.0,0,
2372,3,128.26,71.65,1.341,1.0,0.0,-0.015,0.042,1,
2373,0,53.4,36.2,-1.985,1.0,0.0,0.0,0.0,1,12.5
2373,1,136.5,84.19,-1.139,1.0,0.0,-0.005,0.002,4,13.4
2373,2,60.03,123.76,-2.772,0.0,0.0,0.0,0.0,0,
2373,3,128.22,71.68,1.339,1.0,0.0,-0.015,0.042,1,
2374,0,53.4,36.2,-1.985,1.0,0.0,0.0,0.0,1,12.5
2374,1,136.5,84.19,-1.14,1.0,0.0,-0.004,0.002,4,13.4
2374,2,60.03,123.76,-2.772,0.0,0.0,0.0,0.0,0,
2374,3,128.19,71.7,1.336,1.0,0.0,-0.015,0.042,1,
2375,0,53.4,36.2,-1.985,1.0,0.0,0.0,0.0,1,12.5
2375,1,136.5,84.19,-1.14,1.0,0.0,-0.003,0.001,4,13.4
2375,2,60.03,123.76,-2.772,0.0,0.0,0.0,0.0,0,
2375,3,128.16,71.73,1.334,1.0,0.0,-0.015,0.042,1,
2376,0,53.4,36.2,-1.985,1.0,0.0,0.0,0.0,1,12.5
2376,1,136.5,84.19,-1.14,1.0,0.0,-0.002,0.001,4,13.4
2376,2,60.03,123.76,-2.772,0.0,0.0,0.0,0.0,0,
2376,3,128.12,71.75,1.332,1.0,0.0,-0.015,0.042,1,
2377,0,53.4,36.2,-1.985,1.0,0.0,0.0,0.0,1,12.5
2377,1,136.5,84.19,-1.141,1.0,0.0,-0.002,0.001,4,13.4
2377,2,60.03,123.76,-2.772,0.0,0.0,0.0,0.0,0,
2377,3,128.09,71.77,1.329,1.0,0.0,-0.015,0.042,1,
2378,0,53.4,36.2,-1.985,1.0,0.0,0.0,0.0,1,12.5
2378,1,136.5,84.19,-1.141,1.0,0.0,-0.001,0.001,4,13.4
2378,2,60.03,123.76,-2.772,0.0,0.0,0.0,0.0,0,
2378,3,128.05,71.8,1.327,1.0,0.0,-0.015,0.042,1,
2379,0,53.4,36.2,-1.985,1.0,0.0,0.0,0.0,1,12.5
2379,1,136.5,84.19,-1.141,1.0,0.0,-0.001,0.001,4,13.4
2379,2,60.03,123.76,-2.772,0.0,0.0,0.0,0.0,0,
2379,3,128.02,71.82,1.325,1.0,0.0,-0.015,0.042,1,
2380,0,53.4,36.2,-1.985,1.0,0.0,0.0,0.0,1,12.5
2380,1,136.5,84.2,-1.141,1.0,0.0,-0.001,0.001,4,13.4
2380,2,60.03,123.76,-2.772,0.0,0.0,0.0,0.0,0,
2380,3,127.98,71.85,1.322,1.0,0.0,-0.015,0.042,1,
2381,0,53.4,36.2,-1.985,1.0,0.0,0.0,0.0,1,12.5
2381,1,136.5,84.2,-1.141,1.0,0.0,-0.001,0.001,4,13.4
2381,2,60.03,123.76,-2.772,0.0,0.0,0.0,0.0,0,
2381,3,127.95,71.87,1.32,1.0,0.0,-0.015,0.043,1,
2382,0,53.4,36.2,-1.985,1.0,0.0,0.0,0.0,1,12.5
2382,1,136.5,84.2,-1.141,1.0,0.0,-0.001,0.001,4,13.4
2382,2,60.03,123.76,-2.772,0.0,0.0,0.0,0.0,0,
2382,3,127.91,71.9,1.318,1.0,0.0,-0.015,0.043,1,
2383,0,53.4,36.2,-1.985,1.0,0.0,0.0,0.0,1,12.5
2383,1,136.5,84.2,-1.142,1.0,0.0,-0.001,0.001,4,13.4
2383,2,60.03,123.76,-2.772,0.0,0.0,0.0,0.0,0,
2383,3,127.88,71.92,1.315,1.0,0.0,-0.015,0.043,1,
2384,0,53.4,36.2,-1.985,1.0,0.0,0.0,0.0,1,12.5
2384,1,136.5,84.2,-1.142,1.0,0.0,-0.0,0.0,4,13.4
2384,2,60.03,123.76,-2.772,0.0,0.0,0.0,0.0,0,
2384,3,127.84,71.95,1.313,1.0,0.0,-0.015,0.043,1,
2385,0,53.4,36.2,-1.985,1.0,0.0,0.0,0.0,1,12.5
2385,1,136.5,84.2,-1.142,1.0,0.0,-0.0,0.0,4,13.4
2385,2,60.03,123.76,-2.772,0.0,0.0,0.0,0.0,0,
2385,3,127.81,71.97,1.311,1.0,0.0,-0.015,0.043,1,
2386,0,53.4,36.2,-1.985,1.0,0.0,0.0,0.0,1,12.5
2386,1,136.5,84.2,-1.142,1.0,0.0,-0.0,0.0,4,13.4
2386,2,60.03,123.76,-2.772,0.0,0.0,0.0,0.0,0,
2386,3,127.78,72.0,1.308,1.0,0.0,-0.015,0.043,1,
2387,0,53.4,36.2,-1.985,1.0,0.0,0.0,0.0,1,12.5
2387,1,136.5,84.2,-1.142,1.0,0.0,-0.0,0.0,4,13.4
2387,2,60.03,123.76,-2.772,0.0,0.0,0.0,0.0,0,
2387,3,127.74,72.02,1.306,1.0,0.0,-0.015,0.043,1,
2388,0,53.4,36.2,-1.985,1.0,0.0,0.0,0.0,1,12.5
2388,1,136.5,84.2,-1.142,1.0,0.0,-0.0,0.0,4,13.4
2388,2,60.03,123.76,-2.772,0.0,0.0,0.0,0.0,0,
2388,3,127.71,72.05,1.303,1.0,0.0,-0.015,0.043,1,
2389,0,53.4,36.2,-1.985,1.0,0.0,0.0,0.0,1,12.5
2389,1,136.5,84.2,-1.142,1.0,0.0,-0.0,0.0,4,13.4
2389,2,60.03,123.76,-2.772,0.0,0.0,0.0,0.0,0,
2389,3,127.67,72.07,1.301,1.0,0.0,-0.015,0.043,1,
2390,0,53.4,36.2,-1.985,1.0,0.0,0.0,0.0,1,12.5
2390,1,136.5,84.2,-1.142,1.0,0.0,-0.0,0.0,4,13.4
2390,2,60.03,123.76,-2.772,0.0,0.0,0.0,0.0,0,
2390,3,127.64,72.1,1.299,1.0,0.0,-0.015,0.043,1,
2391,0,53.4,36.2,-1.985,1.0,0.0,0.0,0.0,1,12.5
2391,1,136.5,84.2,-1.142,1.0,0.0,-0.0,0.0,4,13.4
2391,2,60.03,123.76,-2.772,0.0,0.0,0.0,0.0,0,
2391,3,127.6,72.12,1.296,1.0,0.0,-0.015,0.043,1,
2392,0,53.4,36.2,-1.985,1.0,0.0,0.0,0.0,1,12.5
2392,1,136.5,84.2,-1.142,1.0,0.0,-0.0,0.0,4,13.4
2392,2,60.03,123.76,-2.772,0.0,0.0,0.0,0.0,0,
2392,3,127.57,72.15,1.294,1.0,0.0,-0.015,0.043,1,
2393,0,53.4,36.2,-1.985,1.0,0.0,0.0,0.0,1,12.5
2393,1,136.5,84.2,-1.142,1.0,0.0,-0.0,0.001,4,13.4
2393,2,60.03,123.76,-2.772,0.0,0.0,0.0,0.0,0,
2393,3,127.53,72.17,1.292,1.0,0.0,-0.015,0.043,1,
2394,0,53.4,36.2,-1.985,1.0,0.0,0.0,0.0,1,12.5
2394,1,136.5,84.2,-1.142,1.0,0.0,0.0,0.001,4,13.4
2394,2,60.03,123.76,-2.772,0.0,0.0,0.0,0.0,0,
2394,3,127.5,72.2,1.289,1.0,0.0,-0.015,0.043,1,
2395,0,53.4,36.2,-1.985,1.0,0.0,0.0,0.0,1,12.5
2395,1,136.5,84.2,-1.142,1.0,0.0,0.0,0.001,4,13.4
2395,2,60.03,123.76,-2.772,0.0,0.0,0.0,0.0,0,
2395,3,127.46,72.22,1.287,1.0,0.0,-0.015,0.043,1,
2396,0,53.4,36.2,-1.985,1.0,0.0,0.0,0.0,1,12.5
2396,1,136.5,84.2,-1.142,1.0,0.0,0.0,0.001,4,13.4
2396,2,60.03,123.76,-2.772,0.0,0.0,0.0,0.0,0,
2396,3,127.43,72.25,1.284,1.0,0.0,-0.015,0.043,1,
2397,0,53.4,36.2,-1.985,1.0,0.0,0.0,0.0,1,12.5
2397,1,136.5,84.19,-1.142,1.0,0.0,0.0,0.001,4,13.4
2397,2,60.03,123.76,-2.772,0.0,0.0,0.0,0.0,0,
2397,3,127.39,72.28,1.282,1.0,0.0,-0.015,0.043,1,
2398,0,53.4,36.2,-1.985,1.0,0.0,0.0,0.0,1,12.5
2398,1,136.5,84.19,-1.142,1.0,0.0,0.0,0.001,4,13.4
2398,2,60.03,123.76,-2.772,0.0,0.0,0.0,0.0,0,
2398,3,127.36,72.3,1.279,1.0,0.0,-0.015,0.043,1,
2399,0,53.4,36.2,-1.985,1.0,0.0,0.0,0.0,1,12.5
2399,1,136.5,84.19,-1.142,1.0,0.0,0.0,0.001,4,13.4
2399,2,60.03,123.76,-2.772,0.0,0.0,0.0,0.0,0,
2399,3,127.32,72.33,1.277,1.0,0.0,-0.015,0.044,1,
